customer_id,sku_id,inventory_date,on_hand_units,reserved_units,average_daily_sales_30d,days_of_supply,reorder_point,safety_stock,last_replenishment_date,near_expiry_units
CUST_00193,SKU_00033,2026-05-27,2,0,0.61,3.3,6,3,2026-05-22,0
CUST_00041,SKU_00068,2026-05-27,15,0,0.34,208.0,3,3,2026-03-29,0
CUST_00048,SKU_00184,2026-05-27,26,0,1.51,17.2,20,11,2026-05-23,0
CUST_00165,SKU_00131,2026-05-27,9,0,1.23,7.3,16,6,2026-05-19,0
CUST_00148,SKU_00164,2026-05-27,52,0,1.06,48.9,12,15,2026-05-18,0
CUST_00181,SKU_00065,2026-05-27,18,0,1.53,11.8,11,10,2026-05-17,0
CUST_00188,SKU_00034,2026-05-27,4,0,0.21,141.5,2,1,2026-05-23,0
CUST_00052,SKU_00097,2026-05-27,10,0,1.55,6.5,20,15,2026-03-29,0
CUST_00106,SKU_00220,2026-05-27,12,0,137.61,0.1,1199,2062,2026-05-01,0
CUST_00031,SKU_00276,2026-05-27,15,0,0.35,42.0,4,1,2026-04-23,0
CUST_00162,SKU_00085,2026-05-27,2,0,1.74,1.1,19,16,2026-04-02,0
CUST_00185,SKU_00276,2026-05-27,1,0,1.74,0.6,16,12,2026-04-24,0
CUST_00156,SKU_00290,2026-05-27,10,0,0.68,14.8,9,6,2026-05-24,0
CUST_00124,SKU_00011,2026-05-27,39,0,0.14,297.6,1,0,2026-04-15,0
CUST_00174,SKU_00126,2026-05-27,54,0,1.25,43.1,10,7,2026-04-21,0
CUST_00148,SKU_00018,2026-05-27,19,0,0.13,96.6,1,0,2026-05-19,0
CUST_00192,SKU_00220,2026-05-27,1,0,1.04,1.0,14,13,2026-05-21,0
CUST_00066,SKU_00177,2026-05-27,3,0,0.28,274.3,3,3,2026-05-08,0
CUST_00159,SKU_00074,2026-05-27,15,0,0.1,278.8,1,0,2026-04-08,0
CUST_00051,SKU_00167,2026-05-27,5,0,1.0,5.0,10,7,2026-05-22,0
CUST_00015,SKU_00097,2026-05-27,67,0,0.74,90.4,8,6,2026-04-13,0
CUST_00089,SKU_00030,2026-05-27,2,0,1.81,1.1,13,7,2026-04-05,0
CUST_00070,SKU_00177,2026-05-27,24,0,0.77,31.2,6,7,2026-04-09,0
CUST_00062,SKU_00300,2026-05-27,102,0,1.19,85.5,15,15,2026-05-24,0
CUST_00085,SKU_00282,2026-05-27,0,0,1.24,0.0,8,15,2026-05-17,0
CUST_00184,SKU_00020,2026-05-27,9,0,0.88,10.3,9,7,2026-04-20,0
CUST_00080,SKU_00269,2026-05-27,1,0,0.6,1.7,8,7,2026-05-22,0
CUST_00136,SKU_00098,2026-05-27,7,0,146.72,0.0,1366,2058,2026-04-16,0
CUST_00164,SKU_00089,2026-05-27,3,0,0.13,55.8,1,0,2026-05-19,0
CUST_00006,SKU_00275,2026-05-27,13,2,0.06,283.2,0,0,2026-04-14,0
CUST_00154,SKU_00231,2026-05-27,9,0,1.75,5.1,13,16,2026-04-12,0
CUST_00094,SKU_00202,2026-05-27,80,0,1.99,40.1,17,12,2026-04-25,1
CUST_00090,SKU_00038,2026-05-27,10,0,0.54,18.4,4,5,2026-05-24,0
CUST_00083,SKU_00171,2026-05-27,5,0,1.03,4.8,8,10,2026-04-25,0
CUST_00001,SKU_00219,2026-05-27,1,0,0.85,1.2,6,3,2026-04-03,0
CUST_00188,SKU_00061,2026-05-27,12,0,0.74,16.2,9,6,2026-05-19,0
CUST_00079,SKU_00197,2026-05-27,38,0,0.72,52.6,9,2,2026-05-21,0
CUST_00078,SKU_00001,2026-05-27,4,0,1.31,3.0,16,5,2026-05-08,0
CUST_00073,SKU_00153,2026-05-27,19,0,1.57,12.1,15,7,2026-05-15,0
CUST_00176,SKU_00257,2026-05-27,12,0,0.38,115.3,2,1,2026-05-15,0
CUST_00128,SKU_00292,2026-05-27,14,0,1.5,9.3,18,11,2026-05-19,0
CUST_00092,SKU_00103,2026-05-27,18,0,1.83,9.8,15,7,2026-04-27,0
CUST_00046,SKU_00261,2026-05-27,25,0,1.73,14.5,15,16,2026-05-15,1
CUST_00112,SKU_00118,2026-05-27,32,0,2.0,16.0,20,21,2026-05-19,1
CUST_00115,SKU_00168,2026-05-27,14,0,0.31,144.5,3,3,2026-04-08,0
CUST_00001,SKU_00233,2026-05-27,7,0,23.06,0.3,284,150,2026-04-13,0
CUST_00114,SKU_00206,2026-05-27,20,0,1.93,10.4,24,13,2026-04-30,0
CUST_00131,SKU_00205,2026-05-27,68,0,0.52,131.5,5,1,2026-05-21,0
CUST_00169,SKU_00247,2026-05-27,9,0,1.68,5.3,19,21,2026-04-10,0
CUST_00067,SKU_00276,2026-05-27,3,0,0.76,4.0,7,3,2026-05-19,0
CUST_00122,SKU_00197,2026-05-27,2,0,0.72,2.8,5,4,2026-04-12,0
CUST_00119,SKU_00003,2026-05-27,12,0,0.97,12.4,7,12,2026-04-28,0
CUST_00049,SKU_00048,2026-05-27,5,0,0.47,264.8,5,4,2026-04-23,0
CUST_00047,SKU_00192,2026-05-27,13,0,0.39,39.6,3,4,2026-05-19,0
CUST_00002,SKU_00138,2026-05-27,25,0,1.05,23.7,13,7,2026-05-25,0
CUST_00037,SKU_00208,2026-05-27,2,0,0.58,3.5,7,5,2026-04-10,0
CUST_00183,SKU_00047,2026-05-27,1,0,59.22,0.0,782,274,2026-04-22,0
CUST_00079,SKU_00125,2026-05-27,8,0,1.65,4.8,18,10,2026-05-14,0
CUST_00048,SKU_00195,2026-05-27,17,0,0.84,20.2,7,3,2026-05-09,0
CUST_00032,SKU_00061,2026-05-27,25,0,0.81,30.7,9,4,2026-04-20,0
CUST_00177,SKU_00181,2026-05-27,53,2,0.62,82.4,6,5,2026-05-22,3
CUST_00104,SKU_00211,2026-05-27,9,0,1.84,4.9,20,13,2026-04-12,0
CUST_00113,SKU_00158,2026-05-27,3,0,0.32,118.7,3,2,2026-04-08,0
CUST_00190,SKU_00300,2026-05-27,17,0,1.01,16.8,8,9,2026-05-09,0
CUST_00142,SKU_00047,2026-05-27,4,0,1.0,4.0,11,7,2026-04-28,0
CUST_00158,SKU_00011,2026-05-27,46,0,0.84,54.9,10,9,2026-05-09,0
CUST_00131,SKU_00096,2026-05-27,2,0,1.84,1.1,13,19,2026-05-15,0
CUST_00010,SKU_00184,2026-05-27,3,0,1.46,2.1,20,5,2026-05-12,0
CUST_00193,SKU_00051,2026-05-27,10,0,0.81,12.3,6,7,2026-05-07,0
CUST_00151,SKU_00205,2026-05-27,2,0,0.92,2.2,9,8,2026-04-03,0
CUST_00105,SKU_00101,2026-05-27,10,0,1.65,6.1,18,10,2026-05-22,0
CUST_00080,SKU_00217,2026-05-27,2,0,0.14,35.6,0,1,2026-05-04,0
CUST_00134,SKU_00067,2026-05-27,11,0,1.2,9.1,13,10,2026-04-01,1
CUST_00127,SKU_00189,2026-05-27,3,0,0.42,261.4,3,3,2026-04-05,0
CUST_00133,SKU_00259,2026-05-27,10,0,1.35,7.4,18,9,2026-03-31,0
CUST_00195,SKU_00074,2026-05-27,29,4,1.45,17.2,18,13,2026-04-14,0
CUST_00071,SKU_00110,2026-05-27,27,0,1.99,13.6,24,16,2026-05-14,0
CUST_00080,SKU_00157,2026-05-27,6,0,1.41,4.3,14,7,2026-04-03,0
CUST_00067,SKU_00219,2026-05-27,4,0,1.39,2.9,18,6,2026-05-21,0
CUST_00134,SKU_00165,2026-05-27,5,0,1.47,3.4,20,15,2026-05-02,0
CUST_00094,SKU_00248,2026-05-27,19,0,0.17,255.4,1,0,2026-05-17,0
CUST_00085,SKU_00222,2026-05-27,32,0,1.18,27.2,15,12,2026-05-06,0
CUST_00001,SKU_00070,2026-05-27,8,0,1.13,7.1,13,12,2026-04-21,0
CUST_00171,SKU_00056,2026-05-27,2,0,1.64,1.2,14,9,2026-04-23,0
CUST_00156,SKU_00224,2026-05-27,31,0,0.16,189.8,1,1,2026-05-21,0
CUST_00129,SKU_00280,2026-05-27,6,0,0.31,239.0,2,3,2026-05-23,0
CUST_00152,SKU_00170,2026-05-27,13,0,0.98,13.3,7,12,2026-04-05,0
CUST_00109,SKU_00100,2026-05-27,15,0,1.98,7.6,24,10,2026-04-01,0
CUST_00092,SKU_00261,2026-05-27,35,1,0.02,44.6,0,0,2026-04-18,0
CUST_00004,SKU_00026,2026-05-27,13,0,0.64,20.2,8,5,2026-05-03,0
CUST_00117,SKU_00094,2026-05-27,1,0,0.56,1.8,4,3,2026-05-01,0
CUST_00192,SKU_00281,2026-05-27,27,4,0.75,30.5,9,9,2026-05-21,0
CUST_00084,SKU_00023,2026-05-27,23,0,0.62,37.0,5,3,2026-04-15,0
CUST_00067,SKU_00251,2026-05-27,97,17,1.91,41.9,17,15,2026-04-25,1
CUST_00178,SKU_00103,2026-05-27,4,0,1.01,4.0,9,9,2026-04-04,0
CUST_00058,SKU_00012,2026-05-27,17,0,0.98,17.4,7,12,2026-05-02,0
CUST_00118,SKU_00088,2026-05-27,10,0,1.41,7.1,18,7,2026-04-14,0
CUST_00193,SKU_00170,2026-05-27,39,0,124.22,0.3,1093,702,2026-04-07,0
CUST_00031,SKU_00246,2026-05-27,19,0,0.6,31.9,8,5,2026-05-22,1
CUST_00027,SKU_00200,2026-05-27,3,0,0.29,88.4,2,2,2026-05-11,0
CUST_00015,SKU_00292,2026-05-27,17,0,0.16,187.4,2,1,2026-04-04,0
CUST_00173,SKU_00048,2026-05-27,4,0,0.68,5.9,7,3,2026-05-24,0
CUST_00103,SKU_00299,2026-05-27,1,0,1.98,0.5,16,16,2026-05-18,0
CUST_00128,SKU_00054,2026-05-27,24,0,0.16,125.7,1,1,2026-05-24,0
CUST_00140,SKU_00055,2026-05-27,3,0,0.34,123.1,4,1,2026-05-21,0
CUST_00168,SKU_00028,2026-05-27,8,0,1.03,7.8,8,4,2026-03-30,0
CUST_00166,SKU_00218,2026-05-27,41,0,1.29,31.8,10,10,2026-05-13,3
CUST_00016,SKU_00067,2026-05-27,21,0,0.53,40.0,5,6,2026-04-11,0
CUST_00025,SKU_00158,2026-05-27,18,0,0.47,50.0,3,4,2026-05-12,0
CUST_00181,SKU_00074,2026-05-27,2,0,0.0,68.4,0,0,2026-03-30,0
CUST_00001,SKU_00207,2026-05-27,18,0,1.01,17.8,7,7,2026-05-22,0
CUST_00107,SKU_00255,2026-05-27,4,0,58.83,0.1,546,687,2026-04-30,0
CUST_00064,SKU_00241,2026-05-27,22,0,0.07,294.7,0,0,2026-04-12,2
CUST_00001,SKU_00220,2026-05-27,8,0,1.09,7.4,12,13,2026-04-14,0
CUST_00128,SKU_00252,2026-05-27,1,0,0.25,291.9,2,1,2026-04-14,0
CUST_00080,SKU_00042,2026-05-27,4,0,1.93,2.1,16,9,2026-05-04,0
CUST_00063,SKU_00163,2026-05-27,31,2,0.12,73.5,1,0,2026-05-05,0
CUST_00192,SKU_00118,2026-05-27,24,0,0.35,121.1,3,3,2026-04-06,0
CUST_00156,SKU_00009,2026-05-27,4,0,1.87,2.1,21,15,2026-05-05,0
CUST_00089,SKU_00227,2026-05-27,24,0,1.97,12.2,16,16,2026-05-01,0
CUST_00028,SKU_00032,2026-05-27,31,0,0.14,256.6,1,0,2026-04-07,0
CUST_00172,SKU_00154,2026-05-27,66,0,1.33,49.7,14,6,2026-03-29,1
CUST_00086,SKU_00175,2026-05-27,11,0,1.08,10.2,10,7,2026-05-09,0
CUST_00165,SKU_00207,2026-05-27,2,0,1.17,1.7,12,7,2026-04-06,0
CUST_00026,SKU_00285,2026-05-27,33,0,1.85,17.8,23,22,2026-04-15,0
CUST_00079,SKU_00121,2026-05-27,5,0,0.56,9.0,4,3,2026-04-08,0
CUST_00128,SKU_00028,2026-05-27,4,0,0.99,4.1,7,5,2026-04-11,0
CUST_00033,SKU_00009,2026-05-27,5,0,0.94,5.3,12,7,2026-04-14,0
CUST_00043,SKU_00223,2026-05-27,96,0,0.12,124.9,1,0,2026-04-12,0
CUST_00179,SKU_00297,2026-05-27,13,0,0.02,192.6,0,0,2026-04-09,0
CUST_00023,SKU_00259,2026-05-27,15,0,0.75,20.0,8,7,2026-05-07,0
CUST_00131,SKU_00034,2026-05-27,3,0,0.18,102.0,2,1,2026-05-22,0
CUST_00064,SKU_00091,2026-05-27,2,0,0.04,242.1,0,0,2026-04-29,0
CUST_00156,SKU_00171,2026-05-27,7,0,0.64,10.9,6,4,2026-04-26,0
CUST_00063,SKU_00225,2026-05-27,1,0,1.92,0.5,26,12,2026-04-10,0
CUST_00109,SKU_00144,2026-05-27,12,0,0.68,17.6,5,4,2026-04-26,0
CUST_00124,SKU_00178,2026-05-27,23,0,0.71,32.5,8,4,2026-04-16,0
CUST_00176,SKU_00080,2026-05-27,9,0,0.71,12.6,8,7,2026-04-23,0
CUST_00092,SKU_00245,2026-05-27,18,0,0.35,223.3,3,3,2026-04-15,1
CUST_00124,SKU_00244,2026-05-27,12,0,1.4,8.5,16,7,2026-05-25,1
CUST_00186,SKU_00077,2026-05-27,11,0,0.37,298.8,4,3,2026-04-15,0
CUST_00189,SKU_00063,2026-05-27,7,0,0.95,7.4,11,9,2026-03-31,0
CUST_00187,SKU_00184,2026-05-27,4,0,1.78,2.2,12,10,2026-04-23,0
CUST_00134,SKU_00157,2026-05-27,7,0,0.24,153.0,3,0,2026-05-06,0
CUST_00003,SKU_00107,2026-05-27,2,0,1.5,1.3,11,10,2026-05-05,0
CUST_00056,SKU_00203,2026-05-27,7,0,0.41,43.8,4,4,2026-05-09,0
CUST_00171,SKU_00211,2026-05-27,11,0,1.16,9.4,11,16,2026-05-09,0
CUST_00051,SKU_00023,2026-05-27,81,0,0.01,168.7,0,0,2026-03-29,0
CUST_00070,SKU_00193,2026-05-27,2,0,0.98,2.1,10,7,2026-05-19,0
CUST_00039,SKU_00067,2026-05-27,46,0,0.68,67.6,9,7,2026-05-24,0
CUST_00023,SKU_00122,2026-05-27,3,0,0.65,4.6,5,7,2026-03-31,0
CUST_00146,SKU_00288,2026-05-27,26,0,0.18,175.5,2,1,2026-05-13,2
CUST_00103,SKU_00126,2026-05-27,8,0,0.39,162.9,4,2,2026-04-16,0
CUST_00018,SKU_00300,2026-05-27,39,0,1.94,20.1,24,15,2026-04-01,0
CUST_00016,SKU_00295,2026-05-27,13,0,0.15,268.0,1,0,2026-05-20,0
CUST_00018,SKU_00292,2026-05-27,18,0,0.24,192.0,2,3,2026-03-30,0
CUST_00144,SKU_00131,2026-05-27,27,0,1.92,14.1,21,27,2026-05-22,0
CUST_00174,SKU_00297,2026-05-27,20,0,0.77,26.1,6,9,2026-04-09,0
CUST_00004,SKU_00092,2026-05-27,7,0,1.62,4.3,22,11,2026-05-15,0
CUST_00061,SKU_00161,2026-05-27,6,0,11.06,0.5,142,73,2026-04-29,0
CUST_00138,SKU_00133,2026-05-27,20,0,1.64,12.2,13,24,2026-05-07,0
CUST_00175,SKU_00213,2026-05-27,17,0,1.89,9.0,13,14,2026-04-03,0
CUST_00032,SKU_00146,2026-05-27,9,1,1.25,6.4,15,7,2026-04-03,0
CUST_00111,SKU_00277,2026-05-27,16,0,0.54,29.7,6,6,2026-04-13,0
CUST_00057,SKU_00220,2026-05-27,1,0,1.27,0.8,9,13,2026-04-04,0
CUST_00064,SKU_00286,2026-05-27,27,0,0.24,153.4,2,0,2026-05-14,0
CUST_00178,SKU_00131,2026-05-27,10,0,1.59,6.3,17,18,2026-04-03,0
CUST_00183,SKU_00187,2026-05-27,2,0,1.31,1.5,15,7,2026-03-30,0
CUST_00064,SKU_00208,2026-05-27,31,0,1.31,23.6,10,12,2026-05-03,0
CUST_00101,SKU_00092,2026-05-27,26,2,1.53,15.7,17,7,2026-04-22,0
CUST_00071,SKU_00281,2026-05-27,7,0,1.48,4.7,20,15,2026-04-10,0
CUST_00044,SKU_00233,2026-05-27,15,1,1.31,10.7,12,10,2026-04-07,0
CUST_00184,SKU_00168,2026-05-27,23,0,0.65,35.5,7,9,2026-05-10,0
CUST_00098,SKU_00238,2026-05-27,26,0,0.71,36.6,9,6,2026-04-20,0
CUST_00021,SKU_00186,2026-05-27,6,0,0.11,258.9,0,1,2026-05-07,0
CUST_00158,SKU_00069,2026-05-27,12,0,0.01,266.8,0,0,2026-04-05,0
CUST_00126,SKU_00017,2026-05-27,13,0,1.47,8.8,17,12,2026-03-29,0
CUST_00144,SKU_00018,2026-05-27,3,0,0.53,5.7,5,6,2026-05-24,0
CUST_00186,SKU_00262,2026-05-27,2,0,1.86,1.1,14,13,2026-05-21,0
CUST_00008,SKU_00268,2026-05-27,13,0,1.34,9.7,16,10,2026-05-09,0
CUST_00137,SKU_00203,2026-05-27,23,0,0.81,28.6,10,10,2026-05-11,0
CUST_00168,SKU_00044,2026-05-27,5,0,318.39,0.0,2352,1409,2026-04-24,0
CUST_00020,SKU_00138,2026-05-27,0,0,1.57,0.0,19,7,2026-05-15,0
CUST_00169,SKU_00111,2026-05-27,6,0,0.96,6.2,12,10,2026-04-02,0
CUST_00013,SKU_00273,2026-05-27,8,0,0.86,9.4,9,3,2026-04-02,0
CUST_00010,SKU_00240,2026-05-27,84,0,1.98,42.4,26,7,2026-04-05,0
CUST_00163,SKU_00178,2026-05-27,6,0,1.82,3.3,22,13,2026-05-23,0
CUST_00100,SKU_00244,2026-05-27,18,0,0.56,32.4,6,6,2026-04-03,0
CUST_00143,SKU_00263,2026-05-27,27,0,1.36,19.8,13,15,2026-03-31,0
CUST_00180,SKU_00081,2026-05-27,6,0,0.94,6.4,9,3,2026-04-08,0
CUST_00161,SKU_00201,2026-05-27,7,0,1.77,3.9,16,12,2026-04-15,0
CUST_00013,SKU_00163,2026-05-27,5,0,0.84,6.0,7,7,2026-04-17,0
CUST_00104,SKU_00108,2026-05-27,24,2,1.54,14.3,14,10,2026-04-12,2
CUST_00098,SKU_00054,2026-05-27,6,0,0.71,8.5,9,9,2026-05-20,0
CUST_00085,SKU_00244,2026-05-27,20,0,1.68,11.9,13,22,2026-05-19,0
CUST_00120,SKU_00027,2026-05-27,15,0,0.98,15.3,8,6,2026-05-06,0
CUST_00158,SKU_00275,2026-05-27,12,0,1.05,11.5,7,7,2026-04-17,0
CUST_00150,SKU_00274,2026-05-27,4,0,0.71,5.6,5,9,2026-04-04,0
CUST_00141,SKU_00202,2026-05-27,26,0,1.56,16.7,19,9,2026-04-02,0
CUST_00175,SKU_00073,2026-05-27,11,0,1.95,5.6,19,18,2026-05-13,0
CUST_00144,SKU_00260,2026-05-27,6,0,0.71,8.4,6,9,2026-05-19,0
CUST_00142,SKU_00195,2026-05-27,8,0,0.07,164.1,0,0,2026-05-12,0
CUST_00052,SKU_00278,2026-05-27,2,0,0.71,2.8,8,6,2026-04-05,0
CUST_00100,SKU_00141,2026-05-27,14,2,1.77,6.8,21,24,2026-05-19,0
CUST_00049,SKU_00242,2026-05-27,33,0,1.67,19.7,20,19,2026-04-02,1
CUST_00007,SKU_00034,2026-05-27,38,0,0.17,168.8,2,1,2026-04-14,0
CUST_00152,SKU_00151,2026-05-27,10,0,0.9,11.1,7,12,2026-04-29,0
CUST_00123,SKU_00134,2026-05-27,9,0,1.56,5.8,19,5,2026-05-21,0
CUST_00157,SKU_00240,2026-05-27,1,0,1.32,0.8,10,6,2026-05-14,0
CUST_00038,SKU_00263,2026-05-27,0,0,0.21,144.2,2,2,2026-04-24,0
CUST_00050,SKU_00017,2026-05-27,45,0,1.1,40.9,13,9,2026-03-31,0
CUST_00066,SKU_00225,2026-05-27,8,0,0.73,10.9,10,6,2026-04-24,0
CUST_00040,SKU_00249,2026-05-27,31,0,0.8,38.6,7,7,2026-04-16,0
CUST_00108,SKU_00231,2026-05-27,43,0,0.83,52.1,10,7,2026-05-10,0
CUST_00020,SKU_00224,2026-05-27,2,0,0.39,256.1,2,4,2026-05-07,0
CUST_00165,SKU_00059,2026-05-27,2,0,1.56,1.3,18,18,2026-05-18,0
CUST_00105,SKU_00176,2026-05-27,5,0,0.16,285.7,1,0,2026-04-04,0
CUST_00161,SKU_00001,2026-05-27,6,0,1.32,4.5,18,10,2026-03-31,0
CUST_00031,SKU_00108,2026-05-27,3,0,0.73,4.1,10,5,2026-05-10,0
CUST_00033,SKU_00266,2026-05-27,3,0,0.95,3.2,12,7,2026-04-03,0
CUST_00048,SKU_00253,2026-05-27,7,0,0.09,281.6,0,0,2026-05-01,0
CUST_00039,SKU_00020,2026-05-27,5,0,1.72,2.9,23,24,2026-04-20,0
CUST_00018,SKU_00205,2026-05-27,25,0,1.54,16.3,16,15,2026-04-19,0
CUST_00020,SKU_00213,2026-05-27,53,0,0.15,188.9,1,0,2026-04-07,0
CUST_00126,SKU_00085,2026-05-27,6,0,1.18,5.1,9,9,2026-04-07,0
CUST_00194,SKU_00255,2026-05-27,2,0,1.53,1.3,21,13,2026-04-21,0
CUST_00027,SKU_00134,2026-05-27,66,0,1.6,41.1,14,14,2026-05-11,0
CUST_00099,SKU_00187,2026-05-27,13,0,0.39,227.5,4,1,2026-05-11,0
CUST_00194,SKU_00283,2026-05-27,16,0,0.0,284.6,0,0,2026-04-06,0
CUST_00128,SKU_00208,2026-05-27,17,0,0.04,98.6,0,0,2026-05-11,0
CUST_00084,SKU_00057,2026-05-27,81,2,0.8,99.3,11,3,2026-04-11,0
CUST_00131,SKU_00101,2026-05-27,1,0,116.39,0.0,1209,1576,2026-04-05,0
CUST_00087,SKU_00133,2026-05-27,29,2,1.09,24.8,10,6,2026-05-07,0
CUST_00122,SKU_00214,2026-05-27,6,0,0.7,8.6,9,6,2026-04-04,0
CUST_00164,SKU_00193,2026-05-27,31,0,0.07,97.8,1,0,2026-05-23,0
CUST_00127,SKU_00035,2026-05-27,2,0,0.88,2.3,9,10,2026-04-06,0
CUST_00057,SKU_00271,2026-05-27,58,0,1.56,37.1,15,18,2026-04-30,0
CUST_00193,SKU_00278,2026-05-27,109,0,1.7,64.1,21,13,2026-04-26,4
CUST_00166,SKU_00114,2026-05-27,0,0,0.87,0.0,9,6,2026-05-25,0
CUST_00136,SKU_00036,2026-05-27,7,1,1.33,4.5,15,9,2026-05-21,0
CUST_00024,SKU_00161,2026-05-27,8,0,0.35,88.9,3,4,2026-05-17,0
CUST_00127,SKU_00053,2026-05-27,1,0,0.24,61.1,3,1,2026-04-16,0
CUST_00156,SKU_00045,2026-05-27,21,0,1.83,11.5,14,18,2026-05-06,0
CUST_00099,SKU_00004,2026-05-27,6,0,0.95,6.3,7,13,2026-04-01,0
CUST_00081,SKU_00181,2026-05-27,73,0,1.79,40.8,19,15,2026-04-30,0
CUST_00013,SKU_00015,2026-05-27,7,0,0.16,184.1,1,1,2026-03-30,0
CUST_00104,SKU_00175,2026-05-27,0,0,0.59,0.0,6,7,2026-05-15,0
CUST_00161,SKU_00200,2026-05-27,19,0,1.91,9.9,25,27,2026-03-30,0
CUST_00132,SKU_00160,2026-05-27,7,0,1.86,3.8,15,21,2026-04-22,0
CUST_00162,SKU_00130,2026-05-27,4,0,0.29,178.3,2,1,2026-04-02,0
CUST_00009,SKU_00295,2026-05-27,24,0,177.83,0.1,1531,786,2026-05-11,0
CUST_00102,SKU_00171,2026-05-27,9,0,1.4,6.4,12,7,2026-05-12,0
CUST_00040,SKU_00251,2026-05-27,7,0,0.37,53.7,3,1,2026-04-03,0
CUST_00130,SKU_00028,2026-05-27,22,3,0.53,35.6,6,3,2026-04-16,0
CUST_00121,SKU_00023,2026-05-27,15,0,0.4,251.2,5,2,2026-04-27,0
CUST_00127,SKU_00052,2026-05-27,27,0,1.78,15.1,22,12,2026-04-19,0
CUST_00140,SKU_00299,2026-05-27,1,0,0.87,1.1,10,7,2026-05-05,0
CUST_00089,SKU_00066,2026-05-27,21,0,0.44,50.6,4,3,2026-05-19,1
CUST_00029,SKU_00241,2026-05-27,38,0,1.67,22.7,18,8,2026-05-19,0
CUST_00025,SKU_00236,2026-05-27,2,0,0.89,2.2,11,7,2026-04-01,0
CUST_00003,SKU_00095,2026-05-27,9,0,1.89,4.8,15,22,2026-05-26,0
CUST_00146,SKU_00016,2026-05-27,1,0,0.58,1.7,5,1,2026-04-23,0
CUST_00118,SKU_00040,2026-05-27,9,1,1.78,4.5,21,22,2026-05-08,0
CUST_00154,SKU_00263,2026-05-27,0,0,0.2,75.6,2,1,2026-05-26,0
CUST_00097,SKU_00046,2026-05-27,2,0,1.77,1.1,22,15,2026-05-06,0
CUST_00069,SKU_00090,2026-05-27,3,0,0.3,247.2,2,1,2026-04-24,0
CUST_00138,SKU_00177,2026-05-27,3,0,1.48,2.0,10,10,2026-04-03,0
CUST_00020,SKU_00236,2026-05-27,19,0,0.53,36.1,6,6,2026-05-11,0
CUST_00123,SKU_00118,2026-05-27,22,0,0.83,26.4,7,7,2026-04-29,0
CUST_00196,SKU_00181,2026-05-27,41,0,1.76,23.3,21,16,2026-04-26,0
CUST_00108,SKU_00208,2026-05-27,26,0,0.43,196.6,3,2,2026-05-07,0
CUST_00022,SKU_00247,2026-05-27,53,3,0.52,96.2,4,2,2026-05-25,0
CUST_00164,SKU_00118,2026-05-27,22,1,0.95,22.2,8,7,2026-05-12,0
CUST_00197,SKU_00168,2026-05-27,41,0,0.93,44.2,10,9,2026-04-13,0
CUST_00013,SKU_00232,2026-05-27,7,0,0.41,202.8,5,3,2026-04-08,0
CUST_00117,SKU_00173,2026-05-27,26,0,1.17,22.3,9,15,2026-05-13,0
CUST_00048,SKU_00231,2026-05-27,14,0,1.75,8.0,20,16,2026-04-10,0
CUST_00035,SKU_00214,2026-05-27,112,0,1.57,71.4,14,6,2026-05-14,0
CUST_00122,SKU_00224,2026-05-27,213,0,1.72,123.5,15,9,2026-04-23,0
CUST_00016,SKU_00030,2026-05-27,24,0,1.09,21.9,15,9,2026-04-26,1
CUST_00145,SKU_00245,2026-05-27,3,0,1.22,2.5,14,16,2026-04-08,0
CUST_00028,SKU_00144,2026-05-27,22,0,1.31,16.8,11,6,2026-05-04,0
CUST_00030,SKU_00135,2026-05-27,6,0,0.56,10.7,5,2,2026-04-04,0
CUST_00101,SKU_00111,2026-05-27,19,0,0.81,23.6,6,6,2026-04-20,0
CUST_00116,SKU_00048,2026-05-27,41,0,0.86,47.9,6,6,2026-05-09,0
CUST_00102,SKU_00170,2026-05-27,19,0,1.19,15.9,14,13,2026-04-10,0
CUST_00044,SKU_00088,2026-05-27,16,0,1.55,10.3,16,10,2026-04-05,0
CUST_00115,SKU_00154,2026-05-27,3,0,21.94,0.1,292,253,2026-05-17,0
CUST_00130,SKU_00140,2026-05-27,49,0,0.8,61.5,5,3,2026-04-19,0
CUST_00082,SKU_00273,2026-05-27,41,0,1.28,32.0,12,6,2026-04-05,0
CUST_00054,SKU_00175,2026-05-27,1,0,1.19,0.8,16,8,2026-04-26,0
CUST_00043,SKU_00098,2026-05-27,4,0,1.36,2.9,17,9,2026-04-05,0
CUST_00091,SKU_00264,2026-05-27,4,0,1.71,2.3,20,14,2026-04-30,0
CUST_00169,SKU_00249,2026-05-27,3,0,0.49,71.9,4,3,2026-04-26,0
CUST_00143,SKU_00219,2026-05-27,3,0,0.54,5.5,6,1,2026-05-10,0
CUST_00128,SKU_00208,2026-05-27,12,0,1.21,9.9,12,5,2026-03-29,0
CUST_00022,SKU_00226,2026-05-27,20,0,0.95,21.0,12,6,2026-04-27,0
CUST_00055,SKU_00225,2026-05-27,5,0,0.72,7.0,7,9,2026-04-07,0
CUST_00157,SKU_00213,2026-05-27,11,0,20.0,0.6,191,268,2026-04-07,0
CUST_00077,SKU_00041,2026-05-27,0,0,0.57,0.0,6,4,2026-04-23,0
CUST_00068,SKU_00090,2026-05-27,18,0,1.87,9.6,14,9,2026-04-15,0
CUST_00108,SKU_00099,2026-05-27,36,0,1.19,30.4,8,7,2026-04-21,0
CUST_00028,SKU_00221,2026-05-27,71,0,1.3,54.7,16,13,2026-04-03,0
CUST_00151,SKU_00119,2026-05-27,15,0,0.43,220.6,3,3,2026-05-04,0
CUST_00026,SKU_00298,2026-05-27,0,0,0.65,0.0,7,6,2026-05-08,0
CUST_00020,SKU_00268,2026-05-27,12,0,153.17,0.1,2105,1353,2026-04-08,0
CUST_00011,SKU_00255,2026-05-27,2,0,0.15,235.2,1,1,2026-05-24,0
CUST_00037,SKU_00261,2026-05-27,68,8,0.94,64.0,7,2,2026-04-06,0
CUST_00073,SKU_00215,2026-05-27,52,0,1.65,31.5,15,10,2026-04-26,0
CUST_00079,SKU_00071,2026-05-27,1,0,1.02,1.0,10,9,2026-05-25,0
CUST_00190,SKU_00173,2026-05-27,23,0,0.94,24.6,7,7,2026-04-09,0
CUST_00088,SKU_00156,2026-05-27,9,0,0.14,123.6,1,0,2026-03-31,0
CUST_00107,SKU_00102,2026-05-27,3,0,0.83,3.6,9,10,2026-04-10,0
CUST_00143,SKU_00188,2026-05-27,5,0,0.29,85.5,2,3,2026-04-26,0
CUST_00030,SKU_00105,2026-05-27,0,0,1.83,0.0,15,11,2026-05-04,0
CUST_00036,SKU_00080,2026-05-27,30,0,1.97,15.2,14,7,2026-05-08,0
CUST_00045,SKU_00027,2026-05-27,5,0,0.56,9.0,6,2,2026-05-20,0
CUST_00072,SKU_00270,2026-05-27,1,0,24.0,0.0,315,313,2026-05-07,0
CUST_00073,SKU_00203,2026-05-27,10,0,1.45,6.9,16,10,2026-05-17,0
CUST_00050,SKU_00243,2026-05-27,0,0,1.46,0.0,15,12,2026-03-29,0
CUST_00055,SKU_00241,2026-05-27,3,0,0.35,116.2,4,1,2026-04-16,0
CUST_00180,SKU_00019,2026-05-27,16,0,1.89,8.5,25,18,2026-05-10,0
CUST_00011,SKU_00110,2026-05-27,58,0,0.81,71.6,10,6,2026-04-20,0
CUST_00181,SKU_00247,2026-05-27,9,0,1.31,6.9,17,12,2026-04-04,0
CUST_00085,SKU_00113,2026-05-27,13,1,1.95,6.2,14,24,2026-04-29,0
CUST_00046,SKU_00224,2026-05-27,8,0,0.54,14.7,6,6,2026-04-11,0
CUST_00019,SKU_00014,2026-05-27,36,5,0.15,184.7,1,1,2026-04-09,2
CUST_00107,SKU_00054,2026-05-27,8,0,0.41,141.1,4,1,2026-04-15,0
CUST_00108,SKU_00238,2026-05-27,11,0,0.6,18.5,7,2,2026-05-09,0
CUST_00034,SKU_00043,2026-05-27,1,0,0.84,1.2,7,9,2026-05-14,0
CUST_00184,SKU_00120,2026-05-27,9,0,0.6,15.0,7,6,2026-04-23,0
CUST_00044,SKU_00284,2026-05-27,12,1,1.06,10.3,9,7,2026-04-22,0
CUST_00064,SKU_00122,2026-05-27,9,0,1.7,5.3,19,6,2026-05-03,0
CUST_00173,SKU_00128,2026-05-27,39,0,1.32,29.5,12,12,2026-05-25,0
CUST_00155,SKU_00204,2026-05-27,56,0,0.02,40.8,0,0,2026-04-13,0
CUST_00057,SKU_00162,2026-05-27,2,0,52.22,0.0,533,697,2026-05-26,0
CUST_00193,SKU_00125,2026-05-27,0,0,0.58,0.0,6,6,2026-04-06,0
CUST_00029,SKU_00071,2026-05-27,118,0,0.07,292.2,0,0,2026-05-26,3
CUST_00062,SKU_00261,2026-05-27,2,0,0.05,206.3,0,0,2026-04-03,0
CUST_00164,SKU_00005,2026-05-27,10,0,1.47,6.8,18,18,2026-04-19,0
CUST_00139,SKU_00023,2026-05-27,74,0,1.65,44.8,21,21,2026-04-11,0
CUST_00076,SKU_00118,2026-05-27,20,0,0.91,22.0,11,9,2026-04-03,0
CUST_00002,SKU_00030,2026-05-27,4,0,0.14,38.0,1,0,2026-04-27,0
CUST_00112,SKU_00163,2026-05-27,5,0,0.83,6.0,7,10,2026-03-31,0
CUST_00127,SKU_00213,2026-05-27,4,0,1.74,2.3,19,16,2026-05-05,0
CUST_00122,SKU_00194,2026-05-27,2,0,1.56,1.3,14,19,2026-05-10,0
CUST_00098,SKU_00201,2026-05-27,17,0,1.87,9.1,15,16,2026-04-21,0
CUST_00016,SKU_00195,2026-05-27,9,0,1.63,5.5,14,24,2026-04-01,0
CUST_00084,SKU_00296,2026-05-27,0,0,1.62,0.0,15,10,2026-04-18,0
CUST_00149,SKU_00097,2026-05-27,6,0,0.73,8.2,5,7,2026-04-28,0
CUST_00122,SKU_00184,2026-05-27,41,4,1.19,31.1,15,7,2026-05-22,0
CUST_00080,SKU_00164,2026-05-27,13,0,1.37,9.5,10,9,2026-05-11,0
CUST_00176,SKU_00074,2026-05-27,16,0,1.98,8.1,25,15,2026-04-05,1
CUST_00197,SKU_00198,2026-05-27,1,0,1.92,0.5,17,24,2026-04-14,0
CUST_00004,SKU_00283,2026-05-27,27,4,1135.44,0.0,9365,6887,2026-04-17,0
CUST_00121,SKU_00149,2026-05-27,26,0,0.18,111.0,1,1,2026-05-21,0
CUST_00194,SKU_00229,2026-05-27,17,0,0.31,272.3,4,3,2026-05-07,0
CUST_00034,SKU_00295,2026-05-27,19,2,0.36,234.2,4,4,2026-05-04,0
CUST_00131,SKU_00187,2026-05-27,6,0,0.02,30.4,0,0,2026-05-11,0
CUST_00162,SKU_00111,2026-05-27,27,1,1.42,18.4,13,16,2026-05-11,0
CUST_00124,SKU_00115,2026-05-27,48,4,0.65,67.2,7,5,2026-05-06,0
CUST_00200,SKU_00084,2026-05-27,15,0,1.42,10.6,14,10,2026-04-06,0
CUST_00112,SKU_00057,2026-05-27,6,0,0.94,6.4,12,3,2026-05-25,0
CUST_00172,SKU_00232,2026-05-27,11,1,1.13,8.8,15,15,2026-05-12,0
CUST_00163,SKU_00136,2026-05-27,19,1,0.4,131.0,3,3,2026-04-21,0
CUST_00102,SKU_00219,2026-05-27,2,0,1.43,1.4,10,6,2026-05-04,0
CUST_00138,SKU_00281,2026-05-27,19,0,0.35,276.0,4,3,2026-04-11,0
CUST_00019,SKU_00091,2026-05-27,14,0,0.1,149.7,1,0,2026-04-25,0
CUST_00053,SKU_00068,2026-05-27,27,0,0.99,27.3,9,9,2026-04-15,0
CUST_00193,SKU_00012,2026-05-27,9,0,0.18,189.1,1,0,2026-05-24,0
CUST_00131,SKU_00269,2026-05-27,2,0,0.01,151.9,0,0,2026-05-20,0
CUST_00045,SKU_00042,2026-05-27,15,0,0.71,21.0,8,4,2026-05-22,0
CUST_00127,SKU_00277,2026-05-27,23,0,1.32,17.4,11,15,2026-05-14,0
CUST_00142,SKU_00292,2026-05-27,3,0,0.55,5.5,5,4,2026-04-06,0
CUST_00108,SKU_00258,2026-05-27,16,0,1.84,8.7,13,14,2026-04-04,0
CUST_00179,SKU_00094,2026-05-27,73,0,1.03,71.2,9,13,2026-03-30,6
CUST_00198,SKU_00234,2026-05-27,1,0,0.99,1.0,10,12,2026-05-16,0
CUST_00028,SKU_00249,2026-05-27,9,0,1.8,5.0,22,10,2026-05-04,0
CUST_00017,SKU_00150,2026-05-27,8,0,1.14,7.0,12,10,2026-03-29,0
CUST_00192,SKU_00290,2026-05-27,1,0,0.22,179.1,1,1,2026-05-08,0
CUST_00047,SKU_00262,2026-05-27,0,0,1.8,0.0,14,12,2026-04-07,0
CUST_00200,SKU_00136,2026-05-27,40,0,0.37,214.5,4,1,2026-04-05,0
CUST_00006,SKU_00021,2026-05-27,4,0,1.58,2.5,18,7,2026-05-26,0
CUST_00089,SKU_00240,2026-05-27,9,0,0.75,12.1,5,6,2026-05-21,0
CUST_00035,SKU_00252,2026-05-27,7,0,19.17,0.4,236,87,2026-05-20,0
CUST_00031,SKU_00255,2026-05-27,8,0,1.85,4.3,21,12,2026-03-30,0
CUST_00015,SKU_00222,2026-05-27,11,0,1.22,9.0,16,12,2026-05-01,0
CUST_00130,SKU_00207,2026-05-27,15,0,0.71,21.3,6,4,2026-05-05,0
CUST_00067,SKU_00037,2026-05-27,26,0,0.7,37.3,7,4,2026-04-02,0
CUST_00135,SKU_00220,2026-05-27,14,0,1.48,9.4,14,9,2026-05-21,0
CUST_00078,SKU_00247,2026-05-27,27,4,1.25,18.3,11,7,2026-04-21,0
CUST_00007,SKU_00164,2026-05-27,43,7,1.58,22.8,18,22,2026-05-20,0
CUST_00176,SKU_00125,2026-05-27,1,0,0.84,1.2,6,7,2026-04-05,0
CUST_00077,SKU_00136,2026-05-27,6,0,0.61,9.8,5,4,2026-05-14,0
CUST_00123,SKU_00073,2026-05-27,8,0,1.06,7.6,9,9,2026-05-02,0
CUST_00054,SKU_00079,2026-05-27,34,2,0.93,34.2,7,7,2026-04-03,0
CUST_00078,SKU_00242,2026-05-27,6,0,0.14,150.9,1,0,2026-04-01,0
CUST_00194,SKU_00065,2026-05-27,23,0,1.7,13.5,22,9,2026-04-07,0
CUST_00152,SKU_00111,2026-05-27,4,0,1.53,2.6,12,19,2026-04-21,0
CUST_00042,SKU_00240,2026-05-27,1,0,0.7,1.4,9,9,2026-04-25,0
CUST_00147,SKU_00283,2026-05-27,27,0,0.12,244.9,1,0,2026-04-15,0
CUST_00181,SKU_00138,2026-05-27,3,0,1.9,1.6,24,6,2026-04-27,0
CUST_00090,SKU_00291,2026-05-27,14,0,1.09,12.8,14,8,2026-04-07,1
CUST_00181,SKU_00255,2026-05-27,3,0,1.56,1.9,14,9,2026-04-21,0
CUST_00137,SKU_00115,2026-05-27,0,0,0.95,0.0,8,10,2026-04-03,0
CUST_00105,SKU_00077,2026-05-27,7,0,0.08,253.9,0,0,2026-04-15,0
CUST_00117,SKU_00049,2026-05-27,61,0,0.97,62.7,11,12,2026-04-19,0
CUST_00108,SKU_00100,2026-05-27,1,0,0.27,217.3,3,0,2026-04-20,0
CUST_00064,SKU_00008,2026-05-27,16,0,0.78,20.5,9,5,2026-04-08,0
CUST_00106,SKU_00078,2026-05-27,31,0,0.28,87.8,2,1,2026-04-11,0
CUST_00184,SKU_00080,2026-05-27,44,0,2.0,22.0,22,27,2026-04-28,0
CUST_00068,SKU_00101,2026-05-27,4,0,1.02,3.9,13,7,2026-04-02,0
CUST_00091,SKU_00045,2026-05-27,24,0,0.57,41.9,5,4,2026-04-27,0
CUST_00186,SKU_00191,2026-05-27,49,0,0.41,207.9,5,3,2026-04-22,0
CUST_00142,SKU_00010,2026-05-27,2,0,1.03,1.9,8,4,2026-05-18,0
CUST_00115,SKU_00162,2026-05-27,3,0,0.54,5.6,4,4,2026-05-13,0
CUST_00114,SKU_00127,2026-05-27,18,0,0.84,21.4,10,9,2026-05-01,0
CUST_00091,SKU_00104,2026-05-27,3,0,0.53,5.7,3,3,2026-05-04,0
CUST_00167,SKU_00297,2026-05-27,12,0,1.71,7.0,19,15,2026-04-08,0
CUST_00142,SKU_00069,2026-05-27,14,0,1.26,11.2,12,6,2026-05-20,0
CUST_00004,SKU_00058,2026-05-27,15,1,1.21,11.6,9,10,2026-04-07,0
CUST_00022,SKU_00121,2026-05-27,10,0,0.47,136.6,4,2,2026-05-12,0
CUST_00141,SKU_00193,2026-05-27,7,0,0.77,9.1,9,9,2026-04-16,0
CUST_00118,SKU_00097,2026-05-27,9,0,0.29,119.0,3,3,2026-04-14,0
CUST_00173,SKU_00250,2026-05-27,28,0,1.55,18.1,12,8,2026-05-06,0
CUST_00096,SKU_00144,2026-05-27,4,0,0.92,4.4,10,6,2026-05-04,0
CUST_00170,SKU_00274,2026-05-27,9,0,0.64,14.0,6,6,2026-03-31,0
CUST_00046,SKU_00117,2026-05-27,16,0,1.6,10.0,11,13,2026-04-30,0
CUST_00021,SKU_00182,2026-05-27,1,0,1.66,0.6,19,6,2026-04-21,0
CUST_00123,SKU_00034,2026-05-27,9,0,1.18,7.6,16,4,2026-05-08,0
CUST_00032,SKU_00062,2026-05-27,1,0,1.67,0.6,12,19,2026-04-12,0
CUST_00063,SKU_00152,2026-05-27,69,0,0.02,47.6,0,0,2026-04-14,0
CUST_00133,SKU_00135,2026-05-27,2,0,1.45,1.4,15,14,2026-05-05,0
CUST_00170,SKU_00038,2026-05-27,1,0,1.48,0.7,19,13,2026-04-18,0
CUST_00097,SKU_00294,2026-05-27,12,0,1.14,10.5,14,10,2026-05-06,0
CUST_00054,SKU_00218,2026-05-27,2,0,1.89,1.1,25,17,2026-03-31,0
CUST_00016,SKU_00180,2026-05-27,7,0,1.73,4.0,21,12,2026-05-16,0
CUST_00180,SKU_00136,2026-05-27,11,1,1.54,6.5,21,19,2026-04-11,0
CUST_00023,SKU_00026,2026-05-27,30,0,1.61,18.7,17,9,2026-04-17,0
CUST_00155,SKU_00206,2026-05-27,14,0,0.06,251.5,0,0,2026-05-05,0
CUST_00066,SKU_00183,2026-05-27,41,0,0.73,56.1,9,7,2026-05-10,0
CUST_00106,SKU_00085,2026-05-27,6,0,1.63,3.7,20,12,2026-04-18,0
CUST_00061,SKU_00229,2026-05-27,49,0,1.87,26.1,22,7,2026-04-21,0
CUST_00095,SKU_00162,2026-05-27,18,0,1.93,9.3,25,12,2026-04-01,0
CUST_00171,SKU_00259,2026-05-27,35,0,0.2,215.5,2,1,2026-03-29,0
CUST_00105,SKU_00145,2026-05-27,11,0,1.49,7.4,11,13,2026-04-09,0
CUST_00010,SKU_00081,2026-05-27,3,0,1.23,2.4,17,4,2026-04-07,0
CUST_00054,SKU_00147,2026-05-27,1,0,1.14,0.9,13,7,2026-05-26,0
CUST_00085,SKU_00167,2026-05-27,8,0,0.98,8.2,12,13,2026-04-17,0
CUST_00182,SKU_00161,2026-05-27,16,0,0.34,178.4,4,1,2026-04-14,0
CUST_00122,SKU_00288,2026-05-27,6,0,1.56,3.9,13,16,2026-04-03,0
CUST_00143,SKU_00108,2026-05-27,11,0,0.53,20.9,4,6,2026-04-06,0
CUST_00156,SKU_00174,2026-05-27,6,0,0.34,41.1,3,2,2026-03-29,0
CUST_00050,SKU_00181,2026-05-27,25,4,0.46,45.6,4,3,2026-04-12,0
CUST_00135,SKU_00028,2026-05-27,4,0,1.75,2.3,21,18,2026-05-06,0
CUST_00082,SKU_00283,2026-05-27,19,0,1.34,14.2,18,6,2026-04-29,0
CUST_00063,SKU_00047,2026-05-27,5,0,1.44,3.5,18,12,2026-05-05,0
CUST_00051,SKU_00253,2026-05-27,10,0,0.11,31.3,1,0,2026-05-21,0
CUST_00194,SKU_00238,2026-05-27,38,0,0.61,62.6,5,6,2026-04-08,2
CUST_00065,SKU_00181,2026-05-27,15,0,1.54,9.7,20,10,2026-04-04,0
CUST_00148,SKU_00238,2026-05-27,11,0,1.57,7.0,12,10,2026-05-24,0
CUST_00156,SKU_00045,2026-05-27,11,1,1.02,9.8,13,4,2026-05-08,0
CUST_00091,SKU_00043,2026-05-27,9,0,1.47,6.1,15,9,2026-04-04,0
CUST_00019,SKU_00073,2026-05-27,4,0,1.73,2.3,21,21,2026-04-26,0
CUST_00159,SKU_00140,2026-05-27,82,0,0.71,114.8,8,3,2026-04-13,0
CUST_00158,SKU_00104,2026-05-27,10,0,0.95,10.6,12,4,2026-04-12,0
CUST_00127,SKU_00281,2026-05-27,4,0,0.71,5.7,5,7,2026-05-22,0
CUST_00198,SKU_00252,2026-05-27,8,0,1.06,7.6,10,9,2026-04-22,0
CUST_00119,SKU_00087,2026-05-27,23,0,1.98,11.6,14,16,2026-04-30,0
CUST_00013,SKU_00076,2026-05-27,8,0,0.87,9.2,7,4,2026-04-08,0
CUST_00091,SKU_00210,2026-05-27,12,0,1.93,6.2,20,12,2026-05-20,0
CUST_00070,SKU_00155,2026-05-27,8,0,1.55,5.2,11,19,2026-04-02,0
CUST_00136,SKU_00204,2026-05-27,9,0,1.37,6.6,12,19,2026-04-10,0
CUST_00063,SKU_00036,2026-05-27,6,0,0.21,67.3,2,1,2026-05-21,0
CUST_00001,SKU_00035,2026-05-27,11,0,0.48,168.6,6,4,2026-04-14,0
CUST_00013,SKU_00070,2026-05-27,17,0,1.83,9.3,17,25,2026-04-16,1
CUST_00055,SKU_00206,2026-05-27,3,0,0.3,109.0,3,3,2026-04-25,0
CUST_00189,SKU_00241,2026-05-27,11,0,1.83,6.0,22,15,2026-04-09,0
CUST_00109,SKU_00223,2026-05-27,16,0,0.91,17.7,11,10,2026-05-04,0
CUST_00191,SKU_00094,2026-05-27,14,0,0.75,18.6,6,4,2026-04-14,0
CUST_00110,SKU_00217,2026-05-27,4,0,0.22,176.5,2,2,2026-04-15,0
CUST_00157,SKU_00209,2026-05-27,7,0,0.69,10.1,5,9,2026-05-18,0
CUST_00043,SKU_00211,2026-05-27,8,0,1.42,5.6,16,13,2026-04-05,0
CUST_00058,SKU_00224,2026-05-27,53,8,1.18,38.2,14,7,2026-04-14,0
CUST_00077,SKU_00161,2026-05-27,1,0,0.93,1.1,11,12,2026-04-17,0
CUST_00006,SKU_00167,2026-05-27,65,0,0.17,76.9,2,1,2026-05-21,0
CUST_00155,SKU_00012,2026-05-27,18,0,1.6,11.3,18,6,2026-05-05,0
CUST_00033,SKU_00070,2026-05-27,34,0,1.22,27.9,13,6,2026-04-07,2
CUST_00144,SKU_00088,2026-05-27,5,0,0.23,75.6,1,1,2026-05-25,0
CUST_00117,SKU_00163,2026-05-27,0,0,0.97,0.0,8,4,2026-04-01,0
CUST_00137,SKU_00278,2026-05-27,1,0,0.5,156.9,6,4,2026-04-13,0
CUST_00003,SKU_00241,2026-05-27,41,0,0.37,290.7,3,3,2026-05-05,0
CUST_00031,SKU_00134,2026-05-27,1,0,1.57,0.6,16,8,2026-04-05,0
CUST_00132,SKU_00010,2026-05-27,1,0,0.09,177.2,1,0,2026-04-28,0
CUST_00165,SKU_00274,2026-05-27,15,0,1.17,12.8,12,12,2026-04-03,0
CUST_00075,SKU_00037,2026-05-27,10,0,60.11,0.2,746,837,2026-05-17,0
CUST_00089,SKU_00274,2026-05-27,2,0,0.41,136.6,4,1,2026-03-31,0
CUST_00177,SKU_00246,2026-05-27,4,0,1.24,3.2,9,8,2026-04-07,0
CUST_00156,SKU_00227,2026-05-27,1,0,0.11,92.8,0,0,2026-04-21,0
CUST_00078,SKU_00140,2026-05-27,2,0,0.5,4.0,6,3,2026-04-27,0
CUST_00098,SKU_00095,2026-05-27,1,0,1.76,0.6,20,22,2026-04-17,0
CUST_00039,SKU_00226,2026-05-27,14,0,0.3,240.3,3,1,2026-04-20,0
CUST_00011,SKU_00291,2026-05-27,99,0,1.25,79.1,9,9,2026-05-04,0
CUST_00050,SKU_00098,2026-05-27,26,5,0.33,70.9,2,3,2026-04-19,0
CUST_00171,SKU_00186,2026-05-27,7,1,0.71,8.5,5,6,2026-04-13,0
CUST_00135,SKU_00201,2026-05-27,2,0,0.16,238.1,1,0,2026-05-23,0
CUST_00157,SKU_00062,2026-05-27,22,0,1.63,13.5,20,6,2026-04-20,0
CUST_00102,SKU_00272,2026-05-27,9,0,1.52,5.9,16,9,2026-03-31,0
CUST_00186,SKU_00010,2026-05-27,3,0,0.28,143.1,2,2,2026-04-07,0
CUST_00165,SKU_00184,2026-05-27,28,0,1.49,18.7,20,15,2026-04-24,0
CUST_00020,SKU_00223,2026-05-27,35,0,0.71,49.3,8,7,2026-05-09,2
CUST_00019,SKU_00083,2026-05-27,18,0,1.63,11.0,12,22,2026-04-08,0
CUST_00051,SKU_00179,2026-05-27,17,1,0.23,90.3,2,2,2026-04-27,0
CUST_00134,SKU_00124,2026-05-27,10,0,0.47,294.9,3,4,2026-04-01,0
CUST_00198,SKU_00291,2026-05-27,40,0,1.41,28.4,11,10,2026-04-22,0
CUST_00121,SKU_00113,2026-05-27,21,0,1.85,11.3,17,12,2026-05-04,0
CUST_00003,SKU_00014,2026-05-27,7,0,1.81,3.9,22,25,2026-04-14,0
CUST_00117,SKU_00299,2026-05-27,7,0,1.97,3.6,18,25,2026-05-03,0
CUST_00051,SKU_00221,2026-05-27,19,1,1.36,13.2,13,8,2026-05-10,0
CUST_00141,SKU_00190,2026-05-27,24,0,0.31,259.8,4,3,2026-04-02,1
CUST_00126,SKU_00103,2026-05-27,22,4,21.44,0.8,195,198,2026-04-14,0
CUST_00014,SKU_00098,2026-05-27,7,0,1.54,4.5,17,19,2026-05-05,0
CUST_00098,SKU_00063,2026-05-27,9,0,1.67,5.4,20,10,2026-04-30,0
CUST_00027,SKU_00038,2026-05-27,2,0,0.45,166.1,4,4,2026-04-16,0
CUST_00025,SKU_00002,2026-05-27,23,0,1.44,15.9,19,14,2026-05-03,0
CUST_00109,SKU_00168,2026-05-27,3,0,0.11,73.5,1,0,2026-04-11,0
CUST_00186,SKU_00231,2026-05-27,11,0,0.41,276.3,4,1,2026-04-10,0
CUST_00028,SKU_00202,2026-05-27,4,0,1.16,3.5,13,4,2026-04-26,0
CUST_00116,SKU_00250,2026-05-27,29,0,1.05,27.6,12,4,2026-05-16,0
CUST_00147,SKU_00061,2026-05-27,6,0,1.96,3.1,13,24,2026-04-22,0
CUST_00156,SKU_00183,2026-05-27,45,0,0.62,73.1,7,4,2026-05-01,2
CUST_00046,SKU_00188,2026-05-27,5,0,1.49,3.4,17,7,2026-05-09,0
CUST_00050,SKU_00112,2026-05-27,6,0,0.43,233.5,3,1,2026-05-01,0
CUST_00060,SKU_00088,2026-05-27,53,0,85.78,0.6,977,847,2026-05-25,0
CUST_00115,SKU_00224,2026-05-27,9,0,1.02,8.8,10,15,2026-04-15,0
CUST_00107,SKU_00206,2026-05-27,35,0,1.87,18.7,14,25,2026-05-11,0
CUST_00057,SKU_00162,2026-05-27,82,0,52.22,1.6,404,249,2026-05-03,0
CUST_00124,SKU_00258,2026-05-27,7,0,0.92,7.6,9,5,2026-05-20,0
CUST_00181,SKU_00279,2026-05-27,16,0,1.42,11.3,12,4,2026-05-11,0
CUST_00009,SKU_00233,2026-05-27,23,0,0.23,244.7,2,0,2026-04-07,0
CUST_00169,SKU_00038,2026-05-27,9,0,1.24,7.3,10,6,2026-04-08,0
CUST_00053,SKU_00007,2026-05-27,6,0,0.71,8.4,5,7,2026-04-27,0
CUST_00120,SKU_00198,2026-05-27,32,0,0.97,33.1,6,6,2026-05-08,0
CUST_00162,SKU_00072,2026-05-27,43,0,1.76,24.4,13,22,2026-05-20,2
CUST_00100,SKU_00044,2026-05-27,1,0,1.97,0.5,23,18,2026-04-24,0
CUST_00195,SKU_00018,2026-05-27,6,0,1.56,3.9,13,12,2026-04-12,0
CUST_00147,SKU_00141,2026-05-27,3,0,1.49,2.0,17,10,2026-04-13,0
CUST_00054,SKU_00068,2026-05-27,9,0,0.0,298.3,0,0,2026-04-17,0
CUST_00099,SKU_00112,2026-05-27,139,0,0.87,159.4,6,10,2026-05-05,4
CUST_00095,SKU_00285,2026-05-27,14,0,0.12,209.2,1,0,2026-05-07,0
CUST_00071,SKU_00010,2026-05-27,16,0,0.54,29.5,6,6,2026-05-03,0
CUST_00192,SKU_00160,2026-05-27,29,0,37.39,0.8,274,195,2026-05-25,0
CUST_00128,SKU_00190,2026-05-27,10,0,1.49,6.7,17,10,2026-04-23,0
CUST_00099,SKU_00131,2026-05-27,6,0,1.47,4.1,20,9,2026-04-01,0
CUST_00014,SKU_00063,2026-05-27,24,0,0.48,38.2,4,6,2026-04-21,0
CUST_00189,SKU_00253,2026-05-27,43,0,1.73,24.8,19,19,2026-05-21,2
CUST_00110,SKU_00165,2026-05-27,11,0,0.53,20.6,6,1,2026-05-22,0
CUST_00127,SKU_00068,2026-05-27,19,0,1.16,16.3,14,10,2026-05-01,0
CUST_00037,SKU_00107,2026-05-27,6,0,0.14,126.0,1,0,2026-05-22,0
CUST_00163,SKU_00181,2026-05-27,9,0,1.87,4.8,21,7,2026-04-23,0
CUST_00142,SKU_00034,2026-05-27,16,0,1.54,10.4,16,8,2026-05-12,0
CUST_00167,SKU_00203,2026-05-27,9,0,0.31,297.1,2,1,2026-05-04,0
CUST_00187,SKU_00083,2026-05-27,18,2,1.14,14.1,14,4,2026-05-07,0
CUST_00120,SKU_00067,2026-05-27,31,0,1.65,18.8,18,9,2026-04-24,0
CUST_00120,SKU_00123,2026-05-27,14,1,0.07,207.4,0,0,2026-05-24,0
CUST_00172,SKU_00292,2026-05-27,6,0,0.35,177.4,2,3,2026-04-11,0
CUST_00181,SKU_00192,2026-05-27,10,0,0.39,294.3,4,2,2026-05-23,0
CUST_00086,SKU_00175,2026-05-27,4,0,0.63,6.3,6,4,2026-04-12,0
CUST_00125,SKU_00039,2026-05-27,15,2,0.2,239.4,1,1,2026-04-30,0
CUST_00067,SKU_00219,2026-05-27,2,0,1.14,1.7,15,12,2026-04-09,0
CUST_00124,SKU_00282,2026-05-27,0,0,1.64,0.0,17,6,2026-05-24,0
CUST_00170,SKU_00096,2026-05-27,50,0,1.18,42.5,13,6,2026-05-13,0
CUST_00096,SKU_00069,2026-05-27,35,0,0.68,51.3,4,3,2026-04-23,0
CUST_00035,SKU_00184,2026-05-27,10,0,1.01,9.9,7,3,2026-04-18,0
CUST_00192,SKU_00168,2026-05-27,2,0,0.26,253.1,3,1,2026-04-19,0
CUST_00077,SKU_00218,2026-05-27,6,0,0.39,153.4,4,3,2026-05-15,0
CUST_00164,SKU_00128,2026-05-27,5,0,1.31,3.8,10,6,2026-04-19,0
CUST_00196,SKU_00058,2026-05-27,4,0,1.58,2.5,12,12,2026-04-29,0
CUST_00177,SKU_00163,2026-05-27,8,1,0.89,7.9,12,5,2026-04-26,0
CUST_00004,SKU_00204,2026-05-27,9,0,1.03,8.7,12,9,2026-04-09,0
CUST_00196,SKU_00080,2026-05-27,15,0,0.19,268.7,1,1,2026-05-14,0
CUST_00050,SKU_00187,2026-05-27,19,0,0.19,212.5,1,1,2026-05-17,0
CUST_00009,SKU_00095,2026-05-27,29,0,1.46,19.8,18,5,2026-04-04,0
CUST_00035,SKU_00096,2026-05-27,54,0,0.22,60.1,3,1,2026-04-12,0
CUST_00036,SKU_00181,2026-05-27,4,0,0.53,7.6,5,4,2026-04-12,0
CUST_00005,SKU_00035,2026-05-27,167,0,1.61,103.6,16,15,2026-05-06,0
CUST_00016,SKU_00114,2026-05-27,41,1,1.2,33.3,9,4,2026-05-18,1
CUST_00034,SKU_00166,2026-05-27,17,0,0.88,19.4,8,4,2026-04-30,0
CUST_00144,SKU_00215,2026-05-27,20,1,0.62,30.9,7,9,2026-04-19,0
CUST_00053,SKU_00148,2026-05-27,13,0,0.04,122.6,0,0,2026-04-25,0
CUST_00134,SKU_00021,2026-05-27,1,0,1.27,0.8,12,12,2026-04-10,0
CUST_00161,SKU_00178,2026-05-27,19,0,0.45,247.6,3,6,2026-04-19,0
CUST_00037,SKU_00126,2026-05-27,3,0,1.12,2.7,13,3,2026-05-13,0
CUST_00136,SKU_00025,2026-05-27,8,0,0.05,114.6,0,0,2026-05-20,0
CUST_00084,SKU_00263,2026-05-27,6,0,1.25,4.8,13,13,2026-05-19,0
CUST_00104,SKU_00244,2026-05-27,43,0,1.91,22.5,26,25,2026-05-08,0
CUST_00036,SKU_00224,2026-05-27,18,0,0.4,40.9,4,1,2026-04-06,0
CUST_00144,SKU_00003,2026-05-27,61,6,1.58,34.8,13,12,2026-05-13,0
CUST_00191,SKU_00166,2026-05-27,35,0,0.38,82.5,5,3,2026-05-18,0
CUST_00092,SKU_00236,2026-05-27,38,1,1.19,31.1,13,3,2026-04-27,3
CUST_00174,SKU_00081,2026-05-27,2,0,1.68,1.2,16,22,2026-05-03,0
CUST_00095,SKU_00137,2026-05-27,3,0,0.45,141.0,3,1,2026-04-16,0
CUST_00071,SKU_00128,2026-05-27,16,0,1.33,12.0,18,12,2026-04-18,0
CUST_00165,SKU_00179,2026-05-27,6,0,1.54,3.9,15,22,2026-05-17,0
CUST_00056,SKU_00196,2026-05-27,3,0,1.63,1.8,18,18,2026-04-13,0
CUST_00023,SKU_00207,2026-05-27,16,0,94.06,0.2,1269,1311,2026-05-26,1
CUST_00153,SKU_00024,2026-05-27,15,1,0.21,260.9,2,0,2026-05-07,0
CUST_00033,SKU_00295,2026-05-27,10,0,1.75,5.7,22,19,2026-03-29,0
CUST_00133,SKU_00237,2026-05-27,10,0,1.69,5.9,20,7,2026-05-22,0
CUST_00142,SKU_00245,2026-05-27,20,0,0.75,26.8,10,6,2026-04-16,0
CUST_00132,SKU_00259,2026-05-27,52,0,0.8,65.3,5,4,2026-04-18,0
CUST_00054,SKU_00147,2026-05-27,6,0,1.41,4.3,14,9,2026-05-09,0
CUST_00149,SKU_00219,2026-05-27,6,0,0.74,8.1,5,7,2026-04-29,0
CUST_00064,SKU_00200,2026-05-27,15,0,0.95,15.8,9,7,2026-03-30,0
CUST_00157,SKU_00009,2026-05-27,2,0,0.69,2.9,8,4,2026-04-26,0
CUST_00100,SKU_00034,2026-05-27,4,0,1.49,2.7,14,7,2026-04-07,0
CUST_00106,SKU_00194,2026-05-27,21,0,1.6,13.1,17,21,2026-04-29,0
CUST_00035,SKU_00279,2026-05-27,6,0,1.32,4.5,16,9,2026-05-13,0
CUST_00052,SKU_00260,2026-05-27,2,0,0.59,3.4,6,6,2026-04-18,0
CUST_00113,SKU_00163,2026-05-27,16,0,1.64,9.8,20,7,2026-05-18,0
CUST_00166,SKU_00212,2026-05-27,2,0,0.4,68.1,4,4,2026-05-10,0
CUST_00125,SKU_00252,2026-05-27,35,0,1.87,18.8,20,10,2026-05-25,0
CUST_00110,SKU_00198,2026-05-27,1,0,1.77,0.6,20,9,2026-04-20,0
CUST_00027,SKU_00089,2026-05-27,9,0,35.39,0.3,372,212,2026-05-09,0
CUST_00053,SKU_00100,2026-05-27,5,0,41.72,0.1,414,322,2026-03-31,0
CUST_00053,SKU_00003,2026-05-27,11,0,1.8,6.1,24,12,2026-04-29,0
CUST_00118,SKU_00239,2026-05-27,39,0,0.25,187.1,2,1,2026-05-20,0
CUST_00075,SKU_00098,2026-05-27,3,0,0.77,3.9,8,6,2026-05-07,0
CUST_00065,SKU_00042,2026-05-27,14,0,1.93,7.2,23,13,2026-04-25,0
CUST_00122,SKU_00079,2026-05-27,13,0,1.95,6.7,18,27,2026-04-20,0
CUST_00107,SKU_00104,2026-05-27,7,0,1.22,5.7,12,15,2026-03-30,0
CUST_00170,SKU_00215,2026-05-27,1,0,1.01,1.0,13,13,2026-05-11,0
CUST_00064,SKU_00101,2026-05-27,6,0,1.58,3.8,14,7,2026-05-19,0
CUST_00034,SKU_00255,2026-05-27,6,0,0.63,9.5,6,4,2026-04-21,0
CUST_00084,SKU_00115,2026-05-27,23,0,0.61,37.5,7,4,2026-05-26,0
CUST_00113,SKU_00040,2026-05-27,3,0,1.81,1.7,23,16,2026-05-20,0
CUST_00088,SKU_00294,2026-05-27,21,0,0.4,67.4,4,3,2026-04-21,0
CUST_00136,SKU_00157,2026-05-27,8,0,0.32,66.5,2,3,2026-04-10,0
CUST_00053,SKU_00111,2026-05-27,34,0,0.89,38.2,6,10,2026-05-22,2
CUST_00081,SKU_00100,2026-05-27,57,0,1.15,49.7,15,16,2026-05-07,0
CUST_00062,SKU_00099,2026-05-27,50,6,0.4,187.7,3,4,2026-05-16,0
CUST_00054,SKU_00229,2026-05-27,11,0,0.0,288.2,0,0,2026-04-01,0
CUST_00050,SKU_00179,2026-05-27,7,0,0.66,10.6,8,3,2026-04-21,0
CUST_00156,SKU_00088,2026-05-27,67,0,0.66,100.9,5,5,2026-04-27,0
CUST_00150,SKU_00286,2026-05-27,0,0,1.58,0.0,20,7,2026-04-04,0
CUST_00181,SKU_00126,2026-05-27,21,2,1.57,12.1,11,14,2026-05-01,0
CUST_00130,SKU_00122,2026-05-27,1,0,1.36,0.7,11,12,2026-05-03,0
CUST_00008,SKU_00051,2026-05-27,10,1,0.32,210.6,2,3,2026-03-30,0
CUST_00070,SKU_00063,2026-05-27,30,0,0.64,46.8,6,7,2026-04-22,0
CUST_00020,SKU_00154,2026-05-27,6,0,1.8,3.3,18,7,2026-05-02,0
CUST_00166,SKU_00151,2026-05-27,8,0,44.61,0.2,524,535,2026-04-18,0
CUST_00080,SKU_00236,2026-05-27,11,0,1.11,9.9,10,13,2026-05-17,0
CUST_00147,SKU_00014,2026-05-27,8,1,0.18,184.2,2,0,2026-04-01,0
CUST_00179,SKU_00174,2026-05-27,0,0,1.43,0.0,18,15,2026-04-14,0
CUST_00172,SKU_00176,2026-05-27,13,0,1.9,6.9,25,15,2026-04-12,0
CUST_00054,SKU_00211,2026-05-27,22,0,1.23,17.9,12,10,2026-05-17,0
CUST_00029,SKU_00117,2026-05-27,9,1,1.97,4.1,19,6,2026-05-09,0
CUST_00055,SKU_00208,2026-05-27,7,0,1.97,3.6,17,13,2026-04-28,0
CUST_00195,SKU_00239,2026-05-27,9,0,1008.89,0.0,10197,7583,2026-05-24,0
CUST_00092,SKU_00084,2026-05-27,2,0,0.09,40.9,1,0,2026-05-18,0
CUST_00176,SKU_00251,2026-05-27,44,0,0.24,160.0,2,1,2026-05-19,0
CUST_00099,SKU_00230,2026-05-27,15,0,0.59,25.6,7,1,2026-04-24,0
CUST_00064,SKU_00233,2026-05-27,61,0,24.0,2.5,194,119,2026-05-21,0
CUST_00092,SKU_00190,2026-05-27,3,0,1.59,1.9,16,4,2026-03-31,0
CUST_00008,SKU_00171,2026-05-27,6,0,0.95,6.3,9,6,2026-04-27,0
CUST_00030,SKU_00292,2026-05-27,4,0,0.6,6.6,7,4,2026-04-08,0
CUST_00153,SKU_00024,2026-05-27,5,0,0.42,165.3,5,4,2026-04-27,0
CUST_00075,SKU_00173,2026-05-27,5,0,1.84,2.7,22,21,2026-05-17,0
CUST_00141,SKU_00247,2026-05-27,26,0,0.56,46.8,5,4,2026-04-17,0
CUST_00094,SKU_00042,2026-05-27,1,0,0.2,203.9,1,1,2026-04-21,0
CUST_00118,SKU_00141,2026-05-27,1,0,0.57,1.8,5,6,2026-05-02,0
CUST_00155,SKU_00134,2026-05-27,2,0,0.53,3.7,6,3,2026-05-17,0
CUST_00087,SKU_00162,2026-05-27,9,0,1.78,5.1,19,24,2026-04-21,0
CUST_00084,SKU_00118,2026-05-27,13,0,0.44,285.7,5,6,2026-04-25,0
CUST_00127,SKU_00150,2026-05-27,48,0,1.09,44.0,13,13,2026-04-21,0
CUST_00120,SKU_00048,2026-05-27,1,0,1.96,0.5,27,7,2026-04-14,0
CUST_00194,SKU_00114,2026-05-27,1,0,1.45,0.7,11,7,2026-04-02,0
CUST_00056,SKU_00023,2026-05-27,22,0,1.98,11.1,17,25,2026-04-22,0
CUST_00109,SKU_00279,2026-05-27,16,0,0.12,129.6,1,0,2026-04-29,0
CUST_00019,SKU_00177,2026-05-27,2,0,1.97,1.0,27,12,2026-04-01,0
CUST_00012,SKU_00292,2026-05-27,7,0,0.08,110.0,0,0,2026-05-11,0
CUST_00191,SKU_00290,2026-05-27,11,0,1.34,8.2,9,16,2026-04-28,0
CUST_00010,SKU_00035,2026-05-27,181,25,0.0,73.0,0,0,2026-04-21,0
CUST_00195,SKU_00240,2026-05-27,22,2,0.83,24.1,11,5,2026-05-11,0
CUST_00187,SKU_00285,2026-05-27,5,0,0.36,137.4,3,3,2026-04-18,0
CUST_00060,SKU_00131,2026-05-27,65,0,0.43,103.7,5,3,2026-04-27,0
CUST_00053,SKU_00021,2026-05-27,4,0,1.91,2.1,13,10,2026-03-31,0
CUST_00034,SKU_00063,2026-05-27,17,0,1.98,8.6,18,16,2026-04-06,0
CUST_00127,SKU_00091,2026-05-27,6,0,8.83,0.7,63,111,2026-05-22,0
CUST_00162,SKU_00130,2026-05-27,13,0,1.14,11.4,15,9,2026-03-30,0
CUST_00195,SKU_00165,2026-05-27,21,0,0.29,103.6,3,1,2026-04-21,0
CUST_00052,SKU_00013,2026-05-27,5,0,0.15,233.6,1,1,2026-05-13,0
CUST_00111,SKU_00136,2026-05-27,2,0,1.15,1.7,11,12,2026-05-13,0
CUST_00036,SKU_00142,2026-05-27,19,3,0.33,272.4,2,3,2026-04-03,0
CUST_00010,SKU_00075,2026-05-27,36,0,0.72,50.2,7,6,2026-05-01,0
CUST_00131,SKU_00107,2026-05-27,7,1,0.84,7.1,9,6,2026-05-08,0
CUST_00146,SKU_00091,2026-05-27,7,0,1.94,3.6,23,10,2026-03-29,0
CUST_00074,SKU_00225,2026-05-27,7,0,0.02,280.6,0,0,2026-05-18,0
CUST_00029,SKU_00206,2026-05-27,2,0,54.39,0.0,402,213,2026-05-16,0
CUST_00052,SKU_00168,2026-05-27,0,0,1.32,0.0,9,7,2026-05-20,0
CUST_00019,SKU_00156,2026-05-27,7,0,1.3,5.4,17,16,2026-05-19,0
CUST_00107,SKU_00170,2026-05-27,7,0,0.89,7.9,12,7,2026-05-06,0
CUST_00187,SKU_00173,2026-05-27,20,0,1.75,11.4,12,25,2026-04-08,0
CUST_00088,SKU_00158,2026-05-27,23,0,0.38,160.7,4,4,2026-05-19,0
CUST_00084,SKU_00148,2026-05-27,26,0,1.12,23.3,10,4,2026-05-23,0
CUST_00096,SKU_00216,2026-05-27,9,1,1.75,4.6,24,8,2026-04-08,0
CUST_00198,SKU_00089,2026-05-27,4,0,0.45,37.0,4,6,2026-05-06,0
CUST_00194,SKU_00166,2026-05-27,83,0,0.88,94.2,11,4,2026-04-08,0
CUST_00065,SKU_00276,2026-05-27,2,0,0.96,2.1,12,6,2026-04-19,0
CUST_00120,SKU_00113,2026-05-27,9,0,0.79,11.4,10,3,2026-04-03,0
CUST_00020,SKU_00041,2026-05-27,12,0,85.17,0.1,1128,469,2026-04-04,0
CUST_00168,SKU_00009,2026-05-27,11,0,0.61,18.0,7,3,2026-05-24,0
CUST_00044,SKU_00074,2026-05-27,41,0,1.91,21.4,17,7,2026-05-11,0
CUST_00122,SKU_00274,2026-05-27,11,0,1.19,9.3,13,15,2026-04-11,0
CUST_00157,SKU_00013,2026-05-27,1,0,0.22,169.8,1,3,2026-05-23,0
CUST_00051,SKU_00127,2026-05-27,6,0,0.7,8.5,9,6,2026-04-18,0
CUST_00042,SKU_00207,2026-05-27,5,0,1.83,2.7,21,24,2026-04-27,0
CUST_00164,SKU_00186,2026-05-27,27,0,0.97,27.8,9,7,2026-04-15,0
CUST_00162,SKU_00164,2026-05-27,14,1,1.8,7.2,19,13,2026-05-05,0
CUST_00046,SKU_00110,2026-05-27,64,0,1.12,57.0,9,7,2026-04-13,0
CUST_00109,SKU_00240,2026-05-27,17,0,0.58,29.4,5,6,2026-05-07,0
CUST_00086,SKU_00195,2026-05-27,13,0,0.82,15.8,7,2,2026-05-02,0
CUST_00162,SKU_00177,2026-05-27,20,0,1.11,18.0,11,10,2026-05-14,0
CUST_00137,SKU_00227,2026-05-27,62,0,0.72,86.3,5,7,2026-04-04,0
CUST_00130,SKU_00084,2026-05-27,1,0,1.25,0.8,17,7,2026-04-03,0
CUST_00029,SKU_00247,2026-05-27,25,0,1.83,13.7,24,5,2026-05-05,1
CUST_00050,SKU_00169,2026-05-27,7,0,1.91,3.7,20,24,2026-05-03,0
CUST_00020,SKU_00083,2026-05-27,52,0,1.49,34.8,15,18,2026-05-01,0
CUST_00063,SKU_00192,2026-05-27,17,0,0.57,29.8,4,5,2026-05-09,0
CUST_00061,SKU_00016,2026-05-27,11,0,0.75,14.7,8,7,2026-04-29,0
CUST_00090,SKU_00164,2026-05-27,15,0,1.1,13.6,14,8,2026-05-10,0
CUST_00025,SKU_00136,2026-05-27,16,0,0.14,94.9,1,1,2026-03-29,0
CUST_00078,SKU_00300,2026-05-27,37,0,0.36,209.9,3,2,2026-05-23,0
CUST_00188,SKU_00097,2026-05-27,32,0,0.09,288.9,0,0,2026-04-26,1
CUST_00197,SKU_00237,2026-05-27,3,0,0.85,3.5,11,12,2026-05-08,0
CUST_00145,SKU_00119,2026-05-27,0,0,1.04,0.0,9,10,2026-04-30,0
CUST_00140,SKU_00207,2026-05-27,49,0,1.86,26.3,13,27,2026-04-28,0
CUST_00116,SKU_00018,2026-05-27,9,0,1.07,8.4,13,9,2026-05-25,0
CUST_00015,SKU_00140,2026-05-27,12,0,1.05,11.5,8,7,2026-04-12,0
CUST_00110,SKU_00152,2026-05-27,1,0,1.56,0.6,19,7,2026-05-12,0
CUST_00114,SKU_00059,2026-05-27,36,0,1.52,23.7,19,6,2026-04-10,0
CUST_00013,SKU_00005,2026-05-27,12,0,0.4,84.4,4,3,2026-04-25,0
CUST_00042,SKU_00076,2026-05-27,39,0,0.87,44.6,7,6,2026-03-29,0
CUST_00128,SKU_00284,2026-05-27,3,0,0.0,291.0,0,0,2026-04-08,0
CUST_00187,SKU_00174,2026-05-27,4,0,0.53,7.6,6,6,2026-04-12,0
CUST_00197,SKU_00250,2026-05-27,6,0,1.07,5.6,12,15,2026-05-25,0
CUST_00179,SKU_00105,2026-05-27,0,0,1.23,0.0,10,9,2026-04-16,0
CUST_00149,SKU_00237,2026-05-27,29,0,1.73,16.7,17,7,2026-05-08,0
CUST_00096,SKU_00198,2026-05-27,21,0,0.67,31.1,7,2,2026-05-23,0
CUST_00052,SKU_00231,2026-05-27,30,0,0.7,42.6,9,6,2026-05-25,0
CUST_00042,SKU_00039,2026-05-27,17,0,1.38,12.4,14,18,2026-04-19,0
CUST_00163,SKU_00124,2026-05-27,6,0,0.71,8.5,6,2,2026-05-13,0
CUST_00011,SKU_00002,2026-05-27,10,0,0.18,268.8,2,1,2026-04-03,0
CUST_00079,SKU_00128,2026-05-27,3,0,0.94,3.2,7,8,2026-05-18,0
CUST_00099,SKU_00264,2026-05-27,0,0,0.04,198.4,0,0,2026-05-11,0
CUST_00174,SKU_00209,2026-05-27,2,0,0.89,2.2,6,12,2026-05-14,0
CUST_00185,SKU_00190,2026-05-27,29,0,0.57,50.8,7,4,2026-04-30,0
CUST_00196,SKU_00290,2026-05-27,11,0,0.97,11.3,13,9,2026-05-11,0
CUST_00032,SKU_00243,2026-05-27,11,0,0.58,18.9,6,4,2026-05-13,0
CUST_00089,SKU_00082,2026-05-27,4,0,1.93,2.1,20,9,2026-04-16,0
CUST_00181,SKU_00154,2026-05-27,72,0,0.61,117.3,7,3,2026-05-25,0
CUST_00048,SKU_00160,2026-05-27,12,0,0.23,64.4,1,1,2026-04-17,0
CUST_00026,SKU_00010,2026-05-27,6,0,0.13,128.0,1,0,2026-05-20,0
CUST_00097,SKU_00284,2026-05-27,3,0,1.59,1.9,19,21,2026-05-10,0
CUST_00117,SKU_00127,2026-05-27,19,0,1.46,13.0,12,12,2026-05-23,1
CUST_00009,SKU_00019,2026-05-27,24,0,0.94,25.5,13,4,2026-05-14,0
CUST_00001,SKU_00240,2026-05-27,21,0,1.3,16.2,15,9,2026-05-25,0
CUST_00186,SKU_00121,2026-05-27,39,0,122.67,0.3,1140,922,2026-04-17,0
CUST_00096,SKU_00118,2026-05-27,8,0,0.94,8.5,9,4,2026-05-20,0
CUST_00143,SKU_00179,2026-05-27,29,1,0.19,133.7,1,1,2026-05-22,0
CUST_00188,SKU_00283,2026-05-27,43,0,0.52,81.9,4,6,2026-05-19,0
CUST_00072,SKU_00198,2026-05-27,4,0,1.53,2.6,17,19,2026-05-23,0
CUST_00132,SKU_00291,2026-05-27,11,2,1.11,8.1,13,13,2026-04-14,0
CUST_00051,SKU_00013,2026-05-27,9,0,0.29,86.1,2,2,2026-04-19,0
CUST_00162,SKU_00177,2026-05-27,6,0,1.33,4.5,15,10,2026-05-11,0
CUST_00062,SKU_00133,2026-05-27,39,0,1.11,35.3,10,15,2026-05-17,0
CUST_00028,SKU_00072,2026-05-27,18,0,1.89,9.5,17,24,2026-05-03,0
CUST_00066,SKU_00172,2026-05-27,2,0,0.3,68.0,3,1,2026-04-29,0
CUST_00025,SKU_00183,2026-05-27,7,0,1.86,3.8,26,16,2026-05-02,0
CUST_00124,SKU_00165,2026-05-27,12,1,1.53,7.2,15,13,2026-05-18,0
CUST_00150,SKU_00096,2026-05-27,7,0,0.83,8.4,9,10,2026-03-29,0
CUST_00052,SKU_00034,2026-05-27,4,0,0.42,138.3,5,4,2026-04-03,0
CUST_00109,SKU_00013,2026-05-27,2,0,0.93,2.2,7,10,2026-04-19,0
CUST_00128,SKU_00259,2026-05-27,8,1,0.84,8.3,10,7,2026-05-24,0
CUST_00095,SKU_00245,2026-05-27,5,0,1.05,4.8,12,9,2026-05-02,0
CUST_00100,SKU_00275,2026-05-27,5,0,1.02,4.9,11,7,2026-04-06,0
CUST_00013,SKU_00075,2026-05-27,13,0,1.52,8.5,14,21,2026-04-20,0
CUST_00019,SKU_00138,2026-05-27,11,0,1.07,10.3,12,9,2026-04-10,0
CUST_00056,SKU_00161,2026-05-27,20,0,0.95,21.1,12,6,2026-04-03,0
CUST_00169,SKU_00146,2026-05-27,35,0,0.14,221.3,1,1,2026-04-05,0
CUST_00125,SKU_00243,2026-05-27,21,0,0.05,85.8,0,0,2026-05-03,0
CUST_00136,SKU_00019,2026-05-27,7,0,0.51,13.9,4,4,2026-04-18,0
CUST_00068,SKU_00105,2026-05-27,4,0,1.18,3.4,13,5,2026-05-10,0
CUST_00113,SKU_00088,2026-05-27,7,0,1.67,4.2,18,16,2026-05-25,0
CUST_00155,SKU_00182,2026-05-27,4,0,0.49,35.1,5,2,2026-04-09,0
CUST_00180,SKU_00276,2026-05-27,2,0,0.1,81.2,0,0,2026-04-26,0
CUST_00045,SKU_00038,2026-05-27,17,1,0.49,210.6,4,4,2026-04-28,0
CUST_00102,SKU_00086,2026-05-27,25,0,0.59,42.6,6,1,2026-04-07,0
CUST_00199,SKU_00169,2026-05-27,39,0,0.31,105.8,3,1,2026-04-12,0
CUST_00173,SKU_00154,2026-05-27,0,0,1.82,0.0,20,10,2026-05-21,0
CUST_00004,SKU_00067,2026-05-27,17,0,0.05,62.5,0,0,2026-04-23,0
CUST_00134,SKU_00220,2026-05-27,34,0,1.23,27.7,16,6,2026-05-04,0
CUST_00086,SKU_00047,2026-05-27,2,0,0.85,2.4,11,7,2026-04-08,0
CUST_00112,SKU_00137,2026-05-27,26,0,0.47,214.1,6,6,2026-04-01,0
CUST_00143,SKU_00296,2026-05-27,26,0,0.08,31.4,1,0,2026-04-04,0
CUST_00194,SKU_00015,2026-05-27,8,0,0.84,9.5,11,10,2026-04-19,0
CUST_00180,SKU_00132,2026-05-27,14,0,40.5,0.3,494,342,2026-04-29,0
CUST_00192,SKU_00239,2026-05-27,21,0,1.63,12.9,14,7,2026-05-24,0
CUST_00008,SKU_00012,2026-05-27,2,0,1.13,1.8,15,12,2026-05-21,0
CUST_00037,SKU_00112,2026-05-27,5,0,1.39,3.6,13,4,2026-05-15,0
CUST_00008,SKU_00077,2026-05-27,14,0,1.06,13.2,7,13,2026-05-04,0
CUST_00178,SKU_00080,2026-05-27,25,0,0.83,30.2,9,7,2026-05-05,0
CUST_00020,SKU_00217,2026-05-27,4,0,0.44,83.2,4,1,2026-04-16,0
CUST_00064,SKU_00161,2026-05-27,2,0,17.78,0.1,183,131,2026-04-02,0
CUST_00048,SKU_00113,2026-05-27,2,0,1.44,1.4,19,9,2026-05-07,0
CUST_00146,SKU_00203,2026-05-27,7,0,0.13,45.3,1,0,2026-04-03,0
CUST_00084,SKU_00202,2026-05-27,20,0,1.58,12.6,11,16,2026-04-28,0
CUST_00160,SKU_00206,2026-05-27,6,0,1.89,3.2,21,10,2026-05-07,0
CUST_00136,SKU_00264,2026-05-27,2,0,1.68,1.2,15,7,2026-05-13,0
CUST_00067,SKU_00091,2026-05-27,3,0,0.2,56.4,2,1,2026-04-24,0
CUST_00018,SKU_00265,2026-05-27,3,0,0.72,4.2,6,3,2026-04-07,0
CUST_00141,SKU_00241,2026-05-27,17,0,0.64,26.4,5,3,2026-05-03,0
CUST_00184,SKU_00254,2026-05-27,3,0,0.12,179.4,1,0,2026-04-09,0
CUST_00096,SKU_00278,2026-05-27,12,0,1.83,6.6,24,14,2026-04-15,0
CUST_00078,SKU_00205,2026-05-27,3,0,0.43,133.1,5,4,2026-04-13,0
CUST_00191,SKU_00153,2026-05-27,15,2,1.62,8.0,13,21,2026-05-21,0
CUST_00022,SKU_00019,2026-05-27,5,0,0.03,179.2,0,0,2026-05-10,0
CUST_00188,SKU_00121,2026-05-27,10,0,1.12,9.0,13,4,2026-04-16,0
CUST_00024,SKU_00157,2026-05-27,1,0,0.54,1.9,4,6,2026-04-25,0
CUST_00147,SKU_00040,2026-05-27,13,0,28.39,0.5,263,381,2026-04-23,0
CUST_00031,SKU_00105,2026-05-27,6,0,0.81,7.4,6,4,2026-04-03,0
CUST_00037,SKU_00077,2026-05-27,67,0,0.68,97.9,7,3,2026-05-13,0
CUST_00012,SKU_00273,2026-05-27,44,0,1.26,35.1,14,12,2026-04-06,0
CUST_00151,SKU_00124,2026-05-27,14,0,0.0,216.1,0,0,2026-05-06,0
CUST_00042,SKU_00040,2026-05-27,1,0,1.99,0.5,23,9,2026-05-16,0
CUST_00047,SKU_00074,2026-05-27,21,0,1.24,17.0,13,13,2026-05-15,0
CUST_00116,SKU_00184,2026-05-27,3,0,1.44,2.1,17,16,2026-05-11,0
CUST_00070,SKU_00143,2026-05-27,9,0,1.17,7.7,8,10,2026-04-21,0
CUST_00131,SKU_00141,2026-05-27,12,1,1.43,7.7,15,18,2026-04-26,0
CUST_00121,SKU_00106,2026-05-27,13,1,0.67,17.8,5,3,2026-04-16,0
CUST_00023,SKU_00188,2026-05-27,10,0,1.39,7.2,15,10,2026-05-04,0
CUST_00020,SKU_00163,2026-05-27,12,0,0.65,18.6,6,4,2026-04-25,0
CUST_00060,SKU_00168,2026-05-27,0,0,1.42,0.0,14,15,2026-05-11,0
CUST_00168,SKU_00111,2026-05-27,6,0,0.26,169.2,3,1,2026-05-12,0
CUST_00005,SKU_00151,2026-05-27,23,0,0.46,199.0,5,3,2026-04-20,0
CUST_00080,SKU_00253,2026-05-27,1,0,0.93,1.1,7,12,2026-04-17,0
CUST_00133,SKU_00081,2026-05-27,19,0,1.64,11.6,15,11,2026-04-23,0
CUST_00200,SKU_00255,2026-05-27,18,0,0.04,163.5,0,0,2026-05-19,1
CUST_00087,SKU_00166,2026-05-27,16,0,0.97,16.4,12,7,2026-04-04,0
CUST_00185,SKU_00245,2026-05-27,18,0,1.55,11.6,20,12,2026-05-02,0
CUST_00156,SKU_00212,2026-05-27,2,0,0.07,94.4,0,0,2026-05-06,0
CUST_00158,SKU_00248,2026-05-27,10,0,0.8,12.5,10,9,2026-05-01,0
CUST_00063,SKU_00167,2026-05-27,13,0,1.92,6.8,18,6,2026-04-18,0
CUST_00170,SKU_00236,2026-05-27,2,0,1.1,1.8,7,7,2026-05-24,0
CUST_00033,SKU_00296,2026-05-27,9,0,1.37,6.6,17,12,2026-04-15,0
CUST_00042,SKU_00248,2026-05-27,18,0,1.77,10.2,14,22,2026-04-08,1
CUST_00008,SKU_00004,2026-05-27,21,0,0.41,275.0,4,3,2026-04-23,0
CUST_00146,SKU_00025,2026-05-27,26,0,1.59,16.4,11,5,2026-04-10,0
CUST_00190,SKU_00247,2026-05-27,31,0,438.06,0.1,3404,2218,2026-05-11,0
CUST_00029,SKU_00034,2026-05-27,8,0,1.28,6.2,12,10,2026-04-24,0
CUST_00109,SKU_00037,2026-05-27,3,0,1.77,1.7,14,21,2026-04-18,0
CUST_00104,SKU_00032,2026-05-27,1,0,1.23,0.8,12,13,2026-05-13,0
CUST_00185,SKU_00254,2026-05-27,54,0,0.46,245.7,5,3,2026-04-03,0
CUST_00033,SKU_00152,2026-05-27,9,0,0.48,286.4,4,6,2026-05-22,0
CUST_00017,SKU_00109,2026-05-27,1,0,1.43,0.7,18,7,2026-05-25,0
CUST_00027,SKU_00017,2026-05-27,15,0,1.1,13.6,9,7,2026-04-02,0
CUST_00128,SKU_00056,2026-05-27,5,0,0.57,8.7,6,1,2026-03-30,0
CUST_00181,SKU_00142,2026-05-27,3,0,0.87,3.5,10,5,2026-04-21,0
CUST_00173,SKU_00087,2026-05-27,38,0,1.51,25.2,17,13,2026-04-01,0
CUST_00160,SKU_00249,2026-05-27,8,0,1.74,4.6,23,22,2026-04-03,0
CUST_00127,SKU_00210,2026-05-27,8,1,1.02,6.9,13,4,2026-05-12,0
CUST_00104,SKU_00032,2026-05-27,1,0,1.75,0.6,16,9,2026-03-31,0
CUST_00091,SKU_00215,2026-05-27,5,0,0.63,7.9,5,5,2026-04-10,0
CUST_00019,SKU_00137,2026-05-27,9,0,0.42,295.4,4,3,2026-04-14,0
CUST_00086,SKU_00278,2026-05-27,6,0,0.22,93.6,1,1,2026-04-09,0
CUST_00131,SKU_00223,2026-05-27,8,0,0.27,169.9,2,1,2026-04-05,0
CUST_00025,SKU_00077,2026-05-27,23,0,0.6,38.1,5,5,2026-05-09,0
CUST_00153,SKU_00220,2026-05-27,1,0,86.17,0.0,1048,651,2026-05-04,0
CUST_00003,SKU_00097,2026-05-27,28,0,0.16,223.1,1,0,2026-04-12,1
CUST_00090,SKU_00075,2026-05-27,36,0,0.33,154.0,2,2,2026-04-13,0
CUST_00035,SKU_00054,2026-05-27,65,10,101.28,0.5,1331,833,2026-04-13,0
CUST_00043,SKU_00296,2026-05-27,7,0,0.01,199.7,0,0,2026-04-30,0
CUST_00081,SKU_00036,2026-05-27,3,0,1.47,2.0,18,18,2026-03-30,0
CUST_00029,SKU_00002,2026-05-27,5,0,0.52,9.6,5,3,2026-04-18,0
CUST_00004,SKU_00266,2026-05-27,51,7,1.64,26.8,19,15,2026-05-10,0
CUST_00148,SKU_00268,2026-05-27,10,0,0.52,19.3,6,4,2026-05-26,0
CUST_00028,SKU_00079,2026-05-27,9,0,0.68,13.2,6,4,2026-05-24,0
CUST_00138,SKU_00181,2026-05-27,1,0,1.12,0.9,9,9,2026-05-07,0
CUST_00182,SKU_00248,2026-05-27,11,0,0.64,17.2,8,5,2026-05-11,0
CUST_00147,SKU_00029,2026-05-27,12,0,1.86,6.4,25,22,2026-05-09,0
CUST_00020,SKU_00218,2026-05-27,6,0,0.12,228.8,0,0,2026-04-20,0
CUST_00100,SKU_00249,2026-05-27,45,0,1.77,25.4,12,9,2026-04-28,0
CUST_00111,SKU_00052,2026-05-27,1,0,1.72,0.6,12,16,2026-04-01,0
CUST_00060,SKU_00200,2026-05-27,6,0,1.64,3.7,19,19,2026-04-02,0
CUST_00095,SKU_00279,2026-05-27,41,0,0.68,60.4,8,2,2026-05-11,3
CUST_00199,SKU_00195,2026-05-27,18,1,0.54,31.3,5,6,2026-04-08,0
CUST_00060,SKU_00063,2026-05-27,23,0,1.77,13.0,14,18,2026-05-18,0
CUST_00027,SKU_00155,2026-05-27,113,7,0.44,224.3,5,4,2026-04-11,0
CUST_00089,SKU_00163,2026-05-27,0,0,48.56,0.0,566,702,2026-05-25,0
CUST_00141,SKU_00089,2026-05-27,9,0,0.4,267.1,4,3,2026-04-26,0
CUST_00198,SKU_00013,2026-05-27,5,0,0.4,138.9,3,3,2026-05-10,0
CUST_00020,SKU_00113,2026-05-27,6,0,0.06,92.5,0,0,2026-05-07,0
CUST_00046,SKU_00053,2026-05-27,60,2,1.94,30.0,21,16,2026-05-03,0
CUST_00099,SKU_00051,2026-05-27,38,0,0.09,228.9,1,0,2026-04-24,0
CUST_00123,SKU_00108,2026-05-27,0,0,1.95,0.0,14,18,2026-04-25,0
CUST_00126,SKU_00226,2026-05-27,3,0,1.95,1.5,22,13,2026-05-04,0
CUST_00017,SKU_00136,2026-05-27,3,0,1.1,2.7,12,10,2026-04-18,0
CUST_00182,SKU_00172,2026-05-27,7,0,1.02,6.9,7,4,2026-05-26,0
CUST_00040,SKU_00078,2026-05-27,77,0,0.21,260.8,2,1,2026-04-21,0
CUST_00150,SKU_00253,2026-05-27,6,0,82.67,0.1,944,997,2026-05-03,0
CUST_00021,SKU_00118,2026-05-27,2,0,0.28,237.7,3,1,2026-04-21,0
CUST_00002,SKU_00012,2026-05-27,3,0,1.63,1.8,19,19,2026-04-23,0
CUST_00168,SKU_00076,2026-05-27,169,0,1.18,143.6,13,8,2026-05-14,0
CUST_00035,SKU_00053,2026-05-27,5,0,95.94,0.1,691,755,2026-04-29,0
CUST_00113,SKU_00203,2026-05-27,6,0,1.93,3.1,14,11,2026-04-06,0
CUST_00195,SKU_00070,2026-05-27,10,0,1.92,5.2,24,11,2026-04-27,0
CUST_00132,SKU_00282,2026-05-27,7,0,0.1,160.3,1,0,2026-04-14,0
CUST_00170,SKU_00104,2026-05-27,2,0,1.83,1.1,21,9,2026-04-07,0
CUST_00064,SKU_00043,2026-05-27,10,0,0.32,262.1,4,1,2026-04-26,0
CUST_00154,SKU_00117,2026-05-27,1,0,690.83,0.0,9639,6025,2026-04-22,0
CUST_00165,SKU_00272,2026-05-27,13,0,0.48,280.7,4,1,2026-05-04,0
CUST_00106,SKU_00087,2026-05-27,10,0,0.66,15.3,8,4,2026-04-27,0
CUST_00093,SKU_00276,2026-05-27,3,0,1.41,2.1,12,16,2026-05-12,0
CUST_00060,SKU_00143,2026-05-27,3,0,0.34,110.9,3,1,2026-04-29,0
CUST_00181,SKU_00129,2026-05-27,18,0,1.1,16.4,13,5,2026-04-03,0
CUST_00110,SKU_00098,2026-05-27,44,0,1.0,43.8,11,9,2026-04-06,2
CUST_00113,SKU_00059,2026-05-27,16,0,1.96,8.1,14,17,2026-04-02,0
CUST_00079,SKU_00211,2026-05-27,22,2,812.94,0.0,11241,3771,2026-04-08,0
CUST_00093,SKU_00299,2026-05-27,17,0,0.27,116.0,2,0,2026-05-04,0
CUST_00008,SKU_00205,2026-05-27,15,0,0.11,134.9,0,0,2026-04-01,0
CUST_00172,SKU_00277,2026-05-27,26,2,0.38,141.3,4,4,2026-05-22,0
CUST_00134,SKU_00069,2026-05-27,28,0,0.74,38.0,8,9,2026-04-04,0
CUST_00108,SKU_00075,2026-05-27,10,0,0.02,85.2,0,0,2026-04-23,0
CUST_00064,SKU_00218,2026-05-27,35,0,0.22,289.3,2,1,2026-05-14,0
CUST_00198,SKU_00239,2026-05-27,68,9,1.85,31.9,25,22,2026-03-29,1
CUST_00007,SKU_00254,2026-05-27,10,0,1.04,9.6,10,4,2026-05-03,0
CUST_00193,SKU_00150,2026-05-27,6,0,0.81,7.4,9,4,2026-04-30,0
CUST_00078,SKU_00083,2026-05-27,29,0,1.64,17.7,14,9,2026-03-29,0
CUST_00021,SKU_00179,2026-05-27,3,0,0.95,3.2,11,4,2026-05-26,0
CUST_00129,SKU_00277,2026-05-27,43,2,1.92,21.4,13,27,2026-04-23,0
CUST_00197,SKU_00046,2026-05-27,7,0,0.42,34.5,4,1,2026-05-08,0
CUST_00109,SKU_00282,2026-05-27,39,1,1.95,19.5,18,22,2026-04-15,0
CUST_00077,SKU_00111,2026-05-27,63,0,0.02,61.8,0,0,2026-05-06,0
CUST_00170,SKU_00131,2026-05-27,4,0,1.89,2.1,24,12,2026-05-03,0
CUST_00086,SKU_00069,2026-05-27,1,0,0.58,1.7,5,3,2026-05-03,0
CUST_00052,SKU_00161,2026-05-27,2,0,0.58,3.4,5,4,2026-05-14,0
CUST_00038,SKU_00062,2026-05-27,2,0,0.71,2.8,8,2,2026-04-23,0
CUST_00024,SKU_00004,2026-05-27,6,0,1.35,4.4,18,10,2026-04-21,0
CUST_00117,SKU_00169,2026-05-27,40,0,1.26,31.8,13,18,2026-04-25,2
CUST_00185,SKU_00281,2026-05-27,6,0,1.53,3.9,12,22,2026-05-07,0
CUST_00134,SKU_00043,2026-05-27,5,0,1.31,3.8,14,15,2026-05-19,0
CUST_00083,SKU_00120,2026-05-27,3,0,1.2,2.5,15,4,2026-04-20,0
CUST_00066,SKU_00262,2026-05-27,9,0,1.52,5.9,15,13,2026-04-16,0
CUST_00164,SKU_00058,2026-05-27,0,0,0.25,209.9,3,3,2026-04-19,0
CUST_00088,SKU_00116,2026-05-27,12,0,0.17,53.6,1,0,2026-04-20,0
CUST_00091,SKU_00258,2026-05-27,7,0,0.82,8.5,10,5,2026-04-26,0
CUST_00001,SKU_00299,2026-05-27,25,0,1.97,12.7,20,28,2026-04-27,0
CUST_00068,SKU_00106,2026-05-27,5,0,1.49,3.4,20,8,2026-05-19,0
CUST_00191,SKU_00252,2026-05-27,9,0,1.63,5.5,15,21,2026-04-29,0
CUST_00166,SKU_00256,2026-05-27,18,0,0.93,19.4,7,9,2026-03-29,0
CUST_00112,SKU_00029,2026-05-27,2,0,1.49,1.3,12,9,2026-05-15,0
CUST_00126,SKU_00052,2026-05-27,3,0,1.04,2.9,9,15,2026-04-18,0
CUST_00063,SKU_00187,2026-05-27,1,0,0.67,1.5,8,5,2026-04-22,0
CUST_00028,SKU_00048,2026-05-27,24,4,1.63,12.2,22,7,2026-05-12,1
CUST_00082,SKU_00121,2026-05-27,61,0,0.55,111.8,6,2,2026-04-20,0
CUST_00106,SKU_00178,2026-05-27,1,0,1.41,0.7,10,16,2026-03-29,0
CUST_00054,SKU_00073,2026-05-27,2,0,1.8,1.1,18,17,2026-04-29,0
CUST_00160,SKU_00170,2026-05-27,136,3,1.75,76.1,23,16,2026-05-15,0
CUST_00029,SKU_00127,2026-05-27,13,0,0.11,62.6,1,0,2026-04-17,0
CUST_00050,SKU_00016,2026-05-27,19,0,1.26,15.1,14,7,2026-04-07,0
CUST_00132,SKU_00107,2026-05-27,7,0,1.27,5.5,12,16,2026-05-25,0
CUST_00018,SKU_00219,2026-05-27,3,0,1.63,1.8,14,13,2026-04-16,0
CUST_00022,SKU_00093,2026-05-27,10,0,0.71,14.1,5,5,2026-05-10,0
CUST_00181,SKU_00216,2026-05-27,5,0,1.8,2.8,14,15,2026-05-05,0
CUST_00042,SKU_00107,2026-05-27,3,0,1.43,2.1,16,7,2026-05-16,0
CUST_00130,SKU_00249,2026-05-27,36,0,1.36,26.6,14,16,2026-05-06,0
CUST_00190,SKU_00046,2026-05-27,6,0,1.56,3.9,20,19,2026-05-13,0
CUST_00138,SKU_00225,2026-05-27,1,0,0.25,239.1,2,3,2026-05-08,0
CUST_00023,SKU_00153,2026-05-27,3,0,1.91,1.6,19,19,2026-05-16,0
CUST_00158,SKU_00144,2026-05-27,75,0,1.84,40.7,15,13,2026-03-30,0
CUST_00159,SKU_00038,2026-05-27,5,0,0.7,7.1,9,3,2026-04-10,0
CUST_00063,SKU_00032,2026-05-27,3,0,1.54,2.0,18,9,2026-03-29,0
CUST_00029,SKU_00025,2026-05-27,33,0,0.04,30.2,0,0,2026-05-09,0
CUST_00146,SKU_00038,2026-05-27,19,0,0.77,24.8,6,3,2026-05-06,0
CUST_00030,SKU_00039,2026-05-27,17,1,1.03,15.5,8,5,2026-04-11,0
CUST_00086,SKU_00057,2026-05-27,2,0,0.87,2.3,10,5,2026-04-21,0
CUST_00006,SKU_00033,2026-05-27,32,0,1.37,23.4,15,10,2026-05-26,0
CUST_00129,SKU_00234,2026-05-27,11,0,1.44,7.7,14,9,2026-04-17,0
CUST_00187,SKU_00005,2026-05-27,34,0,0.92,37.0,12,10,2026-05-20,0
CUST_00007,SKU_00110,2026-05-27,15,0,0.08,47.8,0,0,2026-03-29,0
CUST_00129,SKU_00060,2026-05-27,7,1,1.91,3.1,19,24,2026-04-25,0
CUST_00024,SKU_00296,2026-05-27,16,0,0.48,288.6,4,4,2026-05-13,0
CUST_00045,SKU_00018,2026-05-27,10,0,1.64,6.1,11,5,2026-05-10,0
CUST_00029,SKU_00208,2026-05-27,4,0,54.11,0.1,539,532,2026-03-29,0
CUST_00059,SKU_00135,2026-05-27,16,0,1.16,13.8,11,6,2026-05-13,0
CUST_00094,SKU_00035,2026-05-27,20,0,1.01,19.9,13,7,2026-05-16,0
CUST_00147,SKU_00083,2026-05-27,178,30,1.93,76.6,26,9,2026-04-27,0
CUST_00170,SKU_00230,2026-05-27,7,0,1.82,3.8,20,9,2026-04-28,0
CUST_00021,SKU_00177,2026-05-27,7,0,0.34,139.7,2,2,2026-04-16,0
CUST_00063,SKU_00157,2026-05-27,3,0,1.36,2.2,15,9,2026-04-23,0
CUST_00124,SKU_00224,2026-05-27,12,0,1.92,6.2,18,6,2026-05-26,0
CUST_00181,SKU_00298,2026-05-27,10,0,1.43,7.0,13,6,2026-05-11,0
CUST_00004,SKU_00157,2026-05-27,7,0,1.73,4.1,14,11,2026-05-26,0
CUST_00093,SKU_00161,2026-05-27,19,0,18.17,1.0,173,204,2026-05-17,0
CUST_00002,SKU_00088,2026-05-27,9,0,1.48,6.1,13,10,2026-05-03,0
CUST_00042,SKU_00053,2026-05-27,3,0,0.91,3.3,7,4,2026-04-14,0
CUST_00093,SKU_00294,2026-05-27,12,0,0.65,18.5,4,4,2026-04-21,0
CUST_00118,SKU_00052,2026-05-27,11,1,0.19,292.8,1,0,2026-04-04,0
CUST_00005,SKU_00018,2026-05-27,12,0,1.7,7.0,18,8,2026-05-07,1
CUST_00199,SKU_00082,2026-05-27,2,0,0.31,149.8,3,3,2026-04-25,0
CUST_00103,SKU_00286,2026-05-27,10,0,1.43,7.0,16,6,2026-04-22,0
CUST_00104,SKU_00135,2026-05-27,2,0,0.57,3.5,7,6,2026-05-04,0
CUST_00127,SKU_00165,2026-05-27,5,0,1.03,4.8,12,10,2026-05-22,0
CUST_00178,SKU_00122,2026-05-27,51,0,1.42,36.0,13,16,2026-05-17,0
CUST_00077,SKU_00241,2026-05-27,31,0,0.66,47.3,8,7,2026-05-05,0
CUST_00126,SKU_00201,2026-05-27,3,0,0.66,4.6,5,3,2026-05-21,0
CUST_00053,SKU_00289,2026-05-27,38,0,0.92,41.2,12,3,2026-04-30,3
CUST_00013,SKU_00071,2026-05-27,14,1,1.66,7.8,16,16,2026-05-01,0
CUST_00109,SKU_00243,2026-05-27,28,2,1.07,24.2,13,4,2026-04-16,0
CUST_00091,SKU_00273,2026-05-27,44,0,0.24,294.2,2,2,2026-05-06,0
CUST_00068,SKU_00157,2026-05-27,2,0,0.87,2.3,8,7,2026-04-16,0
CUST_00189,SKU_00003,2026-05-27,10,0,1.12,8.9,15,9,2026-05-03,0
CUST_00111,SKU_00255,2026-05-27,129,15,1.34,85.0,12,13,2026-05-01,0
CUST_00152,SKU_00146,2026-05-27,69,3,1.49,44.4,15,12,2026-04-19,2
CUST_00177,SKU_00120,2026-05-27,1,0,1.88,0.5,19,9,2026-05-11,0
CUST_00167,SKU_00220,2026-05-27,21,1,0.93,21.6,10,10,2026-04-12,0
CUST_00007,SKU_00219,2026-05-27,12,0,0.5,24.0,4,4,2026-04-06,0
CUST_00019,SKU_00082,2026-05-27,1,0,2.0,0.5,21,12,2026-04-05,0
CUST_00062,SKU_00062,2026-05-27,13,0,0.03,237.4,0,0,2026-04-16,0
CUST_00149,SKU_00200,2026-05-27,7,0,1.75,4.0,20,24,2026-05-07,0
CUST_00091,SKU_00114,2026-05-27,1,0,1.75,0.6,20,6,2026-05-03,0
CUST_00148,SKU_00012,2026-05-27,1,0,0.57,1.8,6,7,2026-04-24,0
CUST_00125,SKU_00094,2026-05-27,7,0,1.52,4.6,15,12,2026-04-03,0
CUST_00081,SKU_00198,2026-05-27,2,0,0.42,199.8,3,1,2026-05-24,0
CUST_00023,SKU_00066,2026-05-27,2,0,0.81,2.5,8,4,2026-05-24,0
CUST_00067,SKU_00110,2026-05-27,27,0,0.62,43.4,8,3,2026-04-26,0
CUST_00178,SKU_00178,2026-05-27,41,0,0.83,49.2,9,9,2026-04-27,0
CUST_00163,SKU_00123,2026-05-27,42,0,1.88,22.3,17,12,2026-05-07,0
CUST_00048,SKU_00115,2026-05-27,4,0,120.89,0.0,1064,710,2026-04-02,0
CUST_00100,SKU_00286,2026-05-27,8,0,0.75,10.7,5,7,2026-04-20,0
CUST_00102,SKU_00141,2026-05-27,1,0,1.48,0.7,11,19,2026-05-04,0
CUST_00124,SKU_00296,2026-05-27,25,0,0.91,27.6,9,5,2026-05-01,0
CUST_00079,SKU_00123,2026-05-27,15,0,1.26,11.9,11,4,2026-05-09,0
CUST_00007,SKU_00075,2026-05-27,0,0,0.09,169.1,0,0,2026-05-15,0
CUST_00106,SKU_00101,2026-05-27,7,0,1.7,4.1,19,12,2026-04-08,0
CUST_00100,SKU_00035,2026-05-27,35,0,0.49,110.9,5,3,2026-05-01,0
CUST_00172,SKU_00296,2026-05-27,2,0,0.76,2.6,6,3,2026-04-06,0
CUST_00053,SKU_00121,2026-05-27,7,0,0.13,90.2,1,1,2026-04-25,0
CUST_00056,SKU_00060,2026-05-27,7,0,1.78,3.9,15,21,2026-04-06,0
CUST_00023,SKU_00264,2026-05-27,9,0,0.86,10.5,10,3,2026-05-17,0
CUST_00111,SKU_00063,2026-05-27,6,0,1.56,3.9,15,18,2026-05-05,0
CUST_00148,SKU_00053,2026-05-27,14,0,0.49,72.3,6,6,2026-05-02,0
CUST_00054,SKU_00101,2026-05-27,7,0,0.66,10.6,5,2,2026-05-04,0
CUST_00011,SKU_00086,2026-05-27,25,0,0.87,28.6,9,7,2026-03-31,2
CUST_00170,SKU_00233,2026-05-27,7,0,1.05,6.6,14,9,2026-04-08,0
CUST_00044,SKU_00087,2026-05-27,3,0,0.14,163.9,1,0,2026-05-13,0
CUST_00029,SKU_00235,2026-05-27,1,0,1.83,0.5,19,16,2026-04-21,0
CUST_00135,SKU_00130,2026-05-27,20,0,0.38,101.5,5,1,2026-05-16,0
CUST_00103,SKU_00203,2026-05-27,5,0,0.51,9.7,6,4,2026-04-25,0
CUST_00134,SKU_00043,2026-05-27,1,0,0.09,147.4,0,0,2026-04-02,0
CUST_00084,SKU_00057,2026-05-27,1,0,0.65,1.5,7,7,2026-05-11,0
CUST_00171,SKU_00285,2026-05-27,12,1,1.72,6.4,18,22,2026-04-02,0
CUST_00004,SKU_00216,2026-05-27,23,0,0.9,25.4,9,8,2026-04-18,0
CUST_00017,SKU_00099,2026-05-27,10,0,1.27,7.9,11,15,2026-05-01,0
CUST_00153,SKU_00109,2026-05-27,7,0,0.8,8.8,9,9,2026-04-26,0
CUST_00048,SKU_00120,2026-05-27,41,0,1.61,25.5,21,9,2026-05-07,0
CUST_00104,SKU_00240,2026-05-27,13,0,0.77,16.9,5,7,2026-04-04,0
CUST_00017,SKU_00199,2026-05-27,22,0,1.11,19.8,7,7,2026-05-17,0
CUST_00145,SKU_00025,2026-05-27,14,0,0.37,257.6,5,1,2026-04-02,0
CUST_00153,SKU_00144,2026-05-27,6,0,1.08,5.5,9,15,2026-04-13,0
CUST_00045,SKU_00103,2026-05-27,6,0,0.84,7.1,8,3,2026-04-27,0
CUST_00173,SKU_00138,2026-05-27,0,0,1.33,0.0,12,13,2026-05-03,0
CUST_00053,SKU_00204,2026-05-27,8,0,0.62,12.8,6,7,2026-04-13,0
CUST_00083,SKU_00169,2026-05-27,8,0,1.16,6.9,9,10,2026-04-26,0
CUST_00010,SKU_00290,2026-05-27,2,0,0.76,2.6,8,3,2026-05-19,0
CUST_00048,SKU_00028,2026-05-27,16,0,0.95,16.9,7,7,2026-05-20,0
CUST_00006,SKU_00239,2026-05-27,52,0,1.09,47.5,8,6,2026-04-19,0
CUST_00111,SKU_00194,2026-05-27,29,5,1.26,19.1,16,7,2026-04-09,0
CUST_00144,SKU_00060,2026-05-27,24,0,0.82,29.3,8,4,2026-04-15,0
CUST_00062,SKU_00103,2026-05-27,14,0,1.98,7.1,16,27,2026-05-15,0
CUST_00195,SKU_00103,2026-05-27,3,0,1.96,1.5,20,19,2026-05-22,0
CUST_00013,SKU_00059,2026-05-27,23,0,0.87,26.4,9,9,2026-04-05,0
CUST_00127,SKU_00186,2026-05-27,41,0,0.96,42.7,10,7,2026-05-24,0
CUST_00005,SKU_00063,2026-05-27,124,0,1.06,116.7,9,9,2026-04-30,0
CUST_00046,SKU_00266,2026-05-27,3,0,1.48,2.0,19,7,2026-05-25,0
CUST_00119,SKU_00150,2026-05-27,9,0,0.05,173.3,0,0,2026-05-17,0
CUST_00153,SKU_00217,2026-05-27,3,0,0.26,245.1,2,1,2026-04-08,0
CUST_00111,SKU_00139,2026-05-27,11,0,0.16,109.8,2,0,2026-05-14,0
CUST_00154,SKU_00272,2026-05-27,18,0,1.47,12.3,15,7,2026-05-02,0
CUST_00200,SKU_00119,2026-05-27,24,0,0.61,39.4,5,5,2026-04-15,0
CUST_00068,SKU_00064,2026-05-27,22,0,0.97,22.7,8,8,2026-04-25,0
CUST_00092,SKU_00293,2026-05-27,10,0,0.15,201.5,1,0,2026-04-25,0
CUST_00073,SKU_00176,2026-05-27,3,0,0.27,255.4,3,1,2026-03-29,0
CUST_00048,SKU_00182,2026-05-27,1,0,0.83,1.2,7,7,2026-05-14,0
CUST_00077,SKU_00181,2026-05-27,3,0,1.31,2.3,17,7,2026-03-29,0
CUST_00129,SKU_00183,2026-05-27,23,0,1.29,17.9,16,7,2026-04-02,1
CUST_00042,SKU_00033,2026-05-27,4,0,0.14,272.9,1,1,2026-04-18,0
CUST_00199,SKU_00139,2026-05-27,11,0,1.65,6.7,12,9,2026-04-28,0
CUST_00183,SKU_00210,2026-05-27,0,0,1.4,0.0,11,13,2026-04-04,0
CUST_00058,SKU_00262,2026-05-27,96,0,0.07,238.3,0,0,2026-05-14,0
CUST_00127,SKU_00111,2026-05-27,2,0,81.39,0.0,1042,798,2026-04-13,0
CUST_00010,SKU_00020,2026-05-27,3,0,0.11,93.8,1,1,2026-05-13,0
CUST_00087,SKU_00239,2026-05-27,14,0,1.23,11.4,15,13,2026-04-25,0
CUST_00079,SKU_00131,2026-05-27,76,0,0.98,77.9,10,6,2026-04-18,0
CUST_00007,SKU_00238,2026-05-27,1,0,1.38,0.7,18,7,2026-04-22,0
CUST_00122,SKU_00134,2026-05-27,0,0,0.07,40.0,0,0,2026-04-26,0
CUST_00086,SKU_00009,2026-05-27,11,0,1.69,6.5,19,14,2026-05-13,0
CUST_00054,SKU_00073,2026-05-27,6,0,0.97,6.2,13,8,2026-05-21,0
CUST_00199,SKU_00241,2026-05-27,10,0,1.33,7.5,9,6,2026-04-24,0
CUST_00040,SKU_00233,2026-05-27,2,0,1.69,1.2,20,10,2026-04-19,0
CUST_00151,SKU_00135,2026-05-27,6,0,0.41,225.2,4,2,2026-05-14,0
CUST_00113,SKU_00130,2026-05-27,63,0,88.06,0.7,1102,264,2026-05-19,0
CUST_00177,SKU_00170,2026-05-27,68,1,0.58,116.2,5,3,2026-05-14,0
CUST_00046,SKU_00114,2026-05-27,0,0,1.39,0.0,12,10,2026-05-26,0
CUST_00022,SKU_00130,2026-05-27,6,0,1.27,4.7,13,9,2026-05-01,0
CUST_00073,SKU_00116,2026-05-27,4,0,0.08,264.7,0,0,2026-05-22,0
CUST_00051,SKU_00126,2026-05-27,15,0,1.79,8.4,21,9,2026-05-15,0
CUST_00088,SKU_00047,2026-05-27,6,0,0.82,7.3,9,10,2026-04-28,0
CUST_00019,SKU_00159,2026-05-27,25,1,1.43,16.7,19,13,2026-04-18,0
CUST_00074,SKU_00021,2026-05-27,29,5,0.34,147.7,3,1,2026-04-02,0
CUST_00026,SKU_00034,2026-05-27,11,0,0.5,21.9,6,3,2026-05-16,0
CUST_00182,SKU_00217,2026-05-27,32,0,497.22,0.1,6607,2355,2026-03-31,0
CUST_00052,SKU_00160,2026-05-27,3,0,0.27,210.9,2,1,2026-04-25,0
CUST_00001,SKU_00211,2026-05-27,6,0,0.43,293.4,5,4,2026-04-05,0
CUST_00058,SKU_00120,2026-05-27,1,0,1.78,0.6,17,25,2026-05-12,0
CUST_00032,SKU_00255,2026-05-27,3,0,0.07,160.6,0,0,2026-04-01,0
CUST_00074,SKU_00286,2026-05-27,4,0,1.44,2.8,14,6,2026-04-24,0
CUST_00134,SKU_00197,2026-05-27,167,0,0.16,34.5,2,1,2026-04-10,0
CUST_00096,SKU_00092,2026-05-27,4,0,1.36,2.9,11,12,2026-05-03,0
CUST_00134,SKU_00241,2026-05-27,9,0,1.02,8.8,13,10,2026-05-15,0
CUST_00054,SKU_00289,2026-05-27,0,0,0.71,0.0,7,3,2026-04-03,0
CUST_00055,SKU_00007,2026-05-27,13,0,0.05,249.2,0,0,2026-04-24,0
CUST_00185,SKU_00289,2026-05-27,2,0,1.62,1.2,13,19,2026-04-14,0
CUST_00160,SKU_00056,2026-05-27,1,0,0.01,33.2,0,0,2026-05-11,0
CUST_00138,SKU_00087,2026-05-27,6,0,1.41,4.3,12,19,2026-05-08,0
CUST_00015,SKU_00277,2026-05-27,6,0,0.17,154.5,1,0,2026-05-06,0
CUST_00125,SKU_00043,2026-05-27,15,0,1.66,9.0,12,12,2026-05-24,0
CUST_00184,SKU_00142,2026-05-27,11,1,1.04,9.6,8,6,2026-04-02,1
CUST_00088,SKU_00062,2026-05-27,4,0,0.09,141.0,0,0,2026-04-02,0
CUST_00141,SKU_00253,2026-05-27,1,0,0.64,1.6,6,1,2026-05-20,0
CUST_00130,SKU_00056,2026-05-27,0,0,1.86,0.0,13,15,2026-05-19,0
CUST_00128,SKU_00142,2026-05-27,36,0,0.95,37.8,12,3,2026-04-23,0
CUST_00176,SKU_00286,2026-05-27,1,0,1.75,0.6,19,21,2026-04-25,0
CUST_00001,SKU_00026,2026-05-27,12,0,1.91,6.3,23,27,2026-04-26,0
CUST_00083,SKU_00005,2026-05-27,1,0,0.03,220.8,0,0,2026-04-24,0
CUST_00002,SKU_00208,2026-05-27,1,0,0.3,157.2,2,3,2026-04-29,0
CUST_00179,SKU_00186,2026-05-27,94,0,1.11,84.7,12,13,2026-04-11,6
CUST_00018,SKU_00102,2026-05-27,27,0,1.34,20.1,18,16,2026-04-27,0
CUST_00044,SKU_00025,2026-05-27,50,0,1.35,36.9,13,12,2026-04-15,0
CUST_00023,SKU_00296,2026-05-27,11,0,0.19,240.4,1,1,2026-05-09,0
CUST_00095,SKU_00232,2026-05-27,86,0,0.0,178.1,0,0,2026-05-08,0
CUST_00198,SKU_00099,2026-05-27,11,0,1.14,9.6,9,7,2026-04-22,0
CUST_00089,SKU_00061,2026-05-27,4,0,1.25,3.2,16,6,2026-04-22,0
CUST_00116,SKU_00183,2026-05-27,4,0,1.82,2.2,13,15,2026-04-03,0
CUST_00019,SKU_00202,2026-05-27,8,0,0.11,149.1,1,0,2026-05-01,0
CUST_00150,SKU_00098,2026-05-27,19,0,1.95,9.7,16,10,2026-05-07,0
CUST_00070,SKU_00019,2026-05-27,40,0,0.84,47.7,7,6,2026-05-04,0
CUST_00179,SKU_00085,2026-05-27,8,0,1.43,5.6,11,10,2026-05-16,0
CUST_00046,SKU_00062,2026-05-27,28,0,0.14,251.7,1,0,2026-03-31,0
CUST_00164,SKU_00289,2026-05-27,1,0,1.83,0.5,24,16,2026-05-01,0
CUST_00026,SKU_00136,2026-05-27,44,0,0.71,62.2,6,7,2026-04-28,0
CUST_00046,SKU_00252,2026-05-27,87,0,17.11,5.1,223,199,2026-05-02,0
CUST_00175,SKU_00026,2026-05-27,12,0,1.18,10.2,13,10,2026-04-30,0
CUST_00185,SKU_00247,2026-05-27,115,0,1.37,84.1,13,10,2026-05-25,0
CUST_00014,SKU_00074,2026-05-27,34,0,0.36,106.7,4,4,2026-03-31,0
CUST_00060,SKU_00290,2026-05-27,6,0,1.06,5.7,8,15,2026-05-02,0
CUST_00183,SKU_00237,2026-05-27,136,5,0.55,240.1,7,3,2026-04-24,0
CUST_00153,SKU_00149,2026-05-27,46,0,1.76,26.1,18,16,2026-04-01,4
CUST_00137,SKU_00074,2026-05-27,13,0,1.55,8.4,19,12,2026-05-13,0
CUST_00146,SKU_00223,2026-05-27,15,0,0.3,242.7,3,1,2026-04-16,0
CUST_00100,SKU_00229,2026-05-27,6,0,1.65,3.6,15,13,2026-04-29,0
CUST_00016,SKU_00185,2026-05-27,18,0,1.56,11.5,12,12,2026-05-26,0
CUST_00050,SKU_00172,2026-05-27,8,0,1.74,4.6,21,10,2026-05-23,0
CUST_00125,SKU_00136,2026-05-27,16,0,1.55,10.3,12,9,2026-05-08,0
CUST_00112,SKU_00034,2026-05-27,6,0,0.32,72.9,2,3,2026-05-23,0
CUST_00144,SKU_00144,2026-05-27,7,0,0.57,12.3,6,7,2026-05-03,0
CUST_00108,SKU_00273,2026-05-27,11,0,0.41,194.3,3,2,2026-05-04,0
CUST_00012,SKU_00229,2026-05-27,15,0,0.07,49.2,0,0,2026-05-01,0
CUST_00071,SKU_00228,2026-05-27,43,3,114.89,0.3,1507,669,2026-05-05,0
CUST_00076,SKU_00105,2026-05-27,1,0,0.55,1.8,5,3,2026-04-20,0
CUST_00070,SKU_00176,2026-05-27,1,0,0.7,1.4,5,7,2026-05-15,0
CUST_00027,SKU_00037,2026-05-27,5,0,1.77,2.8,12,10,2026-05-07,0
CUST_00080,SKU_00269,2026-05-27,2,0,1.87,1.1,15,22,2026-05-25,0
CUST_00073,SKU_00006,2026-05-27,4,0,1.78,2.2,14,18,2026-04-22,0
CUST_00036,SKU_00297,2026-05-27,2,0,1.08,1.9,13,6,2026-05-07,0
CUST_00132,SKU_00007,2026-05-27,0,0,1.45,0.0,11,18,2026-05-06,0
CUST_00035,SKU_00174,2026-05-27,1,0,0.3,79.8,2,1,2026-05-10,0
CUST_00007,SKU_00248,2026-05-27,51,0,0.74,69.3,9,6,2026-05-23,4
CUST_00119,SKU_00003,2026-05-27,39,0,1.37,28.5,13,18,2026-04-29,0
CUST_00103,SKU_00076,2026-05-27,10,0,1.59,6.3,16,11,2026-04-14,0
CUST_00080,SKU_00217,2026-05-27,4,0,1.09,3.7,12,12,2026-05-15,0
CUST_00075,SKU_00009,2026-05-27,58,0,18.67,3.1,173,205,2026-04-16,0
CUST_00199,SKU_00029,2026-05-27,8,0,0.83,9.7,9,6,2026-04-06,0
CUST_00005,SKU_00262,2026-05-27,26,0,0.1,60.5,1,0,2026-04-12,0
CUST_00167,SKU_00249,2026-05-27,3,0,0.35,134.0,3,4,2026-05-06,0
CUST_00092,SKU_00268,2026-05-27,13,0,0.04,211.8,0,0,2026-05-16,0
CUST_00025,SKU_00066,2026-05-27,42,0,0.8,52.5,8,5,2026-04-10,0
CUST_00194,SKU_00145,2026-05-27,4,0,0.61,6.6,7,6,2026-05-03,0
CUST_00107,SKU_00036,2026-05-27,12,0,1.26,9.6,13,4,2026-05-16,0
CUST_00066,SKU_00049,2026-05-27,3,0,1.74,1.7,19,24,2026-05-14,0
CUST_00009,SKU_00059,2026-05-27,16,0,0.32,186.1,4,2,2026-05-06,0
CUST_00151,SKU_00293,2026-05-27,9,0,1.52,5.9,19,5,2026-04-06,0
CUST_00051,SKU_00137,2026-05-27,2,0,0.1,286.1,0,0,2026-03-30,0
CUST_00081,SKU_00299,2026-05-27,10,0,0.4,257.0,4,1,2026-05-06,0
CUST_00099,SKU_00235,2026-05-27,14,0,0.17,170.9,2,0,2026-05-16,0
CUST_00061,SKU_00064,2026-05-27,122,0,1.5,81.5,15,7,2026-05-05,0
CUST_00197,SKU_00086,2026-05-27,17,0,1.39,12.3,13,12,2026-05-18,0
CUST_00113,SKU_00288,2026-05-27,30,5,0.56,44.4,4,2,2026-04-01,0
CUST_00060,SKU_00160,2026-05-27,10,1,1.59,5.6,13,10,2026-05-22,0
CUST_00105,SKU_00159,2026-05-27,15,1,0.63,22.3,4,4,2026-05-19,0
CUST_00146,SKU_00054,2026-05-27,18,0,1.6,11.3,17,7,2026-05-16,0
CUST_00172,SKU_00059,2026-05-27,18,0,1.73,10.4,20,16,2026-04-20,0
CUST_00123,SKU_00289,2026-05-27,3,0,0.34,109.5,2,2,2026-03-29,0
CUST_00160,SKU_00070,2026-05-27,19,0,0.56,33.7,5,3,2026-05-06,0
CUST_00070,SKU_00001,2026-05-27,7,1,90.17,0.1,762,615,2026-05-11,0
CUST_00104,SKU_00195,2026-05-27,13,2,0.67,16.3,5,4,2026-05-06,1
CUST_00009,SKU_00251,2026-05-27,120,0,1.74,69.0,22,12,2026-04-22,0
CUST_00023,SKU_00242,2026-05-27,2,0,0.29,131.9,2,1,2026-04-11,0
CUST_00109,SKU_00173,2026-05-27,9,0,0.55,16.2,7,6,2026-05-22,0
CUST_00075,SKU_00295,2026-05-27,21,0,0.4,225.8,3,1,2026-05-25,0
CUST_00117,SKU_00041,2026-05-27,6,0,0.77,7.8,9,6,2026-05-08,0
CUST_00098,SKU_00070,2026-05-27,16,0,0.54,29.6,3,3,2026-05-25,0
CUST_00055,SKU_00071,2026-05-27,42,0,0.71,58.9,9,6,2026-05-18,0
CUST_00038,SKU_00215,2026-05-27,28,0,0.9,31.2,11,6,2026-04-01,0
CUST_00150,SKU_00171,2026-05-27,5,0,1.47,3.4,16,16,2026-05-07,0
CUST_00004,SKU_00025,2026-05-27,14,0,0.04,196.6,0,0,2026-05-21,0
CUST_00042,SKU_00200,2026-05-27,34,0,0.83,41.1,7,9,2026-04-28,0
CUST_00052,SKU_00062,2026-05-27,24,0,1.46,16.5,12,18,2026-04-04,1
CUST_00065,SKU_00181,2026-05-27,2,0,1.89,1.1,20,10,2026-05-18,0
CUST_00091,SKU_00008,2026-05-27,3,0,0.71,4.2,8,4,2026-04-27,0
CUST_00169,SKU_00159,2026-05-27,14,0,1.97,7.1,18,21,2026-03-31,0
CUST_00125,SKU_00250,2026-05-27,6,0,0.67,8.9,5,3,2026-05-21,0
CUST_00194,SKU_00274,2026-05-27,10,0,0.09,184.6,0,0,2026-05-14,0
CUST_00073,SKU_00258,2026-05-27,9,0,0.43,195.8,4,3,2026-04-28,0
CUST_00042,SKU_00006,2026-05-27,0,0,1.17,0.0,9,7,2026-04-21,0
CUST_00018,SKU_00087,2026-05-27,4,0,1.36,3.0,14,12,2026-05-25,0
CUST_00046,SKU_00147,2026-05-27,22,0,60.72,0.4,752,460,2026-04-15,0
CUST_00084,SKU_00250,2026-05-27,6,0,97.67,0.1,1046,1392,2026-05-01,0
CUST_00107,SKU_00023,2026-05-27,35,4,1.42,21.8,17,19,2026-04-22,0
CUST_00128,SKU_00225,2026-05-27,28,0,0.68,41.4,5,5,2026-05-16,0
CUST_00104,SKU_00029,2026-05-27,21,0,0.16,98.8,1,1,2026-05-08,0
CUST_00053,SKU_00217,2026-05-27,1,0,1.76,0.6,23,16,2026-04-17,0
CUST_00078,SKU_00090,2026-05-27,3,0,1.35,2.2,12,8,2026-04-01,0
CUST_00016,SKU_00191,2026-05-27,38,0,158.11,0.2,1627,2238,2026-04-01,0
CUST_00189,SKU_00288,2026-05-27,9,0,0.02,61.8,0,0,2026-05-04,0
CUST_00083,SKU_00205,2026-05-27,53,0,1.38,38.3,19,6,2026-04-22,0
CUST_00106,SKU_00161,2026-05-27,12,0,0.62,19.5,5,6,2026-05-13,0
CUST_00098,SKU_00249,2026-05-27,1,0,1.11,0.9,15,6,2026-05-26,0
CUST_00031,SKU_00248,2026-05-27,5,0,0.93,5.4,8,9,2026-03-30,0
CUST_00017,SKU_00297,2026-05-27,33,0,29.44,1.1,291,202,2026-04-27,0
CUST_00141,SKU_00078,2026-05-27,26,0,1.23,21.1,12,13,2026-04-13,0
CUST_00038,SKU_00100,2026-05-27,13,0,1.21,10.7,10,10,2026-05-04,0
CUST_00176,SKU_00181,2026-05-27,9,1,0.29,292.6,3,3,2026-05-13,0
CUST_00087,SKU_00156,2026-05-27,16,0,1.91,8.4,14,27,2026-04-24,0
CUST_00028,SKU_00072,2026-05-27,23,0,1.04,22.1,8,6,2026-05-15,1
CUST_00132,SKU_00131,2026-05-27,62,1,0.23,182.7,1,0,2026-05-12,0
CUST_00023,SKU_00190,2026-05-27,46,0,1.28,36.0,13,13,2026-05-12,0
CUST_00165,SKU_00075,2026-05-27,3,0,1.5,2.0,14,9,2026-04-13,0
CUST_00102,SKU_00019,2026-05-27,7,0,1.06,6.6,11,6,2026-04-12,0
CUST_00186,SKU_00195,2026-05-27,7,0,0.63,11.1,7,5,2026-05-24,0
CUST_00147,SKU_00165,2026-05-27,1,0,1.88,0.5,14,25,2026-05-25,0
CUST_00107,SKU_00109,2026-05-27,6,0,0.71,8.4,5,4,2026-05-03,0
CUST_00178,SKU_00166,2026-05-27,31,0,0.89,34.9,10,6,2026-04-28,0
CUST_00091,SKU_00141,2026-05-27,52,0,1.17,44.5,13,6,2026-04-09,1
CUST_00153,SKU_00126,2026-05-27,15,0,0.41,133.8,3,3,2026-04-04,0
CUST_00119,SKU_00017,2026-05-27,8,0,1.85,4.3,18,18,2026-05-14,0
CUST_00121,SKU_00110,2026-05-27,27,2,1.4,17.8,15,4,2026-05-24,0
CUST_00082,SKU_00108,2026-05-27,3,0,1.7,1.8,23,10,2026-05-20,0
CUST_00052,SKU_00152,2026-05-27,3,0,0.84,3.6,10,4,2026-04-04,0
CUST_00149,SKU_00201,2026-05-27,3,0,67.0,0.0,815,519,2026-05-03,0
CUST_00093,SKU_00023,2026-05-27,7,1,1.54,3.9,14,18,2026-04-05,0
CUST_00196,SKU_00102,2026-05-27,22,0,0.99,22.2,11,10,2026-04-04,0
CUST_00033,SKU_00163,2026-05-27,148,0,1.06,139.0,12,10,2026-04-18,0
CUST_00178,SKU_00132,2026-05-27,28,0,0.08,191.1,0,0,2026-04-18,0
CUST_00086,SKU_00007,2026-05-27,15,0,1.59,9.5,13,15,2026-04-03,0
CUST_00066,SKU_00166,2026-05-27,28,0,1.39,20.1,11,6,2026-05-08,0
CUST_00050,SKU_00088,2026-05-27,40,0,0.74,53.9,7,4,2026-05-17,0
CUST_00003,SKU_00012,2026-05-27,6,0,0.19,95.6,2,1,2026-04-29,0
CUST_00070,SKU_00120,2026-05-27,5,0,1.31,3.8,15,10,2026-04-16,0
CUST_00095,SKU_00225,2026-05-27,3,0,0.98,3.1,10,4,2026-04-03,0
CUST_00182,SKU_00252,2026-05-27,1,0,1.34,0.7,17,7,2026-04-25,0
CUST_00046,SKU_00053,2026-05-27,1,0,1.22,0.8,16,12,2026-04-03,0
CUST_00077,SKU_00054,2026-05-27,15,0,0.41,202.3,3,4,2026-04-22,0
CUST_00075,SKU_00027,2026-05-27,15,0,1.56,9.6,11,21,2026-04-23,0
CUST_00165,SKU_00230,2026-05-27,11,0,0.61,18.0,7,6,2026-04-19,0
CUST_00193,SKU_00078,2026-05-27,10,0,1.49,6.7,10,12,2026-04-26,0
CUST_00004,SKU_00143,2026-05-27,22,0,1.7,12.9,22,9,2026-04-22,0
CUST_00051,SKU_00272,2026-05-27,73,0,0.7,104.5,9,6,2026-05-11,0
CUST_00154,SKU_00130,2026-05-27,40,0,1.82,22.0,21,12,2026-04-10,0
CUST_00082,SKU_00300,2026-05-27,26,0,1.36,19.1,16,5,2026-04-04,0
CUST_00043,SKU_00191,2026-05-27,11,0,0.11,218.6,1,0,2026-05-16,0
CUST_00067,SKU_00035,2026-05-27,6,0,1.71,3.5,16,10,2026-05-02,0
CUST_00105,SKU_00100,2026-05-27,2,0,1.49,1.3,14,10,2026-05-12,0
CUST_00173,SKU_00244,2026-05-27,9,0,0.31,180.9,2,2,2026-04-26,0
CUST_00032,SKU_00290,2026-05-27,3,0,1.48,2.0,11,7,2026-04-05,0
CUST_00033,SKU_00025,2026-05-27,9,1,0.15,46.2,1,0,2026-05-21,0
CUST_00118,SKU_00224,2026-05-27,6,0,0.31,223.5,2,1,2026-04-12,0
CUST_00048,SKU_00101,2026-05-27,8,0,0.05,87.3,0,0,2026-04-21,0
CUST_00062,SKU_00219,2026-05-27,4,0,1.26,3.2,14,15,2026-04-28,0
CUST_00145,SKU_00180,2026-05-27,5,0,1.82,2.7,17,16,2026-05-24,0
CUST_00181,SKU_00115,2026-05-27,10,0,0.6,16.6,7,2,2026-04-16,0
CUST_00123,SKU_00050,2026-05-27,0,0,1.33,0.0,14,9,2026-05-25,0
CUST_00017,SKU_00292,2026-05-27,7,0,0.41,57.4,4,3,2026-05-21,0
CUST_00005,SKU_00010,2026-05-27,7,0,0.05,173.5,0,0,2026-04-08,0
CUST_00124,SKU_00060,2026-05-27,36,0,0.62,57.6,7,5,2026-04-09,0
CUST_00010,SKU_00296,2026-05-27,5,0,1.34,3.7,12,5,2026-05-22,0
CUST_00056,SKU_00043,2026-05-27,18,0,0.6,30.0,4,6,2026-04-16,0
CUST_00026,SKU_00149,2026-05-27,31,0,0.3,165.6,3,1,2026-05-18,0
CUST_00002,SKU_00127,2026-05-27,48,0,0.99,48.7,9,7,2026-05-25,0
CUST_00058,SKU_00187,2026-05-27,46,0,0.12,58.8,1,1,2026-04-21,0
CUST_00082,SKU_00148,2026-05-27,8,0,0.91,8.8,6,6,2026-05-24,0
CUST_00017,SKU_00101,2026-05-27,20,0,0.05,251.1,0,0,2026-05-08,0
CUST_00030,SKU_00100,2026-05-27,2,0,1.1,1.8,11,5,2026-03-31,0
CUST_00182,SKU_00062,2026-05-27,2,0,0.98,2.0,7,8,2026-04-22,0
CUST_00191,SKU_00058,2026-05-27,2,0,1.08,1.9,12,4,2026-05-16,0
CUST_00043,SKU_00290,2026-05-27,7,0,0.93,7.5,11,12,2026-04-09,0
CUST_00191,SKU_00135,2026-05-27,1,0,1.16,0.9,8,6,2026-05-11,0
CUST_00015,SKU_00262,2026-05-27,13,0,0.67,19.4,9,3,2026-04-30,0
CUST_00087,SKU_00255,2026-05-27,3,0,0.95,3.2,9,12,2026-04-27,0
CUST_00098,SKU_00089,2026-05-27,11,0,1.87,5.9,20,27,2026-04-06,0
CUST_00139,SKU_00074,2026-05-27,101,0,1.75,57.8,19,10,2026-03-30,0
CUST_00179,SKU_00094,2026-05-27,3,0,0.31,257.4,2,1,2026-05-17,0
CUST_00017,SKU_00059,2026-05-27,3,0,0.12,125.9,1,0,2026-04-17,0
CUST_00112,SKU_00089,2026-05-27,12,0,1.02,11.7,9,7,2026-05-22,0
CUST_00140,SKU_00215,2026-05-27,36,0,1.08,33.5,14,13,2026-04-13,0
CUST_00116,SKU_00196,2026-05-27,57,0,0.86,66.3,11,12,2026-04-29,0
CUST_00060,SKU_00070,2026-05-27,41,0,0.54,75.4,4,6,2026-05-07,0
CUST_00104,SKU_00216,2026-05-27,6,0,99.22,0.1,1364,1449,2026-04-04,0
CUST_00177,SKU_00271,2026-05-27,5,0,0.39,288.4,4,3,2026-05-20,0
CUST_00195,SKU_00128,2026-05-27,19,0,0.8,23.6,7,4,2026-05-10,0
CUST_00032,SKU_00259,2026-05-27,4,0,1.84,2.2,25,19,2026-04-17,0
CUST_00071,SKU_00037,2026-05-27,6,0,0.48,295.6,5,6,2026-04-08,0
CUST_00101,SKU_00288,2026-05-27,8,0,0.87,9.2,6,6,2026-05-14,0
CUST_00184,SKU_00209,2026-05-27,9,0,1.55,5.8,12,16,2026-04-03,0
CUST_00070,SKU_00184,2026-05-27,11,0,1.37,8.0,15,16,2026-04-27,0
CUST_00082,SKU_00128,2026-05-27,6,0,0.23,199.6,2,0,2026-05-24,0
CUST_00102,SKU_00047,2026-05-27,4,0,0.73,5.5,5,6,2026-04-19,0
CUST_00173,SKU_00054,2026-05-27,18,0,0.64,28.0,8,2,2026-05-24,0
CUST_00107,SKU_00238,2026-05-27,2,0,0.86,2.3,7,4,2026-05-16,0
CUST_00176,SKU_00133,2026-05-27,12,0,0.71,16.9,7,7,2026-04-14,0
CUST_00143,SKU_00019,2026-05-27,8,0,1.24,6.4,10,15,2026-04-05,0
CUST_00008,SKU_00228,2026-05-27,90,0,0.09,186.0,0,0,2026-05-13,0
CUST_00076,SKU_00257,2026-05-27,46,8,1.77,21.5,14,25,2026-05-07,0
CUST_00065,SKU_00252,2026-05-27,144,0,0.71,203.8,9,3,2026-04-30,0
CUST_00109,SKU_00042,2026-05-27,16,0,0.59,27.0,5,3,2026-05-16,1
CUST_00126,SKU_00200,2026-05-27,11,0,0.29,265.9,2,1,2026-03-30,0
CUST_00054,SKU_00220,2026-05-27,0,0,0.45,91.7,6,2,2026-05-13,0
CUST_00175,SKU_00224,2026-05-27,1,0,1.61,0.6,14,14,2026-04-25,0
CUST_00143,SKU_00029,2026-05-27,4,0,0.37,137.3,3,1,2026-04-09,0
CUST_00098,SKU_00156,2026-05-27,6,1,1.25,4.0,16,7,2026-05-05,0
CUST_00053,SKU_00140,2026-05-27,8,1,1.21,5.8,9,15,2026-04-22,0
CUST_00026,SKU_00246,2026-05-27,36,0,1.92,18.8,25,19,2026-04-30,0
CUST_00143,SKU_00241,2026-05-27,11,0,0.86,12.8,10,10,2026-04-09,0
CUST_00034,SKU_00045,2026-05-27,26,0,1.3,20.0,12,10,2026-04-04,0
CUST_00186,SKU_00230,2026-05-27,9,0,1.64,5.5,21,14,2026-05-03,0
CUST_00030,SKU_00245,2026-05-27,2,0,1.42,1.4,10,5,2026-04-28,0
CUST_00162,SKU_00255,2026-05-27,4,0,1.08,3.7,8,6,2026-05-16,0
CUST_00064,SKU_00070,2026-05-27,11,0,350.72,0.0,2650,1807,2026-05-09,0
CUST_00091,SKU_00214,2026-05-27,19,0,0.62,30.7,5,5,2026-05-14,0
CUST_00192,SKU_00009,2026-05-27,2,0,1.47,1.4,14,19,2026-04-05,0
CUST_00183,SKU_00122,2026-05-27,58,9,1.71,28.6,17,21,2026-04-24,0
CUST_00168,SKU_00038,2026-05-27,4,0,0.81,5.0,9,6,2026-04-19,0
CUST_00144,SKU_00041,2026-05-27,25,0,1.84,13.6,24,19,2026-05-01,0
CUST_00133,SKU_00210,2026-05-27,24,0,1.93,12.4,15,7,2026-04-28,0
CUST_00101,SKU_00186,2026-05-27,4,0,0.41,294.1,4,4,2026-05-05,0
CUST_00166,SKU_00131,2026-05-27,16,0,1.87,8.6,15,18,2026-05-05,0
CUST_00023,SKU_00223,2026-05-27,5,0,1.47,3.4,10,15,2026-05-12,0
CUST_00006,SKU_00168,2026-05-27,24,4,1.48,13.5,16,7,2026-04-14,0
CUST_00004,SKU_00062,2026-05-27,8,0,0.55,14.6,5,4,2026-05-07,0
CUST_00159,SKU_00117,2026-05-27,7,0,1.46,4.8,17,7,2026-04-29,0
CUST_00026,SKU_00029,2026-05-27,46,0,1.57,29.4,12,7,2026-05-18,3
CUST_00036,SKU_00228,2026-05-27,3,0,1.79,1.7,22,11,2026-05-18,0
CUST_00180,SKU_00283,2026-05-27,14,0,0.41,261.5,3,4,2026-04-02,0
CUST_00164,SKU_00075,2026-05-27,2,0,0.55,3.6,6,3,2026-05-03,0
CUST_00152,SKU_00206,2026-05-27,2,0,0.25,289.2,2,3,2026-05-26,0
CUST_00085,SKU_00039,2026-05-27,41,0,1.55,26.4,14,22,2026-04-29,3
CUST_00109,SKU_00020,2026-05-27,17,1,0.65,24.8,6,3,2026-05-02,0
CUST_00184,SKU_00172,2026-05-27,4,0,1.72,2.3,20,22,2026-05-03,0
CUST_00116,SKU_00249,2026-05-27,18,0,1.68,10.7,20,16,2026-04-19,1
CUST_00077,SKU_00110,2026-05-27,125,2,0.79,156.5,7,4,2026-05-05,0
CUST_00003,SKU_00238,2026-05-27,4,0,0.19,224.9,1,1,2026-03-31,0
CUST_00040,SKU_00112,2026-05-27,13,0,0.52,25.0,6,2,2026-05-19,0
CUST_00082,SKU_00088,2026-05-27,4,0,0.41,167.6,4,2,2026-04-16,0
CUST_00046,SKU_00292,2026-05-27,18,0,0.33,216.6,2,4,2026-04-02,0
CUST_00198,SKU_00244,2026-05-27,11,0,1.62,6.8,22,19,2026-04-03,0
CUST_00064,SKU_00282,2026-05-27,3,0,1.14,2.6,15,6,2026-04-25,0
CUST_00120,SKU_00238,2026-05-27,22,4,0.94,19.1,6,8,2026-04-19,0
CUST_00186,SKU_00004,2026-05-27,9,0,0.35,108.1,4,2,2026-04-15,0
CUST_00005,SKU_00016,2026-05-27,13,0,0.63,20.7,8,3,2026-05-25,0
CUST_00002,SKU_00131,2026-05-27,3,0,1.72,1.7,16,10,2026-05-21,0
CUST_00197,SKU_00015,2026-05-27,1,0,1.18,0.8,11,6,2026-03-29,0
CUST_00022,SKU_00116,2026-05-27,1,0,69.22,0.0,715,344,2026-04-28,0
CUST_00116,SKU_00025,2026-05-27,38,4,0.39,210.9,4,3,2026-03-30,1
CUST_00065,SKU_00157,2026-05-27,11,0,0.84,13.2,9,4,2026-04-08,0
CUST_00071,SKU_00146,2026-05-27,41,0,1.1,37.3,10,10,2026-04-13,0
CUST_00146,SKU_00113,2026-05-27,1,0,0.98,1.0,9,9,2026-05-12,0
CUST_00073,SKU_00001,2026-05-27,18,0,0.7,25.8,8,7,2026-05-24,1
CUST_00196,SKU_00186,2026-05-27,22,0,0.3,112.6,2,3,2026-04-12,0
CUST_00067,SKU_00007,2026-05-27,9,0,1.11,8.1,8,15,2026-04-19,0
CUST_00076,SKU_00146,2026-05-27,7,0,1.36,5.1,14,12,2026-05-16,0
CUST_00023,SKU_00194,2026-05-27,8,0,1.55,5.2,14,21,2026-05-15,0
CUST_00159,SKU_00088,2026-05-27,3,0,0.62,4.8,6,6,2026-04-24,0
CUST_00186,SKU_00151,2026-05-27,0,0,0.05,64.7,0,0,2026-04-05,0
CUST_00034,SKU_00227,2026-05-27,99,0,1.53,64.8,14,13,2026-05-04,0
CUST_00109,SKU_00075,2026-05-27,18,0,0.28,33.0,3,1,2026-04-19,0
CUST_00017,SKU_00009,2026-05-27,7,0,1.55,4.5,16,13,2026-04-12,0
CUST_00060,SKU_00261,2026-05-27,8,1,0.43,89.5,4,1,2026-04-07,0
CUST_00119,SKU_00220,2026-05-27,9,0,1.79,5.0,18,24,2026-05-20,0
CUST_00050,SKU_00102,2026-05-27,4,0,1.96,2.0,19,24,2026-05-16,0
CUST_00069,SKU_00181,2026-05-27,15,0,1.28,11.7,13,9,2026-04-24,1
CUST_00193,SKU_00157,2026-05-27,2,0,1.03,1.9,8,12,2026-04-17,0
CUST_00146,SKU_00048,2026-05-27,7,0,0.29,42.7,3,1,2026-05-18,0
CUST_00131,SKU_00200,2026-05-27,3,0,1.24,2.4,13,9,2026-04-07,0
CUST_00190,SKU_00282,2026-05-27,33,0,1.12,29.4,15,6,2026-04-28,0
CUST_00038,SKU_00059,2026-05-27,15,0,1.9,7.9,22,7,2026-05-17,0
CUST_00123,SKU_00175,2026-05-27,1,0,0.68,1.5,7,2,2026-04-06,0
CUST_00067,SKU_00201,2026-05-27,2,0,0.82,2.4,9,4,2026-05-06,0
CUST_00143,SKU_00067,2026-05-27,9,1,0.62,13.0,8,4,2026-04-19,0
CUST_00168,SKU_00012,2026-05-27,23,0,0.3,269.9,3,2,2026-04-18,0
CUST_00122,SKU_00126,2026-05-27,20,0,77.94,0.3,649,486,2026-04-01,0
CUST_00123,SKU_00109,2026-05-27,5,0,1.81,2.8,23,11,2026-04-29,0
CUST_00057,SKU_00022,2026-05-27,14,1,0.81,16.1,6,4,2026-03-30,0
CUST_00106,SKU_00015,2026-05-27,30,0,0.77,38.9,6,10,2026-05-13,0
CUST_00149,SKU_00298,2026-05-27,13,0,1.4,9.3,16,9,2026-04-10,0
CUST_00106,SKU_00158,2026-05-27,4,0,1.43,2.8,11,9,2026-04-28,0
CUST_00111,SKU_00084,2026-05-27,6,0,0.46,75.1,5,6,2026-04-15,0
CUST_00061,SKU_00003,2026-05-27,22,0,1.2,18.3,13,9,2026-05-23,0
CUST_00167,SKU_00048,2026-05-27,41,0,0.27,160.9,3,1,2026-04-04,0
CUST_00160,SKU_00255,2026-05-27,11,0,0.31,134.6,3,3,2026-04-11,0
CUST_00008,SKU_00172,2026-05-27,24,0,1.75,13.7,19,15,2026-04-19,0
CUST_00155,SKU_00073,2026-05-27,5,0,1.47,3.4,15,9,2026-05-21,0
CUST_00095,SKU_00203,2026-05-27,39,0,1.5,26.0,14,10,2026-05-15,2
CUST_00120,SKU_00236,2026-05-27,2,0,0.4,258.4,5,2,2026-05-18,0
CUST_00017,SKU_00240,2026-05-27,16,0,0.14,79.7,1,0,2026-04-19,0
CUST_00189,SKU_00284,2026-05-27,3,0,0.2,156.8,2,0,2026-04-03,0
CUST_00110,SKU_00264,2026-05-27,18,0,1.16,15.5,14,7,2026-04-07,0
CUST_00116,SKU_00158,2026-05-27,17,0,1.2,14.1,9,13,2026-04-17,0
CUST_00198,SKU_00206,2026-05-27,6,0,0.21,86.0,2,1,2026-04-27,0
CUST_00079,SKU_00247,2026-05-27,22,0,1.29,17.1,16,12,2026-05-23,0
CUST_00116,SKU_00039,2026-05-27,4,0,0.51,7.8,3,4,2026-04-30,0
CUST_00087,SKU_00077,2026-05-27,12,0,0.32,201.5,3,1,2026-04-18,0
CUST_00200,SKU_00143,2026-05-27,1,0,0.25,135.8,3,1,2026-05-08,0
CUST_00026,SKU_00214,2026-05-27,9,0,0.38,213.7,3,3,2026-05-08,0
CUST_00093,SKU_00277,2026-05-27,39,0,1.72,22.7,20,16,2026-04-06,0
CUST_00062,SKU_00010,2026-05-27,3,0,19.94,0.2,247,261,2026-05-04,0
CUST_00153,SKU_00084,2026-05-27,3,0,0.17,225.6,2,1,2026-04-27,0
CUST_00035,SKU_00026,2026-05-27,13,0,0.64,20.2,4,5,2026-05-10,0
CUST_00088,SKU_00196,2026-05-27,22,0,0.6,37.0,6,4,2026-04-04,0
CUST_00040,SKU_00278,2026-05-27,36,0,0.31,113.7,2,2,2026-05-02,0
CUST_00057,SKU_00175,2026-05-27,2,0,1.75,1.1,16,22,2026-04-14,0
CUST_00188,SKU_00087,2026-05-27,3,0,0.43,173.9,5,1,2026-04-21,0
CUST_00033,SKU_00251,2026-05-27,28,4,0.11,159.7,1,0,2026-04-03,0
CUST_00150,SKU_00034,2026-05-27,41,0,1.28,32.1,10,7,2026-05-12,0
CUST_00104,SKU_00074,2026-05-27,33,0,0.45,79.5,4,6,2026-04-12,3
CUST_00123,SKU_00109,2026-05-27,7,0,1.03,6.8,7,3,2026-05-09,0
CUST_00119,SKU_00182,2026-05-27,3,0,0.25,225.2,1,3,2026-05-07,0
CUST_00119,SKU_00018,2026-05-27,6,0,0.93,6.4,8,6,2026-04-22,0
CUST_00051,SKU_00155,2026-05-27,8,0,0.89,8.9,7,8,2026-04-15,0
CUST_00056,SKU_00054,2026-05-27,8,0,0.37,111.0,4,3,2026-05-07,0
CUST_00181,SKU_00050,2026-05-27,4,0,1.24,3.2,11,11,2026-04-22,0
CUST_00123,SKU_00013,2026-05-27,1,0,1.81,0.6,23,17,2026-05-09,0
CUST_00100,SKU_00248,2026-05-27,10,1,1.74,5.2,24,7,2026-05-03,0
CUST_00006,SKU_00078,2026-05-27,16,0,1.99,8.0,26,8,2026-05-21,0
CUST_00150,SKU_00279,2026-05-27,3,0,0.27,255.1,2,1,2026-04-17,0
CUST_00059,SKU_00279,2026-05-27,5,0,1.14,4.4,11,10,2026-05-22,0
CUST_00016,SKU_00001,2026-05-27,5,0,0.4,299.5,4,1,2026-04-10,0
CUST_00159,SKU_00146,2026-05-27,1,0,0.39,80.4,5,4,2026-04-18,0
CUST_00084,SKU_00050,2026-05-27,10,1,1.26,7.2,13,9,2026-04-09,0
CUST_00050,SKU_00197,2026-05-27,22,2,1.61,12.4,19,24,2026-05-04,0
CUST_00082,SKU_00151,2026-05-27,11,0,1.58,6.9,12,15,2026-05-12,0
CUST_00171,SKU_00155,2026-05-27,13,0,0.18,160.3,1,1,2026-04-23,0
CUST_00069,SKU_00025,2026-05-27,25,0,0.8,31.1,8,5,2026-04-18,0
CUST_00167,SKU_00266,2026-05-27,5,0,1.73,2.9,15,12,2026-04-04,0
CUST_00076,SKU_00095,2026-05-27,4,0,0.57,7.1,4,1,2026-05-25,0
CUST_00118,SKU_00138,2026-05-27,3,0,0.49,53.8,6,3,2026-04-06,0
CUST_00146,SKU_00074,2026-05-27,136,0,0.99,137.9,10,6,2026-05-05,0
CUST_00145,SKU_00276,2026-05-27,5,0,0.43,188.2,4,4,2026-04-16,0
CUST_00106,SKU_00060,2026-05-27,6,0,0.33,198.8,2,3,2026-05-25,0
CUST_00183,SKU_00189,2026-05-27,71,0,0.55,128.8,4,6,2026-05-21,0
CUST_00078,SKU_00146,2026-05-27,22,0,0.2,128.7,2,2,2026-05-08,0
CUST_00057,SKU_00299,2026-05-27,20,0,0.18,287.9,1,1,2026-05-11,0
CUST_00096,SKU_00209,2026-05-27,0,0,0.8,0.0,10,7,2026-04-14,0
CUST_00056,SKU_00185,2026-05-27,2,0,1.17,1.7,8,12,2026-05-09,0
CUST_00003,SKU_00007,2026-05-27,3,0,0.85,3.5,7,7,2026-04-05,0
CUST_00197,SKU_00059,2026-05-27,1,0,1.06,0.9,8,6,2026-05-08,0
CUST_00155,SKU_00261,2026-05-27,10,1,0.49,219.2,6,1,2026-04-01,0
CUST_00061,SKU_00178,2026-05-27,13,2,1.44,7.6,16,9,2026-04-23,0
CUST_00122,SKU_00176,2026-05-27,32,0,0.89,36.1,6,10,2026-05-14,0
CUST_00175,SKU_00238,2026-05-27,3,0,0.53,5.7,6,2,2026-04-07,0
CUST_00017,SKU_00184,2026-05-27,2,0,1.12,1.8,11,10,2026-05-25,0
CUST_00194,SKU_00071,2026-05-27,4,0,1.2,3.3,9,15,2026-05-17,0
CUST_00185,SKU_00102,2026-05-27,4,0,0.51,7.8,6,7,2026-03-31,0
CUST_00051,SKU_00274,2026-05-27,58,0,1.79,32.4,21,5,2026-05-17,0
CUST_00182,SKU_00012,2026-05-27,120,0,0.99,121.8,12,7,2026-05-19,0
CUST_00176,SKU_00151,2026-05-27,9,0,1.47,6.1,20,13,2026-03-31,0
CUST_00083,SKU_00035,2026-05-27,0,0,1.08,0.0,9,4,2026-05-14,0
CUST_00009,SKU_00152,2026-05-27,15,0,1.93,7.8,16,9,2026-04-01,0
CUST_00017,SKU_00084,2026-05-27,11,0,0.39,235.2,4,4,2026-04-25,0
CUST_00098,SKU_00004,2026-05-27,37,0,0.78,47.4,7,4,2026-05-16,0
CUST_00014,SKU_00079,2026-05-27,4,0,0.41,256.4,4,1,2026-04-28,0
CUST_00021,SKU_00001,2026-05-27,3,0,0.0,126.2,0,0,2026-04-29,0
CUST_00179,SKU_00040,2026-05-27,14,0,0.96,14.5,8,13,2026-05-22,0
CUST_00178,SKU_00138,2026-05-27,1,0,0.96,1.0,12,4,2026-04-16,0
CUST_00019,SKU_00251,2026-05-27,16,0,1.03,15.6,9,6,2026-04-10,0
CUST_00032,SKU_00114,2026-05-27,15,0,1.91,7.8,21,15,2026-03-29,1
CUST_00043,SKU_00179,2026-05-27,4,0,1.46,2.7,13,18,2026-04-29,0
CUST_00011,SKU_00206,2026-05-27,4,0,1.34,3.0,16,9,2026-05-04,0
CUST_00082,SKU_00108,2026-05-27,34,5,0.6,48.5,6,5,2026-04-23,0
CUST_00126,SKU_00085,2026-05-27,1,0,1.81,0.6,15,9,2026-04-09,0
CUST_00069,SKU_00158,2026-05-27,24,3,0.71,29.6,7,3,2026-05-03,0
CUST_00111,SKU_00237,2026-05-27,4,0,0.16,38.9,1,1,2026-04-07,0
CUST_00139,SKU_00129,2026-05-27,37,7,0.86,34.8,11,9,2026-04-23,0
CUST_00087,SKU_00212,2026-05-27,10,0,0.91,11.0,9,6,2026-05-13,0
CUST_00039,SKU_00099,2026-05-27,87,0,1.58,55.0,20,12,2026-05-20,0
CUST_00179,SKU_00134,2026-05-27,11,0,0.38,247.1,3,4,2026-05-16,0
CUST_00181,SKU_00112,2026-05-27,76,0,1.62,46.9,12,13,2026-04-14,0
CUST_00156,SKU_00107,2026-05-27,4,0,0.01,242.9,0,0,2026-05-04,0
CUST_00023,SKU_00296,2026-05-27,5,0,1.53,3.3,12,22,2026-05-10,0
CUST_00160,SKU_00152,2026-05-27,64,0,0.46,46.9,6,4,2026-04-23,0
CUST_00019,SKU_00012,2026-05-27,11,0,65.44,0.2,776,660,2026-04-19,0
CUST_00118,SKU_00160,2026-05-27,11,0,0.11,273.3,1,0,2026-04-01,0
CUST_00059,SKU_00189,2026-05-27,3,0,0.35,252.9,3,1,2026-05-05,0
CUST_00200,SKU_00179,2026-05-27,2,0,0.86,2.3,9,5,2026-04-27,0
CUST_00017,SKU_00086,2026-05-27,21,0,1.9,11.1,16,18,2026-04-20,0
CUST_00060,SKU_00221,2026-05-27,9,0,1.16,7.8,8,12,2026-04-20,0
CUST_00009,SKU_00022,2026-05-27,62,0,1.66,37.3,19,10,2026-05-10,0
CUST_00041,SKU_00271,2026-05-27,4,0,0.6,6.7,5,1,2026-05-16,0
CUST_00040,SKU_00297,2026-05-27,49,0,0.58,84.3,5,5,2026-05-13,1
CUST_00143,SKU_00076,2026-05-27,8,0,0.94,8.5,7,4,2026-05-03,0
CUST_00123,SKU_00197,2026-05-27,3,0,1.97,1.5,18,12,2026-04-17,0
CUST_00137,SKU_00115,2026-05-27,0,0,0.36,252.2,4,3,2026-05-16,0
CUST_00067,SKU_00287,2026-05-27,14,2,0.97,12.4,10,7,2026-04-30,0
CUST_00004,SKU_00198,2026-05-27,6,0,0.25,101.3,2,1,2026-04-05,0
CUST_00131,SKU_00047,2026-05-27,2,0,1.51,1.3,12,16,2026-05-18,0
CUST_00142,SKU_00070,2026-05-27,44,2,0.14,257.0,1,0,2026-05-25,0
CUST_00070,SKU_00290,2026-05-27,2,0,79.5,0.0,974,691,2026-05-10,0
CUST_00014,SKU_00280,2026-05-27,15,0,94.33,0.2,992,784,2026-03-29,0
CUST_00177,SKU_00191,2026-05-27,4,0,1.31,3.1,16,11,2026-05-13,0
CUST_00069,SKU_00058,2026-05-27,2,0,16.28,0.1,139,50,2026-05-19,0
CUST_00153,SKU_00258,2026-05-27,1,0,1.9,0.5,13,18,2026-04-11,0
CUST_00016,SKU_00162,2026-05-27,5,0,1.44,3.5,19,7,2026-05-21,0
CUST_00030,SKU_00053,2026-05-27,14,0,0.32,92.8,3,1,2026-05-08,0
CUST_00181,SKU_00106,2026-05-27,6,0,1.46,4.1,17,9,2026-05-14,0
CUST_00038,SKU_00063,2026-05-27,5,0,0.79,6.3,5,5,2026-04-13,0
CUST_00086,SKU_00294,2026-05-27,28,0,1.71,16.4,22,15,2026-05-04,0
CUST_00125,SKU_00210,2026-05-27,1,0,1.15,0.9,15,12,2026-04-29,0
CUST_00052,SKU_00077,2026-05-27,25,0,1.63,15.3,14,15,2026-04-19,0
CUST_00135,SKU_00183,2026-05-27,10,0,39.89,0.3,407,411,2026-05-20,0
CUST_00171,SKU_00155,2026-05-27,1,0,0.23,263.5,2,1,2026-04-05,0
CUST_00024,SKU_00243,2026-05-27,0,0,1.79,0.0,20,21,2026-04-29,0
CUST_00109,SKU_00053,2026-05-27,15,0,0.59,25.3,6,4,2026-04-22,0
CUST_00176,SKU_00276,2026-05-27,4,0,0.66,6.0,5,4,2026-04-24,0
CUST_00143,SKU_00140,2026-05-27,27,0,0.38,218.3,5,1,2026-04-10,0
CUST_00167,SKU_00277,2026-05-27,14,0,0.02,128.5,0,0,2026-04-01,0
CUST_00097,SKU_00209,2026-05-27,5,0,1.28,3.9,16,15,2026-04-07,0
CUST_00121,SKU_00048,2026-05-27,16,1,1.67,9.0,12,8,2026-04-11,0
CUST_00177,SKU_00190,2026-05-27,5,0,0.6,8.3,8,1,2026-04-03,0
CUST_00192,SKU_00159,2026-05-27,7,1,0.97,6.2,7,7,2026-03-29,0
CUST_00017,SKU_00017,2026-05-27,7,1,1.84,3.3,19,10,2026-04-20,0
CUST_00080,SKU_00204,2026-05-27,13,0,0.73,17.9,6,6,2026-04-20,0
CUST_00147,SKU_00234,2026-05-27,30,0,1.59,18.8,17,13,2026-05-23,0
CUST_00004,SKU_00077,2026-05-27,44,0,0.62,70.7,6,3,2026-05-02,0
CUST_00044,SKU_00166,2026-05-27,36,0,0.52,69.0,6,1,2026-04-24,3
CUST_00031,SKU_00236,2026-05-27,6,1,0.08,232.7,0,0,2026-05-05,0
CUST_00087,SKU_00186,2026-05-27,57,0,113.78,0.5,893,979,2026-04-23,0
CUST_00015,SKU_00217,2026-05-27,7,0,1.54,4.5,15,22,2026-05-13,0
CUST_00097,SKU_00017,2026-05-27,19,0,1.22,15.6,14,6,2026-05-24,0
CUST_00043,SKU_00160,2026-05-27,7,0,0.46,299.6,3,1,2026-04-26,0
CUST_00066,SKU_00252,2026-05-27,1,0,0.43,180.9,4,4,2026-04-14,0
CUST_00186,SKU_00253,2026-05-27,5,0,0.52,9.6,5,4,2026-05-19,0
CUST_00067,SKU_00230,2026-05-27,12,0,0.11,115.4,1,0,2026-05-17,0
CUST_00095,SKU_00034,2026-05-27,4,0,1.56,2.6,11,8,2026-04-20,0
CUST_00011,SKU_00250,2026-05-27,41,0,0.85,48.4,6,12,2026-04-28,0
CUST_00004,SKU_00072,2026-05-27,56,0,1.34,41.8,18,4,2026-05-16,0
CUST_00047,SKU_00282,2026-05-27,54,0,1.74,31.1,21,9,2026-04-10,1
CUST_00020,SKU_00261,2026-05-27,27,0,1.89,14.3,15,18,2026-05-08,0
CUST_00040,SKU_00265,2026-05-27,8,0,1.13,7.1,14,5,2026-04-22,0
CUST_00087,SKU_00071,2026-05-27,4,0,1.25,3.2,9,15,2026-04-20,0
CUST_00052,SKU_00224,2026-05-27,30,0,0.6,50.0,6,7,2026-04-29,0
CUST_00146,SKU_00218,2026-05-27,9,0,0.84,10.7,6,5,2026-05-07,0
CUST_00166,SKU_00018,2026-05-27,10,0,0.74,13.6,9,6,2026-04-13,0
CUST_00136,SKU_00288,2026-05-27,86,0,1.21,70.8,14,10,2026-05-24,0
CUST_00188,SKU_00075,2026-05-27,9,0,0.61,14.8,6,3,2026-05-04,0
CUST_00200,SKU_00277,2026-05-27,31,0,1.89,16.4,25,6,2026-04-01,0
CUST_00112,SKU_00296,2026-05-27,1,0,0.41,187.0,4,4,2026-03-31,0
CUST_00056,SKU_00168,2026-05-27,5,0,1.84,2.7,13,19,2026-04-20,0
CUST_00153,SKU_00150,2026-05-27,1,0,1.48,0.7,19,15,2026-03-30,0
CUST_00148,SKU_00095,2026-05-27,24,0,1.81,13.2,24,22,2026-04-08,0
CUST_00146,SKU_00215,2026-05-27,1,0,0.52,1.9,3,5,2026-04-14,0
CUST_00179,SKU_00020,2026-05-27,1,0,1.45,0.7,19,7,2026-04-27,0
CUST_00130,SKU_00017,2026-05-27,6,0,0.28,56.8,3,1,2026-04-01,0
CUST_00126,SKU_00277,2026-05-27,47,0,1.74,27.0,20,15,2026-04-05,0
CUST_00102,SKU_00269,2026-05-27,28,0,1.74,16.1,15,19,2026-04-26,0
CUST_00108,SKU_00231,2026-05-27,15,0,1.82,8.2,23,15,2026-04-01,0
CUST_00107,SKU_00186,2026-05-27,11,0,0.14,291.6,1,0,2026-04-04,0
CUST_00143,SKU_00248,2026-05-27,24,0,0.38,280.8,4,1,2026-05-06,0
CUST_00027,SKU_00261,2026-05-27,5,0,0.08,233.3,0,0,2026-04-29,0
CUST_00159,SKU_00116,2026-05-27,2,0,0.83,2.4,7,6,2026-05-05,0
CUST_00044,SKU_00119,2026-05-27,5,0,0.86,5.8,6,10,2026-03-30,0
CUST_00079,SKU_00286,2026-05-27,13,0,715.28,0.0,5807,5378,2026-04-23,0
CUST_00172,SKU_00053,2026-05-27,2,0,0.97,2.1,13,12,2026-05-22,0
CUST_00036,SKU_00125,2026-05-27,2,0,0.88,2.3,11,3,2026-04-25,0
CUST_00060,SKU_00210,2026-05-27,32,0,0.23,276.0,2,1,2026-05-22,0
CUST_00022,SKU_00266,2026-05-27,28,3,0.52,48.2,7,3,2026-04-05,0
CUST_00196,SKU_00285,2026-05-27,11,0,0.11,182.8,0,0,2026-05-20,0
CUST_00068,SKU_00022,2026-05-27,42,0,0.44,45.8,6,3,2026-05-14,0
CUST_00095,SKU_00210,2026-05-27,61,4,1.09,52.4,12,5,2026-04-12,0
CUST_00097,SKU_00144,2026-05-27,2,0,0.19,208.5,2,1,2026-04-15,0
CUST_00146,SKU_00212,2026-05-27,22,0,0.37,209.4,3,3,2026-04-05,1
CUST_00135,SKU_00172,2026-05-27,15,2,0.19,71.0,1,1,2026-04-07,0
CUST_00036,SKU_00124,2026-05-27,3,0,0.9,3.3,10,4,2026-04-21,0
CUST_00177,SKU_00290,2026-05-27,1,0,1.44,0.7,13,14,2026-04-21,0
CUST_00141,SKU_00059,2026-05-27,5,0,0.72,6.9,7,6,2026-04-15,0
CUST_00025,SKU_00291,2026-05-27,8,0,0.47,187.3,5,2,2026-04-29,0
CUST_00038,SKU_00003,2026-05-27,16,0,170.39,0.1,1721,735,2026-05-12,0
CUST_00077,SKU_00032,2026-05-27,4,0,0.99,4.1,10,10,2026-04-25,0
CUST_00164,SKU_00019,2026-05-27,1,0,1.19,0.8,15,13,2026-05-02,0
CUST_00076,SKU_00169,2026-05-27,15,0,0.06,217.9,0,0,2026-03-30,0
CUST_00032,SKU_00144,2026-05-27,1,0,0.08,295.3,0,0,2026-05-02,0
CUST_00052,SKU_00208,2026-05-27,6,0,0.5,98.3,4,3,2026-05-12,0
CUST_00047,SKU_00114,2026-05-27,4,0,0.46,113.2,6,6,2026-04-24,0
CUST_00084,SKU_00154,2026-05-27,51,0,1.18,43.3,13,16,2026-04-14,0
CUST_00130,SKU_00074,2026-05-27,0,0,1.55,0.0,14,7,2026-05-14,0
CUST_00075,SKU_00096,2026-05-27,7,0,1.65,4.2,14,22,2026-04-13,0
CUST_00132,SKU_00107,2026-05-27,5,0,1.82,2.8,24,19,2026-04-02,0
CUST_00199,SKU_00240,2026-05-27,5,0,0.22,165.2,2,1,2026-05-25,0
CUST_00151,SKU_00226,2026-05-27,9,0,1.96,4.6,24,7,2026-04-02,0
CUST_00197,SKU_00051,2026-05-27,8,1,0.26,137.3,2,1,2026-04-08,0
CUST_00065,SKU_00089,2026-05-27,3,0,0.85,3.5,10,8,2026-05-08,0
CUST_00137,SKU_00039,2026-05-27,5,0,1.99,2.5,20,16,2026-04-24,0
CUST_00153,SKU_00040,2026-05-27,4,0,1.28,3.1,15,16,2026-05-05,0
CUST_00008,SKU_00115,2026-05-27,7,0,0.59,11.9,6,4,2026-04-26,0
CUST_00098,SKU_00218,2026-05-27,7,0,1.6,4.4,14,21,2026-05-15,0
CUST_00117,SKU_00003,2026-05-27,13,0,0.14,144.5,1,1,2026-04-13,0
CUST_00045,SKU_00031,2026-05-27,10,0,1.39,7.2,17,13,2026-04-20,0
CUST_00178,SKU_00002,2026-05-27,7,0,1.2,5.8,14,10,2026-04-27,0
CUST_00144,SKU_00022,2026-05-27,22,3,1.43,13.3,18,16,2026-04-08,0
CUST_00169,SKU_00222,2026-05-27,19,1,1.1,16.3,7,9,2026-05-25,0
CUST_00145,SKU_00006,2026-05-27,12,0,1.08,11.1,13,7,2026-04-10,0
CUST_00048,SKU_00228,2026-05-27,21,0,0.47,77.4,4,2,2026-04-14,0
CUST_00020,SKU_00130,2026-05-27,2,0,1.73,1.2,16,9,2026-04-09,0
CUST_00043,SKU_00272,2026-05-27,4,0,1.12,3.6,13,15,2026-04-16,0
CUST_00135,SKU_00059,2026-05-27,4,0,1.94,2.1,16,25,2026-04-27,0
CUST_00132,SKU_00154,2026-05-27,12,0,1.53,7.9,19,15,2026-04-24,0
CUST_00013,SKU_00235,2026-05-27,3,0,1.02,3.0,10,13,2026-04-26,0
CUST_00050,SKU_00232,2026-05-27,44,0,1.83,24.1,14,12,2026-05-23,0
CUST_00128,SKU_00120,2026-05-27,15,0,1.88,8.0,18,15,2026-04-25,0
CUST_00116,SKU_00173,2026-05-27,42,0,1.04,40.5,10,12,2026-04-22,0
CUST_00005,SKU_00174,2026-05-27,4,0,1.82,2.2,19,10,2026-05-17,0
CUST_00132,SKU_00035,2026-05-27,6,0,1.14,5.3,9,7,2026-05-26,0
CUST_00092,SKU_00267,2026-05-27,24,0,0.8,30.0,8,5,2026-04-15,0
CUST_00011,SKU_00253,2026-05-27,2,0,1.95,1.0,22,9,2026-04-18,0
CUST_00137,SKU_00289,2026-05-27,10,0,0.31,135.1,2,3,2026-05-03,0
CUST_00170,SKU_00115,2026-05-27,14,0,0.77,18.1,8,10,2026-04-22,0
CUST_00017,SKU_00207,2026-05-27,19,0,0.75,25.3,5,10,2026-05-13,0
CUST_00195,SKU_00149,2026-05-27,7,0,0.91,7.7,6,6,2026-04-23,0
CUST_00071,SKU_00038,2026-05-27,48,0,0.53,90.5,5,4,2026-05-16,0
CUST_00177,SKU_00300,2026-05-27,19,0,0.34,185.6,3,1,2026-04-16,0
CUST_00143,SKU_00193,2026-05-27,10,0,1.2,8.3,11,13,2026-05-09,0
CUST_00117,SKU_00258,2026-05-27,1,0,1.07,0.9,11,15,2026-05-06,0
CUST_00069,SKU_00078,2026-05-27,56,0,0.84,66.9,10,7,2026-03-31,0
CUST_00129,SKU_00173,2026-05-27,22,4,1.2,15.0,14,15,2026-04-04,0
CUST_00159,SKU_00168,2026-05-27,1,0,0.95,1.1,10,10,2026-04-12,0
CUST_00080,SKU_00064,2026-05-27,1,0,0.71,1.4,9,6,2026-04-04,0
CUST_00184,SKU_00266,2026-05-27,40,0,1.62,24.7,15,22,2026-05-26,0
CUST_00156,SKU_00235,2026-05-27,9,0,0.62,14.6,5,1,2026-05-22,0
CUST_00189,SKU_00153,2026-05-27,14,1,1.64,7.9,14,10,2026-05-10,0
CUST_00173,SKU_00217,2026-05-27,59,0,0.71,83.5,8,6,2026-05-21,0
CUST_00178,SKU_00137,2026-05-27,1,0,0.71,1.4,5,6,2026-05-09,0
CUST_00099,SKU_00235,2026-05-27,74,0,0.84,87.9,7,4,2026-05-19,0
CUST_00154,SKU_00285,2026-05-27,4,0,1.69,2.4,17,10,2026-05-14,0
CUST_00200,SKU_00157,2026-05-27,9,0,1.96,4.6,18,8,2026-05-08,0
CUST_00096,SKU_00031,2026-05-27,23,0,0.82,28.1,7,3,2026-05-20,0
CUST_00151,SKU_00098,2026-05-27,3,0,1.61,1.9,20,15,2026-04-23,0
CUST_00071,SKU_00247,2026-05-27,58,3,0.26,180.9,2,1,2026-04-01,0
CUST_00033,SKU_00218,2026-05-27,13,0,1.64,8.0,22,10,2026-04-19,0
CUST_00168,SKU_00150,2026-05-27,9,0,0.72,12.5,6,3,2026-05-06,0
CUST_00068,SKU_00180,2026-05-27,2,0,0.21,286.8,1,1,2026-04-20,0
CUST_00045,SKU_00181,2026-05-27,4,0,1.39,2.9,11,5,2026-05-04,0
CUST_00047,SKU_00176,2026-05-27,5,0,1.71,2.9,19,21,2026-05-26,0
CUST_00173,SKU_00079,2026-05-27,12,0,1.6,7.5,22,10,2026-05-02,0
CUST_00130,SKU_00176,2026-05-27,7,0,0.54,13.1,5,6,2026-04-16,0
CUST_00080,SKU_00232,2026-05-27,5,0,0.76,6.6,7,4,2026-04-20,0
CUST_00151,SKU_00120,2026-05-27,1,0,0.17,142.7,1,1,2026-04-02,0
CUST_00015,SKU_00093,2026-05-27,8,0,1.55,5.2,14,16,2026-04-11,0
CUST_00178,SKU_00205,2026-05-27,6,0,1.81,3.3,15,25,2026-04-27,0
CUST_00199,SKU_00111,2026-05-27,10,0,54.78,0.2,587,360,2026-05-11,0
CUST_00091,SKU_00006,2026-05-27,2,0,1.47,1.4,14,7,2026-04-01,0
CUST_00084,SKU_00020,2026-05-27,11,0,111.17,0.1,1542,717,2026-05-21,0
CUST_00045,SKU_00021,2026-05-27,36,0,0.45,146.5,4,3,2026-05-17,0
CUST_00003,SKU_00237,2026-05-27,37,6,1.8,17.2,24,18,2026-04-19,0
CUST_00192,SKU_00080,2026-05-27,71,0,0.53,133.0,6,7,2026-04-23,0
CUST_00176,SKU_00099,2026-05-27,6,0,1.88,3.2,22,10,2026-04-19,0
CUST_00039,SKU_00124,2026-05-27,7,0,1.38,5.1,16,19,2026-04-09,0
CUST_00009,SKU_00034,2026-05-27,17,0,0.69,24.6,5,3,2026-04-29,0
CUST_00031,SKU_00097,2026-05-27,8,0,1.59,5.0,21,14,2026-04-07,0
CUST_00056,SKU_00288,2026-05-27,82,0,0.22,215.7,2,1,2026-05-17,0
CUST_00052,SKU_00244,2026-05-27,10,0,0.73,13.7,5,10,2026-03-30,0
CUST_00070,SKU_00272,2026-05-27,4,0,0.75,5.3,9,7,2026-05-14,0
CUST_00069,SKU_00256,2026-05-27,177,0,1.79,98.8,18,9,2026-04-17,11
CUST_00028,SKU_00274,2026-05-27,8,0,0.62,13.0,4,3,2026-04-26,0
CUST_00106,SKU_00195,2026-05-27,185,0,1.15,160.9,8,10,2026-03-30,0
CUST_00093,SKU_00058,2026-05-27,5,0,1.74,2.9,22,15,2026-05-10,0
CUST_00024,SKU_00210,2026-05-27,6,0,35.78,0.2,405,243,2026-05-01,0
CUST_00002,SKU_00253,2026-05-27,2,0,0.81,2.5,10,3,2026-04-07,0
CUST_00067,SKU_00267,2026-05-27,10,0,33.28,0.3,246,448,2026-05-16,0
CUST_00172,SKU_00200,2026-05-27,4,0,1.43,2.8,17,18,2026-05-01,0
CUST_00151,SKU_00253,2026-05-27,3,0,1.89,1.6,13,10,2026-05-24,0
CUST_00103,SKU_00230,2026-05-27,66,0,0.67,98.0,7,2,2026-04-14,0
CUST_00044,SKU_00257,2026-05-27,6,0,1.29,4.7,12,16,2026-03-31,0
CUST_00034,SKU_00224,2026-05-27,1,0,0.36,112.8,4,4,2026-04-22,0
CUST_00049,SKU_00257,2026-05-27,102,9,1.77,52.7,17,13,2026-04-13,0
CUST_00167,SKU_00218,2026-05-27,22,0,1.44,15.3,12,12,2026-05-24,0
CUST_00043,SKU_00025,2026-05-27,13,1,1.44,8.3,15,18,2026-04-11,0
CUST_00019,SKU_00121,2026-05-27,0,0,1.28,0.0,11,9,2026-05-16,0
CUST_00136,SKU_00095,2026-05-27,15,1,0.4,214.4,5,1,2026-05-10,0
CUST_00095,SKU_00273,2026-05-27,4,0,0.79,5.1,9,7,2026-04-26,0
CUST_00011,SKU_00064,2026-05-27,240,31,1.37,152.3,10,7,2026-03-30,0
CUST_00190,SKU_00143,2026-05-27,22,0,1.38,16.0,11,6,2026-04-08,0
CUST_00188,SKU_00070,2026-05-27,25,0,0.06,40.1,0,0,2026-04-24,0
CUST_00190,SKU_00069,2026-05-27,47,0,1.16,40.6,10,12,2026-03-31,4
CUST_00135,SKU_00198,2026-05-27,5,0,0.92,5.5,11,9,2026-03-31,0
CUST_00010,SKU_00005,2026-05-27,11,0,1.67,6.6,12,7,2026-05-04,0
CUST_00181,SKU_00264,2026-05-27,21,0,1.12,18.7,14,8,2026-05-17,0
CUST_00180,SKU_00131,2026-05-27,20,0,1.64,12.2,12,15,2026-04-21,0
CUST_00165,SKU_00190,2026-05-27,3,0,1.72,1.7,21,13,2026-04-29,0
CUST_00172,SKU_00215,2026-05-27,6,0,0.03,107.8,0,0,2026-05-09,0
CUST_00119,SKU_00071,2026-05-27,5,0,0.56,8.9,4,7,2026-04-16,0
CUST_00117,SKU_00202,2026-05-27,6,0,1.4,4.3,16,6,2026-05-16,0
CUST_00060,SKU_00098,2026-05-27,1,0,0.74,1.3,5,9,2026-05-13,0
CUST_00040,SKU_00284,2026-05-27,8,0,1.07,7.5,14,5,2026-05-14,0
CUST_00108,SKU_00208,2026-05-27,56,0,1.21,46.2,11,8,2026-04-05,0
CUST_00056,SKU_00280,2026-05-27,0,0,0.81,0.0,5,6,2026-04-10,0
CUST_00136,SKU_00196,2026-05-27,19,0,1.47,13.0,19,10,2026-05-11,0
CUST_00125,SKU_00263,2026-05-27,6,0,0.14,269.3,1,1,2026-04-18,0
CUST_00128,SKU_00023,2026-05-27,99,0,0.74,132.9,8,4,2026-03-30,0
CUST_00135,SKU_00238,2026-05-27,1,0,1.84,0.5,13,13,2026-05-13,0
CUST_00037,SKU_00211,2026-05-27,6,0,1.22,4.9,11,6,2026-05-26,0
CUST_00167,SKU_00111,2026-05-27,4,0,1.04,3.9,8,4,2026-04-24,0
CUST_00094,SKU_00266,2026-05-27,60,0,1.93,31.1,14,10,2026-04-26,4
CUST_00092,SKU_00174,2026-05-27,8,0,0.4,102.3,5,2,2026-05-19,0
CUST_00043,SKU_00085,2026-05-27,6,1,1.4,3.6,13,7,2026-04-09,0
CUST_00111,SKU_00251,2026-05-27,39,0,105.06,0.4,892,1489,2026-04-08,1
CUST_00175,SKU_00191,2026-05-27,59,0,0.71,82.6,5,3,2026-04-24,0
CUST_00090,SKU_00186,2026-05-27,31,0,0.83,37.2,10,4,2026-05-24,1
CUST_00103,SKU_00073,2026-05-27,13,0,1.41,9.2,12,6,2026-05-15,0
CUST_00165,SKU_00082,2026-05-27,61,0,1.96,31.1,19,18,2026-04-06,0
CUST_00140,SKU_00296,2026-05-27,2,0,1.31,1.5,13,10,2026-05-01,0
CUST_00155,SKU_00013,2026-05-27,33,0,0.58,56.7,5,3,2026-05-16,0
CUST_00164,SKU_00124,2026-05-27,2,0,0.52,3.9,5,6,2026-05-12,0
CUST_00180,SKU_00190,2026-05-27,0,0,1.56,0.0,12,22,2026-04-10,0
CUST_00079,SKU_00199,2026-05-27,66,5,1.21,50.5,12,8,2026-05-11,3
CUST_00046,SKU_00108,2026-05-27,43,0,0.63,68.5,5,7,2026-04-16,0
CUST_00194,SKU_00028,2026-05-27,4,0,1.93,2.1,16,18,2026-05-24,0
CUST_00123,SKU_00241,2026-05-27,23,0,0.67,34.2,4,2,2026-05-14,0
CUST_00031,SKU_00211,2026-05-27,7,0,0.61,11.5,6,2,2026-05-17,0
CUST_00127,SKU_00106,2026-05-27,6,0,1.61,3.7,21,22,2026-05-14,0
CUST_00028,SKU_00284,2026-05-27,7,0,1.9,3.7,24,27,2026-05-06,0
CUST_00157,SKU_00101,2026-05-27,1,0,0.08,146.7,0,0,2026-04-17,0
CUST_00107,SKU_00028,2026-05-27,32,0,1.5,21.3,11,16,2026-05-25,0
CUST_00074,SKU_00093,2026-05-27,3,0,0.46,55.5,6,3,2026-04-17,0
CUST_00018,SKU_00273,2026-05-27,5,0,1.86,2.7,23,15,2026-04-15,0
CUST_00032,SKU_00110,2026-05-27,56,0,0.59,95.5,8,7,2026-05-05,0
CUST_00042,SKU_00236,2026-05-27,2,0,1.82,1.1,22,24,2026-05-13,0
CUST_00060,SKU_00142,2026-05-27,52,0,0.99,52.7,8,13,2026-04-05,0
CUST_00055,SKU_00288,2026-05-27,6,0,0.08,255.0,0,0,2026-05-04,0
CUST_00013,SKU_00183,2026-05-27,3,0,1.85,1.6,19,10,2026-05-22,0
CUST_00029,SKU_00114,2026-05-27,65,0,40.94,1.6,295,235,2026-05-10,0
CUST_00066,SKU_00034,2026-05-27,4,0,1.0,4.0,9,13,2026-05-06,0
CUST_00011,SKU_00009,2026-05-27,9,0,1.33,6.8,14,7,2026-05-22,0
CUST_00194,SKU_00275,2026-05-27,26,0,1.39,18.7,17,15,2026-05-02,0
CUST_00086,SKU_00003,2026-05-27,3,0,0.54,5.5,5,1,2026-04-02,0
CUST_00013,SKU_00288,2026-05-27,8,0,1.27,6.3,11,18,2026-04-11,0
CUST_00055,SKU_00298,2026-05-27,16,0,1.44,11.1,15,10,2026-05-03,0
CUST_00016,SKU_00064,2026-05-27,0,0,0.87,0.0,9,3,2026-05-25,0
CUST_00001,SKU_00051,2026-05-27,2,0,1.66,1.2,12,7,2026-05-05,0
CUST_00080,SKU_00099,2026-05-27,14,0,0.61,22.9,8,4,2026-03-31,0
CUST_00186,SKU_00054,2026-05-27,26,0,0.92,28.3,7,5,2026-05-25,0
CUST_00142,SKU_00006,2026-05-27,12,0,1.38,8.7,9,6,2026-04-11,0
CUST_00157,SKU_00019,2026-05-27,3,0,1.63,1.8,21,10,2026-04-19,0
CUST_00183,SKU_00270,2026-05-27,1,0,1.84,0.5,16,22,2026-04-22,0
CUST_00038,SKU_00138,2026-05-27,1,0,1.08,0.9,10,5,2026-05-13,0
CUST_00113,SKU_00159,2026-05-27,13,0,0.85,15.2,8,5,2026-05-13,0
CUST_00079,SKU_00086,2026-05-27,13,0,0.74,17.7,7,4,2026-04-01,0
CUST_00126,SKU_00073,2026-05-27,8,0,0.52,15.5,3,6,2026-05-15,0
CUST_00010,SKU_00251,2026-05-27,63,11,1.26,41.2,15,10,2026-05-20,0
CUST_00090,SKU_00134,2026-05-27,8,0,1.69,4.7,18,10,2026-05-13,0
CUST_00059,SKU_00225,2026-05-27,0,0,1.89,0.0,19,11,2026-05-25,0
CUST_00038,SKU_00183,2026-05-27,11,1,1.56,6.4,17,14,2026-04-20,0
CUST_00105,SKU_00189,2026-05-27,5,0,1.43,3.5,16,15,2026-05-17,0
CUST_00094,SKU_00200,2026-05-27,6,0,1.38,4.4,16,13,2026-04-01,0
CUST_00072,SKU_00009,2026-05-27,21,2,0.07,227.9,0,0,2026-05-15,0
CUST_00008,SKU_00300,2026-05-27,55,0,1.37,40.1,15,16,2026-05-12,1
CUST_00122,SKU_00169,2026-05-27,48,0,1.96,24.4,20,24,2026-04-23,0
CUST_00142,SKU_00079,2026-05-27,28,0,1.17,23.9,13,6,2026-05-04,0
CUST_00058,SKU_00247,2026-05-27,20,0,0.81,24.7,6,9,2026-05-08,0
CUST_00099,SKU_00286,2026-05-27,4,0,1.97,2.0,17,16,2026-04-14,0
CUST_00102,SKU_00258,2026-05-27,33,0,0.08,274.5,0,0,2026-04-17,0
CUST_00162,SKU_00246,2026-05-27,15,0,1.17,12.8,9,13,2026-05-25,0
CUST_00134,SKU_00001,2026-05-27,18,0,1.08,16.7,13,6,2026-04-09,0
CUST_00009,SKU_00222,2026-05-27,13,0,0.65,20.1,6,4,2026-05-08,0
CUST_00019,SKU_00275,2026-05-27,22,1,0.39,98.7,4,4,2026-04-02,1
CUST_00096,SKU_00296,2026-05-27,9,0,0.15,103.9,1,0,2026-04-07,0
CUST_00197,SKU_00152,2026-05-27,11,0,1.9,5.8,19,16,2026-04-06,0
CUST_00193,SKU_00105,2026-05-27,4,0,1.31,3.1,15,6,2026-05-21,0
CUST_00028,SKU_00148,2026-05-27,7,0,1.04,6.7,7,10,2026-05-06,0
CUST_00180,SKU_00012,2026-05-27,64,0,1.17,54.6,9,10,2026-05-08,0
CUST_00114,SKU_00197,2026-05-27,19,0,1.27,15.0,15,7,2026-05-16,0
CUST_00156,SKU_00045,2026-05-27,13,0,0.99,13.1,7,6,2026-03-31,0
CUST_00154,SKU_00286,2026-05-27,2,0,1.08,1.9,12,4,2026-04-09,0
CUST_00143,SKU_00184,2026-05-27,6,0,1.97,3.0,20,19,2026-05-19,0
CUST_00166,SKU_00092,2026-05-27,1,0,1.89,0.5,23,10,2026-04-24,0
CUST_00080,SKU_00044,2026-05-27,24,0,1.11,21.6,14,6,2026-04-01,0
CUST_00015,SKU_00002,2026-05-27,2,0,1.98,1.0,25,19,2026-05-25,0
CUST_00162,SKU_00176,2026-05-27,20,1,1.24,15.3,14,6,2026-05-20,0
CUST_00040,SKU_00048,2026-05-27,3,0,0.24,285.1,1,1,2026-05-07,0
CUST_00166,SKU_00231,2026-05-27,9,0,0.07,149.3,0,0,2026-05-01,0
CUST_00120,SKU_00229,2026-05-27,10,0,1.88,5.3,19,15,2026-03-30,0
CUST_00044,SKU_00103,2026-05-27,14,0,1.64,8.5,14,7,2026-05-08,1
CUST_00095,SKU_00250,2026-05-27,9,0,1.02,8.8,10,3,2026-04-04,0
CUST_00050,SKU_00066,2026-05-27,7,0,0.26,184.7,2,0,2026-04-01,0
CUST_00050,SKU_00182,2026-05-27,7,0,1.69,4.1,18,9,2026-05-08,0
CUST_00060,SKU_00186,2026-05-27,3,0,0.71,4.2,7,3,2026-04-22,0
CUST_00005,SKU_00151,2026-05-27,15,0,0.53,28.3,5,2,2026-05-02,0
CUST_00011,SKU_00240,2026-05-27,11,0,0.01,209.5,0,0,2026-05-24,0
CUST_00136,SKU_00011,2026-05-27,4,0,1.11,3.6,8,13,2026-05-06,0
CUST_00146,SKU_00018,2026-05-27,5,0,207.28,0.0,1668,1457,2026-05-01,0
CUST_00175,SKU_00267,2026-05-27,21,0,48.44,0.4,354,325,2026-03-29,0
CUST_00088,SKU_00111,2026-05-27,4,0,0.18,196.1,1,0,2026-05-11,0
CUST_00053,SKU_00045,2026-05-27,1,0,78.22,0.0,895,1077,2026-04-04,0
CUST_00093,SKU_00084,2026-05-27,29,0,0.61,47.4,5,3,2026-05-10,1
CUST_00190,SKU_00130,2026-05-27,2,0,1.25,1.6,15,9,2026-04-21,0
CUST_00128,SKU_00083,2026-05-27,20,2,1.52,11.9,21,6,2026-05-02,0
CUST_00014,SKU_00136,2026-05-27,38,2,0.4,179.4,4,1,2026-05-07,0
CUST_00081,SKU_00082,2026-05-27,2,0,1.33,1.5,9,13,2026-04-11,0
CUST_00062,SKU_00084,2026-05-27,2,0,0.3,187.3,2,3,2026-05-12,0
CUST_00198,SKU_00062,2026-05-27,4,0,1.92,2.1,15,24,2026-05-17,0
CUST_00023,SKU_00042,2026-05-27,60,0,1.65,36.4,13,19,2026-04-06,0
CUST_00063,SKU_00136,2026-05-27,17,0,0.56,30.4,5,4,2026-05-24,0
CUST_00027,SKU_00171,2026-05-27,18,3,1.48,10.2,14,11,2026-04-22,0
CUST_00195,SKU_00130,2026-05-27,19,0,491.39,0.0,5257,2774,2026-04-23,0
CUST_00024,SKU_00029,2026-05-27,17,0,1.04,16.3,8,7,2026-05-01,0
CUST_00090,SKU_00050,2026-05-27,2,0,1.33,1.5,11,6,2026-04-03,0
CUST_00106,SKU_00022,2026-05-27,106,0,1.34,78.8,11,12,2026-04-25,0
CUST_00005,SKU_00033,2026-05-27,4,0,0.51,7.9,7,4,2026-04-05,0
CUST_00152,SKU_00092,2026-05-27,11,0,0.69,16.0,8,6,2026-05-24,0
CUST_00111,SKU_00131,2026-05-27,7,0,1.65,4.2,16,12,2026-05-23,0
CUST_00055,SKU_00093,2026-05-27,5,0,0.6,8.3,7,6,2026-04-17,0
CUST_00029,SKU_00052,2026-05-27,3,0,1.48,2.0,15,12,2026-04-22,0
CUST_00191,SKU_00024,2026-05-27,1,0,0.37,97.2,4,3,2026-05-07,0
CUST_00173,SKU_00196,2026-05-27,54,0,0.07,291.8,0,0,2026-04-04,0
CUST_00196,SKU_00172,2026-05-27,2,0,0.99,2.0,7,4,2026-05-11,0
CUST_00128,SKU_00209,2026-05-27,1,0,0.48,239.2,4,3,2026-04-23,0
CUST_00026,SKU_00162,2026-05-27,14,0,0.95,14.8,13,9,2026-04-26,0
CUST_00058,SKU_00282,2026-05-27,0,0,0.24,83.0,2,1,2026-04-27,0
CUST_00053,SKU_00234,2026-05-27,6,0,1.57,3.8,18,16,2026-03-30,0
CUST_00070,SKU_00200,2026-05-27,3,0,0.35,107.4,4,3,2026-03-30,0
CUST_00101,SKU_00024,2026-05-27,3,0,72.78,0.0,636,1056,2026-04-07,0
CUST_00024,SKU_00261,2026-05-27,26,0,1.51,17.2,16,16,2026-05-06,0
CUST_00021,SKU_00255,2026-05-27,3,0,0.15,40.1,1,1,2026-04-22,0
CUST_00162,SKU_00168,2026-05-27,25,0,100.39,0.2,1233,676,2026-04-23,0
CUST_00128,SKU_00051,2026-05-27,12,0,1.2,10.0,10,9,2026-05-09,0
CUST_00036,SKU_00157,2026-05-27,2,0,0.07,218.2,0,0,2026-04-30,0
CUST_00052,SKU_00033,2026-05-27,8,0,0.72,11.1,9,4,2026-04-06,0
CUST_00129,SKU_00237,2026-05-27,51,0,1.01,50.7,9,12,2026-04-29,0
CUST_00149,SKU_00247,2026-05-27,38,0,1.96,19.4,19,12,2026-05-07,0
CUST_00004,SKU_00215,2026-05-27,13,1,343.89,0.0,3997,1391,2026-04-11,0
CUST_00158,SKU_00176,2026-05-27,48,4,0.35,193.5,3,1,2026-04-20,0
CUST_00200,SKU_00243,2026-05-27,5,0,75.22,0.1,911,597,2026-03-29,0
CUST_00118,SKU_00173,2026-05-27,33,0,1.16,28.4,13,7,2026-04-26,0
CUST_00190,SKU_00094,2026-05-27,0,0,0.26,157.0,2,1,2026-04-12,0
CUST_00041,SKU_00028,2026-05-27,20,0,0.73,27.4,7,10,2026-05-05,0
CUST_00118,SKU_00291,2026-05-27,28,0,1.6,17.5,19,9,2026-04-01,1
CUST_00031,SKU_00085,2026-05-27,2,0,1.59,1.3,15,11,2026-04-08,0
CUST_00151,SKU_00062,2026-05-27,7,0,1.85,3.8,24,14,2026-04-21,0
CUST_00149,SKU_00038,2026-05-27,0,0,0.04,152.7,0,0,2026-05-03,0
CUST_00064,SKU_00007,2026-05-27,11,0,0.71,15.5,5,2,2026-03-29,0
CUST_00140,SKU_00062,2026-05-27,26,0,0.59,44.1,6,7,2026-05-21,0
CUST_00012,SKU_00111,2026-05-27,11,0,0.7,15.6,8,3,2026-04-04,0
CUST_00094,SKU_00081,2026-05-27,6,0,0.47,125.0,5,1,2026-04-30,0
CUST_00082,SKU_00245,2026-05-27,3,0,1.71,1.8,22,13,2026-04-10,0
CUST_00006,SKU_00138,2026-05-27,4,0,1.22,3.3,14,4,2026-05-22,0
CUST_00086,SKU_00218,2026-05-27,13,2,1.97,5.6,21,15,2026-05-24,0
CUST_00132,SKU_00251,2026-05-27,12,0,81.22,0.1,1122,391,2026-04-21,0
CUST_00025,SKU_00191,2026-05-27,46,0,0.93,49.4,12,7,2026-05-01,0
CUST_00049,SKU_00200,2026-05-27,29,0,0.74,39.1,5,4,2026-04-07,0
CUST_00200,SKU_00270,2026-05-27,6,0,1.14,5.3,8,8,2026-04-27,0
CUST_00147,SKU_00193,2026-05-27,1,0,1.99,0.5,22,15,2026-05-13,0
CUST_00119,SKU_00299,2026-05-27,12,0,0.38,187.7,4,4,2026-05-01,0
CUST_00090,SKU_00049,2026-05-27,23,2,1.46,14.3,15,10,2026-05-20,0
CUST_00144,SKU_00131,2026-05-27,2,0,0.93,2.1,11,10,2026-04-02,0
CUST_00029,SKU_00211,2026-05-27,3,0,0.75,4.0,5,2,2026-05-01,0
CUST_00154,SKU_00055,2026-05-27,1,0,0.81,1.2,7,4,2026-05-23,0
CUST_00009,SKU_00055,2026-05-27,12,0,1.83,6.6,16,7,2026-05-24,0
CUST_00026,SKU_00207,2026-05-27,28,0,1.16,24.2,13,12,2026-04-01,0
CUST_00132,SKU_00051,2026-05-27,17,0,0.89,19.2,7,7,2026-05-11,0
CUST_00103,SKU_00112,2026-05-27,3,0,0.15,54.0,1,1,2026-04-04,0
CUST_00114,SKU_00153,2026-05-27,61,0,0.14,278.1,1,1,2026-04-26,0
CUST_00180,SKU_00063,2026-05-27,4,0,0.91,4.4,10,12,2026-04-27,0
CUST_00023,SKU_00218,2026-05-27,7,0,1.42,4.9,12,12,2026-04-09,0
CUST_00159,SKU_00015,2026-05-27,12,0,1.54,7.8,10,12,2026-04-27,0
CUST_00160,SKU_00222,2026-05-27,9,0,1.57,5.7,18,19,2026-05-13,0
CUST_00180,SKU_00279,2026-05-27,35,4,0.55,55.9,7,6,2026-04-30,0
CUST_00094,SKU_00260,2026-05-27,3,0,1.03,2.9,7,10,2026-05-10,0
CUST_00030,SKU_00283,2026-05-27,18,3,1.16,12.9,9,10,2026-04-08,0
CUST_00090,SKU_00229,2026-05-27,14,0,1.57,8.9,13,6,2026-04-04,0
CUST_00104,SKU_00125,2026-05-27,3,0,1.02,3.0,13,13,2026-04-21,0
CUST_00085,SKU_00061,2026-05-27,11,0,0.28,104.7,3,1,2026-05-13,0
CUST_00065,SKU_00015,2026-05-27,3,0,0.8,3.8,10,4,2026-05-14,0
CUST_00099,SKU_00300,2026-05-27,21,0,1.92,10.9,18,22,2026-04-06,0
CUST_00147,SKU_00253,2026-05-27,5,0,0.02,63.0,0,0,2026-04-11,0
CUST_00061,SKU_00006,2026-05-27,7,0,0.42,213.0,4,4,2026-04-13,0
CUST_00060,SKU_00186,2026-05-27,0,0,0.43,261.7,3,1,2026-04-25,0
CUST_00013,SKU_00262,2026-05-27,30,3,1.06,25.5,10,4,2026-04-01,0
CUST_00037,SKU_00116,2026-05-27,5,0,0.34,235.8,3,3,2026-05-09,0
CUST_00070,SKU_00141,2026-05-27,1,0,1.68,0.6,13,9,2026-05-23,0
CUST_00118,SKU_00123,2026-05-27,29,0,0.61,47.8,6,4,2026-04-05,0
CUST_00006,SKU_00129,2026-05-27,5,0,0.64,7.9,5,5,2026-04-13,0
CUST_00093,SKU_00170,2026-05-27,2,0,0.53,3.7,5,3,2026-04-11,0
CUST_00174,SKU_00255,2026-05-27,2,0,0.97,2.1,8,6,2026-03-29,0
CUST_00050,SKU_00054,2026-05-27,16,0,61.94,0.3,849,583,2026-04-30,0
CUST_00177,SKU_00077,2026-05-27,55,0,1.28,43.1,17,8,2026-05-21,0
CUST_00149,SKU_00025,2026-05-27,10,0,1.63,6.1,21,7,2026-03-31,0
CUST_00011,SKU_00296,2026-05-27,2,0,1.71,1.2,14,22,2026-04-15,0
CUST_00032,SKU_00117,2026-05-27,9,0,0.03,49.4,0,0,2026-03-29,0
CUST_00039,SKU_00077,2026-05-27,10,0,0.3,37.2,3,0,2026-05-06,0
CUST_00094,SKU_00072,2026-05-27,7,0,1.57,4.5,13,7,2026-04-14,0
CUST_00071,SKU_00289,2026-05-27,6,0,0.86,7.0,7,3,2026-05-23,0
CUST_00024,SKU_00080,2026-05-27,40,0,0.61,65.1,7,6,2026-04-09,0
CUST_00110,SKU_00153,2026-05-27,10,0,1.21,8.3,8,11,2026-04-30,0
CUST_00105,SKU_00253,2026-05-27,13,0,0.19,100.2,1,1,2026-04-25,0
CUST_00026,SKU_00230,2026-05-27,16,0,1.07,15.0,10,10,2026-04-25,0
CUST_00161,SKU_00279,2026-05-27,27,0,0.58,46.3,7,4,2026-05-02,0
CUST_00105,SKU_00231,2026-05-27,7,0,0.88,8.0,11,12,2026-05-09,0
CUST_00027,SKU_00290,2026-05-27,0,0,0.18,283.5,1,1,2026-04-12,0
CUST_00176,SKU_00248,2026-05-27,10,0,1.6,6.3,16,18,2026-03-29,0
CUST_00008,SKU_00201,2026-05-27,4,0,0.84,4.7,6,6,2026-05-14,0
CUST_00143,SKU_00210,2026-05-27,6,0,0.49,284.0,6,6,2026-04-22,0
CUST_00182,SKU_00262,2026-05-27,2,0,0.5,217.5,4,2,2026-03-30,0
CUST_00029,SKU_00163,2026-05-27,2,0,0.77,2.6,8,5,2026-05-04,0
CUST_00092,SKU_00036,2026-05-27,56,0,0.97,57.8,12,3,2026-04-29,0
CUST_00015,SKU_00107,2026-05-27,4,0,0.23,127.9,2,1,2026-04-29,0
CUST_00147,SKU_00289,2026-05-27,5,0,1.29,3.9,17,15,2026-04-23,0
CUST_00010,SKU_00183,2026-05-27,22,0,1.95,11.3,19,8,2026-05-19,0
CUST_00061,SKU_00195,2026-05-27,3,0,1.99,1.5,27,25,2026-03-29,0
CUST_00194,SKU_00066,2026-05-27,2,0,1.26,1.6,15,6,2026-04-03,0
CUST_00049,SKU_00119,2026-05-27,1,0,1.21,0.8,15,12,2026-04-03,0
CUST_00140,SKU_00112,2026-05-27,1,0,0.88,1.1,9,9,2026-04-07,0
CUST_00106,SKU_00164,2026-05-27,12,1,0.97,11.4,12,7,2026-03-31,0
CUST_00011,SKU_00292,2026-05-27,16,1,1.97,7.6,14,10,2026-04-16,0
CUST_00092,SKU_00299,2026-05-27,5,0,1.53,3.3,13,15,2026-04-20,0
CUST_00122,SKU_00095,2026-05-27,3,0,1.24,2.4,11,9,2026-05-26,0
CUST_00024,SKU_00169,2026-05-27,3,0,0.99,3.0,9,6,2026-04-04,0
CUST_00049,SKU_00154,2026-05-27,0,0,0.17,85.9,2,0,2026-04-18,0
CUST_00160,SKU_00299,2026-05-27,3,0,1.0,3.0,11,4,2026-05-08,0
CUST_00124,SKU_00251,2026-05-27,12,1,1.17,9.4,11,11,2026-04-11,1
CUST_00050,SKU_00189,2026-05-27,2,0,0.78,2.6,8,10,2026-05-03,0
CUST_00114,SKU_00004,2026-05-27,18,3,1.58,9.5,18,13,2026-05-15,0
CUST_00065,SKU_00146,2026-05-27,4,0,1.64,2.4,16,13,2026-04-29,0
CUST_00165,SKU_00111,2026-05-27,52,0,1.06,49.0,10,12,2026-04-01,0
CUST_00161,SKU_00206,2026-05-27,0,0,0.04,131.8,0,0,2026-04-04,0
CUST_00042,SKU_00186,2026-05-27,1,0,1.37,0.7,12,19,2026-04-09,0
CUST_00190,SKU_00267,2026-05-27,8,1,1.87,3.7,18,24,2026-05-07,0
CUST_00073,SKU_00230,2026-05-27,13,0,0.73,17.7,8,3,2026-04-13,0
CUST_00144,SKU_00214,2026-05-27,12,0,0.14,33.6,1,0,2026-04-06,0
CUST_00176,SKU_00178,2026-05-27,10,0,0.39,130.6,3,1,2026-05-09,0
CUST_00009,SKU_00227,2026-05-27,55,0,1.71,32.2,17,11,2026-05-15,0
CUST_00095,SKU_00109,2026-05-27,3,0,1.67,1.8,13,8,2026-04-29,0
CUST_00035,SKU_00090,2026-05-27,6,0,0.39,124.1,3,1,2026-04-13,0
CUST_00040,SKU_00085,2026-05-27,1,0,1.3,0.8,13,9,2026-04-21,0
CUST_00081,SKU_00072,2026-05-27,19,1,1.92,9.4,17,19,2026-05-23,0
CUST_00135,SKU_00164,2026-05-27,23,0,0.89,25.9,10,7,2026-04-15,0
CUST_00042,SKU_00124,2026-05-27,7,0,0.72,9.7,7,3,2026-04-16,0
CUST_00113,SKU_00218,2026-05-27,2,0,0.66,3.0,5,3,2026-05-08,0
CUST_00031,SKU_00146,2026-05-27,4,0,0.81,4.9,9,7,2026-04-22,0
CUST_00112,SKU_00139,2026-05-27,21,0,1.42,14.8,17,15,2026-04-15,0
CUST_00191,SKU_00115,2026-05-27,151,0,0.55,273.6,3,6,2026-04-16,0
CUST_00146,SKU_00067,2026-05-27,4,0,1.26,3.2,12,10,2026-05-17,0
CUST_00007,SKU_00158,2026-05-27,15,0,1.46,10.3,18,16,2026-04-07,0
CUST_00178,SKU_00225,2026-05-27,2,0,1.92,1.0,25,25,2026-04-06,0
CUST_00150,SKU_00025,2026-05-27,31,2,0.89,32.6,9,9,2026-04-23,0
CUST_00069,SKU_00028,2026-05-27,15,2,1.55,8.4,12,9,2026-03-31,0
CUST_00199,SKU_00193,2026-05-27,15,0,0.74,20.3,8,4,2026-05-12,0
CUST_00054,SKU_00277,2026-05-27,6,0,0.86,7.0,7,4,2026-05-20,0
CUST_00084,SKU_00152,2026-05-27,20,0,0.81,24.7,10,6,2026-05-23,0
CUST_00032,SKU_00148,2026-05-27,19,0,0.5,38.0,4,3,2026-04-07,0
CUST_00037,SKU_00138,2026-05-27,14,0,0.89,15.7,9,8,2026-04-12,0
CUST_00010,SKU_00298,2026-05-27,7,0,0.57,12.2,4,1,2026-05-20,0
CUST_00181,SKU_00100,2026-05-27,37,0,1.46,25.3,18,7,2026-04-10,2
CUST_00101,SKU_00135,2026-05-27,1,0,1.67,0.6,18,15,2026-04-02,0
CUST_00140,SKU_00233,2026-05-27,1,0,0.61,1.6,7,4,2026-05-20,0
CUST_00118,SKU_00138,2026-05-27,6,0,0.6,9.9,7,7,2026-04-13,0
CUST_00137,SKU_00181,2026-05-27,11,0,0.76,14.5,5,3,2026-04-06,0
CUST_00177,SKU_00183,2026-05-27,32,0,1.75,18.3,21,16,2026-04-14,0
CUST_00076,SKU_00160,2026-05-27,28,4,0.15,77.6,1,1,2026-05-07,0
CUST_00061,SKU_00198,2026-05-27,5,0,0.9,5.5,8,10,2026-04-10,0
CUST_00193,SKU_00283,2026-05-27,38,0,0.31,59.9,2,3,2026-05-04,0
CUST_00072,SKU_00210,2026-05-27,6,0,1.74,3.4,17,19,2026-04-13,0
CUST_00002,SKU_00296,2026-05-27,5,0,0.93,5.4,8,7,2026-05-05,0
CUST_00126,SKU_00106,2026-05-27,8,0,0.4,122.6,4,4,2026-03-31,0
CUST_00088,SKU_00198,2026-05-27,9,0,1.1,8.2,15,10,2026-05-09,0
CUST_00063,SKU_00279,2026-05-27,85,0,1.78,47.9,23,12,2026-04-21,0
CUST_00103,SKU_00070,2026-05-27,6,0,0.91,6.6,10,6,2026-04-10,0
CUST_00055,SKU_00100,2026-05-27,38,0,1.6,23.8,13,12,2026-04-30,0
CUST_00008,SKU_00262,2026-05-27,24,0,1.0,24.1,9,4,2026-05-18,0
CUST_00192,SKU_00231,2026-05-27,26,0,1.76,14.8,22,15,2026-04-05,0
CUST_00180,SKU_00072,2026-05-27,50,0,1.77,28.2,16,10,2026-04-13,1
CUST_00155,SKU_00107,2026-05-27,16,0,0.88,18.3,7,6,2026-04-27,0
CUST_00073,SKU_00125,2026-05-27,20,1,0.83,22.8,6,9,2026-05-10,0
CUST_00159,SKU_00251,2026-05-27,7,0,1.4,5.0,10,15,2026-05-05,0
CUST_00010,SKU_00176,2026-05-27,1,0,1.41,0.7,18,6,2026-05-06,0
CUST_00069,SKU_00196,2026-05-27,5,0,2.0,2.5,20,12,2026-04-19,0
CUST_00109,SKU_00196,2026-05-27,24,0,0.17,156.3,2,0,2026-04-24,0
CUST_00106,SKU_00124,2026-05-27,2,0,39.94,0.1,429,247,2026-04-29,0
CUST_00170,SKU_00165,2026-05-27,26,0,1.78,14.6,19,22,2026-05-01,0
CUST_00046,SKU_00277,2026-05-27,32,0,1.92,16.7,19,12,2026-05-19,0
CUST_00047,SKU_00047,2026-05-27,0,0,1.93,0.0,21,27,2026-05-16,0
CUST_00031,SKU_00268,2026-05-27,52,0,1.62,32.1,16,10,2026-04-29,0
CUST_00064,SKU_00041,2026-05-27,18,0,1.28,14.0,15,11,2026-05-04,0
CUST_00137,SKU_00082,2026-05-27,35,0,0.97,36.2,12,9,2026-04-06,0
CUST_00192,SKU_00170,2026-05-27,30,5,84.67,0.3,647,516,2026-05-17,2
CUST_00098,SKU_00118,2026-05-27,11,0,1.26,8.7,10,9,2026-04-12,0
CUST_00197,SKU_00300,2026-05-27,19,0,0.89,21.4,11,6,2026-04-06,0
CUST_00037,SKU_00028,2026-05-27,31,0,1.81,17.2,24,7,2026-05-06,0
CUST_00052,SKU_00067,2026-05-27,27,0,1.69,16.0,19,16,2026-04-15,0
CUST_00194,SKU_00175,2026-05-27,7,0,0.14,113.3,1,0,2026-05-07,0
CUST_00046,SKU_00099,2026-05-27,6,0,1.31,4.6,13,12,2026-05-10,0
CUST_00189,SKU_00099,2026-05-27,19,0,1.25,15.1,11,13,2026-04-16,0
CUST_00143,SKU_00009,2026-05-27,1,0,1.7,0.6,21,21,2026-05-03,0
CUST_00124,SKU_00132,2026-05-27,18,0,0.47,273.3,4,2,2026-05-16,0
CUST_00099,SKU_00297,2026-05-27,20,0,0.41,72.4,4,4,2026-04-09,0
CUST_00171,SKU_00051,2026-05-27,12,0,0.38,168.6,3,4,2026-05-12,0
CUST_00142,SKU_00037,2026-05-27,23,3,88.78,0.2,921,625,2026-04-08,0
CUST_00196,SKU_00052,2026-05-27,12,0,0.53,22.5,6,6,2026-05-05,0
CUST_00098,SKU_00028,2026-05-27,7,0,0.7,10.0,7,3,2026-04-13,0
CUST_00136,SKU_00196,2026-05-27,7,0,1.06,6.6,7,10,2026-05-23,0
CUST_00079,SKU_00249,2026-05-27,22,0,1.69,13.1,18,10,2026-04-27,0
CUST_00020,SKU_00071,2026-05-27,5,0,1.06,4.7,11,4,2026-04-17,0
CUST_00162,SKU_00207,2026-05-27,8,0,0.32,136.2,4,1,2026-05-07,0
CUST_00011,SKU_00093,2026-05-27,12,0,31.72,0.4,417,247,2026-04-23,0
CUST_00070,SKU_00017,2026-05-27,52,0,1.92,27.1,15,21,2026-05-19,0
CUST_00175,SKU_00095,2026-05-27,4,0,0.03,268.3,0,0,2026-05-26,0
CUST_00054,SKU_00296,2026-05-27,25,0,1.64,15.2,14,11,2026-04-08,0
CUST_00194,SKU_00198,2026-05-27,1,0,1.26,0.8,14,9,2026-05-10,0
CUST_00089,SKU_00240,2026-05-27,3,0,1.77,1.7,16,25,2026-04-25,0
CUST_00090,SKU_00030,2026-05-27,1,0,1.47,0.7,15,10,2026-05-12,0
CUST_00066,SKU_00272,2026-05-27,24,0,1.35,17.8,11,12,2026-04-20,0
CUST_00178,SKU_00285,2026-05-27,10,0,0.69,14.5,8,7,2026-05-22,0
CUST_00187,SKU_00070,2026-05-27,21,0,1.14,18.5,15,9,2026-03-31,0
CUST_00038,SKU_00010,2026-05-27,5,0,1.78,2.8,13,12,2026-04-26,0
CUST_00169,SKU_00036,2026-05-27,0,0,1.84,0.0,18,13,2026-05-01,0
CUST_00030,SKU_00120,2026-05-27,4,0,1.09,3.7,13,5,2026-04-14,0
CUST_00097,SKU_00257,2026-05-27,286,0,1.03,276.4,11,13,2026-05-24,0
CUST_00172,SKU_00160,2026-05-27,13,1,1.95,6.1,17,21,2026-04-26,0
CUST_00112,SKU_00022,2026-05-27,12,0,1.38,8.7,17,15,2026-05-24,0
CUST_00010,SKU_00229,2026-05-27,13,0,0.7,18.7,8,6,2026-04-16,0
CUST_00102,SKU_00020,2026-05-27,34,0,0.0,116.9,0,0,2026-05-13,0
CUST_00030,SKU_00233,2026-05-27,1,0,1.89,0.5,19,6,2026-05-11,0
CUST_00089,SKU_00087,2026-05-27,8,0,1.37,5.8,17,13,2026-04-13,0
CUST_00010,SKU_00071,2026-05-27,2,0,1.03,1.9,7,3,2026-04-10,0
CUST_00099,SKU_00137,2026-05-27,2,0,0.98,2.0,11,9,2026-05-09,0
CUST_00085,SKU_00176,2026-05-27,212,38,0.78,224.0,8,10,2026-03-30,0
CUST_00037,SKU_00121,2026-05-27,4,0,1.04,3.8,8,7,2026-04-12,0
CUST_00088,SKU_00111,2026-05-27,81,0,0.11,187.5,1,0,2026-05-04,0
CUST_00134,SKU_00283,2026-05-27,24,0,1.05,22.8,14,6,2026-04-08,0
CUST_00165,SKU_00123,2026-05-27,2,0,0.37,185.5,4,3,2026-05-13,0
CUST_00154,SKU_00271,2026-05-27,8,0,1.06,7.6,8,5,2026-04-10,0
CUST_00088,SKU_00221,2026-05-27,27,0,1.92,14.0,15,7,2026-05-12,0
CUST_00052,SKU_00034,2026-05-27,24,0,1.7,14.1,20,21,2026-04-14,0
CUST_00034,SKU_00013,2026-05-27,36,0,1.28,28.1,14,16,2026-04-12,0
CUST_00154,SKU_00131,2026-05-27,21,0,0.05,88.1,0,0,2026-04-07,0
CUST_00027,SKU_00300,2026-05-27,10,0,0.56,18.0,7,2,2026-05-24,0
CUST_00164,SKU_00083,2026-05-27,10,1,0.47,274.6,5,4,2026-05-01,0
CUST_00013,SKU_00262,2026-05-27,10,0,0.49,121.1,4,3,2026-05-14,0
CUST_00053,SKU_00125,2026-05-27,56,0,0.72,77.6,9,4,2026-04-07,5
CUST_00071,SKU_00249,2026-05-27,12,0,1.43,8.4,10,15,2026-04-10,0
CUST_00195,SKU_00074,2026-05-27,20,3,0.99,17.1,8,4,2026-04-29,0
CUST_00135,SKU_00297,2026-05-27,6,0,29.22,0.2,344,375,2026-03-31,0
CUST_00142,SKU_00216,2026-05-27,5,0,0.64,7.9,6,2,2026-05-10,0
CUST_00024,SKU_00095,2026-05-27,8,0,1.09,7.3,14,15,2026-05-09,0
CUST_00103,SKU_00297,2026-05-27,49,0,0.44,265.7,3,1,2026-04-19,0
CUST_00011,SKU_00234,2026-05-27,89,0,1.06,84.3,8,7,2026-05-04,0
CUST_00127,SKU_00300,2026-05-27,11,0,1.91,5.8,19,22,2026-05-10,0
CUST_00142,SKU_00272,2026-05-27,26,0,1.61,16.1,21,11,2026-05-24,0
CUST_00156,SKU_00198,2026-05-27,26,0,0.65,39.7,5,4,2026-04-06,0
CUST_00189,SKU_00145,2026-05-27,7,0,1.4,5.0,13,18,2026-03-29,0
CUST_00076,SKU_00213,2026-05-27,12,0,1.25,9.6,12,10,2026-05-14,1
CUST_00152,SKU_00098,2026-05-27,7,0,0.73,9.6,7,7,2026-04-18,0
CUST_00076,SKU_00045,2026-05-27,0,0,1.89,0.0,16,13,2026-05-25,0
CUST_00042,SKU_00059,2026-05-27,5,0,1.71,2.9,14,12,2026-04-13,0
CUST_00179,SKU_00218,2026-05-27,31,0,0.36,51.8,3,1,2026-04-19,0
CUST_00175,SKU_00174,2026-05-27,3,0,1.55,1.9,17,8,2026-05-02,0
CUST_00079,SKU_00171,2026-05-27,12,0,0.82,14.6,9,7,2026-04-08,0
CUST_00039,SKU_00006,2026-05-27,1,0,1.01,1.0,11,9,2026-03-29,0
CUST_00130,SKU_00143,2026-05-27,11,0,0.38,37.1,2,1,2026-05-05,0
CUST_00037,SKU_00059,2026-05-27,22,0,1.13,19.5,14,8,2026-05-23,0
CUST_00197,SKU_00099,2026-05-27,12,0,0.49,32.6,5,6,2026-05-23,0
CUST_00017,SKU_00262,2026-05-27,3,0,1.09,2.8,12,13,2026-04-23,0
CUST_00012,SKU_00078,2026-05-27,11,1,1.76,5.7,16,21,2026-05-17,0
CUST_00132,SKU_00209,2026-05-27,9,0,1.44,6.2,15,19,2026-04-13,0
CUST_00047,SKU_00290,2026-05-27,10,0,119.78,0.1,1514,1129,2026-05-16,0
CUST_00124,SKU_00040,2026-05-27,19,0,0.51,37.3,5,1,2026-04-17,0
CUST_00059,SKU_00271,2026-05-27,1,0,0.67,1.5,5,2,2026-05-15,0
CUST_00173,SKU_00180,2026-05-27,11,0,1.21,9.1,11,3,2026-05-26,0
CUST_00038,SKU_00040,2026-05-27,53,0,0.75,71.0,9,2,2026-05-16,0
CUST_00130,SKU_00155,2026-05-27,6,0,1.97,3.1,22,19,2026-04-26,0
CUST_00058,SKU_00298,2026-05-27,20,1,1.49,12.7,18,9,2026-05-23,0
CUST_00130,SKU_00235,2026-05-27,1,0,0.91,1.1,8,6,2026-05-22,0
CUST_00140,SKU_00111,2026-05-27,74,0,1.96,37.8,23,15,2026-03-30,0
CUST_00089,SKU_00068,2026-05-27,4,0,1.72,2.3,22,16,2026-04-25,0
CUST_00084,SKU_00203,2026-05-27,11,0,0.77,14.2,7,9,2026-04-19,0
CUST_00061,SKU_00089,2026-05-27,104,0,0.78,133.9,9,9,2026-04-24,0
CUST_00151,SKU_00136,2026-05-27,4,0,0.63,6.3,4,3,2026-05-07,0
CUST_00121,SKU_00084,2026-05-27,9,0,1.62,5.6,12,11,2026-05-05,0
CUST_00155,SKU_00194,2026-05-27,4,0,0.97,4.1,13,6,2026-04-27,0
CUST_00023,SKU_00025,2026-05-27,19,0,1.81,10.5,14,21,2026-04-26,0
CUST_00124,SKU_00223,2026-05-27,9,0,1.44,6.3,18,14,2026-04-23,0
CUST_00194,SKU_00256,2026-05-27,6,0,0.57,10.5,6,3,2026-05-26,0
CUST_00127,SKU_00192,2026-05-27,42,0,0.83,50.5,8,7,2026-05-15,0
CUST_00059,SKU_00043,2026-05-27,13,0,0.45,134.2,3,4,2026-04-19,0
CUST_00132,SKU_00170,2026-05-27,2,0,1.93,1.0,17,25,2026-05-01,0
CUST_00147,SKU_00076,2026-05-27,6,0,0.94,6.4,12,7,2026-03-29,0
CUST_00068,SKU_00004,2026-05-27,237,0,0.92,256.9,9,7,2026-04-04,0
CUST_00136,SKU_00279,2026-05-27,178,0,1.54,115.6,20,16,2026-04-15,0
CUST_00023,SKU_00104,2026-05-27,10,0,1.51,6.6,20,10,2026-04-21,0
CUST_00013,SKU_00194,2026-05-27,20,0,1.03,19.4,11,9,2026-05-12,0
CUST_00152,SKU_00219,2026-05-27,2,0,1.43,1.4,14,16,2026-04-27,0
CUST_00039,SKU_00181,2026-05-27,1,0,1.16,0.9,8,12,2026-04-17,0
CUST_00039,SKU_00246,2026-05-27,9,0,1.82,4.9,20,15,2026-05-19,0
CUST_00097,SKU_00007,2026-05-27,14,0,1.54,9.1,13,10,2026-04-10,1
CUST_00018,SKU_00243,2026-05-27,1,0,0.68,1.5,7,4,2026-05-20,0
CUST_00060,SKU_00004,2026-05-27,41,0,0.92,44.4,8,12,2026-04-01,0
CUST_00169,SKU_00225,2026-05-27,5,0,99.39,0.1,921,1024,2026-05-24,0
CUST_00191,SKU_00276,2026-05-27,1,0,1.62,0.6,21,18,2026-03-31,0
CUST_00088,SKU_00235,2026-05-27,18,0,1.47,12.2,16,19,2026-04-30,0
CUST_00118,SKU_00239,2026-05-27,23,0,0.44,274.3,4,1,2026-04-17,0
CUST_00151,SKU_00136,2026-05-27,39,0,1.12,34.7,9,6,2026-04-15,0
CUST_00017,SKU_00199,2026-05-27,20,0,1.51,13.3,18,13,2026-05-08,0
CUST_00134,SKU_00137,2026-05-27,1,0,0.91,1.1,9,10,2026-05-24,0
CUST_00190,SKU_00131,2026-05-27,14,0,0.39,231.6,3,3,2026-03-29,0
CUST_00063,SKU_00297,2026-05-27,2,0,0.67,3.0,7,3,2026-05-03,0
CUST_00027,SKU_00163,2026-05-27,14,0,0.09,69.4,0,0,2026-04-06,0
CUST_00043,SKU_00292,2026-05-27,21,0,1.8,11.6,17,13,2026-04-03,0
CUST_00008,SKU_00268,2026-05-27,16,1,1.03,14.5,10,7,2026-04-14,0
CUST_00110,SKU_00113,2026-05-27,1,0,1.94,0.5,22,6,2026-04-30,0
CUST_00197,SKU_00022,2026-05-27,37,0,1.25,29.7,16,13,2026-04-07,0
CUST_00192,SKU_00082,2026-05-27,78,11,1.04,64.7,9,7,2026-04-27,0
CUST_00018,SKU_00155,2026-05-27,7,0,0.13,109.4,1,1,2026-05-09,0
CUST_00096,SKU_00030,2026-05-27,34,0,1.87,18.2,22,6,2026-04-13,0
CUST_00200,SKU_00108,2026-05-27,16,0,1.06,15.2,9,7,2026-05-10,0
CUST_00140,SKU_00249,2026-05-27,2,0,0.32,278.7,2,3,2026-05-04,0
CUST_00154,SKU_00140,2026-05-27,6,0,1.71,3.5,16,11,2026-04-14,0
CUST_00138,SKU_00153,2026-05-27,5,0,0.39,79.4,3,3,2026-05-08,0
CUST_00132,SKU_00198,2026-05-27,4,0,0.85,4.7,10,7,2026-04-25,0
CUST_00130,SKU_00233,2026-05-27,16,0,1.14,14.0,8,10,2026-04-05,0
CUST_00026,SKU_00032,2026-05-27,6,0,0.6,10.1,4,3,2026-05-06,0
CUST_00111,SKU_00020,2026-05-27,9,0,1.71,5.3,19,19,2026-04-01,0
CUST_00001,SKU_00194,2026-05-27,2,0,1.48,1.4,16,15,2026-05-17,0
CUST_00179,SKU_00193,2026-05-27,17,0,1.55,11.0,12,22,2026-04-19,0
CUST_00163,SKU_00213,2026-05-27,23,0,0.84,27.4,9,8,2026-05-19,0
CUST_00096,SKU_00201,2026-05-27,6,0,0.95,6.3,7,6,2026-05-26,0
CUST_00113,SKU_00045,2026-05-27,4,0,0.17,64.7,2,1,2026-05-03,0
CUST_00080,SKU_00127,2026-05-27,56,0,1.71,32.8,12,16,2026-05-03,0
CUST_00110,SKU_00108,2026-05-27,22,0,0.71,31.1,5,2,2026-04-22,0
CUST_00087,SKU_00226,2026-05-27,11,0,0.49,45.7,6,1,2026-04-16,0
CUST_00108,SKU_00040,2026-05-27,99,0,0.25,213.8,3,2,2026-03-30,0
CUST_00020,SKU_00011,2026-05-27,5,0,1.54,3.2,12,10,2026-05-13,0
CUST_00124,SKU_00072,2026-05-27,5,0,1.67,3.0,18,8,2026-04-19,0
CUST_00099,SKU_00141,2026-05-27,6,0,1.49,4.0,10,19,2026-04-05,0
CUST_00101,SKU_00195,2026-05-27,17,2,1.45,10.3,15,19,2026-05-20,0
CUST_00029,SKU_00247,2026-05-27,19,0,1.09,17.4,11,5,2026-04-22,0
CUST_00192,SKU_00206,2026-05-27,3,0,1.45,2.1,18,7,2026-04-04,0
CUST_00079,SKU_00148,2026-05-27,13,0,0.94,13.8,6,4,2026-04-04,0
CUST_00161,SKU_00237,2026-05-27,2,0,0.2,75.4,2,1,2026-04-28,0
CUST_00091,SKU_00030,2026-05-27,11,0,1.1,10.0,9,9,2026-05-02,0
CUST_00107,SKU_00077,2026-05-27,19,0,1.1,17.3,12,6,2026-05-23,0
CUST_00064,SKU_00061,2026-05-27,7,0,0.42,71.1,5,4,2026-04-09,0
CUST_00079,SKU_00100,2026-05-27,1,0,1.47,0.7,17,7,2026-05-05,0
CUST_00077,SKU_00217,2026-05-27,10,0,1.49,6.7,18,21,2026-04-30,0
CUST_00175,SKU_00175,2026-05-27,25,0,0.36,87.2,3,2,2026-04-23,0
CUST_00143,SKU_00295,2026-05-27,24,0,0.8,30.0,9,3,2026-04-13,0
CUST_00147,SKU_00121,2026-05-27,4,0,1.95,2.1,15,19,2026-04-17,0
CUST_00180,SKU_00184,2026-05-27,24,0,1.97,12.2,24,13,2026-04-27,0
CUST_00162,SKU_00004,2026-05-27,23,0,1.09,21.1,9,13,2026-04-22,0
CUST_00065,SKU_00222,2026-05-27,1,0,1.63,0.6,18,13,2026-04-08,0
CUST_00199,SKU_00002,2026-05-27,5,0,1.0,5.0,10,12,2026-04-20,0
CUST_00177,SKU_00264,2026-05-27,4,0,1.72,2.3,17,9,2026-03-31,0
CUST_00132,SKU_00194,2026-05-27,43,0,1.18,36.4,13,16,2026-05-22,0
CUST_00101,SKU_00197,2026-05-27,5,0,0.07,206.3,0,0,2026-05-21,0
CUST_00094,SKU_00117,2026-05-27,7,0,1.09,6.4,13,15,2026-04-02,0
CUST_00118,SKU_00213,2026-05-27,8,0,1.29,6.2,11,6,2026-04-12,0
CUST_00095,SKU_00146,2026-05-27,11,0,1.26,8.7,10,6,2026-04-03,0
CUST_00131,SKU_00192,2026-05-27,8,0,0.62,12.9,7,7,2026-04-16,0
CUST_00111,SKU_00016,2026-05-27,22,0,0.8,27.4,8,10,2026-04-18,2
CUST_00189,SKU_00200,2026-05-27,5,0,1.83,2.7,13,19,2026-04-03,0
CUST_00054,SKU_00258,2026-05-27,7,0,0.41,192.5,4,3,2026-04-20,0
CUST_00185,SKU_00210,2026-05-27,1,0,1.4,0.7,12,10,2026-05-14,0
CUST_00052,SKU_00116,2026-05-27,22,0,0.21,211.9,2,0,2026-05-14,0
CUST_00009,SKU_00243,2026-05-27,7,0,73.83,0.1,586,548,2026-04-20,0
CUST_00057,SKU_00079,2026-05-27,123,0,1.27,97.1,16,7,2026-05-05,0
CUST_00135,SKU_00229,2026-05-27,67,0,1.88,35.6,17,12,2026-05-13,3
CUST_00150,SKU_00136,2026-05-27,8,0,1.26,6.3,9,12,2026-04-08,0
CUST_00129,SKU_00140,2026-05-27,6,0,1.57,3.8,14,12,2026-04-22,0
CUST_00079,SKU_00183,2026-05-27,13,1,1.69,7.1,19,6,2026-04-19,0
CUST_00091,SKU_00122,2026-05-27,3,0,0.86,3.5,6,2,2026-05-09,0
CUST_00093,SKU_00050,2026-05-27,27,4,0.63,36.3,4,7,2026-04-30,1
CUST_00124,SKU_00195,2026-05-27,17,0,0.45,115.3,3,1,2026-03-31,1
CUST_00117,SKU_00175,2026-05-27,12,0,1.92,6.2,21,19,2026-03-29,0
CUST_00181,SKU_00238,2026-05-27,7,0,0.35,255.9,3,1,2026-05-23,0
CUST_00057,SKU_00212,2026-05-27,4,0,0.37,168.7,4,1,2026-05-10,0
CUST_00107,SKU_00271,2026-05-27,18,0,1.62,11.1,20,10,2026-05-08,0
CUST_00186,SKU_00256,2026-05-27,18,1,0.5,71.6,6,2,2026-05-26,0
CUST_00007,SKU_00178,2026-05-27,8,0,1.27,6.3,14,9,2026-04-07,0
CUST_00021,SKU_00100,2026-05-27,8,0,1.67,4.8,15,8,2026-04-20,0
CUST_00137,SKU_00291,2026-05-27,76,0,0.48,61.0,3,6,2026-05-02,1
CUST_00179,SKU_00147,2026-05-27,4,0,1.26,3.2,11,16,2026-05-04,0
CUST_00067,SKU_00104,2026-05-27,2,0,1.77,1.1,18,22,2026-04-08,0
CUST_00148,SKU_00103,2026-05-27,11,0,0.36,233.1,4,4,2026-04-05,0
CUST_00061,SKU_00112,2026-05-27,12,0,0.24,275.3,1,3,2026-04-17,0
CUST_00105,SKU_00020,2026-05-27,21,0,1.53,13.7,18,18,2026-04-07,0
CUST_00050,SKU_00097,2026-05-27,11,0,0.23,158.4,1,1,2026-04-29,0
CUST_00194,SKU_00172,2026-05-27,14,0,0.48,214.2,5,4,2026-04-16,0
CUST_00095,SKU_00118,2026-05-27,25,0,1.65,15.2,17,11,2026-05-11,1
CUST_00144,SKU_00216,2026-05-27,43,0,0.82,52.2,7,7,2026-04-28,0
CUST_00190,SKU_00070,2026-05-27,19,0,0.46,51.2,4,4,2026-04-18,1
CUST_00158,SKU_00054,2026-05-27,22,2,1.76,11.4,15,21,2026-05-08,0
CUST_00154,SKU_00040,2026-05-27,27,3,1.52,15.8,16,13,2026-04-07,0
CUST_00184,SKU_00169,2026-05-27,21,0,0.43,220.5,4,4,2026-04-28,0
CUST_00089,SKU_00148,2026-05-27,9,0,0.46,284.0,5,4,2026-04-26,0
CUST_00063,SKU_00143,2026-05-27,5,0,1.48,3.4,17,9,2026-05-16,0
CUST_00149,SKU_00157,2026-05-27,2,0,1.91,1.0,20,19,2026-04-06,0
CUST_00118,SKU_00288,2026-05-27,52,0,1.08,48.0,13,9,2026-04-15,0
CUST_00021,SKU_00062,2026-05-27,36,0,1.3,27.6,12,8,2026-04-23,0
CUST_00087,SKU_00067,2026-05-27,25,0,0.6,41.7,6,4,2026-04-19,0
CUST_00132,SKU_00245,2026-05-27,4,0,0.48,172.5,6,4,2026-04-14,0
CUST_00071,SKU_00038,2026-05-27,8,0,0.58,13.8,7,4,2026-05-16,0
CUST_00117,SKU_00015,2026-05-27,31,4,0.05,238.1,0,0,2026-04-01,0
CUST_00027,SKU_00245,2026-05-27,3,0,1.78,1.7,17,12,2026-04-04,0
CUST_00084,SKU_00085,2026-05-27,6,0,1.6,3.8,21,16,2026-05-16,0
CUST_00082,SKU_00154,2026-05-27,9,0,0.33,276.4,2,1,2026-03-29,0
CUST_00059,SKU_00282,2026-05-27,26,0,0.44,123.1,5,2,2026-04-20,0
CUST_00004,SKU_00128,2026-05-27,67,0,1.49,45.1,14,12,2026-04-14,0
CUST_00149,SKU_00064,2026-05-27,24,0,0.08,285.5,0,0,2026-05-01,0
CUST_00198,SKU_00108,2026-05-27,1,0,0.61,1.6,8,1,2026-05-14,0
CUST_00006,SKU_00214,2026-05-27,4,0,1.89,2.1,13,11,2026-05-16,0
CUST_00175,SKU_00195,2026-05-27,13,0,1.87,7.0,20,15,2026-05-20,0
CUST_00183,SKU_00011,2026-05-27,6,0,0.93,6.4,12,6,2026-04-27,0
CUST_00084,SKU_00051,2026-05-27,13,0,0.4,160.0,4,4,2026-04-07,0
CUST_00101,SKU_00176,2026-05-27,23,0,129.33,0.2,1102,742,2026-05-03,0
CUST_00007,SKU_00030,2026-05-27,16,0,1.46,11.0,17,18,2026-03-29,0
CUST_00005,SKU_00107,2026-05-27,12,0,0.92,13.0,12,6,2026-04-29,0
CUST_00025,SKU_00212,2026-05-27,19,0,1.11,17.1,9,6,2026-04-05,0
CUST_00035,SKU_00086,2026-05-27,3,0,0.79,3.8,9,2,2026-03-29,0
CUST_00198,SKU_00059,2026-05-27,18,3,0.86,17.4,6,4,2026-04-15,0
CUST_00190,SKU_00055,2026-05-27,4,0,0.76,5.3,6,3,2026-04-28,0
CUST_00099,SKU_00144,2026-05-27,9,0,0.3,107.4,2,1,2026-05-01,0
CUST_00133,SKU_00060,2026-05-27,23,0,1.12,20.6,12,6,2026-05-17,0
CUST_00027,SKU_00065,2026-05-27,77,1,0.63,121.3,8,4,2026-04-10,0
CUST_00035,SKU_00226,2026-05-27,1,0,0.66,1.5,5,2,2026-05-07,0
CUST_00064,SKU_00269,2026-05-27,4,0,0.76,5.3,9,6,2026-04-27,0
CUST_00160,SKU_00227,2026-05-27,5,0,1.47,3.4,13,18,2026-05-13,0
CUST_00134,SKU_00047,2026-05-27,20,2,1.5,12.0,17,21,2026-05-09,0
CUST_00025,SKU_00102,2026-05-27,2,0,1.23,1.6,12,6,2026-04-21,0
CUST_00188,SKU_00208,2026-05-27,7,0,1.59,4.4,19,7,2026-05-03,0
CUST_00153,SKU_00216,2026-05-27,37,0,0.44,145.1,3,3,2026-04-01,0
CUST_00061,SKU_00125,2026-05-27,7,0,1.21,5.8,13,9,2026-04-29,0
CUST_00150,SKU_00144,2026-05-27,11,0,1.37,8.0,9,13,2026-03-31,0
CUST_00022,SKU_00294,2026-05-27,1,0,1.02,1.0,10,4,2026-04-27,0
CUST_00041,SKU_00030,2026-05-27,8,0,1.84,4.4,23,13,2026-05-11,0
CUST_00192,SKU_00277,2026-05-27,52,0,0.66,79.0,6,6,2026-05-04,0
CUST_00061,SKU_00271,2026-05-27,56,0,10.06,5.6,136,66,2026-04-06,0
CUST_00137,SKU_00269,2026-05-27,16,0,1.89,8.5,26,18,2026-05-25,0
CUST_00027,SKU_00221,2026-05-27,3,0,0.68,4.4,8,2,2026-04-18,0
CUST_00071,SKU_00145,2026-05-27,1,0,1.13,0.9,11,7,2026-04-25,0
CUST_00173,SKU_00061,2026-05-27,9,0,0.71,12.6,8,4,2026-04-05,0
CUST_00112,SKU_00187,2026-05-27,0,0,1.28,0.0,15,16,2026-05-10,0
CUST_00006,SKU_00261,2026-05-27,3,0,1.94,1.5,14,12,2026-04-08,0
CUST_00186,SKU_00064,2026-05-27,23,0,1.33,17.3,16,9,2026-04-17,0
CUST_00062,SKU_00052,2026-05-27,5,0,1.03,4.9,8,10,2026-05-04,0
CUST_00136,SKU_00024,2026-05-27,8,0,1.26,6.4,17,10,2026-05-26,0
CUST_00088,SKU_00161,2026-05-27,4,0,1.14,3.5,8,15,2026-03-30,0
CUST_00107,SKU_00161,2026-05-27,8,0,0.5,16.0,5,3,2026-05-24,0
CUST_00095,SKU_00172,2026-05-27,0,0,1.58,0.0,21,5,2026-04-07,0
CUST_00159,SKU_00121,2026-05-27,10,0,1.1,9.1,9,15,2026-05-07,0
CUST_00179,SKU_00102,2026-05-27,4,0,0.55,7.3,6,1,2026-05-10,0
CUST_00075,SKU_00154,2026-05-27,72,0,1.64,44.0,22,13,2026-04-18,0
CUST_00057,SKU_00018,2026-05-27,3,0,0.28,239.2,2,1,2026-04-15,0
CUST_00152,SKU_00209,2026-05-27,5,0,0.46,233.7,5,1,2026-05-22,0
CUST_00072,SKU_00278,2026-05-27,3,0,30.28,0.1,297,258,2026-05-13,0
CUST_00015,SKU_00283,2026-05-27,73,0,1.15,63.5,9,9,2026-05-15,0
CUST_00180,SKU_00139,2026-05-27,5,0,1.83,2.7,20,18,2026-05-04,0
CUST_00018,SKU_00150,2026-05-27,2,0,1.81,1.1,21,24,2026-04-11,0
CUST_00044,SKU_00045,2026-05-27,17,0,52.5,0.3,669,763,2026-05-18,0
CUST_00175,SKU_00197,2026-05-27,15,0,1.04,14.5,12,8,2026-05-07,0
CUST_00127,SKU_00074,2026-05-27,27,0,0.46,197.6,3,6,2026-04-11,0
CUST_00101,SKU_00129,2026-05-27,40,0,0.14,286.4,1,1,2026-05-11,0
CUST_00098,SKU_00107,2026-05-27,4,0,1.28,3.1,17,7,2026-05-09,0
CUST_00008,SKU_00243,2026-05-27,2,0,47.56,0.0,510,462,2026-04-04,0
CUST_00156,SKU_00036,2026-05-27,3,0,0.19,199.5,2,1,2026-04-06,0
CUST_00020,SKU_00041,2026-05-27,25,4,85.17,0.2,798,1035,2026-05-26,0
CUST_00132,SKU_00121,2026-05-27,4,0,1.07,3.8,13,4,2026-05-20,0
CUST_00082,SKU_00164,2026-05-27,25,0,0.62,40.4,7,6,2026-04-07,0
CUST_00005,SKU_00170,2026-05-27,27,0,0.82,32.9,8,6,2026-04-18,0
CUST_00187,SKU_00205,2026-05-27,1,0,1.95,0.5,19,27,2026-04-02,0
CUST_00072,SKU_00213,2026-05-27,15,0,0.99,15.1,8,7,2026-04-06,0
CUST_00046,SKU_00044,2026-05-27,21,0,0.36,203.8,2,4,2026-04-15,0
CUST_00082,SKU_00056,2026-05-27,8,0,1.94,4.1,19,7,2026-05-21,0
CUST_00157,SKU_00060,2026-05-27,14,0,1.35,10.3,10,6,2026-04-14,0
CUST_00072,SKU_00195,2026-05-27,47,3,0.97,45.6,11,4,2026-04-15,0
CUST_00070,SKU_00092,2026-05-27,19,0,1.18,16.1,8,9,2026-04-26,0
CUST_00163,SKU_00140,2026-05-27,1,0,1.13,0.9,8,8,2026-05-11,0
CUST_00131,SKU_00246,2026-05-27,2,0,1.87,1.1,23,22,2026-03-30,0
CUST_00161,SKU_00076,2026-05-27,9,1,0.91,8.7,10,7,2026-04-11,0
CUST_00113,SKU_00156,2026-05-27,5,0,17.89,0.3,126,131,2026-05-17,0
CUST_00067,SKU_00023,2026-05-27,9,0,1.63,5.5,14,7,2026-05-13,0
CUST_00198,SKU_00284,2026-05-27,2,0,0.8,2.5,10,6,2026-04-12,0
CUST_00048,SKU_00287,2026-05-27,2,0,1.69,1.2,15,10,2026-05-26,0
CUST_00195,SKU_00176,2026-05-27,6,0,1.81,3.3,18,10,2026-04-29,0
CUST_00073,SKU_00151,2026-05-27,15,0,1.45,10.4,15,15,2026-04-19,0
CUST_00090,SKU_00085,2026-05-27,34,0,0.98,34.6,7,5,2026-05-16,0
CUST_00195,SKU_00254,2026-05-27,30,0,0.9,33.4,7,4,2026-04-02,0
CUST_00153,SKU_00199,2026-05-27,9,0,1.56,5.8,21,15,2026-04-28,0
CUST_00163,SKU_00133,2026-05-27,1,0,1.34,0.7,18,11,2026-05-12,0
CUST_00199,SKU_00255,2026-05-27,2,0,1.43,1.4,10,19,2026-05-17,0
CUST_00127,SKU_00285,2026-05-27,5,0,0.3,199.3,2,3,2026-05-13,0
CUST_00191,SKU_00014,2026-05-27,20,2,1.73,10.4,23,19,2026-05-24,0
CUST_00119,SKU_00188,2026-05-27,8,0,0.16,230.6,2,1,2026-05-05,0
CUST_00064,SKU_00218,2026-05-27,1,0,0.75,1.3,10,4,2026-05-26,0
CUST_00098,SKU_00135,2026-05-27,8,0,0.15,207.1,1,1,2026-05-16,0
CUST_00187,SKU_00143,2026-05-27,73,0,0.61,119.4,7,1,2026-03-30,2
CUST_00071,SKU_00278,2026-05-27,12,0,0.99,12.1,10,6,2026-04-06,0
CUST_00073,SKU_00294,2026-05-27,4,0,1.11,3.6,13,4,2026-04-11,0
CUST_00031,SKU_00037,2026-05-27,22,0,1.69,13.0,20,7,2026-05-26,0
CUST_00046,SKU_00096,2026-05-27,15,2,0.12,75.3,0,0,2026-04-01,0
CUST_00096,SKU_00024,2026-05-27,25,0,1.08,23.2,7,9,2026-05-13,0
CUST_00175,SKU_00217,2026-05-27,6,0,1.83,3.3,14,9,2026-05-07,0
CUST_00083,SKU_00208,2026-05-27,6,0,1.01,6.0,12,12,2026-04-01,0
CUST_00065,SKU_00033,2026-05-27,19,3,0.48,188.0,6,1,2026-05-04,1
CUST_00097,SKU_00069,2026-05-27,1,0,1.63,0.6,21,7,2026-03-31,0
CUST_00050,SKU_00281,2026-05-27,25,0,0.63,39.7,7,6,2026-04-19,1
CUST_00065,SKU_00223,2026-05-27,51,0,1.16,43.9,14,10,2026-04-04,0
CUST_00140,SKU_00038,2026-05-27,71,8,1.16,54.3,13,6,2026-05-09,0
CUST_00152,SKU_00063,2026-05-27,33,0,0.8,41.3,8,6,2026-03-31,0
CUST_00031,SKU_00085,2026-05-27,14,0,0.4,64.2,4,3,2026-04-28,0
CUST_00136,SKU_00082,2026-05-27,2,0,0.03,247.4,0,0,2026-04-15,0
CUST_00081,SKU_00052,2026-05-27,20,0,1.95,10.2,16,24,2026-04-08,0
CUST_00102,SKU_00047,2026-05-27,41,4,0.94,39.5,12,6,2026-05-02,0
CUST_00082,SKU_00035,2026-05-27,16,0,1.26,12.7,16,5,2026-05-22,0
CUST_00175,SKU_00080,2026-05-27,15,0,0.15,74.4,1,0,2026-04-25,0
CUST_00198,SKU_00190,2026-05-27,6,0,1.26,4.8,9,10,2026-04-24,0
CUST_00047,SKU_00161,2026-05-27,10,0,1.77,5.6,20,12,2026-05-02,0
CUST_00014,SKU_00099,2026-05-27,7,0,0.82,8.5,9,10,2026-04-16,0
CUST_00160,SKU_00065,2026-05-27,7,0,0.61,11.4,6,3,2026-05-23,0
CUST_00055,SKU_00102,2026-05-27,83,0,0.24,113.8,3,1,2026-04-19,0
CUST_00094,SKU_00159,2026-05-27,89,0,1.61,55.2,20,16,2026-04-09,0
CUST_00021,SKU_00064,2026-05-27,35,4,0.93,33.3,12,4,2026-04-04,0
CUST_00019,SKU_00137,2026-05-27,14,0,0.18,113.1,1,1,2026-04-28,0
CUST_00111,SKU_00106,2026-05-27,7,0,0.62,11.4,4,3,2026-04-20,0
CUST_00171,SKU_00017,2026-05-27,7,0,0.06,249.8,0,0,2026-05-02,0
CUST_00141,SKU_00201,2026-05-27,13,1,1.15,10.5,8,7,2026-05-11,0
CUST_00100,SKU_00099,2026-05-27,2,0,1.1,1.8,14,7,2026-04-14,0
CUST_00199,SKU_00195,2026-05-27,24,4,1.48,13.5,14,19,2026-04-13,0
CUST_00155,SKU_00144,2026-05-27,3,0,1.87,1.6,22,12,2026-05-21,0
CUST_00150,SKU_00112,2026-05-27,4,0,1.39,2.9,10,18,2026-04-15,0
CUST_00058,SKU_00134,2026-05-27,55,0,0.45,226.6,4,6,2026-05-21,0
CUST_00198,SKU_00100,2026-05-27,44,0,0.95,46.4,9,12,2026-05-09,0
CUST_00191,SKU_00201,2026-05-27,23,3,41.72,0.5,536,484,2026-05-15,0
CUST_00125,SKU_00052,2026-05-27,2,0,1.13,1.8,14,10,2026-04-06,0
CUST_00058,SKU_00001,2026-05-27,5,0,0.01,70.2,0,0,2026-04-05,0
CUST_00160,SKU_00161,2026-05-27,4,0,1.3,3.1,11,13,2026-04-22,0
CUST_00160,SKU_00257,2026-05-27,24,4,1.24,16.2,10,7,2026-05-03,0
CUST_00144,SKU_00295,2026-05-27,1,0,0.62,1.6,5,4,2026-05-02,0
CUST_00165,SKU_00053,2026-05-27,2,0,1.94,1.0,14,21,2026-04-08,0
CUST_00023,SKU_00195,2026-05-27,6,0,0.91,6.6,10,6,2026-04-28,0
CUST_00117,SKU_00101,2026-05-27,14,0,0.33,227.4,3,1,2026-05-17,0
CUST_00111,SKU_00288,2026-05-27,7,0,50.72,0.1,547,465,2026-04-21,0
CUST_00056,SKU_00205,2026-05-27,9,1,1.13,7.1,14,10,2026-04-11,0
CUST_00133,SKU_00075,2026-05-27,1,0,1.34,0.7,14,10,2026-05-06,0
CUST_00013,SKU_00146,2026-05-27,11,0,1.79,6.1,14,18,2026-04-30,0
CUST_00032,SKU_00245,2026-05-27,17,3,20.61,0.7,153,264,2026-05-24,0
CUST_00130,SKU_00138,2026-05-27,11,0,1.71,6.4,23,12,2026-05-08,0
CUST_00138,SKU_00223,2026-05-27,5,0,1.72,2.9,23,7,2026-05-13,0
CUST_00036,SKU_00060,2026-05-27,25,0,0.65,38.5,7,4,2026-05-11,0
CUST_00169,SKU_00126,2026-05-27,48,0,0.18,165.1,2,0,2026-05-19,4
CUST_00091,SKU_00104,2026-05-27,7,1,0.86,6.9,8,6,2026-04-05,0
CUST_00061,SKU_00006,2026-05-27,3,0,0.89,3.4,6,9,2026-04-12,0
CUST_00170,SKU_00032,2026-05-27,3,0,0.69,4.4,7,9,2026-05-03,0
CUST_00075,SKU_00067,2026-05-27,23,0,1.98,11.6,21,9,2026-04-25,0
CUST_00087,SKU_00123,2026-05-27,4,0,1.87,2.1,24,15,2026-05-17,0
CUST_00136,SKU_00034,2026-05-27,11,0,0.37,148.0,2,3,2026-04-08,0
CUST_00048,SKU_00267,2026-05-27,2,0,0.28,37.6,3,1,2026-04-13,0
CUST_00037,SKU_00282,2026-05-27,28,0,1.99,14.1,15,9,2026-04-04,0
CUST_00200,SKU_00217,2026-05-27,62,0,0.21,231.9,2,1,2026-04-12,5
CUST_00135,SKU_00095,2026-05-27,9,0,0.01,114.9,0,0,2026-05-23,0
CUST_00163,SKU_00049,2026-05-27,1,0,88.33,0.0,1069,431,2026-05-19,0
CUST_00175,SKU_00283,2026-05-27,1,0,214.61,0.0,2831,1039,2026-05-04,0
CUST_00161,SKU_00232,2026-05-27,1,0,1.04,1.0,13,4,2026-04-07,0
CUST_00026,SKU_00224,2026-05-27,13,0,1.97,6.6,26,19,2026-04-04,0
CUST_00056,SKU_00192,2026-05-27,4,0,0.73,5.5,6,7,2026-05-07,0
CUST_00003,SKU_00300,2026-05-27,23,0,1.22,18.8,9,12,2026-04-11,0
CUST_00040,SKU_00159,2026-05-27,25,0,0.27,230.7,2,2,2026-05-10,0
CUST_00131,SKU_00264,2026-05-27,3,0,0.48,251.9,6,3,2026-05-03,0
CUST_00122,SKU_00149,2026-05-27,30,0,1.3,23.0,9,6,2026-05-05,0
CUST_00168,SKU_00006,2026-05-27,8,1,0.57,12.3,7,5,2026-05-25,0
CUST_00100,SKU_00176,2026-05-27,89,0,1.57,56.5,12,12,2026-03-30,0
CUST_00025,SKU_00274,2026-05-27,38,0,1.04,36.4,12,9,2026-05-06,1
CUST_00032,SKU_00217,2026-05-27,20,0,0.33,214.1,4,1,2026-04-19,0
CUST_00048,SKU_00026,2026-05-27,5,0,0.58,8.7,6,4,2026-05-09,0
CUST_00018,SKU_00132,2026-05-27,25,0,1.68,14.9,22,19,2026-05-10,0
CUST_00075,SKU_00174,2026-05-27,8,0,1.44,5.5,19,16,2026-05-01,0
CUST_00179,SKU_00250,2026-05-27,10,0,0.1,279.5,0,0,2026-04-28,0
CUST_00161,SKU_00260,2026-05-27,10,1,1.02,8.8,13,9,2026-04-15,0
CUST_00176,SKU_00103,2026-05-27,5,0,0.86,5.8,7,7,2026-05-15,0
CUST_00156,SKU_00006,2026-05-27,0,0,115.78,0.0,1448,911,2026-05-24,0
CUST_00136,SKU_00168,2026-05-27,2,0,0.54,3.7,4,3,2026-04-12,0
CUST_00078,SKU_00176,2026-05-27,15,0,1.51,10.0,16,8,2026-05-17,0
CUST_00026,SKU_00232,2026-05-27,11,2,1.7,5.3,12,19,2026-05-25,0
CUST_00137,SKU_00234,2026-05-27,1,0,1.54,0.7,15,9,2026-05-16,0
CUST_00111,SKU_00032,2026-05-27,9,0,1.79,5.0,24,22,2026-05-26,0
CUST_00157,SKU_00124,2026-05-27,39,0,1.73,22.5,14,10,2026-05-03,0
CUST_00020,SKU_00052,2026-05-27,29,0,0.98,29.6,10,6,2026-04-04,0
CUST_00009,SKU_00210,2026-05-27,19,0,1.57,12.1,18,13,2026-05-09,0
CUST_00100,SKU_00027,2026-05-27,2,0,0.87,2.3,8,3,2026-03-30,0
CUST_00002,SKU_00140,2026-05-27,38,0,0.36,73.8,2,4,2026-04-04,0
CUST_00105,SKU_00075,2026-05-27,47,0,1.07,43.8,14,9,2026-04-03,0
CUST_00002,SKU_00270,2026-05-27,9,0,1.05,8.5,10,12,2026-05-21,0
CUST_00095,SKU_00016,2026-05-27,4,0,1.74,2.3,14,14,2026-05-02,0
CUST_00079,SKU_00126,2026-05-27,34,0,640.33,0.1,4895,3017,2026-04-19,0
CUST_00131,SKU_00166,2026-05-27,33,0,1.5,22.0,19,9,2026-03-29,0
CUST_00149,SKU_00095,2026-05-27,10,0,0.95,10.6,11,4,2026-05-22,0
CUST_00118,SKU_00139,2026-05-27,18,0,17.67,1.0,171,250,2026-05-23,0
CUST_00177,SKU_00244,2026-05-27,15,0,0.78,19.2,5,7,2026-04-30,0
CUST_00185,SKU_00167,2026-05-27,5,0,1.69,3.0,14,12,2026-04-03,0
CUST_00091,SKU_00221,2026-05-27,7,0,0.88,7.9,10,4,2026-04-17,0
CUST_00060,SKU_00268,2026-05-27,30,0,1.39,21.6,12,9,2026-04-11,2
CUST_00108,SKU_00130,2026-05-27,155,0,0.91,170.7,7,7,2026-05-24,0
CUST_00063,SKU_00053,2026-05-27,16,0,0.24,249.4,2,1,2026-05-10,0
CUST_00141,SKU_00008,2026-05-27,30,0,1.24,24.1,11,13,2026-04-10,1
CUST_00020,SKU_00054,2026-05-27,13,0,0.12,230.9,1,1,2026-05-25,0
CUST_00129,SKU_00176,2026-05-27,6,0,201.17,0.0,2571,2781,2026-04-05,0
CUST_00069,SKU_00198,2026-05-27,0,0,2.0,0.0,22,12,2026-05-26,0
CUST_00169,SKU_00289,2026-05-27,5,0,1.11,4.5,8,9,2026-04-12,0
CUST_00079,SKU_00023,2026-05-27,7,0,1.45,4.8,13,13,2026-05-21,0
CUST_00079,SKU_00108,2026-05-27,49,0,0.05,171.8,0,0,2026-04-02,3
CUST_00159,SKU_00236,2026-05-27,1,0,1.82,0.5,21,19,2026-04-07,0
CUST_00017,SKU_00023,2026-05-27,51,0,1.78,28.6,23,24,2026-04-23,0
CUST_00077,SKU_00128,2026-05-27,11,0,0.67,16.3,6,7,2026-05-11,0
CUST_00038,SKU_00188,2026-05-27,13,1,1.23,9.8,11,11,2026-04-24,0
CUST_00153,SKU_00056,2026-05-27,4,0,1.4,2.8,15,10,2026-05-04,0
CUST_00066,SKU_00282,2026-05-27,46,0,0.08,149.2,1,0,2026-04-11,0
CUST_00143,SKU_00169,2026-05-27,0,0,1.33,0.0,9,13,2026-05-15,0
CUST_00125,SKU_00183,2026-05-27,8,0,0.95,8.5,12,12,2026-05-21,0
CUST_00038,SKU_00006,2026-05-27,46,0,0.8,57.6,8,6,2026-04-16,0
CUST_00164,SKU_00141,2026-05-27,6,0,0.05,196.7,0,0,2026-04-24,0
CUST_00007,SKU_00227,2026-05-27,4,0,1.58,2.5,20,15,2026-05-26,0
CUST_00187,SKU_00030,2026-05-27,11,0,0.95,11.6,10,9,2026-05-07,0
CUST_00008,SKU_00170,2026-05-27,52,0,1.42,36.5,18,13,2026-04-25,0
CUST_00099,SKU_00174,2026-05-27,4,0,0.89,4.5,9,12,2026-04-03,0
CUST_00053,SKU_00174,2026-05-27,0,0,1.8,0.0,20,15,2026-04-02,0
CUST_00072,SKU_00019,2026-05-27,15,0,0.14,194.3,1,1,2026-05-12,0
CUST_00066,SKU_00300,2026-05-27,34,1,340.5,0.1,2881,3043,2026-05-12,0
CUST_00008,SKU_00018,2026-05-27,13,0,0.74,17.7,8,6,2026-05-15,1
CUST_00100,SKU_00197,2026-05-27,5,0,0.29,193.5,2,3,2026-05-19,0
CUST_00089,SKU_00079,2026-05-27,17,1,1.65,9.7,20,22,2026-05-23,0
CUST_00098,SKU_00020,2026-05-27,12,0,1.87,6.4,20,21,2026-05-09,0
CUST_00035,SKU_00281,2026-05-27,38,3,0.07,191.0,0,0,2026-04-24,0
CUST_00121,SKU_00054,2026-05-27,19,2,0.75,22.6,7,6,2026-04-19,0
CUST_00095,SKU_00293,2026-05-27,3,0,0.9,3.3,7,6,2026-04-28,0
CUST_00042,SKU_00265,2026-05-27,6,0,0.29,218.9,3,3,2026-04-11,0
CUST_00021,SKU_00058,2026-05-27,37,0,1.9,19.4,25,16,2026-04-24,0
CUST_00022,SKU_00057,2026-05-27,1,0,1.4,0.7,12,13,2026-04-06,0
CUST_00132,SKU_00085,2026-05-27,20,0,1.35,14.9,11,12,2026-04-19,0
CUST_00131,SKU_00259,2026-05-27,1,0,1.24,0.8,12,9,2026-05-25,0
CUST_00097,SKU_00163,2026-05-27,8,0,1.56,5.1,16,7,2026-04-09,0
CUST_00045,SKU_00261,2026-05-27,7,0,0.74,9.5,6,5,2026-05-17,0
CUST_00164,SKU_00073,2026-05-27,3,0,0.05,248.7,0,0,2026-05-03,0
CUST_00134,SKU_00241,2026-05-27,55,0,1.37,40.1,18,7,2026-04-17,0
CUST_00122,SKU_00216,2026-05-27,370,0,96.33,3.8,804,1168,2026-03-31,0
CUST_00095,SKU_00269,2026-05-27,1,0,0.25,158.4,2,1,2026-04-22,0
CUST_00170,SKU_00027,2026-05-27,3,0,0.58,5.2,6,6,2026-05-24,0
CUST_00191,SKU_00206,2026-05-27,7,0,0.82,8.6,7,9,2026-04-28,0
CUST_00190,SKU_00277,2026-05-27,13,0,0.52,24.8,4,4,2026-05-14,0
CUST_00136,SKU_00171,2026-05-27,13,0,44.5,0.3,480,256,2026-04-14,0
CUST_00025,SKU_00251,2026-05-27,28,0,1.6,17.5,17,15,2026-05-04,0
CUST_00142,SKU_00128,2026-05-27,6,1,315.89,0.0,2714,1604,2026-05-10,0
CUST_00066,SKU_00116,2026-05-27,23,0,0.77,30.0,6,9,2026-04-02,0
CUST_00005,SKU_00027,2026-05-27,5,0,0.43,183.4,4,3,2026-04-19,0
CUST_00108,SKU_00194,2026-05-27,7,0,1.88,3.7,15,7,2026-05-01,0
CUST_00023,SKU_00065,2026-05-27,7,0,0.35,265.9,4,3,2026-04-26,0
CUST_00169,SKU_00182,2026-05-27,1,0,1.13,0.9,14,10,2026-04-07,0
CUST_00189,SKU_00253,2026-05-27,18,0,1.06,17.0,8,13,2026-04-28,0
CUST_00103,SKU_00056,2026-05-27,8,0,31.61,0.3,224,101,2026-05-08,0
CUST_00035,SKU_00191,2026-05-27,22,2,0.75,26.6,5,5,2026-05-08,0
CUST_00181,SKU_00018,2026-05-27,1,0,1.11,0.9,11,4,2026-04-03,0
CUST_00136,SKU_00116,2026-05-27,2,0,1.75,1.1,17,9,2026-04-19,0
CUST_00042,SKU_00097,2026-05-27,4,0,0.15,113.8,1,1,2026-05-11,0
CUST_00197,SKU_00015,2026-05-27,6,1,1.81,2.8,17,13,2026-05-23,0
CUST_00044,SKU_00125,2026-05-27,13,0,1.18,11.0,11,9,2026-05-23,0
CUST_00017,SKU_00294,2026-05-27,14,0,0.53,26.3,6,7,2026-05-03,0
CUST_00185,SKU_00087,2026-05-27,2,0,1.21,1.7,16,4,2026-05-18,0
CUST_00091,SKU_00110,2026-05-27,7,0,0.16,275.4,2,1,2026-04-16,0
CUST_00116,SKU_00163,2026-05-27,5,0,0.63,7.9,5,3,2026-05-26,0
CUST_00128,SKU_00172,2026-05-27,1,0,1.22,0.8,14,6,2026-04-21,0
CUST_00065,SKU_00283,2026-05-27,62,0,0.31,209.4,2,2,2026-04-27,0
CUST_00157,SKU_00272,2026-05-27,71,0,0.98,72.6,8,6,2026-04-14,0
CUST_00026,SKU_00296,2026-05-27,11,0,0.37,195.8,3,1,2026-05-16,0
CUST_00030,SKU_00149,2026-05-27,2,0,0.65,3.1,6,4,2026-04-12,0
CUST_00073,SKU_00278,2026-05-27,3,0,1.71,1.8,13,15,2026-05-26,0
CUST_00122,SKU_00078,2026-05-27,8,0,0.84,9.5,8,12,2026-04-23,0
CUST_00170,SKU_00041,2026-05-27,1,0,1.86,0.5,20,18,2026-04-28,0
CUST_00193,SKU_00131,2026-05-27,5,0,1.6,3.1,18,10,2026-05-05,0
CUST_00181,SKU_00071,2026-05-27,24,0,0.96,24.9,7,3,2026-04-04,0
CUST_00022,SKU_00297,2026-05-27,2,0,0.2,76.7,2,0,2026-05-19,0
CUST_00187,SKU_00090,2026-05-27,5,0,1.14,4.4,14,4,2026-05-09,0
CUST_00076,SKU_00201,2026-05-27,42,6,0.57,63.7,5,7,2026-03-29,0
CUST_00072,SKU_00245,2026-05-27,37,0,1.38,26.9,12,9,2026-04-06,0
CUST_00051,SKU_00099,2026-05-27,14,1,0.64,20.4,8,3,2026-05-13,0
CUST_00143,SKU_00234,2026-05-27,14,0,1.17,12.0,12,6,2026-04-17,0
CUST_00104,SKU_00259,2026-05-27,1,0,60.83,0.0,481,591,2026-04-07,0
CUST_00074,SKU_00175,2026-05-27,4,0,16.94,0.2,167,201,2026-04-06,0
CUST_00034,SKU_00209,2026-05-27,7,1,0.43,104.0,3,3,2026-04-04,0
CUST_00064,SKU_00148,2026-05-27,24,0,1.79,13.4,14,17,2026-04-24,0
CUST_00190,SKU_00048,2026-05-27,28,0,1.42,19.7,15,16,2026-05-02,0
CUST_00052,SKU_00029,2026-05-27,4,0,1.99,2.0,16,24,2026-04-04,0
CUST_00007,SKU_00112,2026-05-27,10,0,0.44,226.9,5,4,2026-04-01,0
CUST_00034,SKU_00189,2026-05-27,2,0,1.18,1.7,10,15,2026-04-30,0
CUST_00098,SKU_00070,2026-05-27,24,0,1.39,17.3,15,6,2026-05-24,0
CUST_00103,SKU_00113,2026-05-27,0,0,78.0,0.0,793,254,2026-05-08,0
CUST_00143,SKU_00266,2026-05-27,3,0,1.55,1.9,11,21,2026-04-27,0
CUST_00039,SKU_00010,2026-05-27,27,0,0.48,84.6,3,1,2026-04-26,1
CUST_00131,SKU_00118,2026-05-27,11,0,38.0,0.3,518,285,2026-05-01,0
CUST_00156,SKU_00115,2026-05-27,4,0,1.89,2.1,15,15,2026-05-04,0
CUST_00048,SKU_00226,2026-05-27,4,0,1.03,3.9,10,5,2026-04-19,0
CUST_00154,SKU_00075,2026-05-27,6,0,381.89,0.0,2863,3021,2026-05-04,0
CUST_00012,SKU_00090,2026-05-27,2,0,1.56,1.3,16,6,2026-04-11,0
CUST_00105,SKU_00272,2026-05-27,79,0,0.55,144.3,4,3,2026-05-09,0
CUST_00013,SKU_00033,2026-05-27,22,3,1.25,15.2,13,7,2026-04-20,0
CUST_00073,SKU_00179,2026-05-27,12,0,0.45,225.6,4,4,2026-05-14,0
CUST_00151,SKU_00004,2026-05-27,21,2,0.79,24.0,8,5,2026-05-21,0
CUST_00109,SKU_00004,2026-05-27,15,0,0.49,42.5,6,6,2026-05-15,0
CUST_00032,SKU_00113,2026-05-27,2,0,0.98,2.0,7,7,2026-05-21,0
CUST_00118,SKU_00020,2026-05-27,17,0,1.27,13.4,15,6,2026-05-09,0
CUST_00041,SKU_00299,2026-05-27,70,0,0.54,129.1,7,1,2026-05-12,0
CUST_00119,SKU_00204,2026-05-27,51,0,58.0,0.9,774,700,2026-05-26,0
CUST_00117,SKU_00186,2026-05-27,24,0,1.52,15.8,21,15,2026-05-18,0
CUST_00059,SKU_00152,2026-05-27,74,10,1.18,54.1,13,9,2026-05-20,0
CUST_00003,SKU_00245,2026-05-27,13,0,0.55,23.7,6,3,2026-05-09,0
CUST_00012,SKU_00211,2026-05-27,131,15,0.42,279.3,3,1,2026-05-16,0
CUST_00131,SKU_00037,2026-05-27,1,0,1.25,0.8,12,13,2026-04-02,0
CUST_00050,SKU_00230,2026-05-27,25,0,1.01,24.8,10,7,2026-04-03,0
CUST_00160,SKU_00045,2026-05-27,1,0,0.62,1.6,4,7,2026-04-16,0
CUST_00120,SKU_00188,2026-05-27,9,0,0.63,14.3,6,4,2026-04-04,0
CUST_00030,SKU_00212,2026-05-27,6,0,1.24,4.8,17,7,2026-05-11,0
CUST_00083,SKU_00242,2026-05-27,43,0,1.06,40.6,12,6,2026-04-25,0
CUST_00199,SKU_00283,2026-05-27,9,0,1.08,8.3,14,12,2026-04-20,0
CUST_00031,SKU_00086,2026-05-27,11,0,1.19,9.3,14,10,2026-04-16,0
CUST_00147,SKU_00247,2026-05-27,11,0,0.87,12.6,9,10,2026-05-14,0
CUST_00089,SKU_00070,2026-05-27,9,0,1.58,5.7,17,21,2026-05-26,0
CUST_00147,SKU_00074,2026-05-27,7,0,0.24,194.8,2,1,2026-04-08,0
CUST_00056,SKU_00055,2026-05-27,1,0,1.49,0.7,18,19,2026-05-25,0
CUST_00027,SKU_00106,2026-05-27,25,0,1.36,18.3,16,12,2026-03-31,0
CUST_00070,SKU_00075,2026-05-27,11,0,0.29,287.4,3,3,2026-05-21,0
CUST_00062,SKU_00299,2026-05-27,3,0,1.33,2.3,15,10,2026-05-17,0
CUST_00138,SKU_00075,2026-05-27,12,0,1.72,7.0,13,10,2026-05-05,0
CUST_00138,SKU_00164,2026-05-27,21,0,1.23,17.1,12,15,2026-04-21,0
CUST_00014,SKU_00066,2026-05-27,5,0,1.21,4.1,15,13,2026-05-03,0
CUST_00008,SKU_00262,2026-05-27,3,0,0.46,171.5,3,3,2026-05-23,0
CUST_00043,SKU_00257,2026-05-27,35,0,0.74,47.1,6,7,2026-04-04,3
CUST_00071,SKU_00093,2026-05-27,7,0,1.5,4.7,12,7,2026-05-09,0
CUST_00058,SKU_00135,2026-05-27,10,1,0.11,59.8,0,0,2026-05-06,0
CUST_00039,SKU_00052,2026-05-27,3,0,1.52,2.0,17,16,2026-04-18,0
CUST_00148,SKU_00238,2026-05-27,4,0,0.76,5.3,5,7,2026-05-13,0
CUST_00002,SKU_00184,2026-05-27,17,0,0.17,224.7,1,1,2026-04-25,0
CUST_00104,SKU_00129,2026-05-27,37,0,0.22,97.7,2,0,2026-03-30,0
CUST_00194,SKU_00034,2026-05-27,9,1,1.14,7.0,12,6,2026-04-03,0
CUST_00178,SKU_00220,2026-05-27,1,0,0.9,1.1,10,6,2026-05-02,0
CUST_00164,SKU_00168,2026-05-27,29,0,0.19,278.1,2,1,2026-04-26,0
CUST_00067,SKU_00081,2026-05-27,9,0,1.06,8.5,9,9,2026-05-02,0
CUST_00192,SKU_00263,2026-05-27,21,0,1.61,13.1,12,12,2026-04-28,0
CUST_00023,SKU_00193,2026-05-27,27,0,0.18,31.5,1,1,2026-04-16,0
CUST_00040,SKU_00265,2026-05-27,5,0,0.2,93.6,1,1,2026-05-08,0
CUST_00006,SKU_00267,2026-05-27,3,0,0.2,100.4,1,0,2026-04-19,0
CUST_00147,SKU_00222,2026-05-27,18,0,1.32,13.7,16,15,2026-05-01,0
CUST_00124,SKU_00078,2026-05-27,18,0,1.5,12.0,10,14,2026-05-12,0
CUST_00092,SKU_00190,2026-05-27,0,0,0.3,251.0,2,1,2026-03-31,0
CUST_00009,SKU_00077,2026-05-27,28,0,1.5,18.6,13,7,2026-04-05,1
CUST_00020,SKU_00013,2026-05-27,9,0,0.59,15.2,8,3,2026-03-30,0
CUST_00171,SKU_00198,2026-05-27,10,0,1.3,7.7,16,6,2026-04-30,0
CUST_00160,SKU_00180,2026-05-27,15,0,1.49,10.0,20,7,2026-05-03,0
CUST_00003,SKU_00199,2026-05-27,12,0,1.58,7.6,19,12,2026-04-24,0
CUST_00114,SKU_00254,2026-05-27,6,0,0.19,255.3,1,1,2026-05-14,0
CUST_00166,SKU_00177,2026-05-27,8,0,1.88,4.3,19,18,2026-05-21,0
CUST_00079,SKU_00181,2026-05-27,1,0,1.89,0.5,16,14,2026-04-16,0
CUST_00179,SKU_00262,2026-05-27,83,0,0.05,211.8,0,0,2026-05-02,0
CUST_00010,SKU_00076,2026-05-27,7,0,1.36,5.2,10,7,2026-04-07,0
CUST_00153,SKU_00115,2026-05-27,1,0,76.33,0.0,883,354,2026-05-11,0
CUST_00106,SKU_00245,2026-05-27,4,0,0.43,85.1,5,3,2026-05-12,0
CUST_00030,SKU_00124,2026-05-27,19,0,1.01,18.8,10,7,2026-04-05,0
CUST_00004,SKU_00074,2026-05-27,6,0,0.27,59.0,1,2,2026-05-26,0
CUST_00028,SKU_00195,2026-05-27,25,0,0.72,34.6,6,3,2026-05-20,0
CUST_00166,SKU_00196,2026-05-27,5,0,0.74,6.8,7,6,2026-04-11,0
CUST_00135,SKU_00287,2026-05-27,21,3,1.74,10.4,21,7,2026-05-15,0
CUST_00015,SKU_00226,2026-05-27,32,0,0.56,56.8,5,3,2026-05-21,0
CUST_00026,SKU_00229,2026-05-27,18,0,1.42,12.7,14,19,2026-05-21,0
CUST_00108,SKU_00222,2026-05-27,6,0,1.33,4.5,17,11,2026-05-09,0
CUST_00145,SKU_00145,2026-05-27,2,0,0.26,77.6,2,0,2026-04-09,0
CUST_00104,SKU_00207,2026-05-27,29,4,0.76,32.9,8,9,2026-04-29,2
CUST_00011,SKU_00009,2026-05-27,3,0,1.83,1.6,19,9,2026-04-30,0
CUST_00156,SKU_00261,2026-05-27,29,0,1.01,28.8,7,7,2026-04-20,0
CUST_00151,SKU_00051,2026-05-27,41,0,0.64,64.2,7,3,2026-04-06,0
CUST_00068,SKU_00148,2026-05-27,39,0,1.72,22.7,12,5,2026-03-29,0
CUST_00176,SKU_00225,2026-05-27,131,0,98.61,1.3,796,1413,2026-05-22,0
CUST_00069,SKU_00137,2026-05-27,4,0,1.71,2.3,23,8,2026-04-09,0
CUST_00007,SKU_00205,2026-05-27,70,9,0.25,180.3,3,1,2026-04-20,0
CUST_00095,SKU_00200,2026-05-27,14,0,1.98,7.1,17,17,2026-05-11,0
CUST_00129,SKU_00219,2026-05-27,1,0,1.21,0.8,14,9,2026-04-16,0
CUST_00003,SKU_00038,2026-05-27,1,0,1.89,0.5,23,21,2026-04-09,0
CUST_00141,SKU_00268,2026-05-27,12,0,1.09,11.0,13,7,2026-05-06,0
CUST_00191,SKU_00104,2026-05-27,5,0,0.13,107.3,1,0,2026-05-04,0
CUST_00063,SKU_00107,2026-05-27,7,0,1.29,5.4,15,4,2026-04-17,0
CUST_00010,SKU_00170,2026-05-27,21,0,0.69,30.6,5,6,2026-05-18,0
CUST_00107,SKU_00270,2026-05-27,2,0,0.47,154.6,4,1,2026-05-23,0
CUST_00062,SKU_00021,2026-05-27,15,0,1.58,9.5,20,19,2026-04-10,0
CUST_00145,SKU_00176,2026-05-27,3,0,1.44,2.1,15,15,2026-04-06,0
CUST_00094,SKU_00186,2026-05-27,9,0,1.38,6.5,13,18,2026-04-24,0
CUST_00045,SKU_00038,2026-05-27,1,0,1.29,0.8,11,9,2026-04-13,0
CUST_00071,SKU_00198,2026-05-27,37,0,0.4,282.2,4,1,2026-05-05,0
CUST_00177,SKU_00003,2026-05-27,16,0,1.54,10.4,11,6,2026-04-01,0
CUST_00069,SKU_00242,2026-05-27,7,0,1.3,5.4,10,5,2026-04-18,0
CUST_00153,SKU_00266,2026-05-27,6,0,1.82,3.3,19,12,2026-05-23,0
CUST_00156,SKU_00058,2026-05-27,23,0,0.31,259.4,4,1,2026-05-05,0
CUST_00025,SKU_00044,2026-05-27,0,0,0.91,0.0,11,8,2026-04-03,0
CUST_00008,SKU_00250,2026-05-27,25,0,0.22,279.5,2,1,2026-04-27,0
CUST_00142,SKU_00263,2026-05-27,1,0,1.75,0.6,14,9,2026-05-16,0
CUST_00155,SKU_00130,2026-05-27,13,0,1.3,10.0,15,11,2026-05-19,0
CUST_00164,SKU_00245,2026-05-27,1,0,0.85,1.2,9,4,2026-05-09,0
CUST_00012,SKU_00092,2026-05-27,3,0,0.22,279.3,1,1,2026-04-14,0
CUST_00087,SKU_00172,2026-05-27,18,0,0.07,271.6,0,0,2026-05-20,0
CUST_00184,SKU_00264,2026-05-27,1,0,1.47,0.7,20,19,2026-05-12,0
CUST_00073,SKU_00106,2026-05-27,7,1,0.4,165.2,5,1,2026-05-05,0
CUST_00183,SKU_00263,2026-05-27,1,0,1.41,0.7,12,7,2026-04-22,0
CUST_00193,SKU_00088,2026-05-27,2,0,0.15,242.8,1,0,2026-05-04,0
CUST_00175,SKU_00224,2026-05-27,41,4,0.9,41.2,7,6,2026-04-17,0
CUST_00034,SKU_00157,2026-05-27,1,0,0.66,1.5,4,3,2026-04-08,0
CUST_00100,SKU_00232,2026-05-27,3,0,1.43,2.1,16,21,2026-04-30,0
CUST_00134,SKU_00023,2026-05-27,4,0,1.42,2.8,13,10,2026-04-11,0
CUST_00068,SKU_00065,2026-05-27,2,0,1.99,1.0,26,13,2026-05-07,0
CUST_00194,SKU_00120,2026-05-27,6,0,0.29,77.7,2,1,2026-03-30,0
CUST_00130,SKU_00007,2026-05-27,6,0,0.53,11.2,4,1,2026-05-24,0
CUST_00007,SKU_00137,2026-05-27,23,3,0.02,192.9,0,0,2026-04-26,0
CUST_00033,SKU_00286,2026-05-27,8,0,0.84,9.5,6,7,2026-05-10,0
CUST_00094,SKU_00230,2026-05-27,3,0,0.84,3.6,8,6,2026-04-03,0
CUST_00146,SKU_00083,2026-05-27,19,0,1.65,11.5,22,14,2026-04-17,0
CUST_00046,SKU_00140,2026-05-27,36,0,0.05,288.1,0,0,2026-05-23,0
CUST_00150,SKU_00267,2026-05-27,5,0,1.99,2.5,23,21,2026-04-01,0
CUST_00010,SKU_00203,2026-05-27,52,0,1.4,37.2,18,11,2026-05-24,0
CUST_00117,SKU_00287,2026-05-27,2,0,1.2,1.7,14,15,2026-05-22,0
CUST_00153,SKU_00041,2026-05-27,12,0,0.77,15.6,6,9,2026-05-05,0
CUST_00185,SKU_00227,2026-05-27,13,2,1.25,8.8,14,15,2026-05-03,0
CUST_00058,SKU_00121,2026-05-27,4,0,1.53,2.6,18,19,2026-04-25,0
CUST_00009,SKU_00190,2026-05-27,16,0,0.9,17.7,9,4,2026-05-05,0
CUST_00115,SKU_00114,2026-05-27,24,0,0.38,217.4,4,3,2026-04-22,0
CUST_00114,SKU_00072,2026-05-27,2,0,1.49,1.3,14,13,2026-04-25,0
CUST_00095,SKU_00103,2026-05-27,4,0,1.41,2.8,11,5,2026-05-25,0
CUST_00072,SKU_00171,2026-05-27,7,0,0.82,8.5,5,9,2026-04-15,0
CUST_00147,SKU_00224,2026-05-27,3,0,1.35,2.2,16,13,2026-04-03,0
CUST_00055,SKU_00011,2026-05-27,12,0,0.11,242.2,1,1,2026-05-22,0
CUST_00164,SKU_00276,2026-05-27,5,0,1.64,3.0,21,16,2026-04-01,0
CUST_00029,SKU_00151,2026-05-27,4,0,1.45,2.8,13,5,2026-05-23,0
CUST_00144,SKU_00143,2026-05-27,1,0,77.11,0.0,1009,867,2026-05-03,0
CUST_00112,SKU_00283,2026-05-27,19,0,1.56,12.2,21,15,2026-05-01,0
CUST_00175,SKU_00016,2026-05-27,22,0,0.01,134.9,0,0,2026-04-17,1
CUST_00012,SKU_00210,2026-05-27,25,3,1.71,12.9,12,18,2026-04-08,0
CUST_00147,SKU_00201,2026-05-27,3,0,1.12,2.7,8,13,2026-04-14,0
CUST_00121,SKU_00219,2026-05-27,79,0,0.13,145.7,1,0,2026-05-23,0
CUST_00200,SKU_00133,2026-05-27,262,0,1.78,147.5,24,15,2026-05-17,0
CUST_00161,SKU_00229,2026-05-27,10,0,1.27,7.9,9,15,2026-05-18,0
CUST_00081,SKU_00173,2026-05-27,20,1,1.53,12.4,10,13,2026-04-09,0
CUST_00099,SKU_00254,2026-05-27,22,2,0.07,60.8,0,0,2026-04-06,0
CUST_00085,SKU_00289,2026-05-27,6,0,0.2,284.6,1,1,2026-04-24,0
CUST_00072,SKU_00042,2026-05-27,7,0,1.63,4.3,11,10,2026-05-21,0
CUST_00147,SKU_00185,2026-05-27,3,0,2.0,1.5,22,22,2026-04-21,0
CUST_00131,SKU_00042,2026-05-27,11,0,1.87,5.9,14,10,2026-04-22,0
CUST_00038,SKU_00122,2026-05-27,3,0,0.79,3.8,10,3,2026-05-11,0
CUST_00149,SKU_00165,2026-05-27,2,0,1.05,1.9,10,15,2026-04-21,0
CUST_00197,SKU_00165,2026-05-27,3,0,0.1,206.6,0,0,2026-04-02,0
CUST_00011,SKU_00158,2026-05-27,9,0,1.55,5.8,14,16,2026-04-19,0
CUST_00172,SKU_00293,2026-05-27,12,0,0.74,16.2,7,6,2026-05-01,0
CUST_00161,SKU_00133,2026-05-27,3,0,0.18,215.5,1,1,2026-04-02,0
CUST_00124,SKU_00073,2026-05-27,5,0,1.44,3.5,11,8,2026-04-22,0
CUST_00165,SKU_00099,2026-05-27,6,0,0.35,205.1,3,1,2026-04-12,0
CUST_00082,SKU_00209,2026-05-27,2,0,0.52,3.9,6,4,2026-04-01,0
CUST_00130,SKU_00015,2026-05-27,3,0,1.72,1.7,22,16,2026-05-12,0
CUST_00020,SKU_00087,2026-05-27,23,0,1.66,13.9,22,19,2026-05-09,0
CUST_00043,SKU_00267,2026-05-27,21,0,1.8,11.7,20,15,2026-05-21,0
CUST_00003,SKU_00244,2026-05-27,19,0,1.88,10.1,24,25,2026-04-06,0
CUST_00036,SKU_00127,2026-05-27,5,0,0.9,5.5,11,5,2026-05-23,0
CUST_00012,SKU_00143,2026-05-27,4,0,1.34,3.0,12,7,2026-05-08,0
CUST_00134,SKU_00016,2026-05-27,15,0,0.93,16.1,10,13,2026-04-15,0
CUST_00060,SKU_00039,2026-05-27,29,0,1.22,23.7,10,12,2026-05-14,0
CUST_00062,SKU_00259,2026-05-27,8,0,1.57,5.1,19,9,2026-05-02,0
CUST_00159,SKU_00272,2026-05-27,8,0,1.55,5.2,13,13,2026-04-01,0
CUST_00075,SKU_00217,2026-05-27,2,0,1.79,1.1,22,13,2026-04-01,0
CUST_00087,SKU_00027,2026-05-27,5,0,0.62,8.1,8,6,2026-05-21,0
CUST_00021,SKU_00130,2026-05-27,121,0,1.82,66.4,18,5,2026-04-18,0
CUST_00031,SKU_00286,2026-05-27,44,0,1.66,26.6,21,9,2026-04-13,0
CUST_00172,SKU_00101,2026-05-27,48,0,115.28,0.4,1580,549,2026-03-31,0
CUST_00135,SKU_00102,2026-05-27,23,3,1.42,14.1,18,9,2026-05-21,0
CUST_00126,SKU_00042,2026-05-27,2,0,1.44,1.4,18,12,2026-04-06,0
CUST_00063,SKU_00285,2026-05-27,1,0,1.66,0.6,16,8,2026-05-04,0
CUST_00086,SKU_00085,2026-05-27,18,0,1.94,9.3,14,11,2026-04-02,0
CUST_00164,SKU_00194,2026-05-27,2,0,0.96,2.1,9,10,2026-05-21,0
CUST_00064,SKU_00152,2026-05-27,9,0,0.63,14.2,5,3,2026-04-24,0
CUST_00126,SKU_00185,2026-05-27,2,0,0.5,4.0,6,3,2026-04-08,0
CUST_00164,SKU_00212,2026-05-27,3,0,1.55,1.9,13,7,2026-04-01,0
CUST_00184,SKU_00253,2026-05-27,3,0,0.6,5.0,7,7,2026-05-05,0
CUST_00184,SKU_00194,2026-05-27,1,0,0.54,1.8,5,3,2026-05-13,0
CUST_00166,SKU_00203,2026-05-27,45,0,1.17,38.4,10,16,2026-05-03,0
CUST_00200,SKU_00040,2026-05-27,9,0,1.3,6.9,18,11,2026-04-16,0
CUST_00040,SKU_00219,2026-05-27,2,0,0.13,82.9,1,0,2026-05-20,0
CUST_00044,SKU_00028,2026-05-27,6,0,1.16,5.2,9,13,2026-05-10,0
CUST_00122,SKU_00096,2026-05-27,4,0,1.41,2.8,19,15,2026-04-14,0
CUST_00091,SKU_00180,2026-05-27,7,0,0.98,7.2,8,8,2026-04-16,0
CUST_00166,SKU_00001,2026-05-27,1,0,1.31,0.8,12,7,2026-05-18,0
CUST_00096,SKU_00082,2026-05-27,2,0,0.73,2.7,5,3,2026-04-19,0
CUST_00130,SKU_00243,2026-05-27,7,0,0.81,8.6,8,7,2026-05-16,0
CUST_00120,SKU_00147,2026-05-27,3,0,0.38,172.9,5,3,2026-04-07,0
CUST_00062,SKU_00092,2026-05-27,15,0,0.12,278.3,0,0,2026-05-02,0
CUST_00075,SKU_00167,2026-05-27,49,6,0.54,79.2,6,4,2026-05-13,0
CUST_00143,SKU_00004,2026-05-27,9,0,1.09,8.2,14,13,2026-04-08,0
CUST_00010,SKU_00253,2026-05-27,6,0,0.59,10.1,5,3,2026-05-22,0
CUST_00116,SKU_00064,2026-05-27,47,0,1.52,30.8,14,12,2026-05-01,0
CUST_00002,SKU_00249,2026-05-27,8,0,0.22,234.3,2,1,2026-04-19,0
CUST_00174,SKU_00218,2026-05-27,2,0,1.74,1.1,14,19,2026-05-03,0
CUST_00124,SKU_00079,2026-05-27,33,0,0.77,42.7,8,6,2026-05-14,0
CUST_00037,SKU_00013,2026-05-27,5,0,1.11,4.5,13,6,2026-04-09,0
CUST_00180,SKU_00134,2026-05-27,19,0,0.35,275.7,2,1,2026-05-01,0
CUST_00057,SKU_00193,2026-05-27,2,0,0.52,3.9,5,3,2026-05-19,0
CUST_00021,SKU_00250,2026-05-27,0,0,1.68,0.0,18,13,2026-04-29,0
CUST_00001,SKU_00120,2026-05-27,1,0,0.13,65.5,1,0,2026-04-10,0
CUST_00103,SKU_00259,2026-05-27,15,0,1.06,14.2,11,4,2026-04-16,0
CUST_00035,SKU_00070,2026-05-27,4,0,0.98,4.1,7,9,2026-05-15,0
CUST_00057,SKU_00045,2026-05-27,2,0,0.56,3.5,7,3,2026-04-12,0
CUST_00059,SKU_00104,2026-05-27,9,1,1.41,5.7,16,7,2026-05-09,0
CUST_00095,SKU_00023,2026-05-27,21,0,0.77,27.3,8,4,2026-04-27,0
CUST_00177,SKU_00225,2026-05-27,4,0,1.97,2.0,17,9,2026-05-08,0
CUST_00010,SKU_00165,2026-05-27,4,0,0.38,248.8,4,2,2026-04-02,0
CUST_00186,SKU_00199,2026-05-27,1,0,1.0,1.0,11,5,2026-05-14,0
CUST_00176,SKU_00078,2026-05-27,29,5,1.08,22.2,12,4,2026-04-25,0
CUST_00068,SKU_00040,2026-05-27,2,0,0.13,109.0,1,0,2026-05-14,0
CUST_00026,SKU_00103,2026-05-27,5,0,1.09,4.6,13,15,2026-04-25,0
CUST_00016,SKU_00042,2026-05-27,10,0,1.28,7.8,11,15,2026-04-19,0
CUST_00004,SKU_00165,2026-05-27,3,0,1.75,1.7,18,16,2026-05-24,0
CUST_00198,SKU_00210,2026-05-27,1,0,1.66,0.6,19,9,2026-04-21,0
CUST_00167,SKU_00130,2026-05-27,9,0,1.76,5.1,23,21,2026-05-17,0
CUST_00027,SKU_00110,2026-05-27,6,0,0.69,8.7,8,3,2026-05-23,0
CUST_00027,SKU_00023,2026-05-27,6,0,0.32,292.5,2,1,2026-04-12,0
CUST_00046,SKU_00253,2026-05-27,0,0,1.72,0.0,15,15,2026-03-31,0
CUST_00126,SKU_00192,2026-05-27,0,0,0.32,82.8,2,4,2026-04-02,0
CUST_00154,SKU_00294,2026-05-27,7,0,0.07,254.5,0,0,2026-05-24,0
CUST_00071,SKU_00112,2026-05-27,5,0,0.81,6.2,7,9,2026-05-15,0
CUST_00183,SKU_00021,2026-05-27,19,0,0.99,19.2,11,7,2026-04-05,1
CUST_00118,SKU_00275,2026-05-27,12,2,0.67,14.9,4,4,2026-04-29,0
CUST_00024,SKU_00230,2026-05-27,1,0,0.92,1.1,7,6,2026-05-06,0
CUST_00172,SKU_00100,2026-05-27,0,0,29.78,0.0,346,190,2026-04-05,0
CUST_00066,SKU_00205,2026-05-27,4,0,0.67,6.0,5,4,2026-04-23,0
CUST_00099,SKU_00278,2026-05-27,10,0,0.0,30.1,0,0,2026-04-12,0
CUST_00124,SKU_00127,2026-05-27,68,0,0.8,84.7,9,6,2026-04-09,4
CUST_00127,SKU_00116,2026-05-27,6,0,0.18,273.5,1,1,2026-05-22,0
CUST_00047,SKU_00265,2026-05-27,3,0,1.58,1.9,11,15,2026-05-03,0
CUST_00047,SKU_00195,2026-05-27,12,0,0.99,12.1,10,6,2026-04-28,0
CUST_00067,SKU_00276,2026-05-27,1,0,1.83,0.5,23,13,2026-05-14,0
CUST_00050,SKU_00166,2026-05-27,34,0,1.33,25.6,10,15,2026-04-05,0
CUST_00003,SKU_00187,2026-05-27,19,0,1.21,15.7,10,9,2026-04-19,0
CUST_00123,SKU_00176,2026-05-27,64,0,0.27,189.2,2,1,2026-05-04,0
CUST_00085,SKU_00101,2026-05-27,13,0,0.04,296.5,0,0,2026-03-29,0
CUST_00166,SKU_00080,2026-05-27,14,0,2.0,7.0,14,27,2026-04-29,0
CUST_00187,SKU_00154,2026-05-27,0,0,0.06,204.2,0,0,2026-05-17,0
CUST_00134,SKU_00238,2026-05-27,11,0,10.33,1.1,123,136,2026-05-22,0
CUST_00164,SKU_00253,2026-05-27,5,0,0.56,8.9,6,6,2026-05-12,0
CUST_00179,SKU_00158,2026-05-27,15,0,0.33,57.6,3,1,2026-04-07,0
CUST_00190,SKU_00201,2026-05-27,1,0,0.43,170.9,5,4,2026-04-24,0
CUST_00075,SKU_00084,2026-05-27,0,0,0.17,124.7,1,0,2026-04-25,0
CUST_00074,SKU_00266,2026-05-27,4,0,0.24,167.6,3,0,2026-04-14,0
CUST_00054,SKU_00300,2026-05-27,29,0,1.7,17.0,22,5,2026-04-17,0
CUST_00057,SKU_00141,2026-05-27,3,0,22.94,0.1,275,166,2026-04-24,0
CUST_00040,SKU_00074,2026-05-27,8,0,1.63,4.9,14,9,2026-04-20,0
CUST_00112,SKU_00197,2026-05-27,12,0,1.89,6.3,15,27,2026-05-11,0
CUST_00121,SKU_00104,2026-05-27,17,0,1.33,12.8,16,6,2026-04-02,0
CUST_00181,SKU_00006,2026-05-27,7,0,1.32,5.3,10,12,2026-05-08,0
CUST_00033,SKU_00120,2026-05-27,10,0,0.64,15.7,8,7,2026-05-15,0
CUST_00019,SKU_00225,2026-05-27,5,0,0.2,93.7,2,1,2026-05-12,0
CUST_00076,SKU_00245,2026-05-27,7,0,0.73,9.6,7,3,2026-05-06,0
CUST_00112,SKU_00269,2026-05-27,17,0,1.61,10.6,14,16,2026-05-18,0
CUST_00063,SKU_00136,2026-05-27,5,0,0.68,7.4,9,2,2026-04-05,0
CUST_00085,SKU_00015,2026-05-27,5,0,47.44,0.1,444,457,2026-05-03,0
CUST_00135,SKU_00173,2026-05-27,5,0,1.41,3.5,17,12,2026-05-11,0
CUST_00051,SKU_00298,2026-05-27,17,0,1.86,9.1,23,17,2026-05-06,1
CUST_00018,SKU_00240,2026-05-27,8,0,1.3,6.1,14,9,2026-04-12,0
CUST_00119,SKU_00049,2026-05-27,15,0,1.49,10.1,15,7,2026-05-04,0
CUST_00180,SKU_00244,2026-05-27,17,0,1.26,13.4,15,15,2026-05-15,0
CUST_00164,SKU_00261,2026-05-27,8,0,1.76,4.5,17,22,2026-04-14,0
CUST_00081,SKU_00086,2026-05-27,16,1,153.28,0.1,2132,1141,2026-05-22,0
CUST_00053,SKU_00116,2026-05-27,4,0,1.73,2.3,23,24,2026-04-12,0
CUST_00077,SKU_00074,2026-05-27,8,0,53.17,0.2,673,498,2026-05-04,0
CUST_00165,SKU_00129,2026-05-27,27,0,1.12,24.1,9,4,2026-04-12,0
CUST_00012,SKU_00219,2026-05-27,2,0,1.04,1.9,8,12,2026-04-09,0
CUST_00155,SKU_00069,2026-05-27,2,0,0.62,3.2,8,2,2026-05-13,0
CUST_00138,SKU_00285,2026-05-27,18,0,0.21,144.0,2,1,2026-05-25,0
CUST_00017,SKU_00108,2026-05-27,8,0,0.0,66.3,0,0,2026-04-25,0
CUST_00197,SKU_00120,2026-05-27,6,0,1.61,3.7,15,7,2026-04-23,0
CUST_00052,SKU_00288,2026-05-27,49,4,0.06,222.0,0,0,2026-05-15,0
CUST_00193,SKU_00080,2026-05-27,24,0,0.05,173.6,0,0,2026-05-11,0
CUST_00094,SKU_00191,2026-05-27,11,0,1.15,9.6,9,7,2026-05-05,0
CUST_00191,SKU_00235,2026-05-27,11,0,0.39,198.1,4,1,2026-04-14,0
CUST_00181,SKU_00084,2026-05-27,2,0,1.08,1.9,9,7,2026-04-05,0
CUST_00058,SKU_00295,2026-05-27,18,0,0.6,30.2,8,7,2026-04-10,0
CUST_00147,SKU_00025,2026-05-27,38,0,1.62,23.4,13,9,2026-05-04,0
CUST_00136,SKU_00282,2026-05-27,85,0,0.99,85.6,9,7,2026-05-26,0
CUST_00113,SKU_00166,2026-05-27,13,0,1.81,7.2,20,7,2026-05-11,0
CUST_00088,SKU_00007,2026-05-27,6,0,0.36,180.7,3,3,2026-05-15,0
CUST_00073,SKU_00098,2026-05-27,23,1,1.53,14.3,12,13,2026-05-14,0
CUST_00191,SKU_00286,2026-05-27,3,0,0.79,3.8,10,4,2026-04-01,0
CUST_00064,SKU_00214,2026-05-27,5,0,55.72,0.1,476,521,2026-04-14,0
CUST_00166,SKU_00246,2026-05-27,17,0,1.48,11.5,16,13,2026-05-13,0
CUST_00026,SKU_00194,2026-05-27,74,0,80.67,0.9,1119,708,2026-05-17,0
CUST_00049,SKU_00249,2026-05-27,87,9,0.21,190.5,2,1,2026-04-27,0
CUST_00046,SKU_00193,2026-05-27,8,0,0.1,82.9,0,0,2026-04-22,0
CUST_00025,SKU_00156,2026-05-27,15,0,1.97,7.6,22,10,2026-05-10,0
CUST_00094,SKU_00018,2026-05-27,4,0,1.97,2.0,26,9,2026-04-10,0
CUST_00114,SKU_00274,2026-05-27,9,0,0.84,10.8,7,10,2026-05-22,0
CUST_00031,SKU_00168,2026-05-27,10,0,1.65,6.1,13,14,2026-05-12,0
CUST_00104,SKU_00110,2026-05-27,19,0,1.72,11.0,18,10,2026-04-05,0
CUST_00129,SKU_00179,2026-05-27,14,0,0.32,159.0,3,3,2026-05-26,0
CUST_00182,SKU_00064,2026-05-27,2,0,140.17,0.0,1921,950,2026-04-02,0
CUST_00109,SKU_00015,2026-05-27,10,0,1.6,6.3,20,18,2026-05-02,0
CUST_00098,SKU_00150,2026-05-27,9,0,1.92,4.7,17,9,2026-05-02,0
CUST_00013,SKU_00040,2026-05-27,2,0,0.13,171.2,1,0,2026-04-18,0
CUST_00107,SKU_00072,2026-05-27,9,0,1.7,5.3,22,22,2026-04-29,0
CUST_00053,SKU_00052,2026-05-27,78,0,1.45,53.8,10,15,2026-05-08,0
CUST_00155,SKU_00085,2026-05-27,3,0,0.18,129.9,2,0,2026-04-03,0
CUST_00021,SKU_00163,2026-05-27,4,0,0.03,138.1,0,0,2026-04-30,0
CUST_00027,SKU_00033,2026-05-27,33,2,0.46,276.3,4,3,2026-05-12,0
CUST_00026,SKU_00107,2026-05-27,27,2,71.33,0.4,980,996,2026-05-05,0
CUST_00172,SKU_00144,2026-05-27,23,0,0.19,111.4,1,1,2026-04-01,0
CUST_00063,SKU_00046,2026-05-27,0,0,1.57,0.0,11,6,2026-03-29,0
CUST_00164,SKU_00297,2026-05-27,3,0,0.67,4.5,4,7,2026-04-19,0
CUST_00010,SKU_00078,2026-05-27,20,0,1.77,11.3,14,8,2026-05-19,0
CUST_00144,SKU_00292,2026-05-27,17,0,0.83,20.5,9,4,2026-05-10,0
CUST_00136,SKU_00220,2026-05-27,21,0,0.01,269.8,0,0,2026-05-21,0
CUST_00132,SKU_00260,2026-05-27,11,0,1.63,6.7,18,21,2026-04-10,0
CUST_00041,SKU_00099,2026-05-27,7,0,105.39,0.1,1467,1221,2026-05-08,0
CUST_00105,SKU_00204,2026-05-27,5,0,1.39,3.6,14,13,2026-05-10,0
CUST_00181,SKU_00219,2026-05-27,5,0,0.06,72.2,0,0,2026-04-27,0
CUST_00174,SKU_00213,2026-05-27,119,11,1.09,99.3,9,7,2026-04-28,0
CUST_00194,SKU_00255,2026-05-27,20,0,1.96,10.2,27,12,2026-05-21,0
CUST_00012,SKU_00151,2026-05-27,52,0,1.68,30.9,16,10,2026-05-06,0
CUST_00101,SKU_00018,2026-05-27,1,0,1.05,1.0,12,7,2026-04-28,0
CUST_00131,SKU_00108,2026-05-27,18,2,0.74,21.5,7,4,2026-03-29,0
CUST_00159,SKU_00215,2026-05-27,15,0,1.52,9.8,18,13,2026-04-15,0
CUST_00134,SKU_00125,2026-05-27,38,0,9.78,3.9,83,138,2026-04-26,0
CUST_00001,SKU_00136,2026-05-27,9,0,1.77,5.1,18,25,2026-05-21,0
CUST_00048,SKU_00070,2026-05-27,3,0,0.56,5.3,7,5,2026-05-12,0
CUST_00197,SKU_00018,2026-05-27,27,0,0.46,153.2,3,4,2026-05-04,0
CUST_00115,SKU_00300,2026-05-27,17,0,0.63,27.1,8,6,2026-04-29,0
CUST_00163,SKU_00091,2026-05-27,20,0,1.97,10.2,25,7,2026-04-17,0
CUST_00038,SKU_00298,2026-05-27,2,0,1.72,1.2,23,7,2026-04-13,0
CUST_00029,SKU_00246,2026-05-27,6,0,0.79,7.6,10,4,2026-05-15,0
CUST_00112,SKU_00248,2026-05-27,19,0,0.96,19.9,8,12,2026-05-19,0
CUST_00122,SKU_00162,2026-05-27,16,1,1.93,7.8,14,10,2026-05-26,0
CUST_00008,SKU_00031,2026-05-27,60,0,1.71,35.1,17,9,2026-04-05,0
CUST_00031,SKU_00172,2026-05-27,0,0,1.19,0.0,15,5,2026-04-12,0
CUST_00041,SKU_00036,2026-05-27,6,0,1.65,3.6,22,10,2026-05-21,0
CUST_00163,SKU_00003,2026-05-27,16,0,1.11,14.4,11,9,2026-05-26,0
CUST_00112,SKU_00085,2026-05-27,12,0,0.04,99.4,0,0,2026-04-13,0
CUST_00003,SKU_00144,2026-05-27,1,0,0.19,76.2,1,0,2026-05-09,0
CUST_00138,SKU_00052,2026-05-27,1,0,1.26,0.8,15,12,2026-04-14,0
CUST_00031,SKU_00111,2026-05-27,12,2,1.66,6.0,14,7,2026-04-13,0
CUST_00126,SKU_00138,2026-05-27,8,0,0.23,46.4,2,1,2026-04-15,0
CUST_00031,SKU_00083,2026-05-27,51,0,0.27,299.3,3,2,2026-05-04,0
CUST_00197,SKU_00283,2026-05-27,3,0,0.28,83.9,2,1,2026-04-26,0
CUST_00029,SKU_00079,2026-05-27,13,0,1.97,6.6,17,18,2026-04-08,0
CUST_00102,SKU_00216,2026-05-27,5,0,0.79,6.4,7,10,2026-04-14,0
CUST_00076,SKU_00150,2026-05-27,12,2,0.32,244.9,3,1,2026-05-18,0
CUST_00034,SKU_00240,2026-05-27,12,0,0.42,119.4,5,3,2026-04-27,0
CUST_00083,SKU_00011,2026-05-27,16,0,1.27,12.6,16,6,2026-04-04,0
CUST_00141,SKU_00066,2026-05-27,1,0,0.2,146.9,2,1,2026-04-15,0
CUST_00039,SKU_00110,2026-05-27,3,0,81.11,0.0,634,699,2026-05-06,0
CUST_00067,SKU_00065,2026-05-27,5,0,1.15,4.4,11,9,2026-04-09,0
CUST_00072,SKU_00203,2026-05-27,29,0,0.28,236.0,2,1,2026-04-03,1
CUST_00038,SKU_00265,2026-05-27,4,0,0.51,7.9,5,4,2026-05-02,0
CUST_00094,SKU_00269,2026-05-27,6,0,0.08,83.4,0,0,2026-05-06,0
CUST_00043,SKU_00259,2026-05-27,25,0,0.21,165.4,1,1,2026-04-16,1
CUST_00164,SKU_00143,2026-05-27,28,0,1.15,24.3,14,12,2026-04-07,0
CUST_00030,SKU_00262,2026-05-27,14,0,0.74,19.0,8,4,2026-04-15,1
CUST_00138,SKU_00157,2026-05-27,17,0,1.04,16.4,13,6,2026-04-05,0
CUST_00127,SKU_00077,2026-05-27,15,0,1.56,9.6,17,12,2026-03-29,0
CUST_00013,SKU_00129,2026-05-27,37,3,1.44,23.6,17,12,2026-05-26,0
CUST_00115,SKU_00227,2026-05-27,4,0,0.1,282.8,1,0,2026-05-20,0
CUST_00037,SKU_00099,2026-05-27,9,0,0.63,14.3,5,4,2026-04-13,0
CUST_00030,SKU_00104,2026-05-27,1,0,0.18,251.7,1,0,2026-04-08,0
CUST_00177,SKU_00293,2026-05-27,24,0,1.71,14.0,18,8,2026-04-21,0
CUST_00153,SKU_00282,2026-05-27,21,0,0.8,26.4,8,6,2026-05-22,0
CUST_00002,SKU_00212,2026-05-27,10,0,0.77,13.0,9,7,2026-05-09,0
CUST_00105,SKU_00049,2026-05-27,102,0,1.09,93.3,10,15,2026-05-13,0
CUST_00179,SKU_00182,2026-05-27,8,0,1.03,7.8,12,15,2026-05-26,0
CUST_00026,SKU_00081,2026-05-27,20,3,0.44,31.5,4,1,2026-05-04,0
CUST_00108,SKU_00196,2026-05-27,9,0,1.64,5.5,22,8,2026-04-01,0
CUST_00148,SKU_00121,2026-05-27,9,0,0.01,125.9,0,0,2026-05-24,0
CUST_00180,SKU_00122,2026-05-27,6,0,66.83,0.1,567,388,2026-04-04,0
CUST_00051,SKU_00176,2026-05-27,18,0,1.95,9.2,17,18,2026-03-30,1
CUST_00100,SKU_00160,2026-05-27,21,0,1.04,20.2,12,12,2026-05-17,0
CUST_00182,SKU_00243,2026-05-27,15,0,0.51,29.1,5,3,2026-05-02,0
CUST_00046,SKU_00237,2026-05-27,21,0,1.94,10.8,20,18,2026-04-17,0
CUST_00094,SKU_00053,2026-05-27,8,0,1.36,5.9,12,18,2026-05-17,0
CUST_00022,SKU_00093,2026-05-27,4,0,0.27,287.9,2,1,2026-04-26,0
CUST_00015,SKU_00163,2026-05-27,3,0,1.0,3.0,8,12,2026-05-22,0
CUST_00176,SKU_00110,2026-05-27,95,0,1.26,75.5,15,15,2026-05-23,4
CUST_00088,SKU_00214,2026-05-27,7,0,0.88,7.9,10,4,2026-04-07,0
CUST_00056,SKU_00103,2026-05-27,11,1,0.91,11.0,7,4,2026-05-03,0
CUST_00102,SKU_00124,2026-05-27,31,0,0.01,233.5,0,0,2026-04-07,0
CUST_00026,SKU_00161,2026-05-27,8,0,1.63,4.9,17,16,2026-05-25,0
CUST_00188,SKU_00281,2026-05-27,50,2,1.32,36.4,15,6,2026-05-12,0
CUST_00066,SKU_00073,2026-05-27,7,0,1.09,6.4,13,12,2026-05-08,0
CUST_00124,SKU_00125,2026-05-27,4,0,1.89,2.1,19,11,2026-04-21,0
CUST_00130,SKU_00002,2026-05-27,41,0,1.57,26.2,21,16,2026-05-14,0
CUST_00126,SKU_00300,2026-05-27,20,0,1.59,12.6,18,22,2026-05-19,0
CUST_00199,SKU_00015,2026-05-27,22,0,1.09,20.2,14,13,2026-05-17,0
CUST_00188,SKU_00181,2026-05-27,6,0,0.54,11.1,7,6,2026-05-08,0
CUST_00163,SKU_00148,2026-05-27,23,0,0.38,285.2,4,2,2026-04-01,0
CUST_00011,SKU_00120,2026-05-27,2,0,0.91,2.2,8,12,2026-04-11,0
CUST_00107,SKU_00196,2026-05-27,10,0,1.08,9.2,14,10,2026-05-25,0
CUST_00186,SKU_00024,2026-05-27,49,5,1.29,34.1,11,10,2026-05-02,0
CUST_00190,SKU_00113,2026-05-27,1,0,1.4,0.7,16,12,2026-04-28,0
CUST_00031,SKU_00105,2026-05-27,28,4,1.02,23.4,10,6,2026-04-02,0
CUST_00173,SKU_00106,2026-05-27,7,0,1.62,4.3,16,7,2026-05-19,0
CUST_00073,SKU_00156,2026-05-27,4,0,1.27,3.1,16,15,2026-04-21,0
CUST_00117,SKU_00281,2026-05-27,42,0,1.06,39.6,11,6,2026-04-25,0
CUST_00075,SKU_00118,2026-05-27,23,0,1.51,15.2,19,21,2026-05-03,0
CUST_00111,SKU_00060,2026-05-27,26,0,1.95,13.3,24,13,2026-05-11,0
CUST_00055,SKU_00234,2026-05-27,19,2,1.04,16.3,14,13,2026-04-15,0
CUST_00022,SKU_00105,2026-05-27,1,0,0.17,176.1,2,1,2026-05-01,0
CUST_00083,SKU_00037,2026-05-27,5,0,1.71,2.9,13,19,2026-05-06,0
CUST_00121,SKU_00200,2026-05-27,14,2,1.04,11.6,9,7,2026-05-03,0
CUST_00045,SKU_00252,2026-05-27,2,0,1.81,1.1,20,9,2026-04-24,0
CUST_00003,SKU_00044,2026-05-27,1,0,39.0,0.0,395,337,2026-05-02,0
CUST_00064,SKU_00073,2026-05-27,4,0,74.0,0.1,1020,482,2026-05-11,0
CUST_00129,SKU_00010,2026-05-27,6,0,1.13,5.3,15,15,2026-04-29,0
CUST_00151,SKU_00005,2026-05-27,0,0,1.74,0.0,21,6,2026-05-10,0
CUST_00074,SKU_00029,2026-05-27,6,0,1.59,3.8,17,10,2026-05-26,0
CUST_00005,SKU_00015,2026-05-27,4,0,0.21,37.7,1,1,2026-04-25,0
CUST_00182,SKU_00015,2026-05-27,13,0,0.63,20.5,8,6,2026-04-18,0
CUST_00066,SKU_00031,2026-05-27,19,0,0.43,242.1,5,1,2026-05-16,0
CUST_00109,SKU_00027,2026-05-27,68,0,0.08,297.0,0,0,2026-04-12,0
CUST_00199,SKU_00038,2026-05-27,0,0,1.86,0.0,15,12,2026-05-02,0
CUST_00109,SKU_00005,2026-05-27,4,0,0.99,4.0,12,10,2026-05-17,0
CUST_00128,SKU_00094,2026-05-27,1,0,1.19,0.8,12,3,2026-03-30,0
CUST_00166,SKU_00257,2026-05-27,40,0,1.98,20.2,17,21,2026-05-16,0
CUST_00105,SKU_00157,2026-05-27,9,0,0.59,15.3,7,4,2026-04-08,0
CUST_00107,SKU_00001,2026-05-27,7,0,1.43,4.9,10,10,2026-04-22,0
CUST_00148,SKU_00013,2026-05-27,31,0,1.45,21.4,15,15,2026-03-29,2
CUST_00035,SKU_00275,2026-05-27,6,0,1.41,4.3,18,5,2026-04-11,0
CUST_00152,SKU_00286,2026-05-27,2,0,0.59,3.4,8,3,2026-04-06,0
CUST_00071,SKU_00270,2026-05-27,13,0,1.35,9.6,10,18,2026-04-17,1
CUST_00037,SKU_00140,2026-05-27,65,0,1.22,53.3,11,7,2026-04-29,3
CUST_00109,SKU_00257,2026-05-27,34,2,1.66,19.3,16,22,2026-04-22,0
CUST_00165,SKU_00006,2026-05-27,5,0,1.24,4.0,10,18,2026-05-05,0
CUST_00024,SKU_00211,2026-05-27,3,0,1.91,1.6,19,21,2026-04-19,0
CUST_00150,SKU_00145,2026-05-27,10,0,1.65,6.1,19,18,2026-04-29,0
CUST_00035,SKU_00100,2026-05-27,4,0,0.97,4.1,9,3,2026-04-14,0
CUST_00137,SKU_00197,2026-05-27,7,0,1.37,5.1,10,10,2026-04-30,0
CUST_00094,SKU_00243,2026-05-27,2,0,0.51,3.9,5,6,2026-05-03,0
CUST_00066,SKU_00017,2026-05-27,26,0,0.53,49.1,6,3,2026-04-28,0
CUST_00138,SKU_00017,2026-05-27,19,3,74.72,0.2,884,537,2026-04-28,0
CUST_00178,SKU_00163,2026-05-27,4,0,1.86,2.2,24,15,2026-05-16,0
CUST_00092,SKU_00091,2026-05-27,13,1,0.6,20.1,4,5,2026-04-16,0
CUST_00062,SKU_00107,2026-05-27,11,0,1.91,5.8,25,22,2026-03-29,0
CUST_00112,SKU_00187,2026-05-27,4,0,0.48,170.3,5,3,2026-05-04,0
CUST_00016,SKU_00021,2026-05-27,3,0,1.62,1.9,15,15,2026-04-01,0
CUST_00172,SKU_00205,2026-05-27,27,0,1.78,15.2,22,15,2026-05-05,0
CUST_00068,SKU_00214,2026-05-27,9,0,1.29,7.0,12,5,2026-04-15,0
CUST_00186,SKU_00051,2026-05-27,3,0,1.28,2.3,10,6,2026-04-28,0
CUST_00015,SKU_00128,2026-05-27,22,0,1.28,17.1,15,12,2026-05-07,0
CUST_00049,SKU_00257,2026-05-27,206,0,1.16,177.1,12,6,2026-05-12,0
CUST_00172,SKU_00231,2026-05-27,56,0,0.76,73.3,7,9,2026-04-20,2
CUST_00081,SKU_00122,2026-05-27,16,0,1.92,8.3,26,21,2026-04-18,0
CUST_00116,SKU_00074,2026-05-27,44,0,1.27,34.8,13,15,2026-04-21,0
CUST_00114,SKU_00156,2026-05-27,1,0,0.92,1.1,9,9,2026-04-30,0
CUST_00100,SKU_00240,2026-05-27,14,0,1.38,10.2,18,13,2026-04-09,0
CUST_00173,SKU_00017,2026-05-27,21,0,1.14,18.3,13,11,2026-05-05,0
CUST_00108,SKU_00037,2026-05-27,2,0,0.31,198.0,2,1,2026-05-02,0
CUST_00014,SKU_00259,2026-05-27,5,0,1.88,2.7,22,16,2026-05-15,0
CUST_00092,SKU_00150,2026-05-27,9,0,1.77,5.1,17,7,2026-05-17,0
CUST_00005,SKU_00211,2026-05-27,31,0,1.22,25.5,15,11,2026-04-09,0
CUST_00081,SKU_00280,2026-05-27,1,0,1.35,0.7,11,10,2026-03-30,0
CUST_00153,SKU_00195,2026-05-27,21,3,0.22,282.5,3,3,2026-04-19,0
CUST_00081,SKU_00089,2026-05-27,3,0,0.92,3.3,12,9,2026-05-14,0
CUST_00182,SKU_00235,2026-05-27,1,0,1.8,0.6,24,15,2026-04-24,0
CUST_00016,SKU_00003,2026-05-27,6,0,0.75,8.0,6,9,2026-04-16,0
CUST_00029,SKU_00082,2026-05-27,6,0,0.18,267.6,1,0,2026-04-24,0
CUST_00182,SKU_00165,2026-05-27,22,0,1.41,15.6,10,4,2026-04-22,0
CUST_00125,SKU_00082,2026-05-27,16,0,1.22,13.1,13,13,2026-05-12,0
CUST_00172,SKU_00129,2026-05-27,37,0,1.52,24.3,15,7,2026-05-24,0
CUST_00058,SKU_00233,2026-05-27,23,0,1.43,16.1,15,7,2026-05-03,0
CUST_00178,SKU_00206,2026-05-27,20,0,0.77,25.9,6,6,2026-04-12,1
CUST_00196,SKU_00164,2026-05-27,15,0,0.45,74.9,4,1,2026-04-04,1
CUST_00158,SKU_00297,2026-05-27,9,0,44.61,0.2,322,391,2026-05-07,0
CUST_00177,SKU_00049,2026-05-27,2,0,0.31,160.1,3,2,2026-05-13,0
CUST_00146,SKU_00205,2026-05-27,16,0,1.12,14.3,12,5,2026-04-27,0
CUST_00074,SKU_00152,2026-05-27,21,0,1.92,10.9,23,10,2026-05-26,0
CUST_00174,SKU_00052,2026-05-27,7,0,1.82,3.9,22,16,2026-05-15,0
CUST_00186,SKU_00155,2026-05-27,3,0,1.8,1.7,16,15,2026-05-14,0
CUST_00023,SKU_00105,2026-05-27,14,0,0.64,21.9,7,7,2026-04-02,0
CUST_00118,SKU_00248,2026-05-27,16,0,1.14,14.1,13,13,2026-05-18,0
CUST_00200,SKU_00282,2026-05-27,2,0,2.0,1.0,15,10,2026-05-20,0
CUST_00037,SKU_00053,2026-05-27,9,0,528.89,0.0,5201,3981,2026-04-05,0
CUST_00104,SKU_00025,2026-05-27,12,0,0.48,62.6,6,3,2026-05-25,0
CUST_00188,SKU_00291,2026-05-27,5,0,0.47,54.7,3,4,2026-04-27,0
CUST_00095,SKU_00200,2026-05-27,23,0,1.39,16.5,14,7,2026-04-03,0
CUST_00170,SKU_00254,2026-05-27,2,0,0.9,2.2,11,12,2026-04-01,0
CUST_00018,SKU_00039,2026-05-27,6,0,1.13,5.3,15,6,2026-04-24,0
CUST_00172,SKU_00228,2026-05-27,115,0,0.05,174.5,0,0,2026-04-08,0
CUST_00106,SKU_00289,2026-05-27,5,0,0.89,5.6,11,9,2026-05-04,0
CUST_00083,SKU_00026,2026-05-27,6,0,1.31,4.6,15,12,2026-03-29,0
CUST_00174,SKU_00223,2026-05-27,5,0,1.79,2.8,17,12,2026-05-21,0
CUST_00160,SKU_00165,2026-05-27,4,0,1.31,3.1,12,18,2026-04-22,0
CUST_00088,SKU_00155,2026-05-27,7,0,0.27,54.7,3,0,2026-04-12,0
CUST_00016,SKU_00299,2026-05-27,1,0,1.02,1.0,10,6,2026-04-06,0
CUST_00096,SKU_00192,2026-05-27,37,1,0.82,43.9,7,6,2026-03-30,0
CUST_00120,SKU_00246,2026-05-27,3,0,0.38,91.4,5,2,2026-05-18,0
CUST_00172,SKU_00175,2026-05-27,61,0,1.49,40.9,15,13,2026-05-16,0
CUST_00132,SKU_00120,2026-05-27,2,0,78.94,0.0,980,1131,2026-05-20,0
CUST_00047,SKU_00161,2026-05-27,4,0,0.14,184.1,0,0,2026-04-18,0
CUST_00108,SKU_00219,2026-05-27,3,0,0.61,4.9,7,5,2026-04-26,0
CUST_00110,SKU_00231,2026-05-27,43,0,1.15,37.5,15,4,2026-05-01,0
CUST_00064,SKU_00187,2026-05-27,1,0,1.68,0.6,22,6,2026-04-29,0
CUST_00041,SKU_00078,2026-05-27,26,4,0.26,46.4,3,3,2026-04-19,0
CUST_00088,SKU_00199,2026-05-27,17,0,1.81,9.4,15,21,2026-05-15,1
CUST_00167,SKU_00266,2026-05-27,7,0,0.85,8.2,6,3,2026-04-05,0
CUST_00005,SKU_00084,2026-05-27,7,0,1.75,4.0,21,6,2026-04-28,0
CUST_00137,SKU_00082,2026-05-27,10,0,1.86,5.4,17,21,2026-04-26,0
CUST_00063,SKU_00135,2026-05-27,4,0,0.99,4.0,11,7,2026-05-23,0
CUST_00162,SKU_00047,2026-05-27,6,0,1.96,3.1,22,25,2026-05-10,0
CUST_00127,SKU_00261,2026-05-27,5,0,0.0,205.2,0,0,2026-05-11,0
CUST_00075,SKU_00133,2026-05-27,64,0,1.2,53.4,11,7,2026-05-04,0
CUST_00065,SKU_00128,2026-05-27,7,0,319.06,0.0,4455,2887,2026-04-26,0
CUST_00038,SKU_00055,2026-05-27,0,0,0.29,249.6,2,0,2026-04-20,0
CUST_00125,SKU_00037,2026-05-27,24,0,1.29,18.6,15,9,2026-04-02,1
CUST_00050,SKU_00278,2026-05-27,10,0,0.53,18.8,4,7,2026-05-16,0
CUST_00079,SKU_00056,2026-05-27,0,0,0.69,0.0,6,4,2026-05-05,0
CUST_00132,SKU_00129,2026-05-27,11,0,0.04,95.0,0,0,2026-05-01,0
CUST_00057,SKU_00129,2026-05-27,11,1,0.3,71.4,3,1,2026-04-12,1
CUST_00074,SKU_00250,2026-05-27,26,0,0.72,36.0,7,3,2026-05-03,0
CUST_00071,SKU_00284,2026-05-27,66,0,0.54,122.4,4,3,2026-04-09,0
CUST_00071,SKU_00079,2026-05-27,8,1,0.31,33.8,3,1,2026-05-04,0
CUST_00094,SKU_00256,2026-05-27,7,0,1.64,4.3,17,7,2026-04-25,0
CUST_00177,SKU_00044,2026-05-27,0,0,0.89,0.0,6,2,2026-04-30,0
CUST_00134,SKU_00184,2026-05-27,21,2,0.78,24.2,9,9,2026-05-10,0
CUST_00027,SKU_00282,2026-05-27,4,0,0.83,4.8,6,3,2026-04-30,0
CUST_00074,SKU_00039,2026-05-27,16,0,1.59,10.1,14,22,2026-04-08,0
CUST_00125,SKU_00007,2026-05-27,19,0,0.03,46.9,0,0,2026-04-26,0
CUST_00116,SKU_00031,2026-05-27,26,0,1.42,18.3,13,9,2026-04-13,2
CUST_00065,SKU_00017,2026-05-27,9,1,0.38,67.1,4,1,2026-04-29,0
CUST_00095,SKU_00173,2026-05-27,37,0,0.38,130.0,5,2,2026-04-05,0
CUST_00010,SKU_00163,2026-05-27,8,0,1.62,5.0,15,6,2026-05-06,0
CUST_00156,SKU_00164,2026-05-27,4,0,0.18,63.4,1,0,2026-04-29,0
CUST_00175,SKU_00192,2026-05-27,22,0,0.78,28.3,9,3,2026-05-07,0
CUST_00109,SKU_00191,2026-05-27,11,0,158.28,0.1,1362,1144,2026-05-21,0
CUST_00011,SKU_00011,2026-05-27,10,0,0.45,294.0,3,3,2026-03-31,0
CUST_00046,SKU_00254,2026-05-27,2,0,0.18,32.5,1,1,2026-04-09,0
CUST_00087,SKU_00007,2026-05-27,9,0,0.3,108.5,2,1,2026-05-03,0
CUST_00021,SKU_00224,2026-05-27,11,0,1.63,6.8,11,9,2026-05-14,0
CUST_00051,SKU_00038,2026-05-27,24,3,1.1,19.0,13,5,2026-05-24,0
CUST_00181,SKU_00087,2026-05-27,0,0,0.46,227.1,4,3,2026-03-31,0
CUST_00142,SKU_00163,2026-05-27,1,0,0.07,285.4,0,0,2026-04-15,0
CUST_00118,SKU_00076,2026-05-27,25,0,0.13,211.3,1,0,2026-04-13,0
CUST_00049,SKU_00230,2026-05-27,120,0,0.06,43.4,0,0,2026-05-08,0
CUST_00196,SKU_00295,2026-05-27,13,0,1.9,6.8,22,21,2026-05-23,0
CUST_00160,SKU_00085,2026-05-27,19,0,1.74,10.9,15,16,2026-05-07,0
CUST_00030,SKU_00225,2026-05-27,7,0,1.11,6.3,8,7,2026-05-06,0
CUST_00183,SKU_00280,2026-05-27,2,0,1.25,1.6,17,13,2026-04-26,0
CUST_00123,SKU_00105,2026-05-27,0,0,1.38,0.0,15,4,2026-04-07,0
CUST_00136,SKU_00262,2026-05-27,2,0,1.78,1.1,19,24,2026-04-29,0
CUST_00056,SKU_00045,2026-05-27,10,0,0.73,13.6,8,10,2026-05-07,0
CUST_00042,SKU_00035,2026-05-27,3,0,0.14,71.2,1,1,2026-04-21,0
CUST_00175,SKU_00210,2026-05-27,6,0,1.6,3.8,21,8,2026-04-11,0
CUST_00134,SKU_00090,2026-05-27,15,0,0.21,206.2,2,0,2026-04-12,0
CUST_00082,SKU_00027,2026-05-27,28,1,0.41,299.7,5,2,2026-04-27,0
CUST_00149,SKU_00221,2026-05-27,24,0,1.06,22.6,7,9,2026-03-31,0
CUST_00115,SKU_00011,2026-05-27,1,0,0.16,132.7,1,0,2026-03-31,0
CUST_00147,SKU_00013,2026-05-27,43,0,0.24,285.0,1,1,2026-03-31,0
CUST_00142,SKU_00114,2026-05-27,3,0,1.53,2.0,11,10,2026-05-21,0
CUST_00074,SKU_00086,2026-05-27,13,0,0.15,279.8,2,1,2026-04-04,0
CUST_00061,SKU_00035,2026-05-27,1,0,0.72,1.4,6,9,2026-05-02,0
CUST_00101,SKU_00284,2026-05-27,7,0,1.72,4.1,16,9,2026-04-11,0
CUST_00055,SKU_00042,2026-05-27,14,0,0.35,146.4,4,3,2026-04-08,0
CUST_00049,SKU_00191,2026-05-27,13,0,0.19,242.2,1,0,2026-03-30,0
CUST_00197,SKU_00100,2026-05-27,3,0,1.79,1.7,18,24,2026-05-17,0
CUST_00079,SKU_00005,2026-05-27,1,0,1.51,0.7,20,5,2026-04-03,0
CUST_00043,SKU_00041,2026-05-27,4,0,0.45,259.6,5,3,2026-04-06,0
CUST_00150,SKU_00091,2026-05-27,43,0,0.24,66.4,1,1,2026-05-24,0
CUST_00094,SKU_00258,2026-05-27,100,0,0.09,199.3,0,0,2026-05-05,0
CUST_00066,SKU_00154,2026-05-27,43,0,1.11,38.6,14,12,2026-05-20,0
CUST_00096,SKU_00030,2026-05-27,12,0,1.87,6.4,15,8,2026-05-26,0
CUST_00020,SKU_00137,2026-05-27,2,0,0.44,211.0,3,6,2026-04-19,0
CUST_00166,SKU_00278,2026-05-27,4,0,0.2,136.3,1,1,2026-04-05,0
CUST_00068,SKU_00276,2026-05-27,9,0,1.6,5.6,17,14,2026-04-12,0
CUST_00046,SKU_00131,2026-05-27,3,0,1.4,2.1,11,16,2026-04-01,0
CUST_00194,SKU_00157,2026-05-27,1,0,0.74,1.4,6,10,2026-04-30,0
CUST_00110,SKU_00283,2026-05-27,22,0,0.0,218.6,0,0,2026-04-25,0
CUST_00034,SKU_00077,2026-05-27,8,0,0.98,8.2,13,10,2026-04-27,0
CUST_00151,SKU_00084,2026-05-27,6,0,0.04,104.1,0,0,2026-04-13,0
CUST_00023,SKU_00037,2026-05-27,9,0,0.89,10.1,7,10,2026-04-23,0
CUST_00123,SKU_00211,2026-05-27,5,0,1.97,2.5,22,13,2026-03-31,0
CUST_00191,SKU_00002,2026-05-27,16,0,1.2,13.3,14,10,2026-04-20,0
CUST_00041,SKU_00183,2026-05-27,7,0,0.54,12.9,5,3,2026-05-08,0
CUST_00152,SKU_00019,2026-05-27,19,0,0.34,93.9,3,4,2026-04-22,0
CUST_00142,SKU_00096,2026-05-27,2,0,1.43,1.4,17,8,2026-04-03,0
CUST_00118,SKU_00165,2026-05-27,9,0,1.08,8.3,10,4,2026-04-06,0
CUST_00021,SKU_00235,2026-05-27,22,0,1.56,14.1,21,15,2026-04-12,0
CUST_00132,SKU_00191,2026-05-27,26,0,1.72,15.1,14,24,2026-04-25,0
CUST_00006,SKU_00029,2026-05-27,3,0,0.54,5.5,7,4,2026-04-26,0
CUST_00101,SKU_00295,2026-05-27,60,0,1.21,49.5,15,6,2026-04-28,0
CUST_00028,SKU_00277,2026-05-27,10,0,0.45,117.8,4,6,2026-04-01,0
CUST_00178,SKU_00070,2026-05-27,26,0,1.8,14.5,17,7,2026-04-06,0
CUST_00018,SKU_00289,2026-05-27,2,0,0.64,3.1,5,3,2026-04-26,0
CUST_00093,SKU_00005,2026-05-27,40,0,0.06,31.5,0,0,2026-05-15,1
CUST_00019,SKU_00123,2026-05-27,10,0,1.06,9.4,10,10,2026-05-01,0
CUST_00131,SKU_00045,2026-05-27,5,0,1.45,3.5,16,9,2026-04-13,0
CUST_00138,SKU_00060,2026-05-27,23,1,0.95,23.3,10,6,2026-05-06,1
CUST_00125,SKU_00126,2026-05-27,60,0,0.34,143.5,3,4,2026-05-10,0
CUST_00190,SKU_00239,2026-05-27,6,0,0.52,11.6,6,4,2026-04-10,0
CUST_00001,SKU_00151,2026-05-27,26,0,0.97,26.8,9,9,2026-05-08,0
CUST_00145,SKU_00298,2026-05-27,4,0,1.26,3.2,12,10,2026-04-12,0
CUST_00032,SKU_00190,2026-05-27,6,1,0.22,150.6,2,1,2026-05-24,0
CUST_00095,SKU_00276,2026-05-27,2,0,0.74,2.7,5,3,2026-05-02,0
CUST_00144,SKU_00012,2026-05-27,3,0,1.66,1.8,13,19,2026-05-21,0
CUST_00138,SKU_00276,2026-05-27,27,0,0.16,72.4,2,0,2026-05-20,0
CUST_00183,SKU_00090,2026-05-27,20,0,0.14,71.1,1,1,2026-05-09,0
CUST_00171,SKU_00145,2026-05-27,8,0,0.46,110.0,5,1,2026-05-18,0
CUST_00200,SKU_00219,2026-05-27,114,0,1.6,71.4,16,8,2026-04-18,0
CUST_00102,SKU_00107,2026-05-27,22,0,1.77,12.4,24,12,2026-04-04,0
CUST_00177,SKU_00164,2026-05-27,34,0,156.78,0.2,1166,1156,2026-04-16,0
CUST_00160,SKU_00099,2026-05-27,33,0,0.19,154.3,2,1,2026-04-09,0
CUST_00154,SKU_00264,2026-05-27,42,0,1.06,39.7,12,5,2026-04-06,0
CUST_00080,SKU_00022,2026-05-27,33,0,0.71,46.3,9,3,2026-05-23,0
CUST_00068,SKU_00150,2026-05-27,1,0,22.0,0.0,190,157,2026-05-11,0
CUST_00034,SKU_00130,2026-05-27,75,0,1.39,54.0,15,9,2026-03-30,0
CUST_00027,SKU_00067,2026-05-27,6,0,1.02,5.9,11,5,2026-05-08,0
CUST_00139,SKU_00176,2026-05-27,2,0,0.14,145.6,1,0,2026-04-21,0
CUST_00074,SKU_00088,2026-05-27,5,0,1.07,4.7,10,7,2026-04-08,0
CUST_00189,SKU_00261,2026-05-27,6,0,0.88,6.8,10,9,2026-05-11,0
CUST_00173,SKU_00055,2026-05-27,0,0,0.49,191.8,3,4,2026-05-16,0
CUST_00062,SKU_00194,2026-05-27,5,0,1.9,2.6,24,10,2026-05-10,0
CUST_00004,SKU_00100,2026-05-27,11,0,1.16,9.5,10,10,2026-05-11,0
CUST_00128,SKU_00071,2026-05-27,8,0,0.93,8.6,8,7,2026-05-09,0
CUST_00084,SKU_00007,2026-05-27,11,0,0.01,100.9,0,0,2026-05-11,0
CUST_00135,SKU_00181,2026-05-27,2,0,1.2,1.7,11,15,2026-05-22,0
CUST_00023,SKU_00014,2026-05-27,40,0,1.33,30.2,13,9,2026-05-07,0
CUST_00051,SKU_00262,2026-05-27,4,0,1.38,2.9,18,8,2026-03-30,0
CUST_00069,SKU_00204,2026-05-27,5,0,1.17,4.3,9,6,2026-04-18,0
CUST_00114,SKU_00022,2026-05-27,10,0,0.97,10.4,11,12,2026-05-16,0
CUST_00184,SKU_00050,2026-05-27,37,0,0.78,47.6,9,3,2026-04-09,0
CUST_00136,SKU_00237,2026-05-27,16,0,0.27,148.7,2,3,2026-04-19,0
CUST_00142,SKU_00194,2026-05-27,2,0,0.34,211.2,4,1,2026-03-30,0
CUST_00120,SKU_00247,2026-05-27,19,0,0.58,32.5,5,3,2026-04-10,1
CUST_00174,SKU_00174,2026-05-27,16,0,0.68,23.7,6,4,2026-04-30,0
CUST_00085,SKU_00177,2026-05-27,40,0,1.7,23.5,23,13,2026-04-07,0
CUST_00188,SKU_00088,2026-05-27,6,0,1.26,4.8,13,10,2026-04-08,0
CUST_00068,SKU_00119,2026-05-27,9,0,54.72,0.2,452,299,2026-04-02,0
CUST_00081,SKU_00024,2026-05-27,1,0,0.18,68.7,2,1,2026-03-31,0
CUST_00036,SKU_00263,2026-05-27,13,0,0.14,199.6,0,1,2026-05-13,0
CUST_00044,SKU_00143,2026-05-27,9,0,1.88,4.8,23,12,2026-05-19,0
CUST_00163,SKU_00216,2026-05-27,2,0,1.34,1.5,12,4,2026-05-26,0
CUST_00009,SKU_00143,2026-05-27,0,0,1.22,0.0,16,10,2026-05-19,0
CUST_00185,SKU_00093,2026-05-27,5,0,1.24,4.0,12,9,2026-04-03,0
CUST_00028,SKU_00060,2026-05-27,27,0,0.41,149.3,5,3,2026-03-31,0
CUST_00166,SKU_00068,2026-05-27,3,0,0.98,3.1,13,9,2026-05-09,0
CUST_00100,SKU_00177,2026-05-27,9,0,1.27,7.1,15,16,2026-04-18,0
CUST_00143,SKU_00071,2026-05-27,9,0,0.52,17.3,6,6,2026-05-08,0
CUST_00057,SKU_00051,2026-05-27,5,0,0.56,8.9,5,7,2026-05-08,0
CUST_00152,SKU_00138,2026-05-27,3,0,0.74,4.1,7,6,2026-04-29,0
CUST_00110,SKU_00052,2026-05-27,10,0,1.37,7.3,16,7,2026-04-07,0
CUST_00003,SKU_00124,2026-05-27,3,0,1.41,2.1,11,15,2026-04-09,0
CUST_00177,SKU_00173,2026-05-27,18,0,0.25,151.2,2,1,2026-05-17,0
CUST_00140,SKU_00178,2026-05-27,3,0,0.72,4.2,9,7,2026-05-02,0
CUST_00036,SKU_00113,2026-05-27,0,0,1.11,0.0,9,5,2026-04-30,0
CUST_00188,SKU_00072,2026-05-27,14,0,0.58,24.0,7,3,2026-04-28,1
CUST_00014,SKU_00137,2026-05-27,7,0,1.27,5.5,9,18,2026-04-21,0
CUST_00062,SKU_00189,2026-05-27,8,0,1.5,5.3,17,13,2026-05-24,0
CUST_00020,SKU_00229,2026-05-27,9,1,0.38,186.8,4,3,2026-04-26,0
CUST_00085,SKU_00052,2026-05-27,2,0,1.39,1.4,17,6,2026-04-05,0
CUST_00063,SKU_00204,2026-05-27,9,0,1.25,7.2,11,10,2026-05-02,0
CUST_00038,SKU_00017,2026-05-27,16,0,0.19,123.4,2,1,2026-04-17,0
CUST_00002,SKU_00002,2026-05-27,2,0,0.86,2.3,7,7,2026-03-31,0
CUST_00075,SKU_00078,2026-05-27,9,1,1.27,6.3,10,10,2026-05-03,0
CUST_00185,SKU_00218,2026-05-27,12,0,0.71,17.0,7,9,2026-05-07,0
CUST_00187,SKU_00120,2026-05-27,19,0,0.92,20.7,9,7,2026-05-07,0
CUST_00016,SKU_00165,2026-05-27,117,0,0.23,133.9,2,3,2026-04-25,0
CUST_00197,SKU_00269,2026-05-27,2,0,1.91,1.0,15,15,2026-05-10,0
CUST_00085,SKU_00085,2026-05-27,4,0,0.67,6.0,7,4,2026-05-12,0
CUST_00076,SKU_00073,2026-05-27,16,0,0.12,72.2,1,0,2026-04-01,0
CUST_00087,SKU_00256,2026-05-27,14,0,0.98,14.2,8,4,2026-03-31,0
CUST_00171,SKU_00272,2026-05-27,125,0,0.12,69.9,1,0,2026-05-09,0
CUST_00196,SKU_00274,2026-05-27,11,0,0.41,151.8,3,4,2026-03-31,0
CUST_00033,SKU_00057,2026-05-27,29,3,1.51,17.2,15,12,2026-05-19,0
CUST_00069,SKU_00041,2026-05-27,4,0,0.07,76.3,0,0,2026-04-13,0
CUST_00171,SKU_00099,2026-05-27,0,0,0.01,174.6,0,0,2026-05-16,0
CUST_00061,SKU_00105,2026-05-27,9,0,1.4,6.4,14,15,2026-05-14,0
CUST_00191,SKU_00192,2026-05-27,24,0,1.49,16.1,12,6,2026-04-21,0
CUST_00112,SKU_00239,2026-05-27,67,12,0.38,97.1,3,4,2026-05-24,0
CUST_00198,SKU_00132,2026-05-27,32,1,1.01,30.7,7,9,2026-05-22,0
CUST_00007,SKU_00140,2026-05-27,10,0,1.6,6.2,14,9,2026-03-30,0
CUST_00066,SKU_00242,2026-05-27,4,0,0.92,4.4,7,4,2026-04-01,0
CUST_00146,SKU_00257,2026-05-27,8,0,1.78,4.5,16,17,2026-05-15,0
CUST_00136,SKU_00099,2026-05-27,10,0,0.26,218.9,2,3,2026-04-24,0
CUST_00001,SKU_00267,2026-05-27,7,0,0.97,7.2,9,10,2026-04-30,0
CUST_00024,SKU_00259,2026-05-27,14,0,0.14,78.2,1,1,2026-04-01,0
CUST_00090,SKU_00244,2026-05-27,74,4,0.23,96.0,1,1,2026-04-20,0
CUST_00183,SKU_00161,2026-05-27,10,0,0.39,229.8,4,3,2026-05-26,0
CUST_00108,SKU_00288,2026-05-27,4,0,0.31,110.9,3,2,2026-05-26,0
CUST_00090,SKU_00288,2026-05-27,7,0,1.84,3.8,20,9,2026-04-17,0
CUST_00162,SKU_00187,2026-05-27,2,0,0.37,46.3,4,3,2026-05-21,0
CUST_00141,SKU_00300,2026-05-27,24,2,0.55,40.2,6,7,2026-05-11,2
CUST_00060,SKU_00140,2026-05-27,4,0,1.41,2.8,18,12,2026-04-15,0
CUST_00161,SKU_00048,2026-05-27,23,0,1.5,15.3,14,16,2026-05-14,0
CUST_00193,SKU_00064,2026-05-27,15,1,24.22,0.6,188,136,2026-05-02,1
CUST_00199,SKU_00232,2026-05-27,28,0,1.99,14.0,22,18,2026-04-18,0
CUST_00099,SKU_00189,2026-05-27,4,0,1.2,3.3,14,13,2026-03-31,0
CUST_00087,SKU_00022,2026-05-27,7,0,1.15,6.1,12,6,2026-03-29,0
CUST_00060,SKU_00215,2026-05-27,9,0,1.36,6.6,15,18,2026-04-01,0
CUST_00163,SKU_00134,2026-05-27,1,0,0.05,85.3,0,0,2026-05-26,0
CUST_00115,SKU_00015,2026-05-27,15,0,0.19,295.4,1,1,2026-04-26,0
CUST_00101,SKU_00044,2026-05-27,18,0,1.69,10.7,20,7,2026-05-08,0
CUST_00021,SKU_00295,2026-05-27,19,0,1.97,9.6,26,6,2026-04-06,0
CUST_00158,SKU_00031,2026-05-27,89,0,0.1,232.6,1,0,2026-05-26,0
CUST_00170,SKU_00237,2026-05-27,19,0,0.59,32.1,5,6,2026-05-17,0
CUST_00065,SKU_00144,2026-05-27,10,0,0.6,16.6,5,2,2026-05-04,0
CUST_00060,SKU_00177,2026-05-27,23,0,51.33,0.4,639,702,2026-04-03,0
CUST_00186,SKU_00094,2026-05-27,21,0,1.12,18.8,15,5,2026-05-23,0
CUST_00134,SKU_00055,2026-05-27,10,0,1.35,7.4,16,12,2026-04-16,0
CUST_00143,SKU_00096,2026-05-27,19,0,1.76,10.8,21,12,2026-04-10,0
CUST_00048,SKU_00132,2026-05-27,37,0,1.98,18.7,22,13,2026-04-01,0
CUST_00113,SKU_00018,2026-05-27,8,0,0.16,290.3,2,0,2026-05-20,0
CUST_00169,SKU_00077,2026-05-27,26,3,0.64,35.7,6,7,2026-03-31,0
CUST_00130,SKU_00106,2026-05-27,3,0,0.06,72.7,0,0,2026-05-14,0
CUST_00053,SKU_00137,2026-05-27,12,0,1.81,6.6,24,19,2026-03-30,0
CUST_00022,SKU_00029,2026-05-27,29,0,0.59,49.5,4,3,2026-04-20,0
CUST_00179,SKU_00223,2026-05-27,7,0,23.28,0.3,292,348,2026-04-17,0
CUST_00128,SKU_00105,2026-05-27,38,0,0.09,260.3,0,0,2026-05-13,0
CUST_00018,SKU_00102,2026-05-27,114,15,1.07,92.5,11,6,2026-04-22,0
CUST_00060,SKU_00242,2026-05-27,6,0,1.3,4.6,9,6,2026-05-14,0
CUST_00137,SKU_00111,2026-05-27,22,0,1.53,14.4,17,9,2026-04-22,0
CUST_00187,SKU_00275,2026-05-27,8,0,0.75,10.6,10,7,2026-05-22,0
CUST_00124,SKU_00118,2026-05-27,4,0,0.19,76.4,2,1,2026-05-18,0
CUST_00158,SKU_00160,2026-05-27,10,0,0.66,15.2,5,3,2026-04-22,0
CUST_00116,SKU_00249,2026-05-27,1,0,0.19,120.4,2,1,2026-04-22,0
CUST_00073,SKU_00288,2026-05-27,17,0,0.74,22.9,5,9,2026-04-15,0
CUST_00040,SKU_00030,2026-05-27,12,0,1.34,9.0,18,11,2026-04-13,0
CUST_00185,SKU_00198,2026-05-27,1,0,0.23,163.2,1,1,2026-04-18,0
CUST_00103,SKU_00058,2026-05-27,1,0,1.05,0.9,14,3,2026-05-26,0
CUST_00057,SKU_00042,2026-05-27,12,0,1.32,9.1,16,12,2026-04-18,0
CUST_00142,SKU_00235,2026-05-27,15,0,1.7,8.8,12,11,2026-04-08,0
CUST_00003,SKU_00034,2026-05-27,9,0,98.94,0.1,1039,991,2026-04-21,0
CUST_00144,SKU_00255,2026-05-27,11,0,0.85,12.9,8,9,2026-04-17,0
CUST_00162,SKU_00017,2026-05-27,6,0,0.38,99.7,2,3,2026-04-14,0
CUST_00137,SKU_00291,2026-05-27,6,0,1.5,4.0,11,7,2026-04-12,0
CUST_00055,SKU_00052,2026-05-27,6,0,1.54,3.9,15,13,2026-05-03,0
CUST_00182,SKU_00070,2026-05-27,14,0,1.8,7.8,16,15,2026-05-16,0
CUST_00088,SKU_00069,2026-05-27,3,0,1.1,2.7,11,13,2026-05-11,0
CUST_00014,SKU_00073,2026-05-27,16,0,1.84,8.7,23,9,2026-05-25,0
CUST_00152,SKU_00265,2026-05-27,25,0,0.56,44.5,6,3,2026-05-21,0
CUST_00140,SKU_00098,2026-05-27,1,0,1.88,0.5,13,9,2026-04-03,0
CUST_00012,SKU_00165,2026-05-27,20,0,1.75,11.5,16,9,2026-05-11,0
CUST_00138,SKU_00069,2026-05-27,29,4,0.19,67.9,2,1,2026-03-29,0
CUST_00093,SKU_00206,2026-05-27,86,0,1.09,79.2,9,15,2026-05-08,0
CUST_00189,SKU_00046,2026-05-27,1,0,1.95,0.5,25,13,2026-04-16,0
CUST_00038,SKU_00157,2026-05-27,1,0,0.8,1.3,6,7,2026-04-07,0
CUST_00007,SKU_00268,2026-05-27,65,0,1.75,37.1,22,15,2026-04-20,0
CUST_00190,SKU_00134,2026-05-27,0,0,0.82,0.0,9,4,2026-05-26,0
CUST_00072,SKU_00017,2026-05-27,6,0,0.41,73.3,5,4,2026-05-12,0
CUST_00061,SKU_00124,2026-05-27,2,0,1.83,1.1,23,9,2026-04-20,0
CUST_00110,SKU_00170,2026-05-27,63,0,1.28,49.2,12,11,2026-05-04,2
CUST_00172,SKU_00247,2026-05-27,27,0,1.63,16.5,12,22,2026-05-25,1
CUST_00150,SKU_00099,2026-05-27,53,0,0.6,88.6,4,7,2026-05-16,1
CUST_00191,SKU_00118,2026-05-27,30,0,0.93,32.2,9,12,2026-04-19,0
CUST_00048,SKU_00189,2026-05-27,5,0,1.27,4.0,13,10,2026-04-07,0
CUST_00028,SKU_00011,2026-05-27,52,3,1.87,26.3,17,9,2026-05-08,1
CUST_00199,SKU_00009,2026-05-27,0,0,1.91,0.0,13,16,2026-04-04,0
CUST_00002,SKU_00179,2026-05-27,8,1,1.7,4.1,12,22,2026-04-08,0
CUST_00001,SKU_00110,2026-05-27,5,0,1.03,4.8,12,6,2026-04-06,0
CUST_00172,SKU_00164,2026-05-27,31,0,1.27,24.4,12,15,2026-04-01,0
CUST_00024,SKU_00232,2026-05-27,1,0,0.11,83.0,1,0,2026-05-02,0
CUST_00018,SKU_00197,2026-05-27,6,0,0.47,145.7,5,4,2026-04-09,0
CUST_00087,SKU_00278,2026-05-27,2,0,0.19,132.9,1,0,2026-05-21,0
CUST_00178,SKU_00107,2026-05-27,3,0,0.45,74.7,6,3,2026-03-30,0
CUST_00167,SKU_00235,2026-05-27,4,0,0.93,4.3,12,4,2026-04-09,0
CUST_00050,SKU_00289,2026-05-27,3,0,1.89,1.6,15,12,2026-04-02,0
CUST_00126,SKU_00055,2026-05-27,1,0,1.37,0.7,9,18,2026-04-03,0
CUST_00179,SKU_00123,2026-05-27,11,0,0.55,19.9,5,3,2026-04-01,0
CUST_00028,SKU_00244,2026-05-27,9,0,0.71,12.6,6,7,2026-04-22,0
CUST_00110,SKU_00069,2026-05-27,6,0,0.4,286.3,5,2,2026-04-01,0
CUST_00163,SKU_00037,2026-05-27,17,1,1.44,11.1,11,12,2026-05-21,0
CUST_00134,SKU_00173,2026-05-27,36,0,0.8,45.2,8,3,2026-04-01,0
CUST_00032,SKU_00099,2026-05-27,107,0,1.81,59.2,23,7,2026-05-23,0
CUST_00075,SKU_00256,2026-05-27,6,0,1.11,5.4,12,13,2026-04-02,0
CUST_00004,SKU_00034,2026-05-27,8,0,1.69,4.7,16,16,2026-04-02,0
CUST_00014,SKU_00060,2026-05-27,19,0,1.65,11.5,21,18,2026-04-23,0
CUST_00074,SKU_00294,2026-05-27,16,0,0.48,183.0,4,6,2026-04-29,0
CUST_00076,SKU_00013,2026-05-27,2,0,0.84,2.4,10,9,2026-04-02,0
CUST_00148,SKU_00174,2026-05-27,4,0,0.5,7.9,5,3,2026-04-03,0
CUST_00074,SKU_00147,2026-05-27,25,0,0.41,291.5,5,4,2026-03-30,0
CUST_00096,SKU_00042,2026-05-27,10,0,0.16,76.1,2,1,2026-05-19,0
CUST_00079,SKU_00247,2026-05-27,15,0,1.91,7.8,25,7,2026-05-14,0
CUST_00014,SKU_00298,2026-05-27,7,0,0.39,248.0,2,1,2026-04-11,0
CUST_00003,SKU_00125,2026-05-27,8,0,1.5,5.3,19,9,2026-04-17,0
CUST_00196,SKU_00132,2026-05-27,8,0,0.91,8.8,9,12,2026-04-25,0
CUST_00136,SKU_00066,2026-05-27,3,0,1.88,1.6,24,18,2026-05-22,0
CUST_00097,SKU_00204,2026-05-27,3,0,89.0,0.0,631,691,2026-04-06,0
CUST_00195,SKU_00212,2026-05-27,2,0,0.88,2.3,9,3,2026-04-29,0
CUST_00058,SKU_00116,2026-05-27,4,0,0.35,100.9,3,4,2026-04-09,0
CUST_00020,SKU_00143,2026-05-27,11,0,0.75,14.7,6,7,2026-05-10,0
CUST_00121,SKU_00271,2026-05-27,8,0,0.24,64.8,2,2,2026-05-09,0
CUST_00051,SKU_00184,2026-05-27,1,0,1.61,0.6,14,13,2026-04-25,0
CUST_00192,SKU_00265,2026-05-27,1,0,0.6,1.7,7,6,2026-05-22,0
CUST_00184,SKU_00235,2026-05-27,9,0,0.72,12.5,9,7,2026-05-16,0
CUST_00041,SKU_00112,2026-05-27,8,0,1.09,7.3,11,10,2026-05-15,0
CUST_00071,SKU_00273,2026-05-27,9,0,0.39,47.0,2,3,2026-04-19,0
CUST_00043,SKU_00099,2026-05-27,3,0,1.45,2.1,10,6,2026-04-19,0
CUST_00173,SKU_00275,2026-05-27,1,0,1.24,0.8,13,7,2026-05-11,0
CUST_00014,SKU_00203,2026-05-27,13,0,0.97,13.4,12,10,2026-05-01,0
CUST_00110,SKU_00183,2026-05-27,16,0,0.96,16.7,11,5,2026-04-29,0
CUST_00036,SKU_00089,2026-05-27,10,0,1.97,5.1,24,19,2026-04-12,0
CUST_00101,SKU_00291,2026-05-27,14,0,1.12,12.5,13,9,2026-04-04,0
CUST_00166,SKU_00188,2026-05-27,4,0,0.75,5.3,9,7,2026-05-23,0
CUST_00160,SKU_00274,2026-05-27,19,0,33.11,0.6,379,439,2026-05-12,0
CUST_00088,SKU_00175,2026-05-27,9,0,0.82,11.0,6,9,2026-05-09,0
CUST_00017,SKU_00011,2026-05-27,4,0,1.95,2.0,22,10,2026-04-24,0
CUST_00002,SKU_00003,2026-05-27,4,0,0.43,236.7,4,1,2026-04-04,0
CUST_00014,SKU_00184,2026-05-27,3,0,1.53,2.0,18,9,2026-04-23,0
CUST_00108,SKU_00063,2026-05-27,24,0,1.85,12.9,20,7,2026-04-13,0
CUST_00173,SKU_00299,2026-05-27,3,0,0.52,5.8,6,4,2026-04-22,0
CUST_00002,SKU_00029,2026-05-27,3,0,0.49,43.1,6,3,2026-04-04,0
CUST_00171,SKU_00078,2026-05-27,14,0,1.1,12.8,8,12,2026-04-20,0
CUST_00095,SKU_00191,2026-05-27,9,0,1.77,5.1,21,15,2026-04-14,0
CUST_00103,SKU_00020,2026-05-27,20,3,1.62,10.5,12,14,2026-04-07,0
CUST_00179,SKU_00034,2026-05-27,3,0,0.71,4.2,9,3,2026-05-26,0
CUST_00067,SKU_00209,2026-05-27,3,0,1.17,2.6,9,6,2026-05-23,0
CUST_00049,SKU_00032,2026-05-27,33,0,0.26,106.6,3,1,2026-04-15,0
CUST_00093,SKU_00273,2026-05-27,7,0,1.64,4.3,17,15,2026-05-01,0
CUST_00020,SKU_00154,2026-05-27,1,0,0.3,274.4,3,3,2026-04-19,0
CUST_00011,SKU_00168,2026-05-27,14,0,1.96,7.1,21,15,2026-05-04,0
CUST_00036,SKU_00035,2026-05-27,0,0,1.14,0.0,10,8,2026-04-15,0
CUST_00010,SKU_00026,2026-05-27,17,0,1.03,16.5,12,4,2026-04-19,0
CUST_00009,SKU_00284,2026-05-27,3,0,1.18,2.5,12,11,2026-05-22,0
CUST_00137,SKU_00021,2026-05-27,29,3,1.88,13.8,15,27,2026-04-25,0
CUST_00133,SKU_00179,2026-05-27,18,0,0.41,223.8,5,3,2026-05-06,0
CUST_00097,SKU_00288,2026-05-27,27,0,1.61,16.8,12,13,2026-04-13,2
CUST_00043,SKU_00101,2026-05-27,16,0,1.39,11.5,17,12,2026-05-17,0
CUST_00163,SKU_00066,2026-05-27,10,1,0.26,191.1,1,2,2026-04-17,0
CUST_00094,SKU_00241,2026-05-27,7,0,1.8,3.9,21,21,2026-05-24,0
CUST_00033,SKU_00256,2026-05-27,60,10,0.94,53.2,8,10,2026-04-22,0
CUST_00082,SKU_00050,2026-05-27,1,0,1.67,0.6,14,14,2026-05-04,0
CUST_00044,SKU_00206,2026-05-27,27,0,2.0,13.5,25,12,2026-05-17,0
CUST_00030,SKU_00130,2026-05-27,13,0,1.08,12.1,8,3,2026-04-24,0
CUST_00085,SKU_00297,2026-05-27,7,0,0.41,31.3,5,4,2026-05-17,0
CUST_00117,SKU_00186,2026-05-27,7,0,1.57,4.5,17,19,2026-03-30,0
CUST_00113,SKU_00090,2026-05-27,37,0,1.36,27.3,18,6,2026-05-04,0
CUST_00020,SKU_00214,2026-05-27,3,0,1.44,2.1,14,21,2026-05-24,0
CUST_00156,SKU_00160,2026-05-27,3,0,1.18,2.5,12,6,2026-04-06,0
CUST_00186,SKU_00128,2026-05-27,19,0,1.31,14.5,9,11,2026-04-08,0
CUST_00139,SKU_00276,2026-05-27,4,0,1.01,3.9,7,4,2026-04-19,0
CUST_00042,SKU_00088,2026-05-27,12,0,1.62,7.4,14,10,2026-03-29,0
CUST_00069,SKU_00076,2026-05-27,9,0,0.71,12.7,5,4,2026-04-06,0
CUST_00008,SKU_00093,2026-05-27,19,0,0.56,34.0,4,4,2026-04-02,0
CUST_00139,SKU_00096,2026-05-27,2,0,0.07,288.3,0,0,2026-05-17,0
CUST_00063,SKU_00166,2026-05-27,19,0,1.5,12.7,15,4,2026-04-24,0
CUST_00188,SKU_00179,2026-05-27,40,0,0.15,122.7,1,0,2026-05-07,0
CUST_00069,SKU_00027,2026-05-27,10,0,0.95,10.5,8,4,2026-05-15,0
CUST_00024,SKU_00030,2026-05-27,13,0,0.64,20.5,5,3,2026-05-19,0
CUST_00093,SKU_00147,2026-05-27,31,3,0.54,51.7,5,3,2026-04-14,0
CUST_00079,SKU_00223,2026-05-27,23,1,1.68,13.1,22,8,2026-05-23,0
CUST_00137,SKU_00184,2026-05-27,1,0,1.76,0.6,19,24,2026-05-15,0
CUST_00073,SKU_00061,2026-05-27,2,0,1.13,1.8,9,7,2026-04-18,0
CUST_00188,SKU_00176,2026-05-27,8,0,1.56,5.1,14,13,2026-04-27,0
CUST_00005,SKU_00012,2026-05-27,23,0,0.33,261.3,3,2,2026-04-10,0
CUST_00158,SKU_00138,2026-05-27,18,0,0.36,199.8,4,4,2026-05-19,0
CUST_00018,SKU_00230,2026-05-27,13,0,0.2,140.6,1,1,2026-05-10,1
CUST_00115,SKU_00225,2026-05-27,9,0,0.06,118.4,0,0,2026-05-26,0
CUST_00092,SKU_00049,2026-05-27,4,0,1.45,2.8,20,14,2026-05-04,0
CUST_00104,SKU_00283,2026-05-27,12,0,1.41,8.5,12,18,2026-05-21,0
CUST_00068,SKU_00201,2026-05-27,13,0,0.63,20.6,7,2,2026-05-02,0
CUST_00190,SKU_00174,2026-05-27,0,0,0.65,0.0,7,4,2026-04-16,0
CUST_00121,SKU_00191,2026-05-27,2,0,1.37,1.5,14,12,2026-04-07,0
CUST_00131,SKU_00201,2026-05-27,6,0,1.22,4.9,14,12,2026-04-30,0
CUST_00153,SKU_00278,2026-05-27,2,0,1.96,1.0,19,21,2026-04-07,0
CUST_00043,SKU_00128,2026-05-27,55,2,1.83,28.9,19,22,2026-05-21,5
CUST_00004,SKU_00107,2026-05-27,6,0,1.88,3.2,22,9,2026-05-16,0
CUST_00104,SKU_00135,2026-05-27,5,0,1.36,3.7,13,7,2026-05-15,0
CUST_00151,SKU_00137,2026-05-27,21,0,0.57,37.0,4,2,2026-04-16,0
CUST_00002,SKU_00149,2026-05-27,62,0,165.11,0.4,1876,1383,2026-04-10,4
CUST_00033,SKU_00042,2026-05-27,2,0,1.99,1.0,14,24,2026-04-19,0
CUST_00079,SKU_00174,2026-05-27,1,0,0.67,1.5,8,5,2026-04-14,0
CUST_00069,SKU_00217,2026-05-27,8,0,1.6,5.0,13,11,2026-05-13,0
CUST_00162,SKU_00099,2026-05-27,17,0,0.93,18.3,10,12,2026-05-09,0
CUST_00175,SKU_00238,2026-05-27,1,0,1.15,0.9,8,5,2026-04-04,0
CUST_00132,SKU_00268,2026-05-27,50,0,1.17,42.6,14,7,2026-05-26,4
CUST_00021,SKU_00076,2026-05-27,2,0,1.0,2.0,11,9,2026-04-15,0
CUST_00080,SKU_00123,2026-05-27,21,0,0.11,107.8,0,0,2026-04-01,0
CUST_00032,SKU_00100,2026-05-27,66,0,0.26,182.5,2,1,2026-04-11,0
CUST_00068,SKU_00219,2026-05-27,3,0,0.86,3.5,7,4,2026-05-17,0
CUST_00111,SKU_00096,2026-05-27,13,0,0.28,290.9,2,3,2026-04-11,0
CUST_00041,SKU_00114,2026-05-27,44,0,0.35,232.5,3,3,2026-05-19,0
CUST_00190,SKU_00159,2026-05-27,27,0,0.5,173.5,6,4,2026-05-19,0
CUST_00107,SKU_00045,2026-05-27,6,0,0.09,136.7,0,0,2026-05-14,0
CUST_00088,SKU_00263,2026-05-27,81,0,0.76,106.3,10,10,2026-05-16,0
CUST_00145,SKU_00236,2026-05-27,10,0,1.69,5.9,12,7,2026-04-10,0
CUST_00154,SKU_00187,2026-05-27,2,0,0.8,2.5,6,4,2026-04-05,0
CUST_00192,SKU_00092,2026-05-27,26,0,0.2,137.5,2,1,2026-05-24,0
CUST_00018,SKU_00074,2026-05-27,2,0,0.85,2.4,8,6,2026-05-07,0
CUST_00113,SKU_00072,2026-05-27,9,0,1.51,5.9,20,15,2026-05-07,0
CUST_00195,SKU_00068,2026-05-27,12,0,195.0,0.1,2157,1075,2026-05-18,0
CUST_00075,SKU_00178,2026-05-27,21,0,0.5,224.8,5,1,2026-04-14,0
CUST_00171,SKU_00172,2026-05-27,2,0,80.56,0.0,857,519,2026-04-23,0
CUST_00116,SKU_00023,2026-05-27,17,0,1.46,11.6,16,16,2026-05-14,0
CUST_00057,SKU_00271,2026-05-27,3,0,1.36,2.2,10,12,2026-04-23,0
CUST_00120,SKU_00177,2026-05-27,65,0,0.21,132.9,1,1,2026-04-17,0
CUST_00085,SKU_00032,2026-05-27,32,0,1.64,19.6,21,7,2026-05-15,0
CUST_00052,SKU_00120,2026-05-27,10,0,1.2,8.3,10,16,2026-04-11,0
CUST_00125,SKU_00136,2026-05-27,51,3,0.41,75.6,4,3,2026-04-10,0
CUST_00187,SKU_00170,2026-05-27,38,0,0.87,43.8,9,10,2026-04-01,0
CUST_00080,SKU_00273,2026-05-27,47,0,1.57,29.9,19,21,2026-05-23,0
CUST_00076,SKU_00102,2026-05-27,57,9,1.22,39.4,15,10,2026-04-17,0
CUST_00035,SKU_00074,2026-05-27,6,0,0.11,205.1,1,0,2026-04-02,0
CUST_00141,SKU_00222,2026-05-27,15,0,0.57,26.2,7,4,2026-04-17,0
CUST_00075,SKU_00239,2026-05-27,22,0,1.47,14.9,19,12,2026-04-27,0
CUST_00059,SKU_00206,2026-05-27,30,0,1.28,23.5,13,7,2026-04-09,0
CUST_00080,SKU_00142,2026-05-27,11,0,1.17,9.4,13,15,2026-04-27,0
CUST_00077,SKU_00171,2026-05-27,1,0,0.68,1.5,6,9,2026-04-19,0
CUST_00155,SKU_00151,2026-05-27,2,0,1.61,1.2,18,8,2026-05-16,0
CUST_00144,SKU_00026,2026-05-27,5,0,0.5,9.9,6,1,2026-04-13,0
CUST_00078,SKU_00030,2026-05-27,11,0,0.19,122.6,2,1,2026-05-12,0
CUST_00097,SKU_00010,2026-05-27,5,0,0.69,7.2,8,7,2026-05-01,0
CUST_00158,SKU_00116,2026-05-27,10,0,0.91,11.0,9,6,2026-03-30,0
CUST_00094,SKU_00234,2026-05-27,9,0,1.78,5.0,22,24,2026-05-22,0
CUST_00046,SKU_00007,2026-05-27,15,0,1.99,7.5,20,9,2026-05-10,0
CUST_00164,SKU_00165,2026-05-27,18,0,1.53,11.8,12,10,2026-04-04,0
CUST_00031,SKU_00062,2026-05-27,13,2,0.27,170.0,3,1,2026-05-21,0
CUST_00084,SKU_00219,2026-05-27,8,0,0.44,273.5,4,3,2026-04-13,0
CUST_00194,SKU_00125,2026-05-27,2,0,1.66,1.2,22,15,2026-04-07,0
CUST_00104,SKU_00152,2026-05-27,21,0,0.54,38.8,6,6,2026-05-05,0
CUST_00147,SKU_00197,2026-05-27,35,0,1.15,30.4,13,6,2026-05-26,0
CUST_00091,SKU_00106,2026-05-27,18,0,0.8,22.6,10,6,2026-05-15,0
CUST_00192,SKU_00041,2026-05-27,7,0,1.7,4.1,21,9,2026-05-08,0
CUST_00088,SKU_00232,2026-05-27,64,0,0.31,90.4,4,0,2026-04-13,0
CUST_00130,SKU_00287,2026-05-27,97,0,68.5,1.4,850,592,2026-05-21,9
CUST_00163,SKU_00157,2026-05-27,8,0,0.78,10.3,7,4,2026-04-15,0
CUST_00066,SKU_00063,2026-05-27,40,0,1.58,25.3,16,10,2026-05-16,1
CUST_00124,SKU_00260,2026-05-27,3,0,0.07,203.9,0,0,2026-05-26,0
CUST_00063,SKU_00230,2026-05-27,77,0,0.4,181.9,5,3,2026-04-10,0
CUST_00028,SKU_00100,2026-05-27,103,0,0.96,107.6,11,7,2026-05-11,0
CUST_00090,SKU_00182,2026-05-27,44,0,218.11,0.2,2988,1929,2026-04-05,0
CUST_00089,SKU_00118,2026-05-27,15,0,0.16,297.3,1,1,2026-05-16,0
CUST_00053,SKU_00085,2026-05-27,3,0,0.86,3.5,7,9,2026-04-04,0
CUST_00012,SKU_00138,2026-05-27,12,1,1.57,7.0,16,19,2026-04-20,0
CUST_00082,SKU_00027,2026-05-27,21,0,0.22,57.5,2,1,2026-04-03,0
CUST_00103,SKU_00189,2026-05-27,2,0,169.5,0.0,2201,1410,2026-04-29,0
CUST_00149,SKU_00027,2026-05-27,2,0,1.46,1.4,13,21,2026-05-03,0
CUST_00097,SKU_00274,2026-05-27,126,0,0.91,138.1,10,9,2026-05-06,0
CUST_00145,SKU_00196,2026-05-27,51,0,0.11,154.3,1,0,2026-04-27,0
CUST_00001,SKU_00221,2026-05-27,27,3,1.56,15.4,19,10,2026-05-25,0
CUST_00091,SKU_00299,2026-05-27,3,0,1.96,1.5,13,16,2026-05-12,0
CUST_00010,SKU_00134,2026-05-27,1,0,0.45,265.5,4,2,2026-03-29,0
CUST_00049,SKU_00048,2026-05-27,19,0,1.04,18.2,11,6,2026-04-26,0
CUST_00180,SKU_00167,2026-05-27,61,1,0.77,77.9,9,4,2026-04-30,0
CUST_00126,SKU_00062,2026-05-27,9,0,1.43,6.3,13,7,2026-04-11,0
CUST_00104,SKU_00030,2026-05-27,7,0,0.96,7.3,13,7,2026-04-01,0
CUST_00019,SKU_00125,2026-05-27,3,0,1.8,1.7,13,22,2026-05-09,0
CUST_00085,SKU_00279,2026-05-27,16,0,1.98,8.1,25,13,2026-04-04,1
CUST_00097,SKU_00092,2026-05-27,19,0,1.32,14.4,13,12,2026-05-24,0
CUST_00113,SKU_00278,2026-05-27,7,0,1.57,4.5,20,9,2026-03-30,0
CUST_00107,SKU_00072,2026-05-27,43,0,1.68,25.6,14,18,2026-05-15,0
CUST_00022,SKU_00263,2026-05-27,2,0,1.97,1.0,23,6,2026-03-31,0
CUST_00179,SKU_00245,2026-05-27,64,0,0.05,274.4,0,0,2026-05-20,0
CUST_00118,SKU_00264,2026-05-27,1,0,0.6,1.7,7,4,2026-05-18,0
CUST_00023,SKU_00279,2026-05-27,12,0,0.08,136.7,0,0,2026-04-19,0
CUST_00122,SKU_00231,2026-05-27,129,13,138.0,0.8,1827,940,2026-05-14,0
CUST_00008,SKU_00122,2026-05-27,15,0,1.58,9.5,12,15,2026-04-29,0
CUST_00132,SKU_00060,2026-05-27,18,0,0.31,210.8,2,1,2026-04-01,0
CUST_00067,SKU_00143,2026-05-27,14,0,0.0,150.1,0,0,2026-04-15,0
CUST_00042,SKU_00059,2026-05-27,1,0,1.06,0.9,10,10,2026-04-07,0
CUST_00186,SKU_00026,2026-05-27,62,0,1.23,50.5,10,4,2026-04-23,0
CUST_00071,SKU_00095,2026-05-27,18,0,1.27,14.2,16,13,2026-05-14,0
CUST_00071,SKU_00202,2026-05-27,1,0,0.37,126.8,4,3,2026-04-03,0
CUST_00024,SKU_00003,2026-05-27,7,0,1.3,5.4,14,15,2026-04-25,0
CUST_00061,SKU_00219,2026-05-27,20,0,0.78,25.6,5,4,2026-04-04,0
CUST_00158,SKU_00064,2026-05-27,11,0,1.53,7.2,14,7,2026-04-10,0
CUST_00005,SKU_00174,2026-05-27,9,0,1.84,4.9,24,7,2026-05-26,0
CUST_00129,SKU_00071,2026-05-27,1,0,0.07,250.7,0,0,2026-05-18,0
CUST_00130,SKU_00038,2026-05-27,6,0,1.41,4.3,11,13,2026-04-30,0
CUST_00169,SKU_00120,2026-05-27,27,0,1.94,13.9,14,18,2026-04-14,0
CUST_00140,SKU_00237,2026-05-27,8,0,0.44,256.4,4,6,2026-04-28,0
CUST_00112,SKU_00023,2026-05-27,34,0,1.21,28.1,12,7,2026-05-06,0
CUST_00188,SKU_00268,2026-05-27,47,0,1.53,30.8,19,7,2026-04-09,0
CUST_00103,SKU_00135,2026-05-27,0,0,0.62,0.0,7,4,2026-05-14,0
CUST_00045,SKU_00082,2026-05-27,3,0,1.51,2.0,18,11,2026-04-10,0
CUST_00176,SKU_00208,2026-05-27,5,0,0.0,107.7,0,0,2026-04-03,0
CUST_00071,SKU_00198,2026-05-27,5,0,1.32,3.8,9,13,2026-04-29,0
CUST_00159,SKU_00128,2026-05-27,27,0,0.76,35.6,9,9,2026-04-21,0
CUST_00106,SKU_00203,2026-05-27,10,0,1.84,5.4,25,25,2026-04-18,0
CUST_00087,SKU_00194,2026-05-27,18,0,0.42,135.0,4,1,2026-05-16,0
CUST_00001,SKU_00139,2026-05-27,5,0,1.83,2.7,24,22,2026-04-26,0
CUST_00130,SKU_00062,2026-05-27,14,0,0.8,17.6,5,9,2026-04-02,0
CUST_00027,SKU_00168,2026-05-27,1,0,1.67,0.6,18,13,2026-04-22,0
CUST_00071,SKU_00064,2026-05-27,1,0,0.74,1.4,6,4,2026-05-08,0
CUST_00037,SKU_00081,2026-05-27,14,0,1.64,8.5,22,11,2026-04-01,0
CUST_00110,SKU_00201,2026-05-27,29,4,0.51,49.4,3,4,2026-05-01,0
CUST_00184,SKU_00098,2026-05-27,19,2,1.43,11.9,18,10,2026-05-21,0
CUST_00090,SKU_00105,2026-05-27,2,0,0.54,3.7,6,2,2026-04-17,0
CUST_00141,SKU_00108,2026-05-27,6,0,0.25,152.5,1,3,2026-05-15,0
CUST_00113,SKU_00242,2026-05-27,2,0,0.65,3.1,8,5,2026-04-02,0
CUST_00147,SKU_00011,2026-05-27,12,0,0.12,207.3,1,0,2026-05-09,1
CUST_00175,SKU_00194,2026-05-27,4,0,0.07,144.9,0,0,2026-04-18,0
CUST_00029,SKU_00279,2026-05-27,4,0,1.79,2.2,18,10,2026-05-25,0
CUST_00038,SKU_00055,2026-05-27,6,0,1.76,3.4,20,5,2026-05-13,0
CUST_00140,SKU_00168,2026-05-27,4,0,0.69,5.8,4,6,2026-04-07,0
CUST_00123,SKU_00042,2026-05-27,9,0,0.14,152.0,1,0,2026-04-02,0
CUST_00125,SKU_00220,2026-05-27,22,0,0.41,45.0,2,4,2026-05-02,1
CUST_00152,SKU_00088,2026-05-27,14,0,0.67,20.8,8,3,2026-04-22,0
CUST_00030,SKU_00214,2026-05-27,13,0,1.34,9.7,12,4,2026-05-12,0
CUST_00171,SKU_00284,2026-05-27,14,0,0.14,108.5,1,0,2026-05-15,0
CUST_00097,SKU_00063,2026-05-27,39,0,0.7,55.6,6,3,2026-04-09,0
CUST_00058,SKU_00099,2026-05-27,30,0,0.03,121.3,0,0,2026-05-17,0
CUST_00167,SKU_00130,2026-05-27,2,0,0.22,188.3,1,1,2026-04-10,0
CUST_00159,SKU_00295,2026-05-27,13,1,1.18,10.2,12,15,2026-05-11,0
CUST_00087,SKU_00053,2026-05-27,0,0,1.13,0.0,12,15,2026-04-26,0
CUST_00034,SKU_00184,2026-05-27,14,0,1.7,8.3,15,10,2026-05-10,0
CUST_00116,SKU_00173,2026-05-27,23,1,0.66,33.3,6,3,2026-04-24,0
CUST_00184,SKU_00279,2026-05-27,4,0,0.66,6.0,5,7,2026-05-26,0
CUST_00093,SKU_00215,2026-05-27,5,0,1.61,3.1,14,15,2026-03-31,0
CUST_00102,SKU_00103,2026-05-27,160,0,0.82,195.4,6,3,2026-05-12,9
CUST_00066,SKU_00039,2026-05-27,2,0,0.95,2.1,6,9,2026-04-24,0
CUST_00087,SKU_00290,2026-05-27,5,0,1.07,4.7,13,6,2026-05-07,0
CUST_00116,SKU_00224,2026-05-27,16,0,0.6,26.6,7,6,2026-05-14,0
CUST_00037,SKU_00257,2026-05-27,27,0,1.05,25.8,12,8,2026-03-29,0
CUST_00095,SKU_00065,2026-05-27,33,6,0.37,208.4,3,1,2026-04-03,0
CUST_00157,SKU_00186,2026-05-27,16,0,1.51,10.6,14,21,2026-05-10,0
CUST_00122,SKU_00241,2026-05-27,24,4,1.69,11.9,21,12,2026-05-07,0
CUST_00073,SKU_00191,2026-05-27,15,0,0.97,15.4,11,7,2026-04-24,0
CUST_00085,SKU_00241,2026-05-27,11,0,0.63,17.4,7,6,2026-05-10,0
CUST_00045,SKU_00251,2026-05-27,44,3,0.74,55.6,6,6,2026-05-09,0
CUST_00186,SKU_00099,2026-05-27,2,0,1.49,1.3,11,5,2026-05-22,0
CUST_00120,SKU_00147,2026-05-27,15,0,1.95,7.7,22,18,2026-04-18,0
CUST_00085,SKU_00178,2026-05-27,6,0,0.32,199.9,3,1,2026-04-30,0
CUST_00083,SKU_00216,2026-05-27,1,0,0.45,283.5,6,1,2026-04-19,0
CUST_00198,SKU_00248,2026-05-27,14,0,0.07,93.6,0,0,2026-04-02,0
CUST_00177,SKU_00068,2026-05-27,2,0,0.01,232.3,0,0,2026-04-14,0
CUST_00121,SKU_00039,2026-05-27,23,0,1.55,14.8,20,12,2026-04-14,0
CUST_00118,SKU_00018,2026-05-27,9,0,1.03,8.7,7,10,2026-04-19,0
CUST_00113,SKU_00070,2026-05-27,66,0,365.33,0.2,3119,1599,2026-04-24,0
CUST_00144,SKU_00299,2026-05-27,4,0,0.39,45.9,4,3,2026-05-19,0
CUST_00049,SKU_00041,2026-05-27,32,0,0.58,55.6,7,7,2026-04-14,0
CUST_00176,SKU_00291,2026-05-27,13,0,0.57,22.8,5,7,2026-04-29,0
CUST_00118,SKU_00242,2026-05-27,2,0,1.79,1.1,23,12,2026-04-04,0
CUST_00036,SKU_00208,2026-05-27,6,0,0.36,291.1,3,1,2026-04-01,0
CUST_00134,SKU_00190,2026-05-27,35,0,1.2,29.1,13,10,2026-03-30,0
CUST_00180,SKU_00198,2026-05-27,5,0,1.63,3.1,12,24,2026-04-30,0
CUST_00140,SKU_00155,2026-05-27,0,0,1.18,0.0,8,15,2026-05-12,0
CUST_00168,SKU_00125,2026-05-27,3,0,0.52,5.8,5,3,2026-05-16,0
CUST_00179,SKU_00212,2026-05-27,28,0,0.91,30.7,8,7,2026-04-20,0
CUST_00114,SKU_00160,2026-05-27,71,0,0.63,112.0,6,7,2026-05-19,2
CUST_00172,SKU_00119,2026-05-27,1,0,1.44,0.7,12,15,2026-05-22,0
CUST_00133,SKU_00101,2026-05-27,7,0,0.16,298.7,1,1,2026-05-15,0
CUST_00119,SKU_00140,2026-05-27,54,7,1.02,46.0,7,12,2026-04-19,0
CUST_00089,SKU_00216,2026-05-27,5,0,1.6,3.1,16,9,2026-04-22,0
CUST_00056,SKU_00016,2026-05-27,33,0,0.2,175.9,1,1,2026-04-30,0
CUST_00069,SKU_00181,2026-05-27,31,0,0.67,46.3,8,3,2026-04-21,0
CUST_00190,SKU_00087,2026-05-27,9,0,0.33,133.2,2,1,2026-05-26,0
CUST_00117,SKU_00281,2026-05-27,39,0,1.82,21.4,12,7,2026-04-21,0
CUST_00181,SKU_00296,2026-05-27,139,0,1.64,84.7,22,5,2026-05-23,7
CUST_00006,SKU_00239,2026-05-27,58,0,1.21,48.0,14,7,2026-05-13,0
CUST_00091,SKU_00283,2026-05-27,4,0,1.82,2.2,16,12,2026-05-04,0
CUST_00137,SKU_00268,2026-05-27,17,2,0.99,15.2,10,13,2026-04-13,0
CUST_00110,SKU_00261,2026-05-27,0,0,1.3,0.0,13,8,2026-05-11,0
CUST_00123,SKU_00088,2026-05-27,15,0,0.73,20.4,9,6,2026-04-13,0
CUST_00196,SKU_00160,2026-05-27,6,0,0.49,127.5,4,6,2026-05-18,0
CUST_00158,SKU_00170,2026-05-27,33,0,1.92,17.2,18,25,2026-04-18,0
CUST_00020,SKU_00190,2026-05-27,17,0,0.17,254.2,1,1,2026-05-06,0
CUST_00172,SKU_00273,2026-05-27,15,0,0.69,21.8,7,7,2026-04-13,0
CUST_00052,SKU_00081,2026-05-27,20,0,0.8,25.1,7,4,2026-05-20,0
CUST_00045,SKU_00222,2026-05-27,12,0,1.23,9.8,14,8,2026-04-22,0
CUST_00187,SKU_00051,2026-05-27,4,0,0.15,44.7,2,1,2026-04-05,0
CUST_00200,SKU_00094,2026-05-27,3,0,0.66,4.5,7,3,2026-04-17,0
CUST_00020,SKU_00270,2026-05-27,23,0,1.52,15.1,11,12,2026-05-20,0
CUST_00113,SKU_00078,2026-05-27,68,0,1.88,36.1,17,15,2026-04-30,0
CUST_00151,SKU_00156,2026-05-27,5,0,1.94,2.6,20,16,2026-05-05,0
CUST_00187,SKU_00198,2026-05-27,13,0,0.87,14.9,10,7,2026-04-23,0
CUST_00158,SKU_00058,2026-05-27,2,0,1.55,1.3,19,15,2026-04-19,0
CUST_00042,SKU_00112,2026-05-27,183,0,0.07,109.1,0,0,2026-05-06,0
CUST_00078,SKU_00280,2026-05-27,1,0,0.65,1.5,7,5,2026-04-20,0
CUST_00134,SKU_00217,2026-05-27,24,0,0.76,31.4,5,3,2026-05-15,0
CUST_00062,SKU_00129,2026-05-27,22,0,1.19,18.5,9,13,2026-04-09,0
CUST_00181,SKU_00043,2026-05-27,18,0,1.79,10.1,20,17,2026-05-19,0
CUST_00002,SKU_00240,2026-05-27,3,0,1.26,2.4,15,10,2026-04-09,0
CUST_00150,SKU_00073,2026-05-27,24,0,0.11,258.9,1,0,2026-05-23,0
CUST_00003,SKU_00134,2026-05-27,3,0,1.42,2.1,11,9,2026-04-17,0
CUST_00078,SKU_00014,2026-05-27,9,0,953.78,0.0,12190,4542,2026-04-09,0
CUST_00090,SKU_00142,2026-05-27,9,0,0.54,16.6,4,4,2026-04-03,0
CUST_00162,SKU_00145,2026-05-27,10,0,1.59,6.3,17,21,2026-04-24,0
CUST_00156,SKU_00240,2026-05-27,3,0,0.81,3.7,9,7,2026-03-30,0
CUST_00029,SKU_00001,2026-05-27,2,0,1.62,1.2,12,6,2026-04-24,0
CUST_00036,SKU_00270,2026-05-27,0,0,1.03,0.0,9,9,2026-05-04,0
CUST_00090,SKU_00067,2026-05-27,28,0,1.57,17.8,12,5,2026-05-21,0
CUST_00083,SKU_00147,2026-05-27,22,0,0.38,250.7,3,1,2026-04-02,0
CUST_00008,SKU_00193,2026-05-27,10,0,1.62,6.2,19,12,2026-05-26,0
CUST_00141,SKU_00258,2026-05-27,5,0,1.17,4.3,12,7,2026-05-01,0
CUST_00170,SKU_00145,2026-05-27,2,0,0.41,94.6,5,3,2026-04-01,0
CUST_00072,SKU_00031,2026-05-27,23,0,1.69,13.6,17,18,2026-04-24,1
CUST_00063,SKU_00184,2026-05-27,14,0,1.38,10.1,16,10,2026-04-04,0
CUST_00014,SKU_00018,2026-05-27,5,0,204.0,0.0,2233,1351,2026-04-26,0
CUST_00085,SKU_00056,2026-05-27,7,0,1.98,3.5,19,27,2026-04-26,0
CUST_00180,SKU_00178,2026-05-27,24,0,0.97,24.7,9,13,2026-04-15,1
CUST_00149,SKU_00265,2026-05-27,3,0,1.97,1.5,21,16,2026-04-14,0
CUST_00023,SKU_00156,2026-05-27,2,0,1.33,1.5,9,6,2026-05-23,0
CUST_00114,SKU_00233,2026-05-27,8,0,1.45,5.5,15,12,2026-04-30,0
CUST_00182,SKU_00169,2026-05-27,33,0,0.33,106.9,4,1,2026-05-08,0
CUST_00131,SKU_00001,2026-05-27,4,0,0.96,4.2,10,4,2026-03-29,0
CUST_00101,SKU_00265,2026-05-27,2,0,0.93,2.1,6,3,2026-05-07,0
CUST_00159,SKU_00093,2026-05-27,4,0,1.28,3.1,9,9,2026-05-02,0
CUST_00056,SKU_00285,2026-05-27,0,0,96.22,0.0,857,760,2026-05-06,0
CUST_00174,SKU_00237,2026-05-27,103,0,1.35,76.3,13,12,2026-05-23,0
CUST_00026,SKU_00009,2026-05-27,15,0,0.08,289.8,1,0,2026-04-09,0
CUST_00152,SKU_00244,2026-05-27,32,0,0.6,53.7,6,4,2026-04-17,0
CUST_00064,SKU_00255,2026-05-27,5,0,0.44,230.9,4,2,2026-03-29,0
CUST_00167,SKU_00056,2026-05-27,2,0,0.29,166.1,3,3,2026-04-22,0
CUST_00047,SKU_00079,2026-05-27,7,0,0.98,7.2,12,12,2026-04-04,0
CUST_00016,SKU_00142,2026-05-27,29,0,0.08,122.2,0,0,2026-05-22,0
CUST_00198,SKU_00089,2026-05-27,1,0,1.22,0.8,12,16,2026-03-30,0
CUST_00009,SKU_00008,2026-05-27,3,0,0.18,228.4,1,1,2026-04-28,0
CUST_00044,SKU_00139,2026-05-27,11,0,0.49,254.4,3,3,2026-05-17,0
CUST_00031,SKU_00180,2026-05-27,6,0,0.62,9.7,8,2,2026-04-15,0
CUST_00191,SKU_00009,2026-05-27,9,0,0.86,10.4,10,10,2026-05-23,0
CUST_00159,SKU_00141,2026-05-27,30,0,1.84,16.3,14,16,2026-05-05,0
CUST_00184,SKU_00099,2026-05-27,11,0,1.78,6.2,24,24,2026-05-11,0
CUST_00092,SKU_00185,2026-05-27,17,0,0.39,137.7,5,1,2026-05-24,0
CUST_00166,SKU_00045,2026-05-27,7,0,0.79,8.8,6,9,2026-04-27,0
CUST_00037,SKU_00078,2026-05-27,49,0,1.11,44.2,15,9,2026-04-08,0
CUST_00152,SKU_00028,2026-05-27,75,0,1.57,47.8,19,15,2026-04-15,0
CUST_00110,SKU_00032,2026-05-27,10,0,0.82,12.2,5,5,2026-04-15,0
CUST_00185,SKU_00213,2026-05-27,15,0,0.6,24.9,6,6,2026-04-01,0
CUST_00004,SKU_00124,2026-05-27,1,0,0.23,85.0,1,0,2026-04-28,0
CUST_00156,SKU_00147,2026-05-27,9,0,1.47,6.1,14,12,2026-04-13,0
CUST_00101,SKU_00298,2026-05-27,20,3,1.53,11.1,16,12,2026-04-27,0
CUST_00170,SKU_00219,2026-05-27,21,0,1.67,12.5,13,18,2026-05-05,0
CUST_00003,SKU_00235,2026-05-27,9,0,1.01,8.9,9,13,2026-04-20,0
CUST_00081,SKU_00101,2026-05-27,14,2,1.33,9.0,11,7,2026-05-16,0
CUST_00046,SKU_00198,2026-05-27,2,0,0.61,3.3,5,7,2026-04-07,0
CUST_00091,SKU_00297,2026-05-27,10,0,1.13,8.9,8,9,2026-04-01,0
CUST_00118,SKU_00038,2026-05-27,5,0,1.54,3.2,15,19,2026-05-02,0
CUST_00102,SKU_00079,2026-05-27,19,1,64.11,0.3,718,390,2026-05-03,0
CUST_00002,SKU_00206,2026-05-27,1,0,0.06,57.0,0,0,2026-04-23,0
CUST_00152,SKU_00248,2026-05-27,17,0,1.14,15.0,14,13,2026-05-24,0
CUST_00185,SKU_00258,2026-05-27,31,0,1.34,23.1,10,19,2026-03-29,0
CUST_00056,SKU_00057,2026-05-27,93,0,0.56,167.2,3,6,2026-03-30,1
CUST_00102,SKU_00002,2026-05-27,3,0,0.87,3.5,10,4,2026-04-07,0
CUST_00181,SKU_00042,2026-05-27,34,0,1.76,19.3,14,10,2026-05-08,0
CUST_00032,SKU_00160,2026-05-27,9,0,1.12,8.1,11,7,2026-05-18,0
CUST_00002,SKU_00143,2026-05-27,1,0,0.56,1.8,4,7,2026-04-01,0
CUST_00122,SKU_00271,2026-05-27,6,0,0.22,101.3,2,1,2026-05-09,0
CUST_00101,SKU_00136,2026-05-27,29,0,0.05,190.8,0,0,2026-04-21,0
CUST_00061,SKU_00260,2026-05-27,18,0,1.12,16.1,9,4,2026-05-13,0
CUST_00024,SKU_00147,2026-05-27,7,0,1.19,5.9,14,15,2026-04-22,0
CUST_00126,SKU_00192,2026-05-27,6,0,1.25,4.8,9,13,2026-05-20,0
CUST_00015,SKU_00208,2026-05-27,15,0,0.57,26.2,5,6,2026-04-04,0
CUST_00040,SKU_00012,2026-05-27,24,0,0.12,109.6,0,0,2026-04-09,0
CUST_00178,SKU_00262,2026-05-27,9,0,1.75,5.1,22,15,2026-04-26,0
CUST_00006,SKU_00015,2026-05-27,1,0,1.71,0.6,13,7,2026-04-15,0
CUST_00127,SKU_00079,2026-05-27,58,0,1.67,34.8,17,19,2026-04-04,0
CUST_00164,SKU_00095,2026-05-27,11,0,1.17,9.4,14,7,2026-05-23,0
CUST_00090,SKU_00246,2026-05-27,11,1,0.7,14.3,7,6,2026-05-21,0
CUST_00067,SKU_00143,2026-05-27,1,0,0.82,1.2,6,4,2026-04-10,0
CUST_00063,SKU_00265,2026-05-27,42,0,1.54,27.2,12,10,2026-05-01,0
CUST_00019,SKU_00276,2026-05-27,4,0,0.89,4.5,9,6,2026-05-22,0
CUST_00105,SKU_00017,2026-05-27,5,0,1.75,2.9,17,22,2026-04-15,0
CUST_00155,SKU_00160,2026-05-27,25,0,1.13,22.0,8,4,2026-05-09,0
CUST_00004,SKU_00158,2026-05-27,6,0,1.83,3.3,17,6,2026-04-14,0
CUST_00107,SKU_00075,2026-05-27,75,0,1.59,47.2,16,22,2026-05-23,0
CUST_00036,SKU_00129,2026-05-27,7,1,0.08,135.3,0,0,2026-04-27,0
CUST_00176,SKU_00132,2026-05-27,7,0,1.78,3.9,24,15,2026-04-06,0
CUST_00018,SKU_00141,2026-05-27,5,0,0.01,299.0,0,0,2026-04-15,0
CUST_00001,SKU_00057,2026-05-27,2,0,1.46,1.4,13,7,2026-04-25,0
CUST_00023,SKU_00142,2026-05-27,15,0,0.71,21.2,9,9,2026-04-30,0
CUST_00093,SKU_00300,2026-05-27,6,0,0.53,11.3,5,6,2026-04-18,0
CUST_00100,SKU_00036,2026-05-27,5,0,1.04,4.8,9,13,2026-04-05,0
CUST_00013,SKU_00140,2026-05-27,7,0,0.03,297.6,0,0,2026-05-14,0
CUST_00199,SKU_00127,2026-05-27,8,0,1.72,4.6,24,15,2026-04-24,0
CUST_00108,SKU_00134,2026-05-27,11,0,1.7,6.5,17,12,2026-04-28,0
CUST_00175,SKU_00291,2026-05-27,74,0,1.39,53.1,16,13,2026-05-26,0
CUST_00036,SKU_00072,2026-05-27,34,0,0.62,55.3,7,5,2026-05-05,0
CUST_00165,SKU_00055,2026-05-27,2,0,1.71,1.2,19,9,2026-05-06,0
CUST_00140,SKU_00028,2026-05-27,2,0,1.03,1.9,9,7,2026-04-27,0
CUST_00123,SKU_00132,2026-05-27,20,2,1.35,13.3,12,10,2026-03-30,0
CUST_00166,SKU_00272,2026-05-27,28,0,0.43,233.4,4,4,2026-04-22,0
CUST_00098,SKU_00218,2026-05-27,38,0,1.99,19.1,22,15,2026-05-22,0
CUST_00195,SKU_00146,2026-05-27,40,0,0.03,76.8,0,0,2026-04-03,0
CUST_00092,SKU_00068,2026-05-27,6,0,1.32,4.5,11,4,2026-05-11,0
CUST_00199,SKU_00002,2026-05-27,2,0,1.41,1.4,18,18,2026-05-17,0
CUST_00189,SKU_00194,2026-05-27,2,0,0.53,3.8,5,1,2026-05-15,0
CUST_00047,SKU_00236,2026-05-27,1,0,0.03,295.4,0,0,2026-03-31,0
CUST_00092,SKU_00142,2026-05-27,77,1,1.67,45.6,22,8,2026-05-22,0
CUST_00132,SKU_00124,2026-05-27,35,0,1.85,18.9,13,22,2026-05-06,0
CUST_00002,SKU_00017,2026-05-27,47,0,0.09,210.7,0,0,2026-04-04,0
CUST_00135,SKU_00180,2026-05-27,3,0,0.33,299.3,2,3,2026-05-14,0
CUST_00166,SKU_00220,2026-05-27,15,2,1.46,8.9,17,15,2026-04-08,0
CUST_00032,SKU_00074,2026-05-27,15,0,0.07,184.2,0,0,2026-05-18,1
CUST_00006,SKU_00080,2026-05-27,9,0,0.51,17.7,4,3,2026-03-29,0
CUST_00031,SKU_00028,2026-05-27,15,0,0.28,81.1,2,1,2026-05-05,0
CUST_00080,SKU_00004,2026-05-27,9,0,199.78,0.0,2286,1414,2026-05-13,0
CUST_00155,SKU_00272,2026-05-27,2,0,0.16,148.9,1,0,2026-04-05,0
CUST_00011,SKU_00226,2026-05-27,4,0,1.55,2.6,15,19,2026-05-14,0
CUST_00193,SKU_00117,2026-05-27,6,0,0.57,10.5,5,1,2026-05-16,0
CUST_00183,SKU_00174,2026-05-27,11,1,0.29,44.0,4,3,2026-04-02,0
CUST_00084,SKU_00199,2026-05-27,3,0,1.49,2.0,17,10,2026-04-19,0
CUST_00143,SKU_00022,2026-05-27,12,0,1.72,7.0,15,19,2026-05-07,0
CUST_00134,SKU_00058,2026-05-27,2,0,0.11,216.9,1,0,2026-05-08,0
CUST_00131,SKU_00141,2026-05-27,3,0,0.34,174.3,4,3,2026-05-19,0
CUST_00052,SKU_00044,2026-05-27,13,1,0.64,18.6,6,7,2026-04-07,0
CUST_00027,SKU_00091,2026-05-27,13,0,0.74,17.6,6,6,2026-05-07,0
CUST_00024,SKU_00088,2026-05-27,10,0,0.15,242.8,1,1,2026-03-30,0
CUST_00182,SKU_00155,2026-05-27,29,0,1.48,19.6,16,6,2026-04-11,0
CUST_00126,SKU_00273,2026-05-27,26,0,0.25,125.4,3,0,2026-04-20,0
CUST_00121,SKU_00042,2026-05-27,45,0,0.75,60.2,7,5,2026-05-15,0
CUST_00193,SKU_00051,2026-05-27,1,0,1.83,0.5,16,24,2026-03-29,0
CUST_00144,SKU_00158,2026-05-27,2,0,0.33,162.1,3,1,2026-05-16,0
CUST_00041,SKU_00283,2026-05-27,15,0,0.58,25.7,4,4,2026-05-06,0
CUST_00015,SKU_00119,2026-05-27,10,0,1.43,7.0,12,10,2026-04-08,0
CUST_00085,SKU_00152,2026-05-27,35,0,0.03,129.2,0,0,2026-05-12,0
CUST_00004,SKU_00229,2026-05-27,5,0,1.55,3.2,18,13,2026-05-13,0
CUST_00019,SKU_00177,2026-05-27,29,0,1.2,24.1,10,13,2026-05-26,0
CUST_00033,SKU_00194,2026-05-27,7,0,0.19,43.0,1,1,2026-04-16,0
CUST_00074,SKU_00171,2026-05-27,2,0,1.35,1.5,16,6,2026-04-24,0
CUST_00073,SKU_00033,2026-05-27,12,0,0.34,127.2,2,1,2026-04-26,0
CUST_00200,SKU_00082,2026-05-27,14,0,1.3,10.7,12,7,2026-05-21,0
CUST_00043,SKU_00080,2026-05-27,33,3,1.7,17.6,22,18,2026-04-07,0
CUST_00050,SKU_00201,2026-05-27,18,1,1.46,11.7,15,6,2026-05-03,0
CUST_00034,SKU_00080,2026-05-27,15,1,1.58,8.8,21,21,2026-05-24,0
CUST_00102,SKU_00251,2026-05-27,54,0,1.62,33.4,18,10,2026-04-18,0
CUST_00119,SKU_00035,2026-05-27,0,0,0.36,74.4,2,1,2026-05-05,0
CUST_00073,SKU_00074,2026-05-27,4,0,0.6,6.6,5,3,2026-05-19,0
CUST_00180,SKU_00021,2026-05-27,10,0,1.61,6.2,22,12,2026-04-09,0
CUST_00032,SKU_00067,2026-05-27,23,3,1.62,12.4,15,9,2026-05-07,0
CUST_00029,SKU_00036,2026-05-27,31,0,1.49,20.8,13,7,2026-05-18,0
CUST_00043,SKU_00158,2026-05-27,11,0,1.13,9.7,12,10,2026-04-29,0
CUST_00056,SKU_00102,2026-05-27,14,0,1.57,8.9,13,7,2026-05-21,0
CUST_00192,SKU_00238,2026-05-27,9,0,0.68,13.2,9,7,2026-05-22,0
CUST_00010,SKU_00076,2026-05-27,21,0,0.05,87.8,0,0,2026-05-10,0
CUST_00146,SKU_00173,2026-05-27,14,0,0.61,22.9,5,5,2026-04-14,0
CUST_00001,SKU_00070,2026-05-27,48,0,1.78,26.9,22,21,2026-04-08,0
CUST_00085,SKU_00239,2026-05-27,6,0,1.17,5.1,8,15,2026-04-20,0
CUST_00019,SKU_00065,2026-05-27,2,0,1.19,1.7,9,13,2026-05-03,0
CUST_00016,SKU_00278,2026-05-27,3,0,0.91,3.3,10,10,2026-05-24,0
CUST_00082,SKU_00217,2026-05-27,9,0,0.08,47.5,1,0,2026-03-30,0
CUST_00027,SKU_00023,2026-05-27,169,0,1.09,155.6,9,9,2026-03-31,0
CUST_00167,SKU_00010,2026-05-27,46,0,1.42,32.5,16,7,2026-04-05,0
CUST_00041,SKU_00049,2026-05-27,2,0,1.89,1.1,20,25,2026-04-26,0
CUST_00074,SKU_00203,2026-05-27,18,0,0.08,142.5,1,0,2026-05-26,0
CUST_00199,SKU_00192,2026-05-27,4,0,0.14,254.3,1,1,2026-03-30,0
CUST_00153,SKU_00107,2026-05-27,12,0,1.8,6.7,19,22,2026-04-16,0
CUST_00027,SKU_00029,2026-05-27,22,0,1.52,14.4,16,10,2026-04-07,0
CUST_00036,SKU_00054,2026-05-27,31,0,1.01,30.6,10,8,2026-05-13,0
CUST_00067,SKU_00186,2026-05-27,20,0,1.76,11.4,23,13,2026-05-11,0
CUST_00037,SKU_00122,2026-05-27,1,0,0.43,265.7,4,3,2026-05-25,0
CUST_00029,SKU_00006,2026-05-27,6,0,1.84,3.3,16,5,2026-05-09,0
CUST_00130,SKU_00282,2026-05-27,7,0,1.88,3.7,23,16,2026-05-13,0
CUST_00024,SKU_00143,2026-05-27,6,0,0.78,7.7,9,4,2026-05-15,0
CUST_00126,SKU_00037,2026-05-27,11,0,0.71,15.6,9,9,2026-04-15,1
CUST_00130,SKU_00061,2026-05-27,57,0,0.65,87.1,8,9,2026-04-10,5
CUST_00043,SKU_00128,2026-05-27,8,0,1.35,5.9,14,9,2026-05-17,0
CUST_00114,SKU_00260,2026-05-27,17,2,55.17,0.3,469,420,2026-04-18,0
CUST_00010,SKU_00025,2026-05-27,13,0,0.39,205.5,4,1,2026-05-23,0
CUST_00070,SKU_00151,2026-05-27,6,0,0.29,292.0,3,1,2026-05-26,0
CUST_00139,SKU_00084,2026-05-27,0,0,0.52,0.0,5,6,2026-04-07,0
CUST_00088,SKU_00049,2026-05-27,5,0,0.72,6.9,8,6,2026-04-03,0
CUST_00071,SKU_00243,2026-05-27,2,0,0.01,201.3,0,0,2026-05-26,0
CUST_00013,SKU_00139,2026-05-27,6,0,0.65,9.3,8,7,2026-04-16,0
CUST_00107,SKU_00206,2026-05-27,4,0,0.24,66.8,1,0,2026-05-24,0
CUST_00002,SKU_00120,2026-05-27,11,0,1.17,9.4,10,7,2026-04-16,0
CUST_00133,SKU_00128,2026-05-27,59,0,0.08,252.3,0,0,2026-04-10,1
CUST_00162,SKU_00042,2026-05-27,10,0,0.78,12.8,8,9,2026-04-13,0
CUST_00025,SKU_00004,2026-05-27,9,0,0.14,178.2,1,0,2026-04-19,0
CUST_00145,SKU_00163,2026-05-27,4,0,1.99,2.0,25,15,2026-05-09,0
CUST_00089,SKU_00128,2026-05-27,12,0,1.3,9.2,14,9,2026-05-08,0
CUST_00133,SKU_00217,2026-05-27,2,0,0.07,108.2,0,0,2026-05-15,0
CUST_00043,SKU_00094,2026-05-27,21,0,1.42,14.8,14,12,2026-04-25,0
CUST_00071,SKU_00231,2026-05-27,30,0,1.57,19.1,17,13,2026-05-17,0
CUST_00070,SKU_00212,2026-05-27,7,0,0.45,242.7,3,1,2026-04-24,0
CUST_00048,SKU_00071,2026-05-27,13,0,0.05,187.2,0,0,2026-03-31,0
CUST_00064,SKU_00171,2026-05-27,15,1,1.91,7.3,14,14,2026-04-17,0
CUST_00115,SKU_00177,2026-05-27,6,0,1.86,3.2,24,19,2026-05-08,0
CUST_00005,SKU_00117,2026-05-27,0,0,121.17,0.0,1081,652,2026-05-12,0
CUST_00113,SKU_00284,2026-05-27,58,0,0.96,60.3,9,6,2026-04-22,0
CUST_00164,SKU_00264,2026-05-27,17,0,0.06,268.2,0,0,2026-05-26,0
CUST_00058,SKU_00160,2026-05-27,30,2,1.34,21.0,15,12,2026-05-26,0
CUST_00139,SKU_00067,2026-05-27,23,0,1.72,13.4,15,10,2026-05-16,0
CUST_00096,SKU_00283,2026-05-27,22,3,1.7,11.2,20,16,2026-04-10,0
CUST_00063,SKU_00096,2026-05-27,112,19,1.73,53.6,21,13,2026-05-12,0
CUST_00019,SKU_00234,2026-05-27,6,0,0.87,6.9,10,6,2026-05-05,0
CUST_00065,SKU_00269,2026-05-27,31,0,1.59,19.5,17,6,2026-04-24,0
CUST_00003,SKU_00101,2026-05-27,3,0,1.79,1.7,16,12,2026-05-01,0
CUST_00099,SKU_00038,2026-05-27,34,0,1.86,18.3,17,22,2026-05-13,3
CUST_00111,SKU_00242,2026-05-27,23,2,0.23,176.6,3,0,2026-04-29,0
CUST_00054,SKU_00223,2026-05-27,20,0,0.55,36.4,6,3,2026-05-21,0
CUST_00159,SKU_00109,2026-05-27,2,0,0.39,293.6,3,3,2026-04-08,0
CUST_00167,SKU_00105,2026-05-27,1,0,0.36,202.3,4,1,2026-04-11,0
CUST_00079,SKU_00019,2026-05-27,3,0,1.11,2.7,10,10,2026-04-26,0
CUST_00067,SKU_00098,2026-05-27,2,0,1.51,1.3,20,16,2026-05-15,0
CUST_00081,SKU_00234,2026-05-27,47,0,1.28,36.8,12,15,2026-04-25,0
CUST_00029,SKU_00279,2026-05-27,16,0,0.19,224.6,2,1,2026-05-09,0
CUST_00164,SKU_00205,2026-05-27,28,0,1.48,18.9,20,19,2026-04-28,0
CUST_00031,SKU_00212,2026-05-27,19,0,0.13,217.8,1,0,2026-05-12,0
CUST_00027,SKU_00094,2026-05-27,2,0,1.45,1.4,10,7,2026-04-08,0
CUST_00077,SKU_00053,2026-05-27,7,0,1.95,3.6,23,13,2026-04-14,0
CUST_00116,SKU_00092,2026-05-27,10,0,0.12,85.5,1,1,2026-04-10,0
CUST_00129,SKU_00016,2026-05-27,23,0,1.49,15.4,17,16,2026-05-18,0
CUST_00157,SKU_00117,2026-05-27,20,0,1.98,10.1,18,15,2026-04-14,0
CUST_00086,SKU_00193,2026-05-27,3,0,0.26,82.0,2,1,2026-05-04,0
CUST_00020,SKU_00061,2026-05-27,106,0,0.31,266.8,3,3,2026-05-09,7
CUST_00093,SKU_00228,2026-05-27,11,0,0.87,12.6,6,6,2026-05-11,0
CUST_00118,SKU_00063,2026-05-27,25,0,0.87,28.8,8,12,2026-05-02,0
CUST_00080,SKU_00127,2026-05-27,4,0,0.99,4.1,9,6,2026-05-08,0
CUST_00157,SKU_00144,2026-05-27,23,3,0.39,296.3,4,1,2026-05-01,0
CUST_00110,SKU_00251,2026-05-27,32,0,1.63,19.7,13,11,2026-05-21,0
CUST_00182,SKU_00212,2026-05-27,12,0,0.65,18.3,6,2,2026-04-08,0
CUST_00007,SKU_00239,2026-05-27,10,0,1.88,5.3,19,15,2026-05-04,0
CUST_00178,SKU_00257,2026-05-27,6,0,1.8,3.3,19,18,2026-04-30,0
CUST_00107,SKU_00296,2026-05-27,0,0,0.18,147.3,2,0,2026-05-10,0
CUST_00079,SKU_00259,2026-05-27,53,0,1.03,51.4,10,5,2026-04-22,0
CUST_00192,SKU_00105,2026-05-27,26,0,0.42,160.1,4,1,2026-03-31,0
CUST_00081,SKU_00150,2026-05-27,1,0,1.72,0.6,17,22,2026-04-17,0
CUST_00051,SKU_00275,2026-05-27,11,0,1.06,10.4,9,3,2026-05-08,0
CUST_00017,SKU_00027,2026-05-27,4,0,0.29,148.9,2,1,2026-05-18,0
CUST_00142,SKU_00238,2026-05-27,20,0,1.37,14.6,15,7,2026-05-06,0
CUST_00172,SKU_00022,2026-05-27,13,0,0.67,19.4,6,9,2026-05-15,0
CUST_00071,SKU_00249,2026-05-27,24,0,1.6,15.0,17,22,2026-05-16,0
CUST_00188,SKU_00112,2026-05-27,0,0,1.26,0.0,14,16,2026-04-05,0
CUST_00164,SKU_00119,2026-05-27,1,0,1.69,0.6,19,13,2026-03-30,0
CUST_00075,SKU_00216,2026-05-27,2,0,1.94,1.0,17,28,2026-05-22,0
CUST_00114,SKU_00176,2026-05-27,10,0,1.15,8.7,11,6,2026-04-26,0
CUST_00163,SKU_00178,2026-05-27,762,0,0.5,262.1,5,4,2026-05-06,0
CUST_00095,SKU_00137,2026-05-27,12,0,0.72,16.7,9,6,2026-05-19,0
CUST_00159,SKU_00173,2026-05-27,21,0,0.24,270.2,1,1,2026-05-20,0
CUST_00087,SKU_00004,2026-05-27,37,0,0.72,51.3,5,4,2026-04-15,0
CUST_00063,SKU_00291,2026-05-27,9,0,0.6,14.9,4,3,2026-04-09,0
CUST_00089,SKU_00193,2026-05-27,5,0,24.0,0.2,300,256,2026-05-20,0
CUST_00092,SKU_00170,2026-05-27,42,0,1.2,35.0,9,5,2026-05-21,3
CUST_00126,SKU_00102,2026-05-27,7,0,0.07,189.6,0,0,2026-04-07,0
CUST_00096,SKU_00151,2026-05-27,14,0,1.73,8.1,18,10,2026-05-22,0
CUST_00096,SKU_00029,2026-05-27,5,0,1.13,4.4,11,7,2026-05-18,0
CUST_00135,SKU_00229,2026-05-27,24,0,1.61,14.9,22,18,2026-04-21,0
CUST_00078,SKU_00041,2026-05-27,80,0,0.85,94.4,6,5,2026-05-09,0
CUST_00069,SKU_00107,2026-05-27,7,0,1.43,4.9,14,13,2026-04-22,0
CUST_00080,SKU_00223,2026-05-27,5,0,0.6,8.3,4,3,2026-05-20,0
CUST_00182,SKU_00087,2026-05-27,31,3,1.65,17.0,12,14,2026-04-27,0
CUST_00136,SKU_00002,2026-05-27,1,0,1.42,0.7,17,9,2026-04-03,0
CUST_00200,SKU_00154,2026-05-27,3,0,0.0,177.6,0,0,2026-04-14,0
CUST_00178,SKU_00067,2026-05-27,22,0,1.06,20.7,9,4,2026-03-29,0
CUST_00099,SKU_00215,2026-05-27,0,0,1.84,0.0,13,13,2026-05-15,0
CUST_00069,SKU_00003,2026-05-27,0,0,1.17,0.0,12,9,2026-05-01,0
CUST_00070,SKU_00002,2026-05-27,3,0,1.3,2.3,10,12,2026-04-03,0
CUST_00072,SKU_00232,2026-05-27,3,0,25.28,0.1,188,187,2026-05-05,0
CUST_00109,SKU_00116,2026-05-27,4,0,0.87,4.6,7,12,2026-04-16,0
CUST_00018,SKU_00281,2026-05-27,19,0,0.53,35.7,5,3,2026-04-25,0
CUST_00079,SKU_00112,2026-05-27,5,0,0.28,87.1,3,2,2026-05-13,0
CUST_00186,SKU_00039,2026-05-27,6,0,1.82,3.3,17,11,2026-04-27,0
CUST_00005,SKU_00075,2026-05-27,5,0,0.97,5.1,8,4,2026-05-07,0
CUST_00129,SKU_00137,2026-05-27,2,0,0.68,2.9,7,7,2026-05-23,0
CUST_00013,SKU_00194,2026-05-27,14,0,1.27,11.0,8,10,2026-04-21,0
CUST_00016,SKU_00035,2026-05-27,21,0,1.97,10.7,21,21,2026-03-29,0
CUST_00089,SKU_00010,2026-05-27,2,0,1.74,1.1,21,19,2026-05-13,0
CUST_00123,SKU_00094,2026-05-27,3,0,1.78,1.7,20,8,2026-05-22,0
CUST_00168,SKU_00224,2026-05-27,14,0,1.33,10.6,17,5,2026-05-10,0
CUST_00039,SKU_00082,2026-05-27,0,0,1.86,0.0,16,16,2026-05-25,0
CUST_00075,SKU_00188,2026-05-27,17,0,0.71,24.1,6,9,2026-05-14,0
CUST_00102,SKU_00181,2026-05-27,2,0,1.31,1.5,11,9,2026-04-04,0
CUST_00099,SKU_00175,2026-05-27,9,0,0.36,206.0,2,1,2026-04-15,0
CUST_00198,SKU_00048,2026-05-27,1,0,0.16,290.1,1,0,2026-05-17,0
CUST_00165,SKU_00183,2026-05-27,5,0,0.7,7.1,5,4,2026-04-26,0
CUST_00078,SKU_00008,2026-05-27,18,1,1.98,8.6,22,11,2026-04-01,0
CUST_00020,SKU_00060,2026-05-27,17,0,0.77,22.1,8,4,2026-04-11,0
CUST_00196,SKU_00161,2026-05-27,20,3,1.69,10.0,20,15,2026-04-10,0
CUST_00024,SKU_00155,2026-05-27,1,0,1.54,0.6,11,16,2026-04-21,0
CUST_00107,SKU_00146,2026-05-27,90,0,1.64,54.9,21,9,2026-05-14,0
CUST_00118,SKU_00266,2026-05-27,1,0,1.71,0.6,19,15,2026-04-18,0
CUST_00147,SKU_00052,2026-05-27,3,0,0.77,3.9,9,7,2026-04-29,0
CUST_00037,SKU_00223,2026-05-27,2,0,0.17,88.4,1,1,2026-04-22,0
CUST_00079,SKU_00171,2026-05-27,5,0,0.5,9.9,5,2,2026-04-04,0
CUST_00009,SKU_00002,2026-05-27,1,0,0.42,207.0,4,2,2026-05-09,0
CUST_00035,SKU_00217,2026-05-27,0,0,0.74,0.0,5,7,2026-04-29,0
CUST_00121,SKU_00144,2026-05-27,11,0,0.78,14.1,9,5,2026-04-21,0
CUST_00130,SKU_00297,2026-05-27,104,0,1.5,69.4,11,15,2026-05-12,0
CUST_00014,SKU_00079,2026-05-27,13,0,1.47,8.8,18,6,2026-05-04,0
CUST_00068,SKU_00174,2026-05-27,2,0,0.99,2.0,10,7,2026-04-21,0
CUST_00098,SKU_00210,2026-05-27,1,0,1.21,0.8,10,4,2026-04-08,0
CUST_00005,SKU_00009,2026-05-27,0,0,1.41,0.0,18,10,2026-05-12,0
CUST_00172,SKU_00113,2026-05-27,13,1,1.0,12.0,8,6,2026-04-28,0
CUST_00194,SKU_00072,2026-05-27,65,0,1.38,47.3,15,18,2026-05-09,3
CUST_00007,SKU_00091,2026-05-27,15,2,1.7,7.6,18,21,2026-04-26,0
CUST_00005,SKU_00063,2026-05-27,31,0,1.88,16.5,19,6,2026-05-10,0
CUST_00095,SKU_00202,2026-05-27,0,0,0.44,119.5,5,3,2026-04-15,0
CUST_00017,SKU_00273,2026-05-27,13,0,1.15,11.3,9,10,2026-04-25,0
CUST_00080,SKU_00258,2026-05-27,27,0,1.58,17.0,12,22,2026-05-01,0
CUST_00153,SKU_00153,2026-05-27,30,4,0.9,28.9,12,7,2026-05-25,0
CUST_00088,SKU_00183,2026-05-27,13,0,1.19,11.0,10,9,2026-04-17,0
CUST_00050,SKU_00123,2026-05-27,3,0,0.05,188.4,0,0,2026-04-06,0
CUST_00182,SKU_00123,2026-05-27,6,0,0.52,11.5,4,3,2026-05-10,0
CUST_00139,SKU_00208,2026-05-27,2,0,0.02,279.4,0,0,2026-04-10,0
CUST_00077,SKU_00216,2026-05-27,9,1,0.3,198.4,2,3,2026-04-12,0
CUST_00013,SKU_00166,2026-05-27,22,0,0.26,256.3,3,3,2026-04-08,0
CUST_00140,SKU_00174,2026-05-27,3,0,0.59,5.1,6,7,2026-04-06,0
CUST_00037,SKU_00095,2026-05-27,3,0,1.22,2.5,11,9,2026-05-08,0
CUST_00039,SKU_00035,2026-05-27,4,0,0.19,59.9,2,1,2026-05-17,0
CUST_00182,SKU_00063,2026-05-27,9,0,1.1,8.2,7,4,2026-05-23,0
CUST_00067,SKU_00224,2026-05-27,54,0,0.58,93.6,6,3,2026-04-08,0
CUST_00116,SKU_00216,2026-05-27,30,0,144.28,0.2,1718,994,2026-03-29,0
CUST_00134,SKU_00285,2026-05-27,1,0,0.75,1.3,6,7,2026-04-22,0
CUST_00006,SKU_00185,2026-05-27,5,0,1.14,4.4,15,3,2026-05-12,0
CUST_00197,SKU_00218,2026-05-27,2,0,0.3,177.8,2,1,2026-04-06,0
CUST_00177,SKU_00047,2026-05-27,10,1,0.49,198.3,3,4,2026-04-19,0
CUST_00072,SKU_00041,2026-05-27,1,0,1.28,0.8,11,18,2026-04-07,0
CUST_00071,SKU_00207,2026-05-27,9,0,0.54,16.7,4,4,2026-04-03,0
CUST_00093,SKU_00281,2026-05-27,28,0,1.76,15.9,13,25,2026-05-12,0
CUST_00082,SKU_00113,2026-05-27,3,0,0.95,3.2,11,3,2026-05-06,0
CUST_00019,SKU_00097,2026-05-27,8,0,1.81,4.4,19,9,2026-04-23,0
CUST_00006,SKU_00027,2026-05-27,1,0,1.43,0.7,12,6,2026-05-20,0
CUST_00187,SKU_00257,2026-05-27,7,0,1.33,5.3,11,7,2026-05-14,0
CUST_00179,SKU_00285,2026-05-27,44,0,0.46,169.1,4,1,2026-05-04,0
CUST_00168,SKU_00022,2026-05-27,8,0,2370.11,0.0,23124,14114,2026-04-05,0
CUST_00194,SKU_00072,2026-05-27,32,5,0.69,38.9,9,7,2026-05-02,0
CUST_00045,SKU_00249,2026-05-27,6,0,1.27,4.7,11,8,2026-04-07,0
CUST_00114,SKU_00184,2026-05-27,3,0,0.22,219.3,1,1,2026-05-12,0
CUST_00079,SKU_00211,2026-05-27,1,0,812.94,0.0,7377,5043,2026-04-13,0
CUST_00170,SKU_00085,2026-05-27,4,0,0.52,7.6,4,3,2026-04-10,0
CUST_00194,SKU_00214,2026-05-27,3,0,0.12,145.9,1,1,2026-04-07,0
CUST_00187,SKU_00004,2026-05-27,130,0,1.24,104.7,11,10,2026-05-10,0
CUST_00177,SKU_00210,2026-05-27,1,0,34.67,0.0,322,219,2026-04-17,0
CUST_00128,SKU_00169,2026-05-27,3,0,55.11,0.1,664,412,2026-04-13,0
CUST_00170,SKU_00171,2026-05-27,22,0,1.36,16.2,17,15,2026-04-30,0
CUST_00066,SKU_00236,2026-05-27,15,2,0.11,173.5,1,0,2026-04-09,0
CUST_00055,SKU_00213,2026-05-27,6,0,1.64,3.7,14,9,2026-05-02,0
CUST_00172,SKU_00046,2026-05-27,3,0,1.03,2.9,12,10,2026-03-29,0
CUST_00060,SKU_00248,2026-05-27,5,0,0.36,285.1,4,3,2026-04-06,0
CUST_00110,SKU_00183,2026-05-27,10,0,1.22,8.2,16,6,2026-04-04,0
CUST_00003,SKU_00111,2026-05-27,30,0,0.8,37.6,5,9,2026-05-10,0
CUST_00016,SKU_00046,2026-05-27,23,3,1.2,16.6,11,12,2026-05-08,1
CUST_00054,SKU_00268,2026-05-27,8,0,1.48,5.4,13,9,2026-04-01,0
CUST_00146,SKU_00206,2026-05-27,3,0,0.55,5.5,4,5,2026-05-10,0
CUST_00047,SKU_00121,2026-05-27,2,0,1.92,1.0,19,9,2026-04-02,0
CUST_00072,SKU_00006,2026-05-27,66,0,1.66,39.7,19,12,2026-05-12,0
CUST_00106,SKU_00248,2026-05-27,15,0,0.69,21.7,6,6,2026-04-25,0
CUST_00036,SKU_00295,2026-05-27,6,0,0.34,205.1,4,1,2026-05-03,0
CUST_00164,SKU_00083,2026-05-27,12,0,1.39,8.6,16,10,2026-04-27,0
CUST_00198,SKU_00246,2026-05-27,2,0,1.26,1.6,12,18,2026-04-12,0
CUST_00113,SKU_00298,2026-05-27,18,0,1.21,14.9,9,10,2026-05-17,0
CUST_00154,SKU_00029,2026-05-27,8,0,2.0,4.0,21,11,2026-05-12,0
CUST_00099,SKU_00032,2026-05-27,6,0,0.3,34.6,3,3,2026-05-21,0
CUST_00173,SKU_00238,2026-05-27,5,0,1.73,2.9,12,9,2026-05-21,0
CUST_00132,SKU_00037,2026-05-27,9,0,1.76,5.1,17,22,2026-05-21,0
CUST_00144,SKU_00275,2026-05-27,6,0,1.97,3.1,15,22,2026-05-24,0
CUST_00042,SKU_00206,2026-05-27,0,0,0.39,173.0,5,1,2026-05-05,0
CUST_00190,SKU_00061,2026-05-27,9,0,0.18,151.1,2,1,2026-03-31,0
CUST_00085,SKU_00053,2026-05-27,1,0,0.82,1.2,8,4,2026-04-05,0
CUST_00068,SKU_00203,2026-05-27,8,0,1.43,5.6,10,7,2026-05-10,0
CUST_00125,SKU_00299,2026-05-27,1,0,30.06,0.0,386,333,2026-04-14,0
CUST_00134,SKU_00091,2026-05-27,23,0,1.1,20.8,15,10,2026-05-22,0
CUST_00167,SKU_00182,2026-05-27,41,0,0.1,107.6,0,0,2026-05-03,0
CUST_00034,SKU_00070,2026-05-27,28,0,0.5,160.1,5,6,2026-04-25,0
CUST_00038,SKU_00263,2026-05-27,11,0,1.71,6.4,18,11,2026-05-20,0
CUST_00190,SKU_00053,2026-05-27,16,1,1.21,12.4,12,15,2026-05-03,0
CUST_00154,SKU_00087,2026-05-27,28,2,0.74,35.0,7,4,2026-05-06,0
CUST_00143,SKU_00198,2026-05-27,36,0,0.7,51.2,5,6,2026-05-05,0
CUST_00199,SKU_00192,2026-05-27,12,0,1.84,6.5,13,18,2026-03-31,0
CUST_00016,SKU_00009,2026-05-27,1,0,0.17,227.3,2,0,2026-05-05,0
CUST_00021,SKU_00265,2026-05-27,9,0,1.47,6.1,18,9,2026-05-11,0
CUST_00051,SKU_00013,2026-05-27,6,0,1.06,5.7,8,5,2026-05-10,0
CUST_00195,SKU_00117,2026-05-27,12,0,0.48,141.2,4,2,2026-05-18,0
CUST_00110,SKU_00007,2026-05-27,2,0,1.63,1.2,20,14,2026-04-11,0
CUST_00040,SKU_00090,2026-05-27,1,0,1.23,0.8,10,10,2026-04-14,0
CUST_00146,SKU_00039,2026-05-27,1,0,1.8,0.6,14,6,2026-05-25,0
CUST_00065,SKU_00036,2026-05-27,0,0,0.15,135.2,1,0,2026-05-01,0
CUST_00101,SKU_00049,2026-05-27,1,0,0.1,52.2,0,0,2026-05-20,0
CUST_00149,SKU_00142,2026-05-27,11,0,0.99,11.1,13,9,2026-05-09,0
CUST_00047,SKU_00172,2026-05-27,108,20,0.88,99.6,9,6,2026-05-22,0
CUST_00094,SKU_00267,2026-05-27,7,0,1.03,6.8,7,9,2026-04-23,0
CUST_00133,SKU_00089,2026-05-27,4,0,0.35,254.4,2,2,2026-05-26,0
CUST_00061,SKU_00168,2026-05-27,0,0,1.91,0.0,23,16,2026-05-14,0
CUST_00060,SKU_00202,2026-05-27,11,0,0.92,11.9,8,9,2026-05-18,0
CUST_00022,SKU_00138,2026-05-27,1,0,0.07,145.4,0,0,2026-04-06,0
CUST_00047,SKU_00196,2026-05-27,1,0,1.34,0.7,13,7,2026-04-14,0
CUST_00146,SKU_00259,2026-05-27,9,0,1.98,4.5,15,19,2026-05-21,0
CUST_00184,SKU_00019,2026-05-27,1,0,0.66,1.5,4,9,2026-05-01,0
CUST_00002,SKU_00246,2026-05-27,3,0,1.85,1.6,24,25,2026-05-20,0
CUST_00003,SKU_00298,2026-05-27,12,0,1.75,6.9,15,9,2026-05-14,0
CUST_00001,SKU_00188,2026-05-27,3,0,0.77,3.9,10,4,2026-05-14,0
CUST_00199,SKU_00167,2026-05-27,7,0,1.8,3.9,24,10,2026-04-18,0
CUST_00045,SKU_00178,2026-05-27,1,0,1.09,0.9,13,8,2026-05-18,0
CUST_00091,SKU_00206,2026-05-27,14,2,0.1,113.6,1,0,2026-04-11,0
CUST_00144,SKU_00299,2026-05-27,5,0,1.44,3.5,12,16,2026-04-27,0
CUST_00090,SKU_00120,2026-05-27,7,0,0.67,10.5,8,5,2026-03-30,0
CUST_00054,SKU_00218,2026-05-27,16,0,0.66,24.3,4,4,2026-04-25,0
CUST_00041,SKU_00005,2026-05-27,0,0,1.56,0.0,20,21,2026-05-09,0
CUST_00068,SKU_00289,2026-05-27,2,0,0.14,197.4,1,1,2026-05-10,0
CUST_00187,SKU_00197,2026-05-27,4,0,0.95,4.2,9,9,2026-04-05,0
CUST_00033,SKU_00044,2026-05-27,37,3,1.48,23.0,18,13,2026-04-30,0
CUST_00050,SKU_00064,2026-05-27,46,0,0.21,175.8,2,1,2026-05-08,0
CUST_00030,SKU_00147,2026-05-27,6,1,0.33,279.3,3,2,2026-04-14,0
CUST_00174,SKU_00127,2026-05-27,22,4,0.03,286.1,0,0,2026-04-16,1
CUST_00007,SKU_00121,2026-05-27,7,0,0.69,10.2,5,4,2026-05-11,0
CUST_00159,SKU_00115,2026-05-27,21,0,0.4,250.4,3,3,2026-04-19,0
CUST_00111,SKU_00245,2026-05-27,15,0,1.95,7.7,23,13,2026-04-15,0
CUST_00063,SKU_00213,2026-05-27,8,0,1.42,5.7,16,12,2026-05-15,0
CUST_00199,SKU_00055,2026-05-27,0,0,1.72,0.0,19,7,2026-05-03,0
CUST_00052,SKU_00291,2026-05-27,9,0,1.37,6.6,18,6,2026-04-18,0
CUST_00077,SKU_00199,2026-05-27,6,0,1.98,3.0,27,9,2026-04-04,0
CUST_00066,SKU_00206,2026-05-27,25,4,1.83,11.5,24,18,2026-05-11,0
CUST_00143,SKU_00038,2026-05-27,4,0,1.12,3.6,13,12,2026-04-18,0
CUST_00076,SKU_00171,2026-05-27,8,0,0.58,13.7,7,4,2026-04-12,0
CUST_00089,SKU_00257,2026-05-27,26,0,0.64,40.5,8,6,2026-05-17,0
CUST_00110,SKU_00143,2026-05-27,0,0,1.71,0.0,20,10,2026-05-15,0
CUST_00117,SKU_00006,2026-05-27,19,0,1.5,12.7,16,13,2026-04-26,0
CUST_00042,SKU_00282,2026-05-27,41,0,0.33,179.0,2,1,2026-05-22,0
CUST_00010,SKU_00185,2026-05-27,2,0,0.77,2.6,8,7,2026-04-08,0
CUST_00072,SKU_00125,2026-05-27,10,0,0.25,114.8,2,3,2026-03-30,0
CUST_00004,SKU_00224,2026-05-27,2,0,1.15,1.7,9,11,2026-05-02,0
CUST_00139,SKU_00123,2026-05-27,1,0,0.33,173.7,3,1,2026-05-10,0
CUST_00133,SKU_00096,2026-05-27,13,0,0.84,15.5,8,4,2026-05-13,0
CUST_00193,SKU_00001,2026-05-27,0,0,1.17,0.0,15,6,2026-05-04,0
CUST_00121,SKU_00224,2026-05-27,9,0,1.29,7.0,14,11,2026-04-16,0
CUST_00154,SKU_00198,2026-05-27,45,0,1.0,45.0,10,7,2026-05-16,0
CUST_00006,SKU_00269,2026-05-27,5,0,0.85,5.9,10,7,2026-05-25,0
CUST_00109,SKU_00275,2026-05-27,8,0,0.49,140.9,4,4,2026-04-27,0
CUST_00114,SKU_00156,2026-05-27,2,0,1.25,1.6,9,16,2026-04-02,0
CUST_00113,SKU_00191,2026-05-27,5,0,0.4,79.2,4,2,2026-04-06,0
CUST_00118,SKU_00190,2026-05-27,8,0,1.38,5.8,17,12,2026-05-26,0
CUST_00008,SKU_00092,2026-05-27,4,0,45.44,0.1,625,538,2026-04-04,0
CUST_00053,SKU_00198,2026-05-27,17,0,1.28,13.3,10,18,2026-05-01,0
CUST_00125,SKU_00053,2026-05-27,6,0,0.95,6.3,9,13,2026-04-07,0
CUST_00139,SKU_00100,2026-05-27,3,0,0.19,135.2,1,0,2026-05-04,0
CUST_00029,SKU_00074,2026-05-27,8,0,0.05,121.0,0,0,2026-05-01,0
CUST_00179,SKU_00248,2026-05-27,2,0,1.13,1.8,11,16,2026-03-31,0
CUST_00051,SKU_00182,2026-05-27,8,0,0.24,196.2,2,2,2026-04-28,0
CUST_00003,SKU_00110,2026-05-27,6,0,1.86,3.2,17,25,2026-04-23,0
CUST_00138,SKU_00141,2026-05-27,4,0,0.04,101.4,0,0,2026-05-06,0
CUST_00061,SKU_00254,2026-05-27,4,0,1.27,3.1,13,16,2026-05-07,0
CUST_00038,SKU_00006,2026-05-27,9,0,1.69,5.3,12,13,2026-05-18,0
CUST_00183,SKU_00294,2026-05-27,6,0,0.03,245.3,0,0,2026-05-24,0
CUST_00093,SKU_00005,2026-05-27,1,0,0.22,221.5,1,1,2026-05-25,0
CUST_00080,SKU_00143,2026-05-27,3,0,0.24,242.9,3,1,2026-05-04,0
CUST_00166,SKU_00218,2026-05-27,6,0,0.59,10.1,4,3,2026-05-03,0
CUST_00046,SKU_00261,2026-05-27,113,0,0.29,106.7,3,0,2026-05-06,0
CUST_00166,SKU_00014,2026-05-27,31,0,1.96,15.8,26,12,2026-05-25,0
CUST_00082,SKU_00234,2026-05-27,8,0,1.96,4.1,14,16,2026-05-12,0
CUST_00138,SKU_00284,2026-05-27,6,0,1.04,5.7,8,15,2026-05-02,0
CUST_00023,SKU_00041,2026-05-27,21,0,1.63,12.9,22,15,2026-05-24,0
CUST_00169,SKU_00004,2026-05-27,10,0,0.3,187.1,4,1,2026-05-20,0
CUST_00052,SKU_00124,2026-05-27,22,0,22.44,1.0,217,309,2026-04-07,0
CUST_00037,SKU_00150,2026-05-27,15,0,1.56,9.6,20,12,2026-05-14,0
CUST_00174,SKU_00018,2026-05-27,31,0,0.43,177.6,5,4,2026-03-31,0
CUST_00088,SKU_00041,2026-05-27,18,0,1.18,15.3,12,13,2026-05-03,0
CUST_00047,SKU_00299,2026-05-27,50,0,1.72,29.0,14,13,2026-05-13,0
CUST_00098,SKU_00228,2026-05-27,112,0,0.11,172.7,0,0,2026-05-19,4
CUST_00158,SKU_00027,2026-05-27,74,5,0.15,266.4,1,1,2026-04-30,0
CUST_00031,SKU_00062,2026-05-27,1,0,1.77,0.6,23,7,2026-05-20,0
CUST_00035,SKU_00153,2026-05-27,16,0,1.56,10.2,14,9,2026-04-13,0
CUST_00028,SKU_00090,2026-05-27,47,0,0.81,58.2,8,9,2026-04-30,0
CUST_00156,SKU_00251,2026-05-27,37,0,0.26,183.5,1,0,2026-05-24,0
CUST_00167,SKU_00073,2026-05-27,10,0,0.83,12.1,7,6,2026-04-16,0
CUST_00089,SKU_00226,2026-05-27,1,0,0.25,49.3,1,3,2026-04-15,0
CUST_00118,SKU_00277,2026-05-27,104,4,1.31,76.3,12,15,2026-05-19,0
CUST_00087,SKU_00023,2026-05-27,9,0,0.18,150.3,1,0,2026-04-30,0
CUST_00054,SKU_00269,2026-05-27,41,0,0.49,252.1,4,3,2026-04-08,0
CUST_00118,SKU_00072,2026-05-27,12,0,1.6,7.5,17,7,2026-05-25,0
CUST_00040,SKU_00213,2026-05-27,16,0,1.5,10.7,20,4,2026-03-31,0
CUST_00198,SKU_00222,2026-05-27,9,0,0.59,15.3,7,4,2026-05-14,0
CUST_00139,SKU_00085,2026-05-27,25,2,1.44,15.9,19,21,2026-05-01,0
CUST_00080,SKU_00296,2026-05-27,128,12,17.44,6.6,193,153,2026-04-14,0
CUST_00157,SKU_00226,2026-05-27,2,0,0.24,285.1,2,1,2026-05-20,0
CUST_00107,SKU_00214,2026-05-27,42,0,1.66,25.3,15,15,2026-05-16,0
CUST_00168,SKU_00203,2026-05-27,14,0,1.62,8.6,13,12,2026-04-04,0
CUST_00191,SKU_00056,2026-05-27,4,0,0.26,188.5,3,0,2026-04-06,0
CUST_00040,SKU_00183,2026-05-27,8,0,0.32,114.2,4,2,2026-04-03,0
CUST_00012,SKU_00212,2026-05-27,18,1,1.89,9.0,23,12,2026-04-21,0
CUST_00156,SKU_00211,2026-05-27,0,0,0.73,0.0,7,6,2026-05-04,0
CUST_00168,SKU_00151,2026-05-27,22,0,0.87,25.2,9,6,2026-04-02,0
CUST_00200,SKU_00186,2026-05-27,33,3,0.69,43.2,9,4,2026-05-03,0
CUST_00163,SKU_00234,2026-05-27,5,0,1.46,3.4,19,11,2026-05-10,0
CUST_00186,SKU_00138,2026-05-27,19,0,1.18,16.1,16,5,2026-04-16,0
CUST_00166,SKU_00136,2026-05-27,35,0,0.37,129.9,4,1,2026-04-30,0
CUST_00035,SKU_00120,2026-05-27,52,0,1.16,45.0,13,11,2026-04-14,0
CUST_00003,SKU_00013,2026-05-27,0,0,0.66,0.0,8,7,2026-04-10,0
CUST_00131,SKU_00150,2026-05-27,6,0,0.95,6.3,9,13,2026-05-04,0
CUST_00030,SKU_00048,2026-05-27,23,0,1.74,13.2,12,9,2026-05-16,0
CUST_00024,SKU_00217,2026-05-27,4,0,1.11,3.6,7,9,2026-04-28,0
CUST_00114,SKU_00055,2026-05-27,45,0,1.42,31.6,10,16,2026-04-28,0
CUST_00145,SKU_00297,2026-05-27,28,1,1.7,15.9,13,19,2026-05-19,0
CUST_00062,SKU_00191,2026-05-27,32,5,0.02,193.3,0,0,2026-04-29,1
CUST_00028,SKU_00050,2026-05-27,4,0,1.2,3.3,16,10,2026-04-10,0
CUST_00015,SKU_00124,2026-05-27,34,1,0.63,52.6,8,9,2026-04-21,0
CUST_00194,SKU_00165,2026-05-27,17,0,1.01,16.8,10,10,2026-04-08,0
CUST_00184,SKU_00248,2026-05-27,16,1,1.21,12.4,8,7,2026-04-30,0
CUST_00152,SKU_00112,2026-05-27,13,0,0.63,20.7,5,6,2026-04-17,0
CUST_00121,SKU_00015,2026-05-27,33,0,1.52,21.7,19,14,2026-05-02,0
CUST_00027,SKU_00093,2026-05-27,26,0,1.68,15.5,17,11,2026-04-29,0
CUST_00004,SKU_00050,2026-05-27,47,3,1.45,30.3,11,5,2026-04-23,0
CUST_00040,SKU_00067,2026-05-27,188,0,0.41,213.5,4,3,2026-05-18,0
CUST_00099,SKU_00082,2026-05-27,79,1,0.32,196.8,4,3,2026-04-09,0
CUST_00179,SKU_00126,2026-05-27,2,0,1.74,1.1,23,15,2026-05-19,0
CUST_00008,SKU_00284,2026-05-27,15,0,0.73,20.5,5,3,2026-05-24,1
CUST_00081,SKU_00202,2026-05-27,35,0,0.02,193.7,0,0,2026-05-09,0
CUST_00004,SKU_00182,2026-05-27,14,0,0.32,292.5,2,1,2026-05-25,0
CUST_00182,SKU_00143,2026-05-27,12,0,666.06,0.0,6171,5192,2026-05-26,0
CUST_00155,SKU_00186,2026-05-27,20,0,1.71,11.7,13,8,2026-04-06,0
CUST_00039,SKU_00100,2026-05-27,7,1,1.79,3.4,17,24,2026-04-24,0
CUST_00072,SKU_00205,2026-05-27,3,0,1.23,2.4,8,13,2026-05-13,0
CUST_00071,SKU_00046,2026-05-27,2,0,0.38,227.0,3,4,2026-05-08,0
CUST_00173,SKU_00154,2026-05-27,16,0,0.57,28.0,6,5,2026-04-16,0
CUST_00050,SKU_00298,2026-05-27,5,0,0.19,82.8,1,1,2026-04-14,0
CUST_00079,SKU_00186,2026-05-27,15,0,0.9,16.6,7,3,2026-04-02,0
CUST_00138,SKU_00299,2026-05-27,3,0,0.08,85.9,0,0,2026-04-05,0
CUST_00107,SKU_00185,2026-05-27,52,0,0.77,67.9,5,4,2026-05-20,0
CUST_00179,SKU_00180,2026-05-27,16,0,0.32,221.1,4,4,2026-04-14,0
CUST_00181,SKU_00116,2026-05-27,5,0,1.19,4.2,12,6,2026-05-25,0
CUST_00034,SKU_00020,2026-05-27,9,0,1.18,7.6,9,9,2026-05-13,0
CUST_00085,SKU_00263,2026-05-27,3,0,1.84,1.6,13,7,2026-04-03,0
CUST_00186,SKU_00214,2026-05-27,1,0,0.2,153.4,1,1,2026-05-01,0
CUST_00194,SKU_00265,2026-05-27,8,0,86.11,0.1,757,778,2026-04-17,0
CUST_00101,SKU_00010,2026-05-27,3,0,1.73,1.7,14,16,2026-05-23,0
CUST_00193,SKU_00094,2026-05-27,5,0,0.06,265.9,0,0,2026-04-25,0
CUST_00001,SKU_00172,2026-05-27,0,0,0.29,262.7,3,3,2026-05-17,0
CUST_00055,SKU_00065,2026-05-27,42,0,0.7,59.9,9,9,2026-05-13,0
CUST_00199,SKU_00294,2026-05-27,7,0,101.39,0.1,834,1500,2026-04-21,0
CUST_00194,SKU_00207,2026-05-27,12,0,0.43,239.1,4,3,2026-04-21,0
CUST_00055,SKU_00066,2026-05-27,79,7,0.75,96.1,6,3,2026-03-29,3
CUST_00160,SKU_00143,2026-05-27,30,0,0.27,164.4,1,0,2026-04-14,0
CUST_00097,SKU_00135,2026-05-27,3,0,1.69,1.8,15,13,2026-05-18,0
CUST_00148,SKU_00005,2026-05-27,6,0,1.44,4.2,11,6,2026-05-11,0
CUST_00168,SKU_00050,2026-05-27,2,0,0.91,2.2,12,6,2026-05-08,0
CUST_00079,SKU_00228,2026-05-27,6,0,0.78,7.7,9,6,2026-04-22,0
CUST_00048,SKU_00009,2026-05-27,82,0,1.83,44.9,14,10,2026-05-26,0
CUST_00024,SKU_00161,2026-05-27,8,0,1.84,4.3,24,12,2026-05-09,0
CUST_00126,SKU_00187,2026-05-27,25,0,1.02,24.6,9,9,2026-05-09,0
CUST_00021,SKU_00041,2026-05-27,9,0,1.19,7.6,8,9,2026-04-01,0
CUST_00040,SKU_00063,2026-05-27,9,0,0.49,260.2,5,2,2026-04-05,0
CUST_00196,SKU_00090,2026-05-27,5,0,1.01,4.9,9,4,2026-04-11,0
CUST_00136,SKU_00147,2026-05-27,0,0,1.99,0.0,18,12,2026-05-03,0
CUST_00069,SKU_00199,2026-05-27,4,0,0.91,4.4,7,5,2026-05-18,0
CUST_00200,SKU_00282,2026-05-27,101,9,0.88,104.2,9,7,2026-04-15,8
CUST_00196,SKU_00223,2026-05-27,2,0,0.57,3.5,4,3,2026-04-02,0
CUST_00103,SKU_00035,2026-05-27,7,0,0.08,105.5,0,0,2026-04-11,0
CUST_00175,SKU_00178,2026-05-27,10,0,1.24,8.1,15,6,2026-04-24,0
CUST_00142,SKU_00090,2026-05-27,5,0,0.95,5.3,9,6,2026-05-02,0
CUST_00173,SKU_00067,2026-05-27,20,0,0.24,82.2,2,1,2026-04-26,0
CUST_00189,SKU_00100,2026-05-27,11,0,0.74,14.9,9,9,2026-04-20,0
CUST_00078,SKU_00122,2026-05-27,4,0,1.61,2.5,20,6,2026-04-02,0
CUST_00116,SKU_00078,2026-05-27,3,0,1.15,2.6,12,13,2026-04-15,0
CUST_00187,SKU_00140,2026-05-27,26,0,1.28,20.3,14,7,2026-04-13,0
CUST_00135,SKU_00176,2026-05-27,25,0,0.44,255.7,5,3,2026-05-05,0
CUST_00002,SKU_00170,2026-05-27,17,0,1.8,9.5,24,22,2026-05-18,0
CUST_00112,SKU_00137,2026-05-27,30,0,0.73,40.9,8,9,2026-04-16,0
CUST_00018,SKU_00009,2026-05-27,24,0,0.29,254.9,3,1,2026-05-21,0
CUST_00190,SKU_00131,2026-05-27,4,0,0.45,195.9,5,3,2026-04-21,0
CUST_00139,SKU_00098,2026-05-27,5,0,0.59,8.5,6,6,2026-04-15,0
CUST_00179,SKU_00151,2026-05-27,12,0,0.96,12.6,9,10,2026-04-23,0
CUST_00023,SKU_00034,2026-05-27,7,0,1.12,6.2,11,13,2026-03-31,0
CUST_00115,SKU_00024,2026-05-27,22,0,0.91,24.2,10,7,2026-05-11,0
CUST_00168,SKU_00122,2026-05-27,0,0,1.66,0.0,17,9,2026-04-28,0
CUST_00199,SKU_00256,2026-05-27,20,0,1.07,18.6,10,12,2026-05-16,0
CUST_00033,SKU_00004,2026-05-27,9,0,0.7,12.9,7,6,2026-05-15,0
CUST_00098,SKU_00131,2026-05-27,3,0,0.85,3.5,11,4,2026-05-12,0
CUST_00041,SKU_00078,2026-05-27,5,0,1.72,2.9,19,21,2026-05-07,0
CUST_00143,SKU_00196,2026-05-27,44,5,0.56,69.7,3,3,2026-05-25,0
CUST_00190,SKU_00096,2026-05-27,2,0,0.41,35.3,3,3,2026-04-07,0
CUST_00090,SKU_00157,2026-05-27,26,0,0.63,41.0,5,5,2026-04-12,0
CUST_00190,SKU_00116,2026-05-27,3,0,0.03,214.2,0,0,2026-05-18,0
CUST_00065,SKU_00013,2026-05-27,10,0,0.83,12.1,6,6,2026-04-24,0
CUST_00106,SKU_00209,2026-05-27,31,0,0.16,149.2,1,0,2026-04-13,0
CUST_00019,SKU_00109,2026-05-27,9,0,1.9,4.7,15,21,2026-05-06,0
CUST_00094,SKU_00045,2026-05-27,24,0,2.0,12.0,24,16,2026-05-07,0
CUST_00129,SKU_00143,2026-05-27,2,0,0.93,2.1,12,12,2026-04-15,0
CUST_00194,SKU_00276,2026-05-27,0,0,1.23,0.0,15,7,2026-04-04,0
CUST_00185,SKU_00035,2026-05-27,4,0,0.11,55.2,1,0,2026-05-14,0
CUST_00163,SKU_00036,2026-05-27,20,0,1.87,10.7,25,9,2026-05-03,0
CUST_00135,SKU_00211,2026-05-27,6,0,0.85,7.0,6,9,2026-04-27,0
CUST_00181,SKU_00011,2026-05-27,5,0,1.86,2.7,23,7,2026-04-30,0
CUST_00199,SKU_00103,2026-05-27,32,0,23.39,1.4,309,309,2026-05-16,0
CUST_00027,SKU_00024,2026-05-27,5,0,0.08,115.9,0,0,2026-04-17,0
CUST_00127,SKU_00267,2026-05-27,7,0,1.53,4.6,15,15,2026-04-09,0
CUST_00176,SKU_00188,2026-05-27,69,0,0.16,197.2,1,0,2026-04-25,0
CUST_00081,SKU_00071,2026-05-27,3,0,0.41,283.0,5,3,2026-05-07,0
CUST_00072,SKU_00263,2026-05-27,51,0,0.18,229.3,1,0,2026-04-08,0
CUST_00109,SKU_00030,2026-05-27,4,0,1.87,2.1,14,24,2026-04-12,0
CUST_00156,SKU_00229,2026-05-27,4,0,1.89,2.1,23,17,2026-04-09,0
CUST_00107,SKU_00292,2026-05-27,6,0,1.78,3.4,23,25,2026-05-21,0
CUST_00060,SKU_00041,2026-05-27,9,0,0.98,9.2,6,12,2026-05-17,0
CUST_00128,SKU_00161,2026-05-27,2,0,18.39,0.1,131,157,2026-04-07,0
CUST_00034,SKU_00212,2026-05-27,6,0,26.17,0.2,356,235,2026-04-15,0
CUST_00158,SKU_00096,2026-05-27,2,0,0.58,3.5,6,3,2026-05-11,0
CUST_00188,SKU_00191,2026-05-27,11,0,1.27,8.6,15,12,2026-04-05,0
CUST_00072,SKU_00265,2026-05-27,2,0,1.22,1.6,13,10,2026-05-21,0
CUST_00035,SKU_00079,2026-05-27,13,0,100.39,0.1,750,539,2026-03-30,0
CUST_00055,SKU_00097,2026-05-27,9,0,0.9,10.0,11,7,2026-05-20,0
CUST_00165,SKU_00088,2026-05-27,17,0,1.46,11.6,12,13,2026-05-26,0
CUST_00181,SKU_00029,2026-05-27,72,0,13.72,5.2,113,41,2026-04-09,0
CUST_00198,SKU_00197,2026-05-27,2,0,0.31,278.3,4,3,2026-05-06,0
CUST_00155,SKU_00032,2026-05-27,83,0,0.71,117.0,5,2,2026-04-19,0
CUST_00015,SKU_00278,2026-05-27,5,0,29.39,0.2,245,183,2026-03-31,0
CUST_00029,SKU_00234,2026-05-27,1,0,0.49,66.9,5,2,2026-04-30,0
CUST_00045,SKU_00003,2026-05-27,29,0,0.82,35.2,11,7,2026-04-09,0
CUST_00141,SKU_00088,2026-05-27,13,1,1.34,8.9,10,15,2026-04-21,0
CUST_00095,SKU_00061,2026-05-27,8,0,1.24,6.4,9,8,2026-05-21,0
CUST_00110,SKU_00211,2026-05-27,14,0,0.16,55.3,1,0,2026-04-04,0
CUST_00038,SKU_00230,2026-05-27,19,0,0.19,253.7,1,1,2026-05-18,0
CUST_00190,SKU_00270,2026-05-27,1,0,0.88,1.1,8,10,2026-04-30,0
CUST_00028,SKU_00278,2026-05-27,11,1,0.85,11.8,10,10,2026-03-29,0
CUST_00090,SKU_00200,2026-05-27,62,0,0.34,176.0,3,2,2026-04-09,0
CUST_00122,SKU_00150,2026-05-27,35,0,1.34,26.2,11,18,2026-04-28,0
CUST_00157,SKU_00145,2026-05-27,5,0,0.47,124.3,5,6,2026-05-14,0
CUST_00053,SKU_00266,2026-05-27,3,0,1.42,2.1,13,19,2026-04-03,0
CUST_00149,SKU_00115,2026-05-27,4,0,1.86,2.1,15,15,2026-04-13,0
CUST_00170,SKU_00082,2026-05-27,1,0,1.4,0.7,11,19,2026-04-23,0
CUST_00097,SKU_00044,2026-05-27,22,0,1.63,13.5,22,9,2026-05-26,0
CUST_00029,SKU_00206,2026-05-27,7,1,54.39,0.1,667,370,2026-05-08,0
CUST_00190,SKU_00025,2026-05-27,13,1,1.38,8.7,14,9,2026-05-20,0
CUST_00189,SKU_00131,2026-05-27,20,2,1.81,10.0,14,16,2026-04-11,0
CUST_00056,SKU_00003,2026-05-27,2,0,1.09,1.8,10,7,2026-05-24,0
CUST_00095,SKU_00290,2026-05-27,9,0,1.5,6.0,20,9,2026-04-18,0
CUST_00142,SKU_00007,2026-05-27,48,0,0.93,51.6,10,3,2026-04-29,0
CUST_00184,SKU_00293,2026-05-27,1,0,0.04,266.6,0,0,2026-04-03,0
CUST_00096,SKU_00281,2026-05-27,31,4,0.35,177.2,2,2,2026-04-04,0
CUST_00119,SKU_00024,2026-05-27,5,0,0.96,5.2,9,12,2026-05-02,0
CUST_00032,SKU_00220,2026-05-27,1,0,0.96,1.0,12,12,2026-04-24,0
CUST_00160,SKU_00051,2026-05-27,4,0,1.63,2.4,19,21,2026-04-04,0
CUST_00010,SKU_00077,2026-05-27,20,0,1.09,18.4,8,6,2026-04-04,0
CUST_00070,SKU_00067,2026-05-27,22,0,149.56,0.1,2025,1888,2026-05-25,0
CUST_00172,SKU_00125,2026-05-27,37,0,7.61,4.9,102,76,2026-04-21,0
CUST_00195,SKU_00138,2026-05-27,6,0,1.0,6.0,9,8,2026-04-12,0
CUST_00127,SKU_00084,2026-05-27,16,0,1.39,11.5,15,13,2026-04-05,0
CUST_00081,SKU_00187,2026-05-27,5,0,1.78,2.8,15,18,2026-04-12,0
CUST_00141,SKU_00051,2026-05-27,5,0,0.81,6.2,7,10,2026-04-08,0
CUST_00059,SKU_00228,2026-05-27,2,0,0.84,2.4,10,4,2026-04-22,0
CUST_00135,SKU_00267,2026-05-27,23,0,0.05,248.3,0,0,2026-05-10,0
CUST_00193,SKU_00098,2026-05-27,25,4,1.39,15.1,16,12,2026-05-10,0
CUST_00173,SKU_00060,2026-05-27,44,0,1.97,22.3,21,9,2026-05-01,0
CUST_00171,SKU_00141,2026-05-27,1,0,0.37,115.8,4,3,2026-03-29,0
CUST_00010,SKU_00281,2026-05-27,15,0,1.08,13.9,14,5,2026-04-16,0
CUST_00005,SKU_00217,2026-05-27,1,0,1.14,0.9,13,6,2026-05-07,0
CUST_00107,SKU_00279,2026-05-27,8,0,0.78,10.3,7,4,2026-05-15,0
CUST_00178,SKU_00291,2026-05-27,29,0,0.45,156.5,5,3,2026-04-29,0
CUST_00193,SKU_00146,2026-05-27,13,0,0.12,57.3,1,0,2026-05-11,0
CUST_00101,SKU_00071,2026-05-27,14,2,1.69,7.1,21,9,2026-04-21,0
CUST_00167,SKU_00268,2026-05-27,14,0,0.51,27.4,4,1,2026-05-16,0
CUST_00192,SKU_00210,2026-05-27,3,0,1.01,3.0,13,4,2026-04-26,0
CUST_00071,SKU_00107,2026-05-27,28,0,1.86,15.0,15,13,2026-04-14,0
CUST_00009,SKU_00162,2026-05-27,2,0,1.8,1.1,18,12,2026-05-16,0
CUST_00044,SKU_00255,2026-05-27,29,0,0.58,49.8,6,6,2026-05-22,0
CUST_00150,SKU_00267,2026-05-27,10,1,0.71,12.8,5,3,2026-04-13,0
CUST_00186,SKU_00011,2026-05-27,2,0,53.06,0.0,476,364,2026-04-01,0
CUST_00007,SKU_00071,2026-05-27,5,0,0.62,8.0,5,7,2026-05-11,0
CUST_00125,SKU_00126,2026-05-27,31,0,1.56,19.9,21,6,2026-05-07,0
CUST_00090,SKU_00201,2026-05-27,27,0,372.56,0.1,2981,2222,2026-05-18,0
CUST_00058,SKU_00291,2026-05-27,5,0,19.06,0.3,182,136,2026-03-31,0
CUST_00141,SKU_00150,2026-05-27,5,0,1.78,2.8,13,16,2026-04-08,0
CUST_00190,SKU_00082,2026-05-27,4,0,1.5,2.7,15,19,2026-04-04,0
CUST_00019,SKU_00257,2026-05-27,55,0,1.4,39.4,13,6,2026-04-03,0
CUST_00172,SKU_00202,2026-05-27,9,0,1.33,6.8,17,10,2026-04-13,0
CUST_00088,SKU_00132,2026-05-27,3,0,0.05,266.9,0,0,2026-03-29,0
CUST_00078,SKU_00076,2026-05-27,56,0,1.95,28.7,15,11,2026-04-11,0
CUST_00057,SKU_00010,2026-05-27,5,0,0.48,40.3,5,4,2026-05-22,0
CUST_00168,SKU_00287,2026-05-27,32,0,0.71,45.4,9,5,2026-05-26,0
CUST_00008,SKU_00200,2026-05-27,79,0,1.38,57.3,12,7,2026-04-20,0
CUST_00034,SKU_00148,2026-05-27,37,0,1.63,22.7,21,13,2026-05-19,0
CUST_00050,SKU_00232,2026-05-27,5,0,0.67,7.4,9,7,2026-04-04,0
CUST_00044,SKU_00056,2026-05-27,8,0,1.41,5.7,13,7,2026-04-22,0
CUST_00064,SKU_00005,2026-05-27,17,0,0.73,23.1,8,6,2026-04-23,0
CUST_00024,SKU_00127,2026-05-27,6,0,1.01,5.9,13,10,2026-04-01,0
CUST_00196,SKU_00147,2026-05-27,8,0,1.71,4.7,12,10,2026-05-09,0
CUST_00110,SKU_00280,2026-05-27,1,0,0.95,1.1,12,8,2026-04-03,0
CUST_00015,SKU_00040,2026-05-27,2,0,0.36,101.5,2,1,2026-05-16,0
CUST_00020,SKU_00218,2026-05-27,8,0,0.4,226.1,3,4,2026-04-20,0
CUST_00042,SKU_00234,2026-05-27,26,0,1.29,20.2,15,7,2026-05-03,0
CUST_00084,SKU_00093,2026-05-27,2,0,0.36,103.4,4,3,2026-05-02,0
CUST_00005,SKU_00267,2026-05-27,6,0,0.55,10.9,5,3,2026-05-03,0
CUST_00008,SKU_00268,2026-05-27,23,4,1.19,16.0,12,10,2026-05-21,0
CUST_00167,SKU_00149,2026-05-27,23,0,0.72,31.8,9,6,2026-04-24,1
CUST_00096,SKU_00082,2026-05-27,25,0,0.28,270.0,2,2,2026-03-30,0
CUST_00124,SKU_00220,2026-05-27,5,0,1.85,2.7,22,5,2026-04-01,0
CUST_00181,SKU_00041,2026-05-27,20,0,0.17,77.6,1,1,2026-05-25,0
CUST_00130,SKU_00215,2026-05-27,5,0,0.86,5.8,8,7,2026-05-09,0
CUST_00001,SKU_00066,2026-05-27,6,0,0.91,6.6,9,7,2026-05-06,0
CUST_00134,SKU_00140,2026-05-27,16,0,1.65,9.7,11,18,2026-05-08,0
CUST_00155,SKU_00176,2026-05-27,12,0,1.98,6.1,14,9,2026-05-09,0
CUST_00081,SKU_00226,2026-05-27,18,0,1.76,10.2,17,22,2026-04-13,0
CUST_00008,SKU_00167,2026-05-27,51,8,0.17,109.4,1,0,2026-05-25,0
CUST_00169,SKU_00233,2026-05-27,20,0,0.71,28.2,6,4,2026-04-08,0
CUST_00160,SKU_00205,2026-05-27,7,1,1.55,3.9,13,19,2026-05-14,0
CUST_00143,SKU_00161,2026-05-27,17,0,0.92,18.4,11,9,2026-04-13,0
CUST_00144,SKU_00217,2026-05-27,2,0,0.09,72.6,0,0,2026-04-14,0
CUST_00196,SKU_00280,2026-05-27,10,0,0.21,243.9,2,1,2026-04-20,0
CUST_00099,SKU_00146,2026-05-27,11,0,0.72,15.3,8,4,2026-05-03,0
CUST_00010,SKU_00238,2026-05-27,19,0,1.38,13.8,9,7,2026-04-30,0
CUST_00121,SKU_00246,2026-05-27,3,0,1.95,1.5,25,7,2026-04-02,0
CUST_00129,SKU_00133,2026-05-27,38,0,0.13,276.8,1,0,2026-05-02,0
CUST_00185,SKU_00151,2026-05-27,7,0,1.01,6.9,7,6,2026-05-10,0
CUST_00002,SKU_00163,2026-05-27,0,0,0.81,0.0,8,10,2026-04-15,0
CUST_00084,SKU_00194,2026-05-27,6,0,0.1,205.5,1,0,2026-04-22,0
CUST_00179,SKU_00040,2026-05-27,5,0,1.09,4.6,8,15,2026-05-15,0
CUST_00040,SKU_00102,2026-05-27,11,0,0.47,161.1,3,3,2026-04-28,0
CUST_00178,SKU_00033,2026-05-27,5,0,166.22,0.0,1383,2133,2026-04-15,0
CUST_00121,SKU_00074,2026-05-27,27,0,0.48,172.6,3,1,2026-05-22,0
CUST_00074,SKU_00206,2026-05-27,23,0,1.06,21.7,11,12,2026-04-04,0
CUST_00102,SKU_00129,2026-05-27,157,27,1.25,104.3,11,9,2026-04-21,10
CUST_00015,SKU_00272,2026-05-27,19,0,0.29,45.4,3,1,2026-04-15,0
CUST_00144,SKU_00129,2026-05-27,26,1,0.47,205.8,5,4,2026-04-22,0
CUST_00035,SKU_00219,2026-05-27,14,0,0.45,208.2,5,3,2026-04-21,0
CUST_00073,SKU_00085,2026-05-27,75,1,1.82,40.6,24,24,2026-05-12,2
CUST_00135,SKU_00062,2026-05-27,27,0,0.37,172.1,3,1,2026-04-03,0
CUST_00196,SKU_00139,2026-05-27,1,0,0.85,1.2,8,6,2026-04-04,0
CUST_00105,SKU_00088,2026-05-27,15,0,0.86,17.4,10,9,2026-04-17,0
CUST_00175,SKU_00042,2026-05-27,17,0,165.72,0.1,1591,1628,2026-05-02,0
CUST_00096,SKU_00149,2026-05-27,34,0,1.03,33.1,13,3,2026-04-07,0
CUST_00070,SKU_00230,2026-05-27,14,0,1.19,11.8,9,15,2026-04-22,0
CUST_00088,SKU_00068,2026-05-27,4,0,0.16,156.1,2,1,2026-04-13,0
CUST_00070,SKU_00080,2026-05-27,16,0,1.8,8.9,13,15,2026-04-03,0
CUST_00136,SKU_00111,2026-05-27,18,0,1.73,10.4,21,22,2026-05-07,0
CUST_00029,SKU_00048,2026-05-27,80,0,34.22,2.3,407,250,2026-05-16,0
CUST_00080,SKU_00165,2026-05-27,4,0,1.65,2.4,13,13,2026-04-23,0
CUST_00123,SKU_00294,2026-05-27,49,0,1.14,43.0,12,8,2026-05-03,0
CUST_00104,SKU_00260,2026-05-27,0,0,1.32,0.0,9,15,2026-05-18,0
CUST_00007,SKU_00022,2026-05-27,22,0,0.15,136.1,1,1,2026-05-26,0
CUST_00094,SKU_00258,2026-05-27,3,0,0.4,123.3,5,1,2026-05-02,0
CUST_00081,SKU_00286,2026-05-27,17,0,1.9,8.9,18,24,2026-04-16,0
CUST_00105,SKU_00090,2026-05-27,98,1,1.95,49.8,16,19,2026-05-16,0
CUST_00014,SKU_00210,2026-05-27,6,0,0.85,7.0,10,9,2026-05-25,0
CUST_00079,SKU_00130,2026-05-27,10,0,0.6,16.6,7,5,2026-03-29,0
CUST_00038,SKU_00132,2026-05-27,45,0,1.33,33.8,17,8,2026-05-26,0
CUST_00001,SKU_00171,2026-05-27,20,0,1.17,17.1,9,13,2026-05-09,0
CUST_00030,SKU_00161,2026-05-27,7,0,0.78,8.9,10,3,2026-05-26,0
CUST_00022,SKU_00037,2026-05-27,3,0,1.44,2.1,15,13,2026-05-15,0
CUST_00021,SKU_00027,2026-05-27,19,0,12.78,1.5,145,59,2026-04-02,1
CUST_00167,SKU_00009,2026-05-27,2,0,0.46,165.0,6,4,2026-04-08,0
CUST_00118,SKU_00285,2026-05-27,5,0,0.73,6.9,6,7,2026-04-24,0
CUST_00063,SKU_00093,2026-05-27,5,0,1.73,2.9,18,14,2026-04-07,0
CUST_00180,SKU_00078,2026-05-27,9,0,0.96,9.4,8,3,2026-05-14,0
CUST_00038,SKU_00245,2026-05-27,0,0,0.94,0.0,9,9,2026-04-12,0
CUST_00054,SKU_00068,2026-05-27,6,0,0.89,6.7,8,6,2026-05-26,0
CUST_00200,SKU_00027,2026-05-27,6,0,0.45,147.6,5,3,2026-05-12,0
CUST_00134,SKU_00198,2026-05-27,0,0,2.0,0.0,15,24,2026-05-03,0
CUST_00126,SKU_00094,2026-05-27,10,0,1.49,6.7,18,15,2026-05-17,0
CUST_00146,SKU_00206,2026-05-27,5,0,0.0,72.9,0,0,2026-05-25,0
CUST_00106,SKU_00171,2026-05-27,3,0,1.76,1.7,24,10,2026-04-23,0
CUST_00070,SKU_00070,2026-05-27,24,0,237.0,0.1,2391,3219,2026-05-02,0
CUST_00065,SKU_00299,2026-05-27,18,1,0.89,19.2,11,7,2026-04-22,0
CUST_00075,SKU_00057,2026-05-27,2,0,1.1,1.8,12,13,2026-05-01,0
CUST_00189,SKU_00134,2026-05-27,29,0,0.63,45.7,8,3,2026-04-23,0
CUST_00152,SKU_00063,2026-05-27,25,0,0.61,41.3,8,3,2026-04-04,1
CUST_00061,SKU_00252,2026-05-27,33,0,1.67,19.8,23,10,2026-04-01,0
CUST_00058,SKU_00021,2026-05-27,7,0,0.15,147.6,1,0,2026-04-18,0
CUST_00120,SKU_00148,2026-05-27,2,0,0.44,61.6,4,3,2026-05-23,0
CUST_00126,SKU_00171,2026-05-27,4,0,0.43,223.6,3,1,2026-05-02,0
CUST_00082,SKU_00173,2026-05-27,22,0,1.64,13.4,21,7,2026-03-31,0
CUST_00148,SKU_00134,2026-05-27,7,0,1.73,4.0,18,10,2026-04-02,0
CUST_00078,SKU_00017,2026-05-27,10,0,1.88,5.3,25,9,2026-05-07,0
CUST_00154,SKU_00183,2026-05-27,12,0,0.16,159.2,1,0,2026-04-22,0
CUST_00034,SKU_00177,2026-05-27,2,0,0.73,2.7,6,9,2026-04-29,0
CUST_00045,SKU_00025,2026-05-27,7,0,0.07,89.8,0,0,2026-05-12,0
CUST_00192,SKU_00140,2026-05-27,3,0,1.96,1.5,13,27,2026-04-09,0
CUST_00010,SKU_00217,2026-05-27,2,0,1.03,1.9,8,5,2026-05-14,0
CUST_00088,SKU_00097,2026-05-27,1,0,1.75,0.6,22,10,2026-05-23,0
CUST_00017,SKU_00144,2026-05-27,19,0,1.21,15.8,16,10,2026-05-15,0
CUST_00062,SKU_00220,2026-05-27,2,0,1.01,2.0,10,7,2026-04-18,0
CUST_00155,SKU_00130,2026-05-27,4,0,1.59,2.5,13,5,2026-05-16,0
CUST_00151,SKU_00140,2026-05-27,13,0,1.44,9.0,13,6,2026-05-04,1
CUST_00054,SKU_00184,2026-05-27,74,10,1.87,34.2,23,12,2026-05-25,0
CUST_00129,SKU_00283,2026-05-27,2,0,0.91,2.2,11,9,2026-04-16,0
CUST_00142,SKU_00019,2026-05-27,28,0,0.0,142.0,0,0,2026-04-07,0
CUST_00097,SKU_00173,2026-05-27,43,3,1.19,33.5,11,15,2026-04-05,0
CUST_00138,SKU_00195,2026-05-27,41,0,0.47,120.2,4,1,2026-05-21,0
CUST_00173,SKU_00246,2026-05-27,13,0,1.85,7.0,16,18,2026-04-09,0
CUST_00136,SKU_00172,2026-05-27,39,0,0.98,39.7,13,12,2026-05-10,0
CUST_00194,SKU_00104,2026-05-27,3,0,0.89,3.4,11,6,2026-05-16,0
CUST_00111,SKU_00241,2026-05-27,3,0,0.59,5.1,4,4,2026-04-07,0
CUST_00079,SKU_00028,2026-05-27,11,0,1.34,8.2,10,12,2026-04-27,0
CUST_00164,SKU_00288,2026-05-27,72,0,0.22,88.7,1,3,2026-04-29,0
CUST_00166,SKU_00104,2026-05-27,2,0,1.56,1.3,20,9,2026-04-20,0
CUST_00169,SKU_00156,2026-05-27,40,0,1.44,27.8,18,18,2026-04-17,0
CUST_00004,SKU_00128,2026-05-27,26,0,1.89,13.7,16,18,2026-04-12,0
CUST_00137,SKU_00191,2026-05-27,13,0,0.54,23.9,7,6,2026-04-28,0
CUST_00114,SKU_00069,2026-05-27,12,0,1.56,7.7,17,19,2026-04-16,0
CUST_00015,SKU_00289,2026-05-27,86,5,1.09,74.5,7,12,2026-05-15,0
CUST_00081,SKU_00186,2026-05-27,7,0,1.32,5.3,12,9,2026-05-23,0
CUST_00126,SKU_00138,2026-05-27,0,0,0.04,78.6,0,0,2026-04-11,0
CUST_00024,SKU_00143,2026-05-27,15,0,0.49,282.7,5,6,2026-04-30,0
CUST_00096,SKU_00162,2026-05-27,37,0,1.02,36.4,7,7,2026-04-04,0
CUST_00103,SKU_00019,2026-05-27,32,0,0.15,46.1,1,1,2026-05-23,1
CUST_00139,SKU_00150,2026-05-27,1,0,0.8,1.2,6,6,2026-04-13,0
CUST_00138,SKU_00113,2026-05-27,49,0,0.68,71.8,9,9,2026-04-29,0
CUST_00150,SKU_00022,2026-05-27,36,0,1.03,35.1,11,13,2026-04-19,0
CUST_00194,SKU_00226,2026-05-27,13,0,1.48,8.8,16,13,2026-05-17,0
CUST_00105,SKU_00142,2026-05-27,4,0,1.72,2.3,23,13,2026-05-10,0
CUST_00159,SKU_00243,2026-05-27,2,0,1.33,1.5,14,9,2026-05-06,0
CUST_00191,SKU_00052,2026-05-27,3,0,1.19,2.5,8,4,2026-04-29,0
CUST_00017,SKU_00094,2026-05-27,14,0,1.32,10.6,17,12,2026-05-13,0
CUST_00079,SKU_00296,2026-05-27,3,0,0.35,244.5,2,1,2026-04-30,0
CUST_00140,SKU_00245,2026-05-27,0,0,0.16,203.9,1,0,2026-05-13,0
CUST_00146,SKU_00159,2026-05-27,19,0,1.18,16.0,9,11,2026-05-21,0
CUST_00062,SKU_00022,2026-05-27,54,0,0.46,63.2,5,4,2026-05-03,0
CUST_00194,SKU_00078,2026-05-27,9,0,52.61,0.2,428,763,2026-05-09,0
CUST_00100,SKU_00139,2026-05-27,8,0,1.64,4.9,15,9,2026-05-20,0
CUST_00061,SKU_00055,2026-05-27,6,0,0.14,41.6,1,0,2026-05-04,0
CUST_00165,SKU_00239,2026-05-27,79,0,0.54,145.3,3,3,2026-04-19,0
CUST_00041,SKU_00066,2026-05-27,4,0,0.77,5.2,9,7,2026-04-18,0
CUST_00176,SKU_00296,2026-05-27,3,0,1.76,1.7,17,13,2026-03-30,0
CUST_00113,SKU_00040,2026-05-27,10,0,1.16,8.6,8,5,2026-04-30,0
CUST_00084,SKU_00086,2026-05-27,57,0,1.37,41.8,18,15,2026-05-06,5
CUST_00181,SKU_00082,2026-05-27,22,0,18.11,1.2,147,161,2026-04-03,0
CUST_00116,SKU_00025,2026-05-27,74,0,0.91,81.5,10,6,2026-04-02,0
CUST_00063,SKU_00176,2026-05-27,56,0,0.79,70.5,9,7,2026-04-13,0
CUST_00185,SKU_00178,2026-05-27,7,0,1.73,4.0,17,10,2026-05-05,0
CUST_00145,SKU_00217,2026-05-27,1,0,1.56,0.6,14,21,2026-04-10,0
CUST_00150,SKU_00055,2026-05-27,10,0,1.48,6.8,17,10,2026-04-11,0
CUST_00003,SKU_00190,2026-05-27,14,0,1.78,7.9,14,10,2026-05-21,0
CUST_00181,SKU_00093,2026-05-27,7,1,1.66,3.6,16,14,2026-04-18,0
CUST_00033,SKU_00022,2026-05-27,10,0,0.77,13.0,9,4,2026-04-01,0
CUST_00016,SKU_00059,2026-05-27,3,0,1.88,1.6,23,16,2026-04-09,0
CUST_00166,SKU_00121,2026-05-27,2,0,0.44,144.0,3,4,2026-04-22,0
CUST_00031,SKU_00156,2026-05-27,24,0,0.78,30.7,6,3,2026-05-16,0
CUST_00195,SKU_00128,2026-05-27,6,0,0.58,10.4,6,2,2026-04-17,0
CUST_00049,SKU_00222,2026-05-27,2,0,0.46,223.6,6,1,2026-04-15,0
CUST_00176,SKU_00006,2026-05-27,5,0,0.42,58.5,3,4,2026-04-04,0
CUST_00144,SKU_00035,2026-05-27,9,0,1.64,5.5,13,18,2026-05-07,0
CUST_00146,SKU_00151,2026-05-27,5,0,0.62,8.0,4,4,2026-05-19,0
CUST_00121,SKU_00007,2026-05-27,3,0,1.19,2.5,15,5,2026-04-09,0
CUST_00116,SKU_00276,2026-05-27,8,0,1.87,4.3,16,27,2026-04-14,0
CUST_00166,SKU_00018,2026-05-27,5,0,1.27,3.9,8,12,2026-04-17,0
CUST_00001,SKU_00246,2026-05-27,15,2,1.39,9.3,19,13,2026-04-15,0
CUST_00181,SKU_00181,2026-05-27,45,6,1.43,27.3,17,10,2026-04-22,0
CUST_00070,SKU_00192,2026-05-27,5,0,1.06,4.7,11,10,2026-04-22,0
CUST_00092,SKU_00215,2026-05-27,2,0,0.02,195.7,0,0,2026-04-15,0
CUST_00194,SKU_00124,2026-05-27,6,0,0.56,10.7,5,6,2026-05-25,0
CUST_00012,SKU_00285,2026-05-27,11,0,1.04,10.6,11,13,2026-05-11,0
CUST_00037,SKU_00229,2026-05-27,28,0,1.06,26.3,14,9,2026-04-01,0
CUST_00116,SKU_00276,2026-05-27,2,0,0.18,61.5,2,0,2026-05-14,0
CUST_00039,SKU_00089,2026-05-27,2,0,1.92,1.0,15,12,2026-04-06,0
CUST_00024,SKU_00070,2026-05-27,12,0,0.51,23.3,6,4,2026-05-26,0
CUST_00113,SKU_00070,2026-05-27,50,0,365.33,0.1,3619,1307,2026-04-25,1
CUST_00158,SKU_00202,2026-05-27,8,0,1.18,6.8,15,6,2026-05-19,0
CUST_00149,SKU_00071,2026-05-27,0,0,0.36,158.7,3,4,2026-05-24,0
CUST_00055,SKU_00070,2026-05-27,17,0,1.55,10.9,11,10,2026-04-30,1
CUST_00063,SKU_00146,2026-05-27,6,0,1.23,4.9,11,11,2026-05-20,0
CUST_00143,SKU_00105,2026-05-27,7,0,0.71,9.9,9,9,2026-05-04,0
CUST_00028,SKU_00292,2026-05-27,9,0,0.45,72.0,4,4,2026-04-24,0
CUST_00182,SKU_00136,2026-05-27,5,0,1.41,3.6,19,8,2026-04-08,0
CUST_00199,SKU_00258,2026-05-27,20,2,0.32,103.1,2,1,2026-04-27,0
CUST_00114,SKU_00190,2026-05-27,59,0,0.36,255.4,4,4,2026-04-24,0
CUST_00091,SKU_00223,2026-05-27,16,2,0.24,41.6,2,1,2026-05-04,0
CUST_00024,SKU_00143,2026-05-27,5,0,1.88,2.7,15,21,2026-04-06,0
CUST_00035,SKU_00131,2026-05-27,26,2,173.17,0.1,1581,1032,2026-04-25,0
CUST_00195,SKU_00181,2026-05-27,3,0,0.51,5.9,4,2,2026-04-25,0
CUST_00071,SKU_00035,2026-05-27,23,3,1.61,12.4,17,10,2026-04-19,0
CUST_00028,SKU_00133,2026-05-27,19,0,1.98,9.6,15,18,2026-04-21,0
CUST_00092,SKU_00188,2026-05-27,11,0,1.85,5.9,22,12,2026-04-19,0
CUST_00067,SKU_00152,2026-05-27,1,0,0.78,1.3,10,3,2026-05-26,0
CUST_00065,SKU_00155,2026-05-27,3,0,1.8,1.7,21,16,2026-05-23,0
CUST_00006,SKU_00098,2026-05-27,23,0,1.58,14.5,22,8,2026-04-24,0
CUST_00019,SKU_00090,2026-05-27,1,0,0.32,190.4,2,4,2026-04-22,0
CUST_00176,SKU_00280,2026-05-27,6,0,0.04,65.1,0,0,2026-04-29,0
CUST_00166,SKU_00027,2026-05-27,2,0,0.28,260.2,3,1,2026-05-15,0
CUST_00097,SKU_00285,2026-05-27,28,0,0.98,28.6,8,6,2026-05-16,0
CUST_00069,SKU_00271,2026-05-27,17,1,0.63,25.4,6,5,2026-04-02,0
CUST_00013,SKU_00252,2026-05-27,5,0,1.55,3.2,11,18,2026-05-09,0
CUST_00015,SKU_00245,2026-05-27,2,0,0.47,139.4,4,6,2026-05-19,0
CUST_00014,SKU_00298,2026-05-27,4,0,0.55,7.3,5,7,2026-04-23,0
CUST_00062,SKU_00012,2026-05-27,8,0,1.55,5.2,16,16,2026-04-27,0
CUST_00088,SKU_00140,2026-05-27,22,0,0.38,290.9,4,4,2026-05-24,0
CUST_00097,SKU_00123,2026-05-27,7,0,1.75,4.0,23,10,2026-05-14,0
CUST_00091,SKU_00195,2026-05-27,11,1,1.23,8.1,14,4,2026-04-16,0
CUST_00049,SKU_00147,2026-05-27,51,0,1.47,34.7,17,9,2026-04-10,0
CUST_00114,SKU_00188,2026-05-27,20,0,1.1,18.2,13,7,2026-05-04,0
CUST_00076,SKU_00003,2026-05-27,1,0,0.04,256.8,0,0,2026-04-11,0
CUST_00101,SKU_00169,2026-05-27,7,0,0.14,87.0,1,1,2026-05-03,0
CUST_00025,SKU_00030,2026-05-27,3,0,0.63,4.8,5,4,2026-05-07,0
CUST_00198,SKU_00177,2026-05-27,3,0,0.45,282.1,6,3,2026-04-14,0
CUST_00094,SKU_00273,2026-05-27,2,0,1.83,1.1,24,19,2026-05-14,0
CUST_00045,SKU_00159,2026-05-27,19,0,1.5,12.6,15,5,2026-04-05,0
CUST_00013,SKU_00131,2026-05-27,13,0,0.28,207.2,3,3,2026-05-07,0
CUST_00167,SKU_00255,2026-05-27,7,0,35.89,0.2,359,307,2026-04-14,0
CUST_00071,SKU_00173,2026-05-27,19,2,1.7,10.0,16,12,2026-04-29,0
CUST_00186,SKU_00141,2026-05-27,11,0,37.78,0.3,461,175,2026-05-12,0
CUST_00147,SKU_00072,2026-05-27,26,0,1.93,13.4,18,18,2026-05-03,0
CUST_00103,SKU_00019,2026-05-27,3,0,1.79,1.7,20,17,2026-05-16,0
CUST_00057,SKU_00141,2026-05-27,12,0,22.94,0.5,216,325,2026-04-20,1
CUST_00188,SKU_00233,2026-05-27,75,0,0.04,138.3,0,0,2026-05-15,0
CUST_00039,SKU_00162,2026-05-27,9,0,0.56,16.1,5,6,2026-05-21,0
CUST_00039,SKU_00138,2026-05-27,1,0,1.82,0.5,15,24,2026-04-02,0
CUST_00092,SKU_00127,2026-05-27,2,0,0.76,2.6,5,5,2026-05-20,0
CUST_00009,SKU_00282,2026-05-27,2,0,0.15,51.4,1,1,2026-04-22,0
CUST_00010,SKU_00015,2026-05-27,4,0,1.59,2.5,14,6,2026-04-21,0
CUST_00052,SKU_00184,2026-05-27,1,0,1.4,0.7,17,18,2026-05-21,0
CUST_00109,SKU_00019,2026-05-27,27,0,83.11,0.3,849,840,2026-04-26,0
CUST_00113,SKU_00243,2026-05-27,2,0,0.83,2.4,11,7,2026-04-28,0
CUST_00189,SKU_00300,2026-05-27,23,0,0.42,273.2,4,6,2026-05-25,0
CUST_00061,SKU_00246,2026-05-27,6,1,1.6,3.1,21,18,2026-05-14,0
CUST_00134,SKU_00233,2026-05-27,7,0,1.54,4.5,18,13,2026-04-01,0
CUST_00055,SKU_00294,2026-05-27,14,2,1.35,8.9,9,16,2026-05-01,0
CUST_00144,SKU_00166,2026-05-27,18,0,0.27,106.5,3,3,2026-05-05,0
CUST_00058,SKU_00026,2026-05-27,9,0,0.49,125.6,4,3,2026-05-18,0
CUST_00059,SKU_00188,2026-05-27,1,0,0.33,84.0,3,2,2026-05-14,0
CUST_00163,SKU_00148,2026-05-27,30,0,0.56,54.0,4,3,2026-04-11,0
CUST_00195,SKU_00156,2026-05-27,1,0,1.05,1.0,8,5,2026-04-07,0
CUST_00079,SKU_00188,2026-05-27,18,2,334.06,0.0,2423,1147,2026-05-19,0
CUST_00134,SKU_00108,2026-05-27,9,0,1.98,4.6,25,18,2026-04-07,0
CUST_00055,SKU_00256,2026-05-27,13,2,1.12,9.8,8,15,2026-05-18,0
CUST_00080,SKU_00263,2026-05-27,2,0,1.62,1.2,22,19,2026-04-14,0
CUST_00086,SKU_00182,2026-05-27,8,0,1.63,4.9,19,7,2026-04-03,0
CUST_00020,SKU_00234,2026-05-27,14,0,0.8,17.4,9,10,2026-04-11,0
CUST_00197,SKU_00116,2026-05-27,45,0,1.1,40.8,12,7,2026-05-17,0
CUST_00035,SKU_00035,2026-05-27,21,3,0.04,173.2,0,0,2026-05-12,0
CUST_00032,SKU_00228,2026-05-27,5,0,0.32,270.0,4,3,2026-05-01,0
CUST_00173,SKU_00007,2026-05-27,8,0,1.92,4.2,16,18,2026-05-25,0
CUST_00055,SKU_00228,2026-05-27,2,0,0.15,188.6,1,1,2026-04-21,0
CUST_00063,SKU_00018,2026-05-27,33,0,0.85,39.0,6,5,2026-04-15,0
CUST_00008,SKU_00039,2026-05-27,6,0,0.99,6.1,11,7,2026-03-31,0
CUST_00158,SKU_00247,2026-05-27,10,0,0.72,13.8,8,9,2026-04-06,0
CUST_00105,SKU_00217,2026-05-27,11,1,1.07,9.3,13,6,2026-03-30,0
CUST_00192,SKU_00253,2026-05-27,11,1,1.57,6.4,19,10,2026-05-04,0
CUST_00112,SKU_00162,2026-05-27,17,0,0.21,248.4,2,1,2026-05-25,0
CUST_00035,SKU_00201,2026-05-27,30,5,1.67,14.9,22,13,2026-05-04,1
CUST_00012,SKU_00197,2026-05-27,23,0,1.65,13.9,22,22,2026-03-31,0
CUST_00176,SKU_00224,2026-05-27,3,0,64.78,0.0,509,820,2026-04-01,0
CUST_00115,SKU_00171,2026-05-27,73,0,0.33,80.0,3,3,2026-04-06,0
CUST_00057,SKU_00287,2026-05-27,5,0,1.0,5.0,13,13,2026-04-28,0
CUST_00182,SKU_00009,2026-05-27,30,0,0.75,39.8,7,2,2026-04-01,0
CUST_00032,SKU_00120,2026-05-27,1,0,76.0,0.0,581,433,2026-05-12,0
CUST_00198,SKU_00089,2026-05-27,7,0,1.2,5.8,16,7,2026-04-15,0
CUST_00130,SKU_00042,2026-05-27,87,4,0.67,124.5,6,3,2026-04-27,0
CUST_00149,SKU_00281,2026-05-27,32,0,1.14,28.2,10,10,2026-05-18,0
CUST_00119,SKU_00284,2026-05-27,9,0,100.44,0.1,936,456,2026-04-04,0
CUST_00041,SKU_00122,2026-05-27,8,0,1.99,4.0,16,27,2026-05-11,0
CUST_00064,SKU_00198,2026-05-27,6,0,0.89,6.7,9,4,2026-05-13,0
CUST_00187,SKU_00241,2026-05-27,14,0,1.46,9.6,12,6,2026-04-19,0
CUST_00187,SKU_00288,2026-05-27,9,0,1.97,4.6,24,27,2026-05-17,0
CUST_00001,SKU_00060,2026-05-27,32,0,1.41,22.7,17,12,2026-04-17,0
CUST_00094,SKU_00180,2026-05-27,6,0,0.99,6.0,10,10,2026-05-01,0
CUST_00081,SKU_00182,2026-05-27,0,0,1.34,0.0,17,9,2026-05-01,0
CUST_00070,SKU_00246,2026-05-27,2,0,1.67,1.2,22,15,2026-04-11,0
CUST_00137,SKU_00057,2026-05-27,4,0,0.82,4.9,9,6,2026-04-26,0
CUST_00154,SKU_00178,2026-05-27,16,0,0.64,25.0,6,2,2026-04-16,0
CUST_00154,SKU_00148,2026-05-27,11,0,0.27,64.4,3,2,2026-05-09,0
CUST_00036,SKU_00121,2026-05-27,17,0,1.47,11.6,11,5,2026-05-24,0
CUST_00096,SKU_00090,2026-05-27,0,0,576.33,0.0,4922,2535,2026-04-28,0
CUST_00123,SKU_00259,2026-05-27,26,0,0.48,293.1,5,3,2026-05-23,0
CUST_00181,SKU_00162,2026-05-27,56,0,1.41,39.8,15,7,2026-04-24,0
CUST_00011,SKU_00160,2026-05-27,13,0,0.74,17.6,6,6,2026-04-18,0
CUST_00088,SKU_00091,2026-05-27,2,0,0.55,3.6,6,3,2026-05-24,0
CUST_00129,SKU_00274,2026-05-27,11,0,0.63,17.4,5,3,2026-04-04,0
CUST_00072,SKU_00220,2026-05-27,5,0,0.4,127.7,3,4,2026-04-28,0
CUST_00043,SKU_00246,2026-05-27,9,0,1.68,5.3,13,22,2026-04-20,0
CUST_00048,SKU_00280,2026-05-27,12,0,0.14,242.3,1,1,2026-05-01,0
CUST_00004,SKU_00027,2026-05-27,7,0,1.65,4.2,22,10,2026-04-11,0
CUST_00068,SKU_00281,2026-05-27,4,0,1.74,2.3,15,5,2026-05-08,0
CUST_00053,SKU_00066,2026-05-27,27,2,1.44,17.3,12,6,2026-04-06,0
CUST_00070,SKU_00096,2026-05-27,0,0,0.3,62.9,3,3,2026-05-22,0
CUST_00182,SKU_00227,2026-05-27,17,0,0.46,165.7,4,3,2026-05-09,0
CUST_00028,SKU_00287,2026-05-27,7,0,0.85,8.3,9,9,2026-05-08,0
CUST_00152,SKU_00089,2026-05-27,8,0,1.32,6.0,16,15,2026-04-01,0
CUST_00075,SKU_00020,2026-05-27,5,0,1.61,3.1,16,9,2026-05-19,0
CUST_00067,SKU_00267,2026-05-27,29,0,33.28,0.9,384,201,2026-05-14,0
CUST_00103,SKU_00254,2026-05-27,28,0,0.56,49.9,6,4,2026-05-16,0
CUST_00051,SKU_00031,2026-05-27,24,0,1.2,19.9,11,8,2026-05-03,0
CUST_00140,SKU_00207,2026-05-27,11,0,1.01,10.9,9,7,2026-04-02,0
CUST_00111,SKU_00050,2026-05-27,2,0,0.88,2.3,11,4,2026-05-06,0
CUST_00174,SKU_00019,2026-05-27,1,0,1.63,0.6,13,19,2026-04-11,0
CUST_00083,SKU_00036,2026-05-27,0,0,0.17,212.8,1,1,2026-05-14,0
CUST_00095,SKU_00279,2026-05-27,3,0,0.27,111.5,2,1,2026-05-10,0
CUST_00080,SKU_00269,2026-05-27,6,0,1.6,3.8,21,12,2026-04-10,0
CUST_00192,SKU_00148,2026-05-27,3,0,1.82,1.6,24,18,2026-03-31,0
CUST_00041,SKU_00006,2026-05-27,43,0,0.68,62.9,9,6,2026-04-20,0
CUST_00091,SKU_00142,2026-05-27,39,0,1.76,22.1,24,8,2026-04-01,0
CUST_00023,SKU_00085,2026-05-27,11,0,1.27,8.7,11,16,2026-05-08,0
CUST_00110,SKU_00258,2026-05-27,12,0,1.91,6.3,26,8,2026-05-06,0
CUST_00193,SKU_00027,2026-05-27,3,0,0.16,33.0,1,1,2026-05-05,0
CUST_00160,SKU_00062,2026-05-27,0,0,0.25,287.8,3,1,2026-04-27,0
CUST_00169,SKU_00224,2026-05-27,1,0,1.74,0.6,14,7,2026-03-29,0
CUST_00054,SKU_00292,2026-05-27,20,0,1.16,17.2,14,9,2026-05-12,0
CUST_00191,SKU_00051,2026-05-27,23,1,1.3,17.0,16,10,2026-04-15,0
CUST_00089,SKU_00067,2026-05-27,22,0,0.27,113.3,2,1,2026-05-08,0
CUST_00141,SKU_00230,2026-05-27,19,1,1.72,10.5,20,16,2026-04-06,0
CUST_00118,SKU_00281,2026-05-27,15,0,0.26,288.2,2,1,2026-04-18,0
CUST_00163,SKU_00233,2026-05-27,2,0,1.79,1.1,18,7,2026-04-18,0
CUST_00028,SKU_00145,2026-05-27,0,0,0.58,0.0,6,4,2026-05-05,0
CUST_00083,SKU_00105,2026-05-27,11,0,1.85,5.9,14,19,2026-05-22,0
CUST_00119,SKU_00182,2026-05-27,7,0,0.11,171.1,0,0,2026-05-08,0
CUST_00017,SKU_00075,2026-05-27,21,0,1.45,14.4,17,12,2026-05-23,0
CUST_00178,SKU_00056,2026-05-27,4,0,0.61,6.5,7,3,2026-05-03,0
CUST_00132,SKU_00216,2026-05-27,10,0,93.0,0.1,947,817,2026-04-16,0
CUST_00041,SKU_00204,2026-05-27,2,0,1.49,1.3,11,6,2026-04-10,0
CUST_00109,SKU_00209,2026-05-27,3,0,0.7,4.3,7,9,2026-05-09,0
CUST_00190,SKU_00276,2026-05-27,5,0,0.51,9.9,4,3,2026-05-21,0
CUST_00125,SKU_00057,2026-05-27,3,0,0.49,148.9,5,6,2026-04-14,0
CUST_00012,SKU_00167,2026-05-27,18,0,1.8,10.0,23,15,2026-05-24,0
CUST_00071,SKU_00125,2026-05-27,6,0,1.43,4.2,14,12,2026-05-05,0
CUST_00020,SKU_00088,2026-05-27,14,0,0.05,129.6,0,0,2026-04-08,0
CUST_00163,SKU_00205,2026-05-27,3,0,0.6,5.0,5,3,2026-04-06,0
CUST_00083,SKU_00024,2026-05-27,18,0,1.33,13.6,16,18,2026-04-13,0
CUST_00011,SKU_00125,2026-05-27,2,0,0.2,158.3,2,1,2026-04-03,0
CUST_00015,SKU_00117,2026-05-27,0,0,0.03,96.3,0,0,2026-05-24,0
CUST_00127,SKU_00094,2026-05-27,17,0,1.23,13.8,12,9,2026-05-20,0
CUST_00140,SKU_00241,2026-05-27,5,0,0.77,6.5,8,10,2026-03-29,0
CUST_00052,SKU_00207,2026-05-27,9,0,0.7,12.9,8,4,2026-04-03,0
CUST_00112,SKU_00161,2026-05-27,8,0,1.23,6.5,11,9,2026-04-18,0
CUST_00050,SKU_00094,2026-05-27,4,0,1.99,2.0,21,28,2026-05-04,0
CUST_00078,SKU_00117,2026-05-27,3,0,0.88,3.4,8,3,2026-05-22,0
CUST_00121,SKU_00265,2026-05-27,1,0,1.6,0.6,16,7,2026-05-19,0
CUST_00066,SKU_00004,2026-05-27,30,4,0.65,40.3,6,7,2026-04-20,0
CUST_00036,SKU_00039,2026-05-27,1,0,0.95,1.1,7,6,2026-05-07,0
CUST_00094,SKU_00299,2026-05-27,3,0,1.39,2.2,13,16,2026-05-09,0
CUST_00185,SKU_00155,2026-05-27,1,0,1.54,0.6,21,19,2026-05-01,0
CUST_00060,SKU_00115,2026-05-27,21,0,1.04,20.1,11,12,2026-04-25,0
CUST_00193,SKU_00257,2026-05-27,25,0,1.84,13.6,16,19,2026-04-05,0
CUST_00099,SKU_00182,2026-05-27,16,0,1.43,11.2,19,12,2026-04-29,0
CUST_00064,SKU_00037,2026-05-27,8,0,0.85,9.5,10,6,2026-04-07,0
CUST_00055,SKU_00238,2026-05-27,19,3,1.13,14.2,13,10,2026-04-02,0
CUST_00052,SKU_00093,2026-05-27,32,0,0.47,95.7,3,1,2026-05-20,0
CUST_00090,SKU_00242,2026-05-27,1,0,1.41,0.7,16,7,2026-04-16,0
CUST_00028,SKU_00007,2026-05-27,22,0,1.59,13.8,14,21,2026-04-19,0
CUST_00070,SKU_00155,2026-05-27,5,0,1.65,3.0,17,12,2026-04-06,0
CUST_00127,SKU_00236,2026-05-27,6,0,0.43,88.6,4,4,2026-05-19,0
CUST_00053,SKU_00270,2026-05-27,2,0,0.03,98.3,0,0,2026-05-09,0
CUST_00163,SKU_00225,2026-05-27,29,0,1.4,20.7,17,9,2026-04-12,0
CUST_00167,SKU_00092,2026-05-27,6,0,0.78,7.7,8,4,2026-04-22,0
CUST_00053,SKU_00273,2026-05-27,18,0,1.03,17.5,8,13,2026-04-30,0
CUST_00166,SKU_00060,2026-05-27,25,0,0.19,43.4,1,0,2026-05-06,0
CUST_00138,SKU_00154,2026-05-27,5,0,1.77,2.8,12,22,2026-04-16,0
CUST_00059,SKU_00142,2026-05-27,5,0,1.74,2.9,13,17,2026-05-02,0
CUST_00165,SKU_00067,2026-05-27,63,0,0.69,91.3,5,7,2026-05-04,0
CUST_00021,SKU_00275,2026-05-27,29,0,1.45,20.0,17,14,2026-05-09,0
CUST_00051,SKU_00182,2026-05-27,30,0,0.78,38.2,8,5,2026-05-05,0
CUST_00139,SKU_00014,2026-05-27,7,0,0.52,13.5,6,6,2026-05-02,0
CUST_00004,SKU_00007,2026-05-27,3,0,1.08,2.8,11,8,2026-04-12,0
CUST_00078,SKU_00002,2026-05-27,13,0,1.03,12.7,10,7,2026-05-11,0
CUST_00189,SKU_00255,2026-05-27,4,0,0.74,5.4,7,10,2026-04-18,0
CUST_00096,SKU_00081,2026-05-27,26,0,0.28,110.2,3,1,2026-05-25,0
CUST_00020,SKU_00114,2026-05-27,3,0,0.15,106.9,1,1,2026-04-08,0
CUST_00051,SKU_00158,2026-05-27,119,0,1.72,69.1,22,14,2026-04-16,0
CUST_00029,SKU_00200,2026-05-27,33,0,15.11,2.2,130,100,2026-05-09,0
CUST_00030,SKU_00235,2026-05-27,13,2,0.1,102.0,0,0,2026-04-10,0
CUST_00060,SKU_00150,2026-05-27,6,0,1.9,3.2,15,18,2026-04-08,0
CUST_00182,SKU_00211,2026-05-27,6,0,0.28,237.4,3,2,2026-05-16,0
CUST_00108,SKU_00230,2026-05-27,3,0,0.96,3.1,8,7,2026-04-11,0
CUST_00032,SKU_00236,2026-05-27,0,0,0.17,37.5,2,1,2026-05-10,0
CUST_00060,SKU_00052,2026-05-27,6,0,1.13,5.3,12,13,2026-04-06,0
CUST_00066,SKU_00204,2026-05-27,5,0,1.17,4.3,9,16,2026-05-15,0
CUST_00170,SKU_00019,2026-05-27,1,0,1.32,0.8,16,13,2026-04-03,0
CUST_00156,SKU_00051,2026-05-27,25,2,1.58,14.6,20,6,2026-04-11,0
CUST_00084,SKU_00107,2026-05-27,41,1,1.1,36.5,11,13,2026-05-11,0
CUST_00191,SKU_00263,2026-05-27,0,0,25.44,0.0,245,205,2026-05-05,0
CUST_00097,SKU_00231,2026-05-27,72,3,0.77,89.9,10,4,2026-03-30,0
CUST_00143,SKU_00099,2026-05-27,12,0,1.09,11.0,12,13,2026-04-03,0
CUST_00098,SKU_00131,2026-05-27,2,0,0.89,2.2,9,12,2026-05-11,0
CUST_00102,SKU_00144,2026-05-27,1,0,0.63,1.6,6,3,2026-03-29,0
CUST_00088,SKU_00299,2026-05-27,21,0,1.69,12.4,14,22,2026-04-11,0
CUST_00190,SKU_00183,2026-05-27,167,0,1.75,95.4,23,10,2026-05-07,0
CUST_00172,SKU_00028,2026-05-27,9,0,1.99,4.5,26,10,2026-04-09,0
CUST_00043,SKU_00299,2026-05-27,1,0,1.33,0.8,14,18,2026-05-26,0
CUST_00168,SKU_00268,2026-05-27,32,3,1.74,16.7,12,14,2026-05-19,2
CUST_00129,SKU_00135,2026-05-27,2,0,1.57,1.3,11,10,2026-04-16,0
CUST_00136,SKU_00057,2026-05-27,10,0,0.26,195.6,3,0,2026-04-19,0
CUST_00044,SKU_00021,2026-05-27,6,0,17.0,0.4,204,132,2026-04-25,0
CUST_00034,SKU_00006,2026-05-27,249,0,1.26,198.4,9,10,2026-04-21,5
CUST_00167,SKU_00178,2026-05-27,3,0,0.92,3.3,9,13,2026-04-21,0
CUST_00068,SKU_00066,2026-05-27,48,0,0.65,73.8,6,4,2026-04-21,0
CUST_00061,SKU_00077,2026-05-27,18,2,1.05,15.3,10,9,2026-04-12,0
CUST_00163,SKU_00164,2026-05-27,16,1,158.11,0.1,1703,482,2026-05-12,0
CUST_00042,SKU_00059,2026-05-27,27,0,0.68,39.9,9,6,2026-03-30,0
CUST_00004,SKU_00084,2026-05-27,1,0,0.69,1.4,8,3,2026-04-03,0
CUST_00152,SKU_00244,2026-05-27,73,4,1.85,37.3,24,19,2026-05-17,0
CUST_00051,SKU_00184,2026-05-27,7,0,0.12,254.4,1,0,2026-04-25,0
CUST_00163,SKU_00277,2026-05-27,91,0,0.32,201.0,4,2,2026-04-01,0
CUST_00056,SKU_00030,2026-05-27,8,0,0.31,38.7,3,1,2026-05-16,0
CUST_00177,SKU_00178,2026-05-27,4,0,0.74,5.4,7,4,2026-05-24,0
CUST_00076,SKU_00124,2026-05-27,15,0,1.62,9.2,12,18,2026-04-03,0
CUST_00004,SKU_00175,2026-05-27,1,0,1.62,0.6,14,9,2026-05-16,0
CUST_00058,SKU_00077,2026-05-27,12,2,0.48,72.9,6,4,2026-05-17,0
CUST_00026,SKU_00143,2026-05-27,8,0,1.32,6.1,13,15,2026-04-05,0
CUST_00119,SKU_00259,2026-05-27,27,0,0.54,50.0,6,4,2026-05-22,0
CUST_00018,SKU_00070,2026-05-27,33,0,1.29,25.5,11,13,2026-05-20,0
CUST_00047,SKU_00246,2026-05-27,9,0,22.56,0.4,262,265,2026-05-25,0
CUST_00184,SKU_00027,2026-05-27,2,0,9.39,0.2,82,43,2026-03-29,0
CUST_00037,SKU_00198,2026-05-27,0,0,0.05,153.2,0,0,2026-04-13,0
CUST_00188,SKU_00060,2026-05-27,6,0,1.84,3.3,15,25,2026-04-15,0
CUST_00075,SKU_00087,2026-05-27,1,0,0.98,1.0,9,12,2026-05-03,0
CUST_00057,SKU_00116,2026-05-27,11,1,1.21,8.3,9,12,2026-04-28,0
CUST_00137,SKU_00218,2026-05-27,7,0,1.74,4.0,22,19,2026-04-11,0
CUST_00110,SKU_00023,2026-05-27,8,0,1.6,5.0,19,15,2026-05-14,0
CUST_00043,SKU_00167,2026-05-27,9,0,1.99,4.5,22,18,2026-05-05,0
CUST_00132,SKU_00116,2026-05-27,9,0,0.44,264.3,5,3,2026-05-09,0
CUST_00119,SKU_00096,2026-05-27,1,0,1.65,0.6,11,22,2026-04-09,0
CUST_00109,SKU_00203,2026-05-27,33,0,365.56,0.1,4955,4327,2026-04-26,0
CUST_00045,SKU_00043,2026-05-27,22,0,0.96,22.9,7,3,2026-03-31,0
CUST_00171,SKU_00281,2026-05-27,26,0,0.41,213.0,3,4,2026-04-05,0
CUST_00041,SKU_00168,2026-05-27,5,0,1.13,4.4,8,15,2026-05-21,0
CUST_00155,SKU_00137,2026-05-27,9,0,0.71,12.8,6,4,2026-05-26,0
CUST_00056,SKU_00066,2026-05-27,12,0,1.18,10.2,14,16,2026-05-15,0
CUST_00148,SKU_00295,2026-05-27,38,0,0.51,74.0,4,6,2026-05-16,0
CUST_00120,SKU_00158,2026-05-27,8,0,0.18,264.2,2,1,2026-04-20,0
CUST_00109,SKU_00148,2026-05-27,39,0,1.11,35.2,9,4,2026-04-28,0
CUST_00018,SKU_00190,2026-05-27,46,0,57.56,0.8,566,330,2026-05-12,3
CUST_00073,SKU_00162,2026-05-27,23,1,0.52,42.3,6,7,2026-04-13,0
CUST_00150,SKU_00263,2026-05-27,23,2,0.19,86.3,2,0,2026-05-09,0
CUST_00079,SKU_00284,2026-05-27,4,0,0.93,4.3,9,8,2026-05-26,0
CUST_00169,SKU_00094,2026-05-27,16,0,1.92,8.4,17,15,2026-04-21,0
CUST_00129,SKU_00125,2026-05-27,29,0,1.24,23.4,9,10,2026-04-20,0
CUST_00135,SKU_00240,2026-05-27,4,0,0.73,5.5,10,10,2026-04-10,0
CUST_00079,SKU_00131,2026-05-27,21,3,0.22,279.6,2,1,2026-05-13,0
CUST_00006,SKU_00169,2026-05-27,11,0,1.27,8.7,17,4,2026-04-16,0
CUST_00200,SKU_00236,2026-05-27,15,1,1.07,13.1,9,5,2026-05-15,0
CUST_00144,SKU_00248,2026-05-27,22,0,0.55,39.8,6,4,2026-05-13,0
CUST_00196,SKU_00132,2026-05-27,20,0,0.6,33.2,4,3,2026-04-30,0
CUST_00200,SKU_00039,2026-05-27,11,0,1.03,10.6,13,4,2026-05-22,0
CUST_00111,SKU_00220,2026-05-27,18,0,0.82,22.0,8,9,2026-05-07,0
CUST_00137,SKU_00068,2026-05-27,20,1,1.62,11.8,21,7,2026-04-18,0
CUST_00171,SKU_00068,2026-05-27,5,0,23.56,0.2,194,325,2026-05-23,0
CUST_00026,SKU_00254,2026-05-27,1,0,1.84,0.5,13,10,2026-04-03,0
CUST_00016,SKU_00146,2026-05-27,31,0,0.7,44.3,7,7,2026-04-01,0
CUST_00118,SKU_00154,2026-05-27,33,0,1.62,20.3,12,13,2026-04-14,0
CUST_00057,SKU_00178,2026-05-27,25,0,1.56,16.0,15,7,2026-04-15,0
CUST_00024,SKU_00221,2026-05-27,81,0,1.89,42.9,22,13,2026-04-10,0
CUST_00057,SKU_00107,2026-05-27,1,0,0.11,130.8,0,0,2026-04-26,0
CUST_00091,SKU_00212,2026-05-27,3,0,0.19,118.9,1,1,2026-04-04,0
CUST_00185,SKU_00131,2026-05-27,6,0,0.89,6.7,7,4,2026-04-27,0
CUST_00199,SKU_00274,2026-05-27,53,9,0.11,226.7,1,1,2026-04-13,0
CUST_00026,SKU_00089,2026-05-27,26,0,0.66,39.6,6,6,2026-04-25,1
CUST_00025,SKU_00276,2026-05-27,9,0,1.41,6.4,17,5,2026-04-09,0
CUST_00196,SKU_00182,2026-05-27,9,0,0.96,9.3,7,4,2026-04-15,0
CUST_00168,SKU_00235,2026-05-27,5,0,1.19,4.2,15,8,2026-04-02,0
CUST_00060,SKU_00092,2026-05-27,39,5,1.61,21.1,14,16,2026-04-27,0
CUST_00067,SKU_00262,2026-05-27,6,0,0.07,50.5,0,0,2026-05-09,0
CUST_00121,SKU_00089,2026-05-27,3,0,1.43,2.1,12,6,2026-04-05,0
CUST_00151,SKU_00222,2026-05-27,17,0,0.6,28.4,8,3,2026-05-16,0
CUST_00144,SKU_00135,2026-05-27,15,0,0.66,22.8,7,7,2026-05-25,0
CUST_00029,SKU_00040,2026-05-27,4,0,1.0,4.0,10,6,2026-04-16,0
CUST_00040,SKU_00073,2026-05-27,3,0,1.4,2.1,13,8,2026-05-15,0
CUST_00118,SKU_00072,2026-05-27,10,0,0.29,114.0,3,3,2026-05-10,0
CUST_00152,SKU_00299,2026-05-27,6,0,1.53,3.9,17,13,2026-05-19,0
CUST_00168,SKU_00250,2026-05-27,4,0,1.43,2.8,11,12,2026-05-10,0
CUST_00179,SKU_00294,2026-05-27,18,0,0.1,222.7,0,0,2026-04-06,0
CUST_00032,SKU_00118,2026-05-27,6,0,0.84,7.2,11,10,2026-04-04,0
CUST_00153,SKU_00038,2026-05-27,7,0,1.18,5.9,11,9,2026-05-02,0
CUST_00016,SKU_00251,2026-05-27,222,0,0.8,277.4,7,3,2026-04-22,0
CUST_00063,SKU_00087,2026-05-27,2,0,1.31,1.5,17,4,2026-04-30,0
CUST_00114,SKU_00274,2026-05-27,3,0,1.96,1.5,23,21,2026-04-23,0
CUST_00161,SKU_00115,2026-05-27,8,1,1.03,6.8,11,6,2026-04-27,0
CUST_00140,SKU_00112,2026-05-27,1,0,1.66,0.6,13,12,2026-04-23,0
CUST_00031,SKU_00179,2026-05-27,7,0,0.79,8.9,7,7,2026-04-26,0
CUST_00066,SKU_00213,2026-05-27,5,0,1.75,2.9,12,7,2026-05-20,0
CUST_00198,SKU_00013,2026-05-27,28,0,0.52,53.9,5,3,2026-04-27,1
CUST_00078,SKU_00202,2026-05-27,2,0,1.95,1.0,17,12,2026-03-29,0
CUST_00007,SKU_00076,2026-05-27,10,0,1.75,5.7,14,21,2026-04-05,0
CUST_00013,SKU_00150,2026-05-27,41,0,1.56,26.2,11,7,2026-04-08,0
CUST_00120,SKU_00129,2026-05-27,24,4,0.28,128.0,2,2,2026-04-21,0
CUST_00071,SKU_00117,2026-05-27,4,0,1.09,3.7,12,6,2026-05-08,0
CUST_00014,SKU_00063,2026-05-27,23,0,1.12,20.5,15,12,2026-04-30,0
CUST_00178,SKU_00139,2026-05-27,18,3,1.4,10.7,10,9,2026-05-24,0
CUST_00067,SKU_00155,2026-05-27,6,0,0.09,39.4,0,0,2026-05-10,0
CUST_00133,SKU_00222,2026-05-27,13,0,0.44,46.0,5,3,2026-04-28,0
CUST_00190,SKU_00067,2026-05-27,6,0,1.95,3.1,16,13,2026-05-18,0
CUST_00020,SKU_00088,2026-05-27,11,0,1.09,10.1,14,13,2026-04-16,0
CUST_00024,SKU_00049,2026-05-27,15,0,0.04,76.5,0,0,2026-04-06,0
CUST_00086,SKU_00058,2026-05-27,1,0,1.69,0.6,14,14,2026-05-21,0
CUST_00080,SKU_00231,2026-05-27,9,0,1.62,5.5,20,22,2026-05-07,0
CUST_00083,SKU_00130,2026-05-27,16,0,0.5,31.8,5,3,2026-05-01,0
CUST_00182,SKU_00132,2026-05-27,26,0,1.11,23.4,9,9,2026-05-08,0
CUST_00062,SKU_00162,2026-05-27,11,0,0.57,19.4,4,3,2026-04-25,0
CUST_00092,SKU_00101,2026-05-27,5,0,0.21,206.0,1,0,2026-04-18,0
CUST_00191,SKU_00203,2026-05-27,63,0,0.85,74.5,6,3,2026-04-14,2
CUST_00139,SKU_00283,2026-05-27,19,0,1.34,14.2,17,6,2026-03-31,0
CUST_00099,SKU_00063,2026-05-27,7,1,0.5,11.9,5,3,2026-05-21,0
CUST_00161,SKU_00200,2026-05-27,5,0,1.46,3.4,13,9,2026-04-08,0
CUST_00031,SKU_00043,2026-05-27,9,0,1.69,5.3,19,16,2026-03-30,0
CUST_00054,SKU_00027,2026-05-27,46,0,0.5,91.5,4,2,2026-05-15,0
CUST_00030,SKU_00038,2026-05-27,49,0,1.42,34.5,17,6,2026-05-23,0
CUST_00188,SKU_00030,2026-05-27,9,0,1.96,4.6,23,15,2026-05-09,0
CUST_00175,SKU_00211,2026-05-27,5,0,0.43,66.1,3,1,2026-05-19,0
CUST_00070,SKU_00012,2026-05-27,1,0,1.21,0.8,11,13,2026-04-26,0
CUST_00092,SKU_00178,2026-05-27,15,0,1.68,8.9,16,7,2026-05-14,0
CUST_00167,SKU_00137,2026-05-27,2,0,1.9,1.1,16,9,2026-03-29,0
CUST_00082,SKU_00196,2026-05-27,3,0,0.47,245.0,4,3,2026-04-21,0
CUST_00039,SKU_00062,2026-05-27,7,0,0.52,13.4,7,1,2026-04-18,0
CUST_00108,SKU_00152,2026-05-27,8,0,1.59,5.0,19,8,2026-05-16,0
CUST_00002,SKU_00283,2026-05-27,44,0,1.33,33.1,14,15,2026-05-17,0
CUST_00132,SKU_00187,2026-05-27,4,0,1.39,2.9,16,18,2026-04-07,0
CUST_00162,SKU_00161,2026-05-27,23,0,1.46,15.8,19,16,2026-04-15,0
CUST_00016,SKU_00048,2026-05-27,5,0,1.28,3.9,9,6,2026-05-18,0
CUST_00022,SKU_00175,2026-05-27,0,0,0.97,0.0,8,9,2026-04-27,0
CUST_00072,SKU_00108,2026-05-27,11,0,1.32,8.3,10,7,2026-05-26,0
CUST_00066,SKU_00175,2026-05-27,7,1,1.5,4.0,16,7,2026-04-13,0
CUST_00038,SKU_00055,2026-05-27,6,0,1.75,3.4,18,7,2026-04-28,0
CUST_00135,SKU_00116,2026-05-27,7,0,0.55,12.7,3,3,2026-04-10,0
CUST_00053,SKU_00071,2026-05-27,20,0,0.04,221.3,0,0,2026-04-08,1
CUST_00126,SKU_00078,2026-05-27,11,0,0.53,20.9,6,7,2026-04-27,0
CUST_00187,SKU_00153,2026-05-27,11,0,0.71,15.4,9,7,2026-05-25,0
CUST_00009,SKU_00129,2026-05-27,56,0,1.83,30.7,21,14,2026-04-16,0
CUST_00004,SKU_00063,2026-05-27,13,0,0.41,109.3,3,3,2026-05-10,0
CUST_00130,SKU_00274,2026-05-27,22,0,34.61,0.6,354,511,2026-05-06,0
CUST_00043,SKU_00007,2026-05-27,10,0,0.22,171.8,1,1,2026-05-10,0
CUST_00069,SKU_00127,2026-05-27,5,0,0.35,164.8,2,1,2026-05-05,0
CUST_00187,SKU_00036,2026-05-27,16,0,0.67,23.7,8,9,2026-04-29,0
CUST_00151,SKU_00126,2026-05-27,9,0,0.67,13.4,8,6,2026-05-22,0
CUST_00116,SKU_00044,2026-05-27,1,0,0.87,1.2,11,6,2026-04-21,0
CUST_00092,SKU_00177,2026-05-27,6,0,0.61,9.8,7,3,2026-04-19,0
CUST_00144,SKU_00103,2026-05-27,2,0,0.62,3.2,8,6,2026-05-17,0
CUST_00169,SKU_00226,2026-05-27,2,0,35.94,0.1,369,181,2026-04-15,0
CUST_00042,SKU_00026,2026-05-27,23,0,1.86,12.3,23,13,2026-05-10,0
CUST_00109,SKU_00300,2026-05-27,14,0,1.43,9.8,18,18,2026-05-01,0
CUST_00143,SKU_00289,2026-05-27,4,0,0.19,103.3,2,0,2026-05-19,0
CUST_00052,SKU_00230,2026-05-27,9,0,0.74,12.2,9,3,2026-04-09,0
CUST_00148,SKU_00188,2026-05-27,10,0,1.33,7.5,18,9,2026-05-22,0
CUST_00061,SKU_00232,2026-05-27,3,0,0.58,5.2,4,3,2026-04-23,0
CUST_00131,SKU_00137,2026-05-27,5,0,1.6,3.1,13,18,2026-04-14,0
CUST_00174,SKU_00294,2026-05-27,22,0,0.9,24.5,10,9,2026-05-25,0
CUST_00193,SKU_00194,2026-05-27,6,0,0.36,208.4,4,3,2026-04-05,0
CUST_00044,SKU_00106,2026-05-27,3,0,1.72,1.7,20,13,2026-05-15,0
CUST_00082,SKU_00012,2026-05-27,1,0,0.91,1.1,10,6,2026-04-03,0
CUST_00105,SKU_00043,2026-05-27,14,0,1.68,8.3,22,12,2026-05-23,0
CUST_00080,SKU_00106,2026-05-27,5,0,0.15,104.4,1,0,2026-05-22,0
CUST_00109,SKU_00172,2026-05-27,8,0,1.78,4.5,24,25,2026-04-12,0
CUST_00017,SKU_00198,2026-05-27,1,0,0.46,40.6,4,1,2026-04-14,0
CUST_00070,SKU_00192,2026-05-27,8,0,0.3,220.1,2,1,2026-05-24,0
CUST_00117,SKU_00134,2026-05-27,6,0,0.17,37.8,2,0,2026-05-10,0
CUST_00068,SKU_00294,2026-05-27,76,0,1.96,38.7,17,14,2026-05-23,0
CUST_00111,SKU_00176,2026-05-27,3,0,1.56,1.9,11,10,2026-05-18,0
CUST_00162,SKU_00067,2026-05-27,40,0,1.61,24.9,18,22,2026-05-18,0
CUST_00014,SKU_00290,2026-05-27,12,0,1.17,10.3,8,7,2026-05-18,0
CUST_00150,SKU_00089,2026-05-27,69,9,0.64,93.7,8,6,2026-05-23,0
CUST_00176,SKU_00194,2026-05-27,33,0,82.11,0.4,874,507,2026-05-02,1
CUST_00020,SKU_00177,2026-05-27,10,0,0.64,15.6,6,7,2026-05-02,0
CUST_00009,SKU_00217,2026-05-27,99,0,0.0,250.3,0,0,2026-05-15,4
CUST_00069,SKU_00079,2026-05-27,23,0,1.43,16.1,19,13,2026-04-26,0
CUST_00072,SKU_00105,2026-05-27,7,1,1.37,4.4,15,19,2026-05-09,0
CUST_00044,SKU_00238,2026-05-27,22,0,0.54,40.5,4,3,2026-04-12,0
CUST_00015,SKU_00090,2026-05-27,37,3,1.95,17.4,19,12,2026-04-25,0
CUST_00110,SKU_00018,2026-05-27,14,0,1.23,11.4,9,9,2026-04-07,0
CUST_00009,SKU_00186,2026-05-27,2,0,181.33,0.0,1547,756,2026-04-03,0
CUST_00077,SKU_00004,2026-05-27,3,0,0.87,3.5,8,10,2026-05-12,0
CUST_00032,SKU_00128,2026-05-27,38,0,0.03,67.2,0,0,2026-03-31,1
CUST_00090,SKU_00006,2026-05-27,10,0,0.4,76.4,5,1,2026-04-14,0
CUST_00111,SKU_00243,2026-05-27,1,0,0.13,271.2,1,0,2026-04-24,0
CUST_00168,SKU_00165,2026-05-27,1,0,1.76,0.6,23,9,2026-04-22,0
CUST_00034,SKU_00271,2026-05-27,11,0,0.96,11.4,11,4,2026-05-14,0
CUST_00124,SKU_00284,2026-05-27,3,0,1.91,1.6,17,11,2026-05-01,0
CUST_00066,SKU_00108,2026-05-27,4,0,1.68,2.4,13,16,2026-04-19,0
CUST_00196,SKU_00190,2026-05-27,2,0,0.74,2.7,9,3,2026-04-10,0
CUST_00061,SKU_00215,2026-05-27,7,0,36.94,0.2,380,309,2026-05-02,0
CUST_00179,SKU_00093,2026-05-27,9,0,0.48,273.8,4,3,2026-04-09,0
CUST_00182,SKU_00102,2026-05-27,0,0,0.23,50.1,2,1,2026-05-23,0
CUST_00055,SKU_00171,2026-05-27,32,0,0.23,66.3,2,1,2026-04-30,0
CUST_00175,SKU_00212,2026-05-27,10,0,1.2,8.3,15,4,2026-04-20,0
CUST_00159,SKU_00087,2026-05-27,19,0,0.79,24.0,7,7,2026-04-10,1
CUST_00189,SKU_00048,2026-05-27,3,0,1.28,2.3,10,15,2026-05-07,0
CUST_00038,SKU_00120,2026-05-27,10,0,0.45,140.0,4,1,2026-03-29,0
CUST_00004,SKU_00228,2026-05-27,19,0,609.5,0.0,5741,4983,2026-04-21,0
CUST_00177,SKU_00243,2026-05-27,20,1,0.14,59.2,1,0,2026-05-09,0
CUST_00137,SKU_00047,2026-05-27,4,0,0.89,4.5,9,4,2026-05-23,0
CUST_00143,SKU_00160,2026-05-27,36,0,1.17,30.7,13,4,2026-04-28,0
CUST_00073,SKU_00091,2026-05-27,5,0,1.68,3.0,17,7,2026-05-13,0
CUST_00187,SKU_00223,2026-05-27,16,0,0.31,207.3,2,1,2026-05-12,0
CUST_00111,SKU_00228,2026-05-27,12,1,1.6,6.9,22,18,2026-04-11,0
CUST_00039,SKU_00022,2026-05-27,69,0,269.83,0.3,2243,3366,2026-04-02,0
CUST_00153,SKU_00054,2026-05-27,21,0,0.4,290.8,4,3,2026-05-02,0
CUST_00124,SKU_00006,2026-05-27,1,0,0.81,1.2,8,5,2026-05-13,0
CUST_00067,SKU_00126,2026-05-27,17,0,0.33,94.7,2,3,2026-04-04,0
CUST_00093,SKU_00205,2026-05-27,5,0,0.79,6.3,6,7,2026-05-01,0
CUST_00007,SKU_00102,2026-05-27,1,0,0.66,1.5,6,4,2026-05-02,0
CUST_00071,SKU_00182,2026-05-27,1,0,1.23,0.8,11,12,2026-04-30,0
CUST_00174,SKU_00080,2026-05-27,9,0,1.26,7.1,15,16,2026-05-18,0
CUST_00021,SKU_00171,2026-05-27,18,0,1.22,14.8,16,6,2026-03-30,0
CUST_00118,SKU_00180,2026-05-27,2,0,1.84,1.1,25,25,2026-05-19,0
CUST_00200,SKU_00100,2026-05-27,10,1,0.71,12.7,9,4,2026-04-04,0
CUST_00006,SKU_00052,2026-05-27,1,0,1.88,0.5,16,12,2026-04-06,0
CUST_00178,SKU_00221,2026-05-27,49,0,0.37,75.9,4,1,2026-05-23,0
CUST_00071,SKU_00273,2026-05-27,5,0,1.84,2.7,21,24,2026-05-22,0
CUST_00013,SKU_00276,2026-05-27,1,0,0.3,142.8,3,1,2026-05-24,0
CUST_00025,SKU_00094,2026-05-27,3,0,1.81,1.7,23,7,2026-05-08,0
CUST_00169,SKU_00286,2026-05-27,7,0,0.61,11.5,5,7,2026-04-21,0
CUST_00182,SKU_00151,2026-05-27,5,0,1.22,4.1,11,6,2026-04-20,0
CUST_00132,SKU_00271,2026-05-27,7,0,0.99,7.0,12,13,2026-05-09,0
CUST_00062,SKU_00198,2026-05-27,1,0,1.28,0.8,17,13,2026-04-10,0
CUST_00055,SKU_00220,2026-05-27,17,0,0.85,20.0,6,6,2026-05-18,0
CUST_00113,SKU_00173,2026-05-27,12,0,0.31,55.4,2,2,2026-04-16,0
CUST_00108,SKU_00025,2026-05-27,18,0,0.53,34.2,6,4,2026-04-21,0
CUST_00150,SKU_00020,2026-05-27,5,0,68.61,0.1,597,882,2026-05-07,0
CUST_00025,SKU_00071,2026-05-27,5,0,0.34,132.4,4,2,2026-04-10,0
CUST_00172,SKU_00027,2026-05-27,10,0,1.26,8.0,10,15,2026-05-15,0
CUST_00072,SKU_00165,2026-05-27,3,0,1.47,2.0,12,18,2026-05-11,0
CUST_00049,SKU_00064,2026-05-27,1,0,1.63,0.6,13,18,2026-04-04,0
CUST_00004,SKU_00060,2026-05-27,19,2,1.81,9.4,23,18,2026-04-13,0
CUST_00026,SKU_00100,2026-05-27,1,0,1.37,0.7,16,18,2026-04-23,0
CUST_00189,SKU_00021,2026-05-27,14,0,1.8,7.8,19,18,2026-04-05,0
CUST_00139,SKU_00134,2026-05-27,2,0,1.21,1.7,12,10,2026-04-08,0
CUST_00083,SKU_00059,2026-05-27,0,0,1.49,0.0,12,16,2026-04-13,0
CUST_00171,SKU_00169,2026-05-27,26,5,0.96,22.0,6,12,2026-04-14,1
CUST_00042,SKU_00285,2026-05-27,12,0,0.18,195.4,2,1,2026-04-01,0
CUST_00146,SKU_00133,2026-05-27,15,0,0.97,15.4,9,5,2026-05-07,0
CUST_00030,SKU_00231,2026-05-27,13,0,1.63,8.0,21,6,2026-04-29,0
CUST_00190,SKU_00041,2026-05-27,24,3,0.7,29.9,9,4,2026-04-02,0
CUST_00134,SKU_00151,2026-05-27,12,0,1.38,8.7,12,15,2026-04-06,0
CUST_00033,SKU_00250,2026-05-27,3,0,1.82,1.7,13,9,2026-04-21,0
CUST_00115,SKU_00061,2026-05-27,65,3,1.87,33.2,22,25,2026-05-06,0
CUST_00014,SKU_00143,2026-05-27,3,0,1.96,1.5,21,13,2026-04-16,0
CUST_00167,SKU_00264,2026-05-27,4,0,1.21,3.3,8,13,2026-04-03,0
CUST_00126,SKU_00195,2026-05-27,8,0,0.01,264.2,0,0,2026-05-23,0
CUST_00105,SKU_00018,2026-05-27,11,0,1.27,8.7,13,6,2026-05-20,0
CUST_00078,SKU_00203,2026-05-27,72,0,0.66,108.8,5,5,2026-05-01,0
CUST_00182,SKU_00194,2026-05-27,32,2,0.81,37.2,11,4,2026-04-24,0
CUST_00057,SKU_00048,2026-05-27,15,0,1.12,13.4,10,10,2026-05-26,0
CUST_00189,SKU_00215,2026-05-27,9,0,1.64,5.5,20,15,2026-04-08,0
CUST_00047,SKU_00024,2026-05-27,5,0,1.86,2.7,16,22,2026-04-17,0
CUST_00008,SKU_00071,2026-05-27,11,0,0.27,195.7,1,1,2026-05-14,0
CUST_00092,SKU_00258,2026-05-27,12,0,1.41,8.5,16,13,2026-04-09,0
CUST_00155,SKU_00238,2026-05-27,3,0,0.37,291.7,3,2,2026-05-24,0
CUST_00055,SKU_00052,2026-05-27,55,0,0.41,174.6,4,6,2026-03-31,0
CUST_00026,SKU_00061,2026-05-27,7,0,1.22,5.8,10,6,2026-05-02,0
CUST_00118,SKU_00080,2026-05-27,34,0,1.8,18.9,18,10,2026-05-26,0
CUST_00090,SKU_00071,2026-05-27,1,0,0.44,118.6,4,3,2026-04-25,0
CUST_00150,SKU_00054,2026-05-27,53,0,0.39,249.1,3,1,2026-04-16,0
CUST_00143,SKU_00050,2026-05-27,3,0,0.83,3.6,6,9,2026-04-15,0
CUST_00171,SKU_00106,2026-05-27,10,0,1.86,5.4,23,15,2026-04-12,0
CUST_00146,SKU_00159,2026-05-27,49,7,1.08,38.8,15,5,2026-04-27,0
CUST_00155,SKU_00285,2026-05-27,12,0,1.35,8.9,15,8,2026-04-28,0
CUST_00188,SKU_00158,2026-05-27,6,0,0.85,7.0,11,6,2026-05-12,0
CUST_00006,SKU_00042,2026-05-27,18,0,1.12,16.0,12,3,2026-04-15,0
CUST_00169,SKU_00015,2026-05-27,11,0,1.75,6.3,12,9,2026-05-05,0
CUST_00089,SKU_00258,2026-05-27,13,0,1.3,10.0,13,18,2026-04-06,1
CUST_00001,SKU_00159,2026-05-27,15,0,0.05,285.7,0,0,2026-04-08,0
CUST_00075,SKU_00086,2026-05-27,15,0,1.35,11.1,14,18,2026-04-21,0
CUST_00044,SKU_00104,2026-05-27,15,0,1.64,9.2,14,22,2026-05-21,1
CUST_00174,SKU_00176,2026-05-27,2,0,1.39,1.4,13,19,2026-04-15,0
CUST_00185,SKU_00240,2026-05-27,4,0,1.27,3.2,16,16,2026-04-03,0
CUST_00170,SKU_00127,2026-05-27,35,0,0.26,279.1,2,3,2026-04-30,0
CUST_00030,SKU_00130,2026-05-27,17,2,0.51,29.7,5,2,2026-04-02,0
CUST_00047,SKU_00179,2026-05-27,0,0,0.79,0.0,5,7,2026-05-13,0
CUST_00041,SKU_00181,2026-05-27,58,0,1.68,34.6,17,13,2026-05-14,0
CUST_00092,SKU_00024,2026-05-27,4,0,1.92,2.1,15,7,2026-05-08,0
CUST_00101,SKU_00114,2026-05-27,23,1,1.64,13.4,22,16,2026-05-17,0
CUST_00155,SKU_00291,2026-05-27,13,0,0.9,14.5,9,4,2026-04-04,0
CUST_00142,SKU_00071,2026-05-27,7,1,0.79,7.6,5,5,2026-04-22,0
CUST_00140,SKU_00300,2026-05-27,10,0,0.37,49.6,3,4,2026-04-29,0
CUST_00055,SKU_00137,2026-05-27,57,0,1.44,39.5,10,21,2026-04-20,0
CUST_00093,SKU_00235,2026-05-27,18,0,0.57,31.6,7,3,2026-05-09,0
CUST_00070,SKU_00263,2026-05-27,16,0,0.36,260.4,3,4,2026-04-02,0
CUST_00010,SKU_00268,2026-05-27,34,0,0.64,53.2,7,3,2026-04-20,0
CUST_00121,SKU_00272,2026-05-27,3,0,1.87,1.6,14,17,2026-04-26,0
CUST_00110,SKU_00242,2026-05-27,6,0,1.05,5.7,10,6,2026-04-20,0
CUST_00068,SKU_00176,2026-05-27,28,0,1.85,15.1,24,9,2026-05-01,0
CUST_00103,SKU_00105,2026-05-27,30,0,0.92,32.7,11,5,2026-04-05,0
CUST_00117,SKU_00126,2026-05-27,3,0,1.88,1.6,18,24,2026-05-07,0
CUST_00079,SKU_00117,2026-05-27,23,0,0.89,25.8,10,2,2026-05-04,0
CUST_00172,SKU_00002,2026-05-27,1,0,1.48,0.7,16,15,2026-04-30,0
CUST_00132,SKU_00042,2026-05-27,14,0,1.8,7.8,16,21,2026-04-14,0
CUST_00064,SKU_00046,2026-05-27,7,1,1.18,5.1,15,4,2026-04-06,0
CUST_00118,SKU_00200,2026-05-27,2,0,1.28,1.6,12,7,2026-05-06,0
CUST_00029,SKU_00120,2026-05-27,3,0,0.92,3.3,9,8,2026-04-25,0
CUST_00081,SKU_00271,2026-05-27,37,0,1.85,20.0,24,10,2026-05-02,0
CUST_00038,SKU_00022,2026-05-27,11,0,433.33,0.0,5261,3677,2026-04-22,0
CUST_00145,SKU_00278,2026-05-27,21,0,1.76,11.9,16,24,2026-04-11,0
CUST_00155,SKU_00213,2026-05-27,38,0,0.5,75.9,6,3,2026-04-23,0
CUST_00032,SKU_00239,2026-05-27,23,0,0.19,213.9,1,1,2026-05-03,2
CUST_00187,SKU_00189,2026-05-27,0,0,1.11,0.0,12,9,2026-04-29,0
CUST_00021,SKU_00120,2026-05-27,0,0,0.13,52.4,1,0,2026-04-07,0
CUST_00123,SKU_00195,2026-05-27,27,0,1.79,15.1,24,11,2026-05-21,0
CUST_00110,SKU_00222,2026-05-27,4,0,0.04,124.5,0,0,2026-05-16,0
CUST_00147,SKU_00092,2026-05-27,9,0,76.06,0.1,1036,993,2026-05-13,0
CUST_00057,SKU_00017,2026-05-27,48,0,1.95,24.6,22,9,2026-04-01,0
CUST_00150,SKU_00095,2026-05-27,6,0,1.94,3.1,15,10,2026-05-12,0
CUST_00086,SKU_00054,2026-05-27,37,0,1.15,32.1,14,7,2026-04-25,0
CUST_00177,SKU_00277,2026-05-27,39,0,0.46,120.1,4,3,2026-03-31,2
CUST_00078,SKU_00041,2026-05-27,3,0,0.13,114.5,0,0,2026-04-24,0
CUST_00128,SKU_00141,2026-05-27,55,0,1.51,36.5,20,8,2026-04-18,0
CUST_00161,SKU_00225,2026-05-27,4,0,1.11,3.6,15,9,2026-05-02,0
CUST_00175,SKU_00100,2026-05-27,4,0,0.68,5.9,6,3,2026-03-31,0
CUST_00067,SKU_00003,2026-05-27,68,0,0.31,94.6,4,0,2026-05-17,0
CUST_00041,SKU_00259,2026-05-27,16,0,1.48,10.8,18,12,2026-04-25,0
CUST_00139,SKU_00262,2026-05-27,6,0,0.47,46.2,4,3,2026-05-02,0
CUST_00064,SKU_00080,2026-05-27,28,1,1.61,16.8,20,12,2026-05-10,0
CUST_00131,SKU_00204,2026-05-27,10,0,1.5,6.7,11,7,2026-05-10,0
CUST_00074,SKU_00185,2026-05-27,71,0,0.58,122.8,7,7,2026-05-13,5
CUST_00070,SKU_00286,2026-05-27,11,0,84.11,0.1,660,1002,2026-05-04,0
CUST_00057,SKU_00067,2026-05-27,26,0,1.67,15.6,20,18,2026-04-15,0
CUST_00023,SKU_00084,2026-05-27,9,0,0.4,34.0,2,4,2026-04-04,0
CUST_00198,SKU_00045,2026-05-27,6,0,1.76,3.4,22,7,2026-04-02,0
CUST_00158,SKU_00137,2026-05-27,6,0,1.9,3.2,22,12,2026-04-06,0
CUST_00047,SKU_00269,2026-05-27,2,0,0.71,2.8,8,3,2026-05-11,0
CUST_00135,SKU_00292,2026-05-27,7,0,0.48,48.1,5,6,2026-04-12,0
CUST_00087,SKU_00049,2026-05-27,8,0,55.5,0.1,409,508,2026-04-23,0
CUST_00168,SKU_00030,2026-05-27,6,0,1.34,4.5,13,8,2026-05-17,0
CUST_00098,SKU_00125,2026-05-27,11,0,0.34,42.4,4,1,2026-03-30,0
CUST_00055,SKU_00047,2026-05-27,54,0,1.09,49.5,10,6,2026-04-22,2
CUST_00162,SKU_00095,2026-05-27,22,0,1.5,14.7,19,9,2026-04-17,0
CUST_00049,SKU_00092,2026-05-27,4,0,47.0,0.1,520,289,2026-04-01,0
CUST_00031,SKU_00118,2026-05-27,19,0,1.11,17.2,10,6,2026-05-19,0
CUST_00074,SKU_00119,2026-05-27,25,0,1.28,19.5,10,7,2026-05-10,0
CUST_00187,SKU_00280,2026-05-27,10,0,1.32,7.6,12,10,2026-04-06,0
CUST_00093,SKU_00254,2026-05-27,3,0,1.12,2.7,15,12,2026-05-01,0
CUST_00176,SKU_00281,2026-05-27,29,4,0.0,31.5,0,0,2026-04-07,0
CUST_00111,SKU_00089,2026-05-27,0,0,1.4,0.0,10,19,2026-05-08,0
CUST_00169,SKU_00171,2026-05-27,27,0,1.34,20.1,14,18,2026-05-24,1
CUST_00101,SKU_00101,2026-05-27,28,0,1.63,17.1,20,10,2026-05-22,0
CUST_00112,SKU_00295,2026-05-27,5,0,0.29,32.4,3,1,2026-04-02,0
CUST_00084,SKU_00088,2026-05-27,13,0,0.13,245.1,0,0,2026-05-21,0
CUST_00160,SKU_00143,2026-05-27,2,0,1.93,1.0,21,10,2026-03-30,0
CUST_00116,SKU_00162,2026-05-27,15,1,1.17,12.0,14,16,2026-04-06,0
CUST_00099,SKU_00208,2026-05-27,12,0,1.14,10.5,9,12,2026-04-12,0
CUST_00002,SKU_00013,2026-05-27,16,0,0.15,248.3,1,0,2026-04-28,0
CUST_00015,SKU_00257,2026-05-27,84,0,0.9,93.4,8,12,2026-04-15,0
CUST_00193,SKU_00117,2026-05-27,2,0,0.84,2.4,9,3,2026-05-09,0
CUST_00005,SKU_00281,2026-05-27,14,0,1.35,10.4,9,12,2026-05-25,0
CUST_00056,SKU_00137,2026-05-27,2,0,62.17,0.0,828,619,2026-04-14,0
CUST_00099,SKU_00257,2026-05-27,50,0,0.55,91.5,5,3,2026-04-10,0
CUST_00050,SKU_00131,2026-05-27,11,1,112.44,0.1,816,1564,2026-05-18,0
CUST_00124,SKU_00269,2026-05-27,1,0,0.88,1.1,6,6,2026-05-04,0
CUST_00165,SKU_00086,2026-05-27,25,0,0.18,109.9,1,1,2026-04-15,0
CUST_00116,SKU_00166,2026-05-27,34,5,0.04,150.6,0,0,2026-04-16,0
CUST_00084,SKU_00225,2026-05-27,3,0,1.83,1.6,18,25,2026-04-02,0
CUST_00076,SKU_00145,2026-05-27,50,0,0.0,105.6,0,0,2026-04-09,0
CUST_00184,SKU_00158,2026-05-27,4,0,0.03,178.3,0,0,2026-05-16,0
CUST_00088,SKU_00151,2026-05-27,16,0,1.56,10.2,20,22,2026-05-01,0
CUST_00083,SKU_00150,2026-05-27,9,0,0.62,14.5,5,3,2026-05-01,0
CUST_00174,SKU_00193,2026-05-27,13,0,1.29,10.1,13,9,2026-04-24,0
CUST_00086,SKU_00158,2026-05-27,7,0,0.23,157.3,2,1,2026-05-19,0
CUST_00044,SKU_00029,2026-05-27,0,0,0.45,185.4,6,3,2026-05-06,0
CUST_00006,SKU_00175,2026-05-27,10,0,1.03,9.7,8,4,2026-05-13,0
CUST_00196,SKU_00280,2026-05-27,2,0,1.82,1.1,12,13,2026-04-23,0
CUST_00005,SKU_00286,2026-05-27,15,0,1.34,11.2,15,10,2026-04-17,0
CUST_00005,SKU_00017,2026-05-27,81,0,1.32,61.4,14,9,2026-05-08,0
CUST_00196,SKU_00102,2026-05-27,2,0,0.41,255.0,3,1,2026-04-20,0
CUST_00050,SKU_00176,2026-05-27,34,0,0.87,39.3,9,6,2026-04-05,0
CUST_00141,SKU_00021,2026-05-27,6,0,1.02,5.9,13,13,2026-04-07,0
CUST_00138,SKU_00281,2026-05-27,26,0,1.14,22.8,14,13,2026-05-09,0
CUST_00016,SKU_00285,2026-05-27,8,1,1.84,3.8,16,27,2026-04-29,0
CUST_00175,SKU_00014,2026-05-27,9,0,0.67,13.5,6,6,2026-05-06,0
CUST_00100,SKU_00102,2026-05-27,2,0,1.27,1.6,9,10,2026-04-30,0
CUST_00092,SKU_00108,2026-05-27,76,7,0.84,81.7,9,8,2026-03-30,0
CUST_00150,SKU_00156,2026-05-27,32,0,0.51,63.3,3,1,2026-05-04,0
CUST_00161,SKU_00205,2026-05-27,12,0,0.03,31.0,0,0,2026-05-24,0
CUST_00066,SKU_00161,2026-05-27,6,0,0.55,10.9,6,6,2026-05-01,0
CUST_00057,SKU_00222,2026-05-27,87,0,0.67,129.3,5,3,2026-05-20,0
CUST_00124,SKU_00045,2026-05-27,90,0,0.54,167.2,5,4,2026-04-13,0
CUST_00022,SKU_00157,2026-05-27,5,0,1.86,2.7,14,12,2026-04-12,0
CUST_00075,SKU_00261,2026-05-27,23,0,1.69,13.6,18,10,2026-04-19,0
CUST_00005,SKU_00014,2026-05-27,7,0,1.18,6.0,9,3,2026-04-30,0
CUST_00154,SKU_00254,2026-05-27,28,0,0.42,257.2,5,1,2026-04-21,1
CUST_00199,SKU_00009,2026-05-27,10,0,0.97,10.4,8,9,2026-03-29,0
CUST_00153,SKU_00111,2026-05-27,5,0,0.5,10.0,4,4,2026-04-08,0
CUST_00003,SKU_00048,2026-05-27,21,4,0.91,18.8,10,6,2026-05-22,0
CUST_00126,SKU_00076,2026-05-27,5,0,0.79,6.3,7,9,2026-04-16,0
CUST_00104,SKU_00292,2026-05-27,5,0,0.61,8.2,6,9,2026-05-07,0
CUST_00132,SKU_00285,2026-05-27,6,0,1.95,3.1,18,10,2026-04-28,0
CUST_00082,SKU_00122,2026-05-27,28,2,0.11,176.5,1,0,2026-04-05,0
CUST_00085,SKU_00278,2026-05-27,3,0,0.16,98.8,1,1,2026-04-02,0
CUST_00146,SKU_00238,2026-05-27,26,0,1.55,16.8,16,12,2026-05-05,0
CUST_00123,SKU_00157,2026-05-27,6,0,0.2,108.5,2,0,2026-05-18,0
CUST_00042,SKU_00189,2026-05-27,41,7,0.74,46.0,9,7,2026-05-12,0
CUST_00193,SKU_00055,2026-05-27,5,0,0.69,7.2,5,4,2026-05-23,0
CUST_00037,SKU_00141,2026-05-27,6,0,0.34,94.3,2,2,2026-05-20,0
CUST_00179,SKU_00038,2026-05-27,31,5,1.52,17.1,15,19,2026-04-22,0
CUST_00159,SKU_00109,2026-05-27,2,0,1.58,1.3,20,13,2026-04-22,0
CUST_00076,SKU_00296,2026-05-27,3,0,1.2,2.5,16,10,2026-05-01,0
CUST_00018,SKU_00201,2026-05-27,119,0,1.15,103.4,8,7,2026-05-06,0
CUST_00016,SKU_00001,2026-05-27,5,0,1.75,2.9,22,9,2026-04-09,0
CUST_00128,SKU_00024,2026-05-27,10,0,119.33,0.1,1597,532,2026-04-18,0
CUST_00090,SKU_00244,2026-05-27,7,0,1.98,3.5,19,9,2026-04-10,0
CUST_00076,SKU_00053,2026-05-27,26,0,1.31,19.8,11,18,2026-05-25,0
CUST_00199,SKU_00218,2026-05-27,5,0,0.6,8.4,8,3,2026-05-19,0
CUST_00133,SKU_00179,2026-05-27,3,0,1.44,2.1,19,13,2026-04-11,0
CUST_00150,SKU_00050,2026-05-27,6,0,0.44,125.7,4,4,2026-05-12,0
CUST_00164,SKU_00164,2026-05-27,17,0,1.73,9.8,14,12,2026-05-11,0
CUST_00009,SKU_00062,2026-05-27,7,0,1.04,6.8,10,9,2026-05-13,0
CUST_00062,SKU_00057,2026-05-27,5,0,90.11,0.1,780,970,2026-04-07,0
CUST_00106,SKU_00184,2026-05-27,2,0,0.22,65.8,1,1,2026-05-16,0
CUST_00111,SKU_00145,2026-05-27,11,1,18.06,0.6,231,210,2026-05-24,0
CUST_00186,SKU_00269,2026-05-27,39,0,0.3,153.9,3,1,2026-05-02,0
CUST_00167,SKU_00215,2026-05-27,50,0,0.52,97.0,6,6,2026-05-07,0
CUST_00125,SKU_00135,2026-05-27,62,0,0.03,241.2,0,0,2026-04-12,0
CUST_00046,SKU_00003,2026-05-27,4,0,0.52,7.6,4,4,2026-04-01,0
CUST_00151,SKU_00152,2026-05-27,7,0,0.77,9.1,8,7,2026-04-25,0
CUST_00125,SKU_00049,2026-05-27,81,0,1.29,62.6,14,6,2026-04-05,0
CUST_00060,SKU_00282,2026-05-27,53,0,1.17,45.2,11,12,2026-05-12,0
CUST_00116,SKU_00119,2026-05-27,10,0,0.43,242.3,6,1,2026-05-12,0
CUST_00101,SKU_00228,2026-05-27,12,1,1.23,8.9,10,9,2026-05-17,0
CUST_00021,SKU_00029,2026-05-27,2,0,0.78,2.6,7,5,2026-04-07,0
CUST_00163,SKU_00101,2026-05-27,22,0,1.42,15.5,12,6,2026-04-19,2
CUST_00031,SKU_00127,2026-05-27,43,0,1.16,37.0,8,7,2026-04-18,0
CUST_00044,SKU_00149,2026-05-27,12,0,0.02,136.2,0,0,2026-04-10,0
CUST_00193,SKU_00006,2026-05-27,4,0,0.66,6.1,4,7,2026-04-11,0
CUST_00017,SKU_00193,2026-05-27,1,0,1.0,1.0,7,12,2026-04-16,0
CUST_00078,SKU_00104,2026-05-27,17,0,0.47,240.7,3,2,2026-05-01,0
CUST_00109,SKU_00283,2026-05-27,7,0,1.41,5.0,18,15,2026-04-22,0
CUST_00025,SKU_00278,2026-05-27,13,0,0.91,14.4,9,6,2026-04-08,0
CUST_00110,SKU_00086,2026-05-27,7,0,0.93,7.5,10,8,2026-05-23,0
CUST_00149,SKU_00095,2026-05-27,69,0,0.82,83.8,7,10,2026-04-07,0
CUST_00019,SKU_00260,2026-05-27,12,0,1.83,6.6,16,9,2026-04-13,0
CUST_00005,SKU_00127,2026-05-27,58,0,1.68,34.4,13,5,2026-04-17,0
CUST_00055,SKU_00041,2026-05-27,2,0,1.56,1.3,11,9,2026-05-24,0
CUST_00145,SKU_00029,2026-05-27,1,0,0.56,1.8,4,6,2026-03-29,0
CUST_00192,SKU_00100,2026-05-27,1,0,1.32,0.8,14,13,2026-04-11,0
CUST_00086,SKU_00147,2026-05-27,106,0,1.94,54.6,23,18,2026-04-26,0
CUST_00104,SKU_00140,2026-05-27,4,0,0.21,89.6,2,1,2026-04-05,0
CUST_00200,SKU_00077,2026-05-27,42,4,0.11,112.1,0,0,2026-03-31,0
CUST_00196,SKU_00238,2026-05-27,9,0,0.16,216.2,1,0,2026-04-20,0
CUST_00049,SKU_00080,2026-05-27,7,0,0.36,151.3,3,1,2026-04-07,0
CUST_00034,SKU_00035,2026-05-27,2,0,1.08,1.9,10,9,2026-04-14,0
CUST_00007,SKU_00096,2026-05-27,5,0,1.19,4.2,16,10,2026-05-23,0
CUST_00199,SKU_00152,2026-05-27,5,0,88.22,0.1,903,1023,2026-04-20,0
CUST_00029,SKU_00124,2026-05-27,2,0,0.28,88.4,3,1,2026-04-01,0
CUST_00010,SKU_00003,2026-05-27,34,3,0.49,229.7,5,1,2026-04-04,0
CUST_00079,SKU_00216,2026-05-27,1,0,850.22,0.0,7334,5571,2026-04-29,0
CUST_00166,SKU_00292,2026-05-27,28,0,1.95,14.3,25,25,2026-04-30,2
CUST_00129,SKU_00288,2026-05-27,24,0,70.11,0.3,925,768,2026-05-23,1
CUST_00185,SKU_00161,2026-05-27,13,0,0.28,244.2,3,0,2026-05-02,0
CUST_00018,SKU_00179,2026-05-27,23,0,0.21,60.6,2,1,2026-05-03,0
CUST_00148,SKU_00008,2026-05-27,34,0,1.27,26.7,9,9,2026-03-29,0
CUST_00160,SKU_00069,2026-05-27,3,0,1.68,1.8,15,10,2026-04-20,0
CUST_00116,SKU_00062,2026-05-27,6,0,1.84,3.3,21,13,2026-05-19,0
CUST_00136,SKU_00147,2026-05-27,41,0,0.37,94.1,3,4,2026-05-01,0
CUST_00154,SKU_00272,2026-05-27,38,0,1.12,33.9,11,10,2026-05-06,0
CUST_00113,SKU_00300,2026-05-27,65,0,1.34,48.7,15,9,2026-05-11,5
CUST_00140,SKU_00266,2026-05-27,1,0,0.43,100.7,3,6,2026-04-17,0
CUST_00076,SKU_00002,2026-05-27,10,0,0.02,247.8,0,0,2026-05-10,0
CUST_00152,SKU_00282,2026-05-27,2,0,0.85,2.4,10,10,2026-04-21,0
CUST_00158,SKU_00189,2026-05-27,10,1,0.84,10.8,9,7,2026-04-25,0
CUST_00056,SKU_00223,2026-05-27,2,0,0.56,3.6,7,6,2026-05-03,0
CUST_00188,SKU_00217,2026-05-27,7,0,0.23,228.4,2,1,2026-05-11,0
CUST_00006,SKU_00045,2026-05-27,3,0,0.79,3.8,6,2,2026-05-20,0
CUST_00139,SKU_00037,2026-05-27,7,0,0.03,265.1,0,0,2026-05-06,0
CUST_00152,SKU_00277,2026-05-27,15,0,0.01,198.8,0,0,2026-04-16,0
CUST_00134,SKU_00061,2026-05-27,2,0,1.5,1.3,11,12,2026-05-11,0
CUST_00090,SKU_00084,2026-05-27,1,0,1.27,0.8,13,7,2026-05-14,0
CUST_00130,SKU_00166,2026-05-27,9,0,0.97,9.2,10,13,2026-05-02,0
CUST_00026,SKU_00086,2026-05-27,13,0,1.51,8.6,12,21,2026-04-12,0
CUST_00158,SKU_00277,2026-05-27,49,0,1.07,45.6,9,13,2026-05-26,0
CUST_00120,SKU_00279,2026-05-27,38,0,0.66,57.6,6,5,2026-04-13,0
CUST_00089,SKU_00117,2026-05-27,1,0,0.99,1.0,10,13,2026-04-16,0
CUST_00191,SKU_00125,2026-05-27,2,0,1.94,1.0,15,9,2026-04-12,0
CUST_00097,SKU_00002,2026-05-27,52,0,1.22,42.7,12,10,2026-04-22,0
CUST_00180,SKU_00279,2026-05-27,10,0,1.11,9.0,12,4,2026-05-25,0
CUST_00145,SKU_00103,2026-05-27,7,0,0.27,279.9,2,1,2026-04-16,0
CUST_00105,SKU_00287,2026-05-27,9,0,207.39,0.0,1835,2494,2026-04-05,0
CUST_00154,SKU_00212,2026-05-27,0,0,226.33,0.0,2245,1305,2026-04-02,0
CUST_00065,SKU_00298,2026-05-27,0,0,1.33,0.0,12,6,2026-04-07,0
CUST_00004,SKU_00266,2026-05-27,10,0,0.92,10.9,10,4,2026-05-12,0
CUST_00158,SKU_00116,2026-05-27,0,0,1.27,0.0,17,10,2026-04-10,0
CUST_00160,SKU_00171,2026-05-27,31,0,1.19,26.0,12,7,2026-05-23,0
CUST_00114,SKU_00007,2026-05-27,32,0,0.01,261.3,0,0,2026-03-31,0
CUST_00168,SKU_00103,2026-05-27,2,0,0.42,40.3,4,3,2026-04-17,0
CUST_00178,SKU_00284,2026-05-27,0,0,0.07,90.2,0,0,2026-04-01,0
CUST_00101,SKU_00177,2026-05-27,4,0,0.24,290.3,1,3,2026-05-25,0
CUST_00176,SKU_00134,2026-05-27,32,0,1.78,17.9,21,12,2026-04-23,0
CUST_00194,SKU_00110,2026-05-27,40,0,1.47,27.2,19,18,2026-03-30,0
CUST_00039,SKU_00133,2026-05-27,4,0,0.83,4.8,8,4,2026-04-05,0
CUST_00129,SKU_00098,2026-05-27,1,0,1.66,0.6,19,21,2026-04-26,0
CUST_00190,SKU_00059,2026-05-27,16,0,0.58,27.8,6,3,2026-04-01,0
CUST_00038,SKU_00104,2026-05-27,65,12,1.8,29.5,23,14,2026-04-13,0
CUST_00147,SKU_00163,2026-05-27,4,0,0.36,117.0,4,4,2026-04-14,0
CUST_00068,SKU_00210,2026-05-27,2,0,0.72,2.8,5,4,2026-04-07,0
CUST_00019,SKU_00097,2026-05-27,8,0,1.42,5.6,12,9,2026-05-24,0
CUST_00055,SKU_00173,2026-05-27,18,0,0.95,19.0,11,9,2026-05-16,0
CUST_00144,SKU_00293,2026-05-27,8,0,29.28,0.3,327,165,2026-04-09,0
CUST_00168,SKU_00247,2026-05-27,34,2,0.84,38.2,9,5,2026-05-22,0
CUST_00045,SKU_00277,2026-05-27,44,0,1.6,27.6,16,12,2026-04-16,0
CUST_00130,SKU_00045,2026-05-27,27,0,0.38,197.9,4,1,2026-04-10,0
CUST_00066,SKU_00028,2026-05-27,31,0,208.72,0.1,2745,1848,2026-04-22,2
CUST_00150,SKU_00149,2026-05-27,11,0,0.36,178.2,2,1,2026-05-06,0
CUST_00010,SKU_00241,2026-05-27,3,0,0.17,255.0,1,1,2026-05-13,0
CUST_00089,SKU_00297,2026-05-27,5,0,0.89,5.6,7,4,2026-05-11,0
CUST_00023,SKU_00254,2026-05-27,8,0,1.42,5.6,18,16,2026-05-09,0
CUST_00047,SKU_00210,2026-05-27,15,0,1.67,9.0,19,16,2026-05-26,0
CUST_00024,SKU_00197,2026-05-27,6,0,1.87,3.2,14,16,2026-03-30,0
CUST_00028,SKU_00268,2026-05-27,101,0,0.82,123.1,6,10,2026-04-12,0
CUST_00078,SKU_00272,2026-05-27,24,0,1.54,15.6,13,9,2026-05-02,0
CUST_00050,SKU_00065,2026-05-27,8,0,1.94,4.1,24,22,2026-05-23,0
CUST_00162,SKU_00001,2026-05-27,7,0,1.45,4.8,18,10,2026-05-26,0
CUST_00080,SKU_00235,2026-05-27,46,0,1.88,24.5,13,10,2026-04-29,0
CUST_00142,SKU_00123,2026-05-27,7,0,1.58,4.4,19,7,2026-04-29,0
CUST_00052,SKU_00005,2026-05-27,1,0,0.99,1.0,8,7,2026-04-07,0
CUST_00054,SKU_00299,2026-05-27,22,0,0.4,113.2,2,1,2026-04-10,1
CUST_00003,SKU_00090,2026-05-27,2,0,0.14,161.0,1,1,2026-05-07,0
CUST_00024,SKU_00082,2026-05-27,2,0,1.0,2.0,7,9,2026-04-30,0
CUST_00050,SKU_00047,2026-05-27,0,0,0.97,0.0,7,9,2026-04-19,0
CUST_00121,SKU_00268,2026-05-27,7,0,0.06,234.1,0,0,2026-05-02,0
CUST_00184,SKU_00055,2026-05-27,3,0,33.56,0.1,387,253,2026-05-05,0
CUST_00187,SKU_00294,2026-05-27,22,2,0.66,30.2,8,3,2026-05-05,0
CUST_00061,SKU_00122,2026-05-27,2,0,1.9,1.1,24,10,2026-04-10,0
CUST_00005,SKU_00190,2026-05-27,0,0,1.56,0.0,20,15,2026-03-31,0
CUST_00014,SKU_00244,2026-05-27,16,0,1.57,10.2,16,21,2026-04-02,0
CUST_00091,SKU_00188,2026-05-27,18,0,0.11,256.3,0,1,2026-04-18,0
CUST_00151,SKU_00188,2026-05-27,39,0,1.19,32.8,16,10,2026-05-15,0
CUST_00167,SKU_00148,2026-05-27,1,0,0.69,1.5,5,7,2026-05-09,0
CUST_00094,SKU_00225,2026-05-27,2,0,0.23,151.8,2,0,2026-04-06,0
CUST_00150,SKU_00292,2026-05-27,15,0,1.13,13.2,14,12,2026-04-13,0
CUST_00037,SKU_00192,2026-05-27,22,0,1.59,13.8,17,10,2026-04-02,1
CUST_00061,SKU_00117,2026-05-27,4,0,0.47,174.7,4,4,2026-05-22,0
CUST_00171,SKU_00068,2026-05-27,0,0,23.56,0.0,295,199,2026-04-30,0
CUST_00175,SKU_00159,2026-05-27,20,0,0.34,299.0,3,3,2026-03-30,1
CUST_00112,SKU_00124,2026-05-27,4,0,1.45,2.8,10,6,2026-05-16,0
CUST_00048,SKU_00193,2026-05-27,3,0,0.13,110.9,1,1,2026-04-20,0
CUST_00011,SKU_00158,2026-05-27,1,0,1.09,0.9,10,7,2026-05-06,0
CUST_00098,SKU_00288,2026-05-27,6,0,0.67,9.0,7,3,2026-04-10,0
CUST_00092,SKU_00016,2026-05-27,14,0,1.52,9.2,14,8,2026-05-20,0
CUST_00191,SKU_00155,2026-05-27,4,0,0.54,7.4,4,1,2026-04-03,0
CUST_00039,SKU_00138,2026-05-27,16,0,1.85,8.6,17,19,2026-05-24,0
CUST_00021,SKU_00187,2026-05-27,8,0,1.14,7.0,14,5,2026-03-31,0
CUST_00109,SKU_00146,2026-05-27,30,0,1.56,19.3,11,9,2026-05-09,0
CUST_00069,SKU_00288,2026-05-27,6,0,0.59,10.3,6,5,2026-04-27,0
CUST_00016,SKU_00023,2026-05-27,29,1,1.16,24.0,11,12,2026-05-06,1
CUST_00124,SKU_00218,2026-05-27,1,0,1.92,0.5,25,16,2026-03-31,0
CUST_00167,SKU_00016,2026-05-27,15,0,0.96,15.7,12,10,2026-04-29,0
CUST_00189,SKU_00173,2026-05-27,11,0,1.31,8.4,15,9,2026-04-13,0
CUST_00072,SKU_00210,2026-05-27,1,0,1.52,0.7,14,10,2026-04-20,0
CUST_00094,SKU_00058,2026-05-27,12,0,16.72,0.7,223,235,2026-05-18,0
CUST_00083,SKU_00070,2026-05-27,5,0,2.0,2.5,25,25,2026-04-08,0
CUST_00032,SKU_00007,2026-05-27,2,0,1.52,1.3,16,7,2026-05-26,0
CUST_00158,SKU_00091,2026-05-27,7,0,0.66,10.6,4,3,2026-03-29,0
CUST_00151,SKU_00140,2026-05-27,30,0,0.36,189.4,3,3,2026-05-05,0
CUST_00126,SKU_00041,2026-05-27,16,0,1.26,12.7,15,15,2026-05-11,0
CUST_00170,SKU_00192,2026-05-27,8,0,0.72,11.2,9,6,2026-04-15,0
CUST_00158,SKU_00195,2026-05-27,20,0,0.29,72.8,2,1,2026-05-18,0
CUST_00122,SKU_00002,2026-05-27,27,0,0.32,237.6,2,3,2026-05-15,0
CUST_00081,SKU_00074,2026-05-27,1,0,1.43,0.7,14,6,2026-03-31,0
CUST_00007,SKU_00078,2026-05-27,13,0,1.86,7.0,22,16,2026-05-20,0
CUST_00060,SKU_00125,2026-05-27,22,2,0.35,166.4,4,4,2026-04-13,0
CUST_00050,SKU_00173,2026-05-27,69,0,0.63,110.1,5,7,2026-04-21,0
CUST_00131,SKU_00052,2026-05-27,25,4,0.99,21.2,10,6,2026-05-05,0
CUST_00134,SKU_00004,2026-05-27,12,0,0.56,21.4,4,3,2026-05-15,0
CUST_00110,SKU_00213,2026-05-27,13,0,1.45,9.0,16,11,2026-04-13,0
CUST_00015,SKU_00021,2026-05-27,13,0,0.48,190.0,5,1,2026-03-29,0
CUST_00081,SKU_00239,2026-05-27,26,0,0.59,43.9,7,3,2026-04-26,0
CUST_00012,SKU_00282,2026-05-27,32,0,1.07,29.8,13,9,2026-05-09,0
CUST_00092,SKU_00195,2026-05-27,50,0,615.28,0.1,8520,1903,2026-04-06,0
CUST_00199,SKU_00168,2026-05-27,34,0,1.86,18.3,24,9,2026-05-21,0
CUST_00024,SKU_00211,2026-05-27,5,0,0.02,59.7,0,0,2026-05-08,0
CUST_00106,SKU_00086,2026-05-27,25,0,1.82,13.7,15,9,2026-05-04,0
CUST_00125,SKU_00215,2026-05-27,4,0,0.55,7.2,7,7,2026-04-29,0
CUST_00142,SKU_00041,2026-05-27,0,0,1.53,0.0,20,6,2026-04-26,0
CUST_00135,SKU_00211,2026-05-27,13,0,1.88,6.9,23,24,2026-05-13,0
CUST_00137,SKU_00285,2026-05-27,4,0,0.92,4.4,11,9,2026-05-05,0
CUST_00052,SKU_00287,2026-05-27,2,0,1.67,1.2,19,21,2026-05-10,0
CUST_00024,SKU_00231,2026-05-27,34,0,0.47,214.4,5,3,2026-05-21,0
CUST_00028,SKU_00089,2026-05-27,12,0,1.15,10.4,12,15,2026-05-21,0
CUST_00050,SKU_00111,2026-05-27,1,0,0.22,285.9,1,1,2026-03-29,0
CUST_00022,SKU_00250,2026-05-27,10,0,1.49,6.7,11,12,2026-05-17,0
CUST_00060,SKU_00155,2026-05-27,6,0,1.53,3.9,17,12,2026-05-06,0
CUST_00013,SKU_00034,2026-05-27,4,0,0.46,241.2,5,1,2026-05-01,0
CUST_00132,SKU_00083,2026-05-27,12,0,46.0,0.3,328,594,2026-04-18,0
CUST_00193,SKU_00139,2026-05-27,1,0,1.94,0.5,15,19,2026-03-29,0
CUST_00030,SKU_00166,2026-05-27,30,3,1.25,21.6,14,4,2026-04-24,2
CUST_00091,SKU_00146,2026-05-27,3,0,0.67,4.5,8,4,2026-05-10,0
CUST_00170,SKU_00182,2026-05-27,19,0,1.68,11.3,19,12,2026-04-13,0
CUST_00155,SKU_00260,2026-05-27,16,0,1.1,14.6,13,8,2026-05-05,0
CUST_00111,SKU_00163,2026-05-27,104,0,0.67,154.2,5,7,2026-04-09,0
CUST_00037,SKU_00287,2026-05-27,2,0,0.64,3.1,5,4,2026-04-25,0
CUST_00036,SKU_00044,2026-05-27,14,0,0.81,17.3,10,4,2026-04-20,0
CUST_00088,SKU_00012,2026-05-27,8,0,0.81,9.9,6,4,2026-05-15,0
CUST_00026,SKU_00144,2026-05-27,12,0,1.2,10.0,14,13,2026-05-04,0
CUST_00049,SKU_00276,2026-05-27,2,0,1.78,1.1,23,16,2026-05-12,0
CUST_00153,SKU_00236,2026-05-27,5,0,1.5,3.3,20,10,2026-05-12,0
CUST_00075,SKU_00009,2026-05-27,32,0,18.67,1.7,147,262,2026-05-22,0
CUST_00147,SKU_00281,2026-05-27,8,0,1.57,5.1,19,13,2026-04-01,0
CUST_00031,SKU_00048,2026-05-27,0,0,0.86,0.0,9,8,2026-04-13,0
CUST_00049,SKU_00208,2026-05-27,0,0,1.27,0.0,13,7,2026-04-25,0
CUST_00149,SKU_00182,2026-05-27,6,0,1.54,3.9,11,12,2026-04-07,0
CUST_00198,SKU_00218,2026-05-27,6,0,1.4,4.3,12,10,2026-05-25,0
CUST_00128,SKU_00154,2026-05-27,5,0,0.94,5.3,8,7,2026-04-03,0
CUST_00083,SKU_00185,2026-05-27,7,0,1.09,6.4,13,7,2026-04-06,0
CUST_00134,SKU_00221,2026-05-27,5,0,1.51,3.3,12,9,2026-05-04,0
CUST_00036,SKU_00071,2026-05-27,9,0,1.82,4.9,13,14,2026-04-20,0
CUST_00165,SKU_00222,2026-05-27,127,0,0.75,170.1,10,6,2026-04-23,0
CUST_00165,SKU_00188,2026-05-27,13,0,1.94,6.7,14,10,2026-04-14,0
CUST_00146,SKU_00298,2026-05-27,13,0,0.94,13.8,10,3,2026-05-16,0
CUST_00045,SKU_00286,2026-05-27,5,0,1.31,3.8,10,7,2026-04-28,0
CUST_00055,SKU_00014,2026-05-27,43,0,1.16,37.0,13,10,2026-05-12,0
CUST_00099,SKU_00250,2026-05-27,1,0,0.36,95.5,4,1,2026-05-25,0
CUST_00003,SKU_00122,2026-05-27,26,0,1.82,14.3,15,15,2026-05-24,1
CUST_00127,SKU_00290,2026-05-27,52,7,0.65,69.6,6,4,2026-05-08,0
CUST_00166,SKU_00205,2026-05-27,9,0,196.0,0.0,2136,2065,2026-04-14,0
CUST_00076,SKU_00151,2026-05-27,6,0,0.15,242.0,1,0,2026-05-03,0
CUST_00109,SKU_00175,2026-05-27,6,0,0.75,8.0,9,4,2026-04-30,0
CUST_00109,SKU_00138,2026-05-27,6,0,0.28,41.6,2,1,2026-03-29,0
CUST_00123,SKU_00279,2026-05-27,47,0,1.55,30.4,17,4,2026-05-20,0
CUST_00052,SKU_00193,2026-05-27,18,0,0.99,18.2,8,10,2026-04-25,0
CUST_00056,SKU_00107,2026-05-27,7,0,0.13,217.1,1,0,2026-05-08,0
CUST_00150,SKU_00233,2026-05-27,2,0,1.21,1.7,16,7,2026-04-05,0
CUST_00178,SKU_00104,2026-05-27,5,0,0.86,5.8,9,4,2026-04-17,0
CUST_00133,SKU_00077,2026-05-27,5,0,1.92,2.6,16,7,2026-05-11,0
CUST_00173,SKU_00293,2026-05-27,8,0,0.32,72.1,3,2,2026-04-10,0
CUST_00078,SKU_00046,2026-05-27,4,0,0.42,282.1,5,1,2026-04-12,0
CUST_00103,SKU_00105,2026-05-27,10,0,1.84,5.4,14,17,2026-04-16,0
CUST_00068,SKU_00242,2026-05-27,16,0,1.94,8.3,25,15,2026-05-04,1
CUST_00160,SKU_00114,2026-05-27,59,9,1.99,25.1,18,9,2026-04-03,0
CUST_00031,SKU_00100,2026-05-27,19,0,0.75,25.2,5,2,2026-04-30,0
CUST_00079,SKU_00135,2026-05-27,14,0,1.03,13.6,12,10,2026-04-15,0
CUST_00060,SKU_00212,2026-05-27,5,0,1.03,4.9,14,10,2026-05-22,0
CUST_00024,SKU_00173,2026-05-27,9,0,1.98,4.6,24,7,2026-05-11,0
CUST_00133,SKU_00210,2026-05-27,4,0,0.59,6.8,8,5,2026-04-25,0
CUST_00162,SKU_00114,2026-05-27,4,0,1.6,2.5,11,15,2026-05-13,0
CUST_00072,SKU_00204,2026-05-27,19,0,0.78,24.4,7,4,2026-05-03,0
CUST_00040,SKU_00071,2026-05-27,10,0,0.14,290.6,1,1,2026-05-15,0
CUST_00062,SKU_00257,2026-05-27,10,0,1.81,5.5,15,25,2026-05-20,0
CUST_00102,SKU_00272,2026-05-27,9,0,1.06,8.5,7,15,2026-03-31,0
CUST_00135,SKU_00012,2026-05-27,1,0,0.85,1.2,7,6,2026-05-11,0
CUST_00098,SKU_00176,2026-05-27,23,0,0.43,34.2,4,3,2026-04-19,0
CUST_00101,SKU_00228,2026-05-27,9,0,0.22,281.8,1,3,2026-04-25,0
CUST_00037,SKU_00012,2026-05-27,2,0,575.22,0.0,6818,5711,2026-04-10,0
CUST_00084,SKU_00015,2026-05-27,22,0,1.4,15.7,14,19,2026-05-12,0
CUST_00140,SKU_00228,2026-05-27,0,0,1.72,0.0,22,15,2026-04-06,0
CUST_00078,SKU_00154,2026-05-27,32,0,0.17,40.4,1,0,2026-04-25,0
CUST_00167,SKU_00300,2026-05-27,27,0,0.79,34.3,10,9,2026-04-06,0
CUST_00168,SKU_00240,2026-05-27,11,0,0.81,13.5,8,5,2026-04-18,0
CUST_00005,SKU_00110,2026-05-27,18,0,1.23,14.7,9,7,2026-05-18,0
CUST_00026,SKU_00093,2026-05-27,39,0,0.59,65.8,4,4,2026-05-17,3
CUST_00184,SKU_00252,2026-05-27,1,0,1.07,0.9,9,4,2026-05-22,0
CUST_00035,SKU_00213,2026-05-27,10,0,0.71,14.1,8,6,2026-04-27,0
CUST_00046,SKU_00007,2026-05-27,7,0,1.46,4.8,18,19,2026-05-10,0
CUST_00103,SKU_00160,2026-05-27,28,0,0.64,43.5,5,4,2026-04-11,0
CUST_00094,SKU_00015,2026-05-27,13,0,0.41,261.9,5,4,2026-05-11,0
CUST_00008,SKU_00144,2026-05-27,2,0,22.06,0.1,271,229,2026-05-03,0
CUST_00133,SKU_00229,2026-05-27,1,0,0.85,1.2,6,7,2026-04-15,0
CUST_00140,SKU_00194,2026-05-27,38,6,1.41,22.6,13,7,2026-04-21,0
CUST_00148,SKU_00027,2026-05-27,31,0,0.64,48.5,7,1,2026-05-08,0
CUST_00181,SKU_00063,2026-05-27,16,0,0.88,18.3,11,5,2026-05-25,0
CUST_00147,SKU_00029,2026-05-27,33,0,1.76,18.7,20,18,2026-04-30,0
CUST_00136,SKU_00122,2026-05-27,9,0,0.98,9.2,8,4,2026-04-07,0
CUST_00113,SKU_00280,2026-05-27,4,0,1.35,3.0,13,10,2026-04-08,0
CUST_00170,SKU_00022,2026-05-27,31,0,1.2,25.8,9,15,2026-04-18,0
CUST_00176,SKU_00224,2026-05-27,6,0,64.78,0.1,826,306,2026-05-14,0
CUST_00099,SKU_00200,2026-05-27,38,3,0.69,50.5,8,9,2026-04-14,0
CUST_00052,SKU_00219,2026-05-27,0,0,1.88,0.0,13,13,2026-04-13,0
CUST_00162,SKU_00267,2026-05-27,2,0,0.29,214.4,2,1,2026-05-13,0
CUST_00075,SKU_00129,2026-05-27,5,0,0.52,9.7,5,6,2026-03-30,0
CUST_00003,SKU_00235,2026-05-27,9,0,0.12,299.2,1,0,2026-04-04,0
CUST_00200,SKU_00061,2026-05-27,12,0,0.08,160.1,0,0,2026-04-20,0
CUST_00066,SKU_00033,2026-05-27,9,0,1.07,8.4,9,13,2026-04-14,0
CUST_00156,SKU_00265,2026-05-27,15,0,1.64,9.1,12,10,2026-05-10,0
CUST_00196,SKU_00272,2026-05-27,20,0,0.99,20.2,10,12,2026-04-30,0
CUST_00095,SKU_00110,2026-05-27,17,0,1.31,13.0,13,5,2026-05-03,0
CUST_00108,SKU_00091,2026-05-27,0,0,0.44,233.5,5,3,2026-05-13,0
CUST_00114,SKU_00245,2026-05-27,17,0,0.14,136.4,0,0,2026-05-22,0
CUST_00112,SKU_00184,2026-05-27,7,0,0.34,148.4,3,4,2026-04-25,0
CUST_00149,SKU_00085,2026-05-27,1,0,0.48,263.9,3,4,2026-03-29,0
CUST_00196,SKU_00183,2026-05-27,2,0,0.74,2.7,6,6,2026-05-19,0
CUST_00018,SKU_00053,2026-05-27,7,0,1.42,4.9,18,15,2026-04-24,0
CUST_00076,SKU_00160,2026-05-27,28,0,1.03,27.2,11,7,2026-04-02,0
CUST_00083,SKU_00118,2026-05-27,17,0,1.6,10.6,12,18,2026-04-07,0
CUST_00054,SKU_00248,2026-05-27,75,0,259.44,0.3,1945,952,2026-04-24,0
CUST_00018,SKU_00232,2026-05-27,4,0,1.4,2.9,17,7,2026-04-14,0
CUST_00165,SKU_00001,2026-05-27,5,0,0.44,119.8,3,6,2026-04-06,0
CUST_00034,SKU_00021,2026-05-27,6,0,1.2,5.0,9,4,2026-05-14,0
CUST_00154,SKU_00109,2026-05-27,16,0,0.53,30.1,5,1,2026-04-30,0
CUST_00172,SKU_00055,2026-05-27,7,0,0.8,8.8,7,10,2026-05-02,0
CUST_00117,SKU_00106,2026-05-27,45,0,1.61,27.9,15,15,2026-05-25,0
CUST_00141,SKU_00177,2026-05-27,12,0,1.87,6.4,20,9,2026-04-01,0
CUST_00149,SKU_00174,2026-05-27,6,0,0.99,6.1,12,13,2026-04-06,0
CUST_00140,SKU_00294,2026-05-27,8,0,0.14,262.6,1,0,2026-04-29,0
CUST_00013,SKU_00094,2026-05-27,8,0,1.54,5.2,18,9,2026-05-16,0
CUST_00079,SKU_00034,2026-05-27,29,0,0.63,46.4,6,3,2026-05-20,0
CUST_00052,SKU_00214,2026-05-27,1,0,0.1,62.6,1,0,2026-05-06,0
CUST_00118,SKU_00288,2026-05-27,77,0,1.82,42.4,17,15,2026-04-11,0
CUST_00115,SKU_00213,2026-05-27,7,0,0.37,291.0,5,1,2026-05-12,0
CUST_00024,SKU_00094,2026-05-27,2,0,49.33,0.0,582,534,2026-04-24,0
CUST_00045,SKU_00123,2026-05-27,5,0,0.93,5.4,10,3,2026-04-16,0
CUST_00092,SKU_00133,2026-05-27,9,0,0.09,283.2,1,0,2026-05-15,0
CUST_00139,SKU_00229,2026-05-27,6,1,1.48,3.4,18,19,2026-04-27,0
CUST_00002,SKU_00187,2026-05-27,5,0,0.89,5.6,11,10,2026-04-19,0
CUST_00063,SKU_00291,2026-05-27,6,0,1.72,3.5,14,12,2026-05-05,0
CUST_00014,SKU_00070,2026-05-27,9,0,1.82,4.9,22,9,2026-04-01,0
CUST_00190,SKU_00024,2026-05-27,0,0,1.57,0.0,19,6,2026-04-18,0
CUST_00195,SKU_00070,2026-05-27,6,0,0.94,6.4,10,5,2026-05-01,0
CUST_00120,SKU_00084,2026-05-27,5,0,1.92,2.6,18,8,2026-04-19,0
CUST_00094,SKU_00008,2026-05-27,3,0,1.38,2.2,9,10,2026-04-11,0
CUST_00047,SKU_00149,2026-05-27,17,0,1.01,16.8,11,13,2026-05-21,0
CUST_00125,SKU_00276,2026-05-27,2,0,0.08,229.0,1,0,2026-03-29,0
CUST_00150,SKU_00179,2026-05-27,7,0,58.5,0.1,514,690,2026-05-16,0
CUST_00011,SKU_00270,2026-05-27,6,0,0.31,102.3,2,3,2026-04-20,0
CUST_00129,SKU_00072,2026-05-27,8,0,0.08,130.8,0,0,2026-04-29,0
CUST_00036,SKU_00277,2026-05-27,7,0,1.71,4.1,22,15,2026-05-09,0
CUST_00056,SKU_00066,2026-05-27,11,0,0.34,54.7,3,3,2026-04-14,0
CUST_00131,SKU_00250,2026-05-27,21,0,0.42,44.3,5,4,2026-05-09,0
CUST_00110,SKU_00002,2026-05-27,5,0,0.42,75.1,5,3,2026-04-08,0
CUST_00079,SKU_00280,2026-05-27,0,0,0.15,139.9,1,0,2026-04-24,0
CUST_00183,SKU_00072,2026-05-27,10,1,0.67,13.5,7,3,2026-04-14,0
CUST_00108,SKU_00064,2026-05-27,8,0,0.19,237.1,2,1,2026-05-15,0
CUST_00111,SKU_00185,2026-05-27,1,0,0.05,74.5,0,0,2026-05-13,0
CUST_00035,SKU_00173,2026-05-27,76,13,0.61,103.2,6,4,2026-05-21,0
CUST_00196,SKU_00151,2026-05-27,12,1,0.76,14.5,7,6,2026-04-30,0
CUST_00006,SKU_00247,2026-05-27,30,0,0.37,72.7,2,1,2026-05-03,0
CUST_00199,SKU_00087,2026-05-27,5,0,1.95,2.6,15,13,2026-04-27,0
CUST_00020,SKU_00006,2026-05-27,1,0,0.13,205.1,1,0,2026-05-06,0
CUST_00116,SKU_00212,2026-05-27,2,0,1.86,1.1,23,21,2026-05-06,0
CUST_00137,SKU_00029,2026-05-27,7,0,0.22,173.6,2,1,2026-05-22,0
CUST_00016,SKU_00088,2026-05-27,2,0,83.22,0.0,869,652,2026-05-19,0
CUST_00007,SKU_00105,2026-05-27,50,0,0.41,110.2,5,1,2026-05-08,0
CUST_00129,SKU_00270,2026-05-27,16,2,0.55,25.4,6,3,2026-05-20,0
CUST_00140,SKU_00126,2026-05-27,21,3,0.09,181.8,1,0,2026-05-21,0
CUST_00188,SKU_00089,2026-05-27,2,0,1.66,1.2,21,16,2026-05-06,0
CUST_00124,SKU_00224,2026-05-27,8,0,0.08,94.7,0,0,2026-04-28,0
CUST_00062,SKU_00227,2026-05-27,22,1,1.21,17.3,8,13,2026-04-29,0
CUST_00083,SKU_00113,2026-05-27,37,0,1.21,30.6,8,13,2026-04-25,0
CUST_00166,SKU_00208,2026-05-27,0,0,0.96,0.0,7,12,2026-03-29,0
CUST_00106,SKU_00089,2026-05-27,0,0,1.45,0.0,19,6,2026-04-07,0
CUST_00151,SKU_00233,2026-05-27,23,0,0.88,26.0,6,7,2026-05-09,0
CUST_00174,SKU_00193,2026-05-27,8,0,1.72,4.6,13,15,2026-05-03,0
CUST_00104,SKU_00037,2026-05-27,19,0,1.01,18.8,10,10,2026-03-31,0
CUST_00155,SKU_00182,2026-05-27,0,0,0.13,175.8,1,1,2026-05-03,0
CUST_00191,SKU_00057,2026-05-27,6,0,1.17,5.1,15,12,2026-04-12,0
CUST_00056,SKU_00165,2026-05-27,2,0,1.48,1.3,16,19,2026-03-31,0
CUST_00151,SKU_00032,2026-05-27,3,0,1.73,1.7,21,15,2026-04-19,0
CUST_00168,SKU_00287,2026-05-27,1,0,1.22,0.8,16,6,2026-04-12,0
CUST_00110,SKU_00063,2026-05-27,96,0,1.99,48.3,17,7,2026-05-18,0
CUST_00080,SKU_00002,2026-05-27,1,0,0.7,1.4,8,4,2026-04-06,0
CUST_00062,SKU_00201,2026-05-27,21,0,0.64,33.1,5,3,2026-05-08,0
CUST_00151,SKU_00177,2026-05-27,2,0,1.65,1.2,14,11,2026-05-14,0
CUST_00118,SKU_00116,2026-05-27,8,0,1.19,6.7,10,9,2026-05-17,0
CUST_00108,SKU_00251,2026-05-27,15,0,0.22,257.4,2,1,2026-04-08,0
CUST_00084,SKU_00228,2026-05-27,13,0,1.83,7.1,19,21,2026-05-12,0
CUST_00044,SKU_00024,2026-05-27,22,0,1.44,15.3,13,6,2026-03-30,0
CUST_00051,SKU_00246,2026-05-27,45,0,0.19,229.8,2,1,2026-05-20,1
CUST_00128,SKU_00215,2026-05-27,7,0,0.26,109.0,1,2,2026-05-26,0
CUST_00038,SKU_00209,2026-05-27,0,0,1.97,0.0,21,8,2026-04-15,0
CUST_00115,SKU_00090,2026-05-27,16,0,0.79,20.1,8,7,2026-04-07,0
CUST_00045,SKU_00159,2026-05-27,5,0,0.13,70.5,1,1,2026-05-12,0
CUST_00087,SKU_00057,2026-05-27,2,0,0.19,137.0,1,1,2026-05-06,0
CUST_00078,SKU_00043,2026-05-27,6,0,1.04,5.7,8,7,2026-05-06,0
CUST_00193,SKU_00147,2026-05-27,1,0,1.19,0.8,10,4,2026-03-31,0
CUST_00144,SKU_00095,2026-05-27,32,0,0.05,248.5,0,0,2026-04-10,0
CUST_00063,SKU_00203,2026-05-27,105,0,1.8,58.5,20,8,2026-04-12,0
CUST_00001,SKU_00072,2026-05-27,18,0,1.72,10.5,17,24,2026-04-10,0
CUST_00122,SKU_00218,2026-05-27,5,0,1.83,2.7,20,13,2026-05-24,0
CUST_00130,SKU_00081,2026-05-27,4,0,1.28,3.1,10,12,2026-05-20,0
CUST_00191,SKU_00003,2026-05-27,23,0,0.56,41.1,7,4,2026-04-04,0
CUST_00139,SKU_00045,2026-05-27,8,0,0.06,237.6,0,0,2026-04-08,0
CUST_00003,SKU_00296,2026-05-27,29,3,0.61,42.3,8,4,2026-05-07,0
CUST_00052,SKU_00104,2026-05-27,5,0,1.86,2.7,20,24,2026-05-23,0
CUST_00051,SKU_00069,2026-05-27,6,0,1.8,3.3,21,15,2026-05-19,0
CUST_00190,SKU_00089,2026-05-27,2,0,0.92,2.2,8,7,2026-04-25,0
CUST_00199,SKU_00060,2026-05-27,8,0,1.31,6.1,10,12,2026-04-16,0
CUST_00051,SKU_00145,2026-05-27,2,0,1.41,1.4,17,6,2026-03-31,0
CUST_00036,SKU_00225,2026-05-27,3,0,1.88,1.6,22,10,2026-04-07,0
CUST_00055,SKU_00292,2026-05-27,11,0,0.24,36.8,2,3,2026-04-02,0
CUST_00129,SKU_00009,2026-05-27,0,0,1.58,0.0,14,12,2026-04-21,0
CUST_00180,SKU_00039,2026-05-27,12,0,1.75,6.9,20,22,2026-04-12,0
CUST_00050,SKU_00088,2026-05-27,11,0,1.03,10.7,7,13,2026-05-20,0
CUST_00073,SKU_00250,2026-05-27,2,0,64.22,0.0,694,412,2026-05-16,0
CUST_00069,SKU_00274,2026-05-27,5,0,0.99,5.0,13,5,2026-04-18,0
CUST_00171,SKU_00062,2026-05-27,3,0,1.01,3.0,9,13,2026-04-27,0
CUST_00086,SKU_00166,2026-05-27,34,0,1.13,30.1,9,4,2026-04-22,0
CUST_00121,SKU_00112,2026-05-27,6,0,1.55,3.9,21,7,2026-04-05,0
CUST_00190,SKU_00074,2026-05-27,16,0,1.17,13.7,10,15,2026-05-26,0
CUST_00075,SKU_00129,2026-05-27,64,0,1.1,58.4,9,10,2026-04-13,0
CUST_00001,SKU_00043,2026-05-27,86,0,1.94,44.2,21,28,2026-04-13,0
CUST_00031,SKU_00222,2026-05-27,1,0,1.82,0.6,20,8,2026-05-10,0
CUST_00130,SKU_00080,2026-05-27,25,0,1.99,12.5,14,15,2026-05-17,0
CUST_00125,SKU_00137,2026-05-27,13,0,1.17,11.1,13,10,2026-04-21,0
CUST_00025,SKU_00215,2026-05-27,5,0,0.73,6.8,8,2,2026-04-13,0
CUST_00093,SKU_00217,2026-05-27,10,0,0.37,154.7,3,4,2026-04-21,0
CUST_00110,SKU_00181,2026-05-27,19,0,0.07,140.9,0,0,2026-04-23,0
CUST_00163,SKU_00138,2026-05-27,19,0,0.32,63.8,2,2,2026-05-18,0
CUST_00075,SKU_00047,2026-05-27,4,0,0.82,4.9,10,7,2026-03-29,0
CUST_00113,SKU_00036,2026-05-27,4,0,1.93,2.1,21,10,2026-04-15,0
CUST_00093,SKU_00102,2026-05-27,7,0,1.35,5.2,17,16,2026-04-15,0
CUST_00089,SKU_00182,2026-05-27,1,0,0.42,233.8,4,6,2026-03-31,0
CUST_00185,SKU_00273,2026-05-27,22,1,0.76,27.7,9,4,2026-05-25,0
CUST_00185,SKU_00098,2026-05-27,1,0,1.24,0.8,13,15,2026-04-17,0
CUST_00137,SKU_00150,2026-05-27,12,0,0.21,60.6,1,1,2026-05-23,0
CUST_00052,SKU_00233,2026-05-27,1,0,0.91,1.1,8,4,2026-04-26,0
CUST_00022,SKU_00226,2026-05-27,3,0,1.41,2.1,18,6,2026-05-22,0
CUST_00105,SKU_00222,2026-05-27,15,0,1.3,11.5,12,12,2026-05-25,0
CUST_00047,SKU_00017,2026-05-27,17,0,1.86,9.1,15,21,2026-05-01,1
CUST_00029,SKU_00142,2026-05-27,1,0,1.8,0.6,23,13,2026-04-10,0
CUST_00014,SKU_00121,2026-05-27,2,0,0.09,151.4,1,0,2026-04-21,0
CUST_00001,SKU_00008,2026-05-27,0,0,1.11,0.0,11,15,2026-04-22,0
CUST_00011,SKU_00166,2026-05-27,33,0,1.89,17.5,20,24,2026-05-20,0
CUST_00182,SKU_00062,2026-05-27,5,0,1.68,3.0,21,7,2026-04-23,0
CUST_00187,SKU_00295,2026-05-27,3,0,0.66,4.5,5,9,2026-04-13,0
CUST_00152,SKU_00292,2026-05-27,7,0,1.39,5.0,15,9,2026-05-02,0
CUST_00196,SKU_00011,2026-05-27,2,0,0.44,108.4,5,3,2026-05-09,0
CUST_00017,SKU_00154,2026-05-27,14,0,0.42,130.3,5,6,2026-05-11,0
CUST_00003,SKU_00079,2026-05-27,198,0,0.73,273.1,8,9,2026-05-05,0
CUST_00078,SKU_00173,2026-05-27,22,0,0.64,34.4,7,3,2026-04-08,2
CUST_00150,SKU_00119,2026-05-27,16,0,0.93,17.1,9,12,2026-04-15,0
CUST_00063,SKU_00064,2026-05-27,9,0,0.86,10.5,7,3,2026-04-09,0
CUST_00143,SKU_00022,2026-05-27,27,0,1.46,18.5,18,18,2026-05-09,0
CUST_00127,SKU_00077,2026-05-27,5,0,1.04,4.8,12,9,2026-04-22,0
CUST_00037,SKU_00249,2026-05-27,3,0,0.76,4.0,6,6,2026-05-20,0
CUST_00140,SKU_00116,2026-05-27,8,0,0.87,9.2,10,9,2026-04-24,0
CUST_00134,SKU_00125,2026-05-27,5,0,9.78,0.5,113,138,2026-03-29,0
CUST_00124,SKU_00238,2026-05-27,13,1,0.87,13.8,11,6,2026-04-02,0
CUST_00135,SKU_00243,2026-05-27,12,2,0.53,18.8,5,4,2026-05-13,0
CUST_00008,SKU_00217,2026-05-27,12,1,0.84,13.1,11,9,2026-05-04,0
CUST_00091,SKU_00007,2026-05-27,89,0,0.4,111.9,4,2,2026-05-20,0
CUST_00076,SKU_00060,2026-05-27,7,0,0.3,202.4,2,3,2026-05-10,0
CUST_00090,SKU_00139,2026-05-27,9,1,0.39,137.0,3,3,2026-04-27,0
CUST_00089,SKU_00207,2026-05-27,87,0,0.75,115.9,6,6,2026-05-04,0
CUST_00057,SKU_00184,2026-05-27,51,0,1.73,29.4,17,7,2026-04-12,0
CUST_00126,SKU_00104,2026-05-27,1,0,1.96,0.5,20,18,2026-05-21,0
CUST_00010,SKU_00027,2026-05-27,0,0,0.05,105.3,0,0,2026-04-02,0
CUST_00068,SKU_00170,2026-05-27,11,0,0.46,269.1,5,2,2026-04-21,0
CUST_00109,SKU_00285,2026-05-27,9,0,99.72,0.1,1035,639,2026-05-18,0
CUST_00068,SKU_00086,2026-05-27,43,0,0.49,197.6,4,1,2026-04-28,0
CUST_00129,SKU_00280,2026-05-27,10,0,1.07,9.4,12,6,2026-04-18,0
CUST_00046,SKU_00138,2026-05-27,5,0,0.07,263.5,0,0,2026-05-09,0
CUST_00064,SKU_00130,2026-05-27,10,0,1.37,7.3,17,9,2026-05-01,0
CUST_00145,SKU_00201,2026-05-27,15,0,1.9,7.9,17,18,2026-04-01,0
CUST_00139,SKU_00171,2026-05-27,28,0,0.46,237.0,5,3,2026-05-24,0
CUST_00139,SKU_00185,2026-05-27,199,0,1.93,103.1,20,10,2026-04-09,0
CUST_00156,SKU_00268,2026-05-27,12,0,0.93,13.0,12,9,2026-05-08,0
CUST_00033,SKU_00259,2026-05-27,3,0,1.01,3.0,7,13,2026-05-25,0
CUST_00148,SKU_00232,2026-05-27,5,0,0.03,167.5,0,0,2026-05-13,0
CUST_00085,SKU_00099,2026-05-27,13,0,1.5,8.7,15,21,2026-05-07,1
CUST_00131,SKU_00206,2026-05-27,1,0,0.6,1.7,5,7,2026-04-05,0
CUST_00198,SKU_00212,2026-05-27,1,0,1.28,0.8,13,9,2026-04-03,0
CUST_00041,SKU_00093,2026-05-27,4,0,0.94,4.3,12,7,2026-04-24,0
CUST_00050,SKU_00053,2026-05-27,38,0,1.2,31.8,15,7,2026-04-05,1
CUST_00197,SKU_00088,2026-05-27,3,0,0.58,5.2,7,6,2026-04-18,0
CUST_00149,SKU_00293,2026-05-27,11,0,0.52,21.3,6,3,2026-04-15,0
CUST_00119,SKU_00098,2026-05-27,11,0,0.78,14.0,9,7,2026-04-13,0
CUST_00096,SKU_00074,2026-05-27,17,2,0.01,292.8,0,0,2026-04-22,0
CUST_00024,SKU_00020,2026-05-27,17,0,1.58,10.8,12,7,2026-04-17,0
CUST_00096,SKU_00036,2026-05-27,11,1,0.2,129.4,1,1,2026-04-06,0
CUST_00185,SKU_00298,2026-05-27,1,0,1.03,1.0,13,6,2026-04-29,0
CUST_00087,SKU_00288,2026-05-27,26,3,1.98,11.6,19,18,2026-05-18,0
CUST_00165,SKU_00116,2026-05-27,23,0,1.83,12.5,25,12,2026-03-31,0
CUST_00176,SKU_00113,2026-05-27,1,0,0.97,1.0,9,12,2026-03-29,0
CUST_00117,SKU_00002,2026-05-27,155,0,0.41,267.7,3,4,2026-04-22,5
CUST_00091,SKU_00086,2026-05-27,5,0,0.13,98.8,1,0,2026-04-01,0
CUST_00127,SKU_00237,2026-05-27,0,0,0.09,249.9,0,0,2026-05-03,0
CUST_00193,SKU_00176,2026-05-27,6,0,0.59,10.2,4,4,2026-05-12,0
CUST_00117,SKU_00122,2026-05-27,31,0,0.78,39.7,9,9,2026-05-17,0
CUST_00189,SKU_00139,2026-05-27,8,0,0.62,13.0,6,3,2026-04-25,0
CUST_00155,SKU_00276,2026-05-27,12,0,1.33,9.0,14,10,2026-04-14,0
CUST_00104,SKU_00012,2026-05-27,6,0,65.83,0.1,497,982,2026-04-17,0
CUST_00076,SKU_00120,2026-05-27,4,0,0.6,6.7,7,3,2026-05-02,0
CUST_00129,SKU_00122,2026-05-27,15,0,1.1,13.7,15,7,2026-05-08,0
CUST_00080,SKU_00192,2026-05-27,3,0,1.2,2.5,9,13,2026-05-06,0
CUST_00041,SKU_00168,2026-05-27,12,0,0.08,147.9,0,0,2026-04-23,0
CUST_00188,SKU_00196,2026-05-27,19,3,1.2,13.3,14,16,2026-04-26,0
CUST_00070,SKU_00210,2026-05-27,11,0,0.46,260.6,4,3,2026-05-24,0
CUST_00084,SKU_00180,2026-05-27,19,0,0.97,19.5,10,4,2026-04-24,0
CUST_00089,SKU_00138,2026-05-27,1,0,0.7,1.4,5,4,2026-05-25,0
CUST_00126,SKU_00105,2026-05-27,5,0,0.09,180.8,1,0,2026-03-30,0
CUST_00027,SKU_00274,2026-05-27,73,0,1.8,40.6,23,10,2026-05-09,0
CUST_00005,SKU_00175,2026-05-27,4,0,1.95,2.1,26,8,2026-05-25,0
CUST_00121,SKU_00242,2026-05-27,2,0,1.55,1.3,21,5,2026-04-10,0
CUST_00199,SKU_00227,2026-05-27,10,0,1.13,8.8,13,13,2026-04-28,0
CUST_00092,SKU_00149,2026-05-27,73,0,0.49,263.0,4,1,2026-04-11,0
CUST_00107,SKU_00024,2026-05-27,17,0,1.3,13.1,17,10,2026-04-17,0
CUST_00029,SKU_00088,2026-05-27,9,0,0.54,16.7,6,1,2026-05-05,0
CUST_00115,SKU_00020,2026-05-27,2,0,1.21,1.7,11,7,2026-04-08,0
CUST_00063,SKU_00072,2026-05-27,4,0,37.0,0.1,513,333,2026-04-02,0
CUST_00098,SKU_00177,2026-05-27,3,0,1.28,2.3,10,6,2026-04-29,0
CUST_00071,SKU_00110,2026-05-27,34,0,0.34,128.7,3,3,2026-05-17,0
CUST_00160,SKU_00076,2026-05-27,14,0,0.05,197.6,0,0,2026-05-19,0
CUST_00167,SKU_00088,2026-05-27,6,0,0.85,7.1,6,10,2026-04-06,0
CUST_00160,SKU_00194,2026-05-27,5,0,1.62,3.1,20,21,2026-04-22,0
CUST_00013,SKU_00061,2026-05-27,22,2,0.57,35.2,6,4,2026-04-30,0
CUST_00103,SKU_00147,2026-05-27,0,0,0.46,59.9,5,2,2026-03-31,0
CUST_00149,SKU_00289,2026-05-27,17,0,1.65,10.3,18,12,2026-03-31,0
CUST_00008,SKU_00252,2026-05-27,4,0,0.46,288.5,4,3,2026-04-06,0
CUST_00164,SKU_00188,2026-05-27,13,0,1.27,10.2,9,6,2026-04-07,0
CUST_00072,SKU_00292,2026-05-27,3,0,0.73,4.1,7,9,2026-05-26,0
CUST_00081,SKU_00142,2026-05-27,47,0,1.66,28.3,16,10,2026-04-22,3
CUST_00178,SKU_00076,2026-05-27,6,0,1.16,5.2,10,13,2026-04-02,0
CUST_00119,SKU_00294,2026-05-27,23,0,0.87,26.4,10,4,2026-05-06,0
CUST_00058,SKU_00296,2026-05-27,1,0,0.94,1.1,11,7,2026-05-16,0
CUST_00027,SKU_00004,2026-05-27,5,0,1.01,5.0,11,4,2026-05-02,0
CUST_00045,SKU_00286,2026-05-27,2,0,1.68,1.2,13,6,2026-05-10,0
CUST_00045,SKU_00123,2026-05-27,1,0,0.18,295.6,2,0,2026-05-15,0
CUST_00071,SKU_00040,2026-05-27,6,0,1.48,4.0,14,9,2026-05-22,0
CUST_00098,SKU_00072,2026-05-27,5,0,37.33,0.1,306,394,2026-04-19,0
CUST_00022,SKU_00022,2026-05-27,5,0,0.78,6.4,8,5,2026-04-24,0
CUST_00127,SKU_00189,2026-05-27,8,0,0.42,172.2,4,4,2026-03-31,0
CUST_00158,SKU_00014,2026-05-27,2,0,1.6,1.2,22,18,2026-05-26,0
CUST_00125,SKU_00035,2026-05-27,26,0,0.34,267.0,4,1,2026-05-02,0
CUST_00134,SKU_00264,2026-05-27,59,0,0.56,105.4,7,4,2026-04-03,0
CUST_00065,SKU_00292,2026-05-27,17,0,1.79,9.5,17,7,2026-04-01,0
CUST_00033,SKU_00198,2026-05-27,10,0,1.65,6.1,22,15,2026-05-11,0
CUST_00078,SKU_00296,2026-05-27,3,0,1.23,2.4,12,6,2026-04-24,0
CUST_00187,SKU_00162,2026-05-27,3,0,1.16,2.6,9,12,2026-04-12,0
CUST_00085,SKU_00159,2026-05-27,18,0,0.53,33.8,4,4,2026-05-06,0
CUST_00059,SKU_00283,2026-05-27,16,0,0.79,20.2,9,2,2026-05-16,0
CUST_00120,SKU_00021,2026-05-27,47,0,1.71,27.4,19,14,2026-04-15,0
CUST_00144,SKU_00086,2026-05-27,44,0,1.82,24.2,23,7,2026-04-13,0
CUST_00114,SKU_00083,2026-05-27,45,0,1.88,24.0,13,21,2026-05-16,0
CUST_00129,SKU_00280,2026-05-27,2,0,0.82,2.4,7,7,2026-05-21,0
CUST_00099,SKU_00221,2026-05-27,26,0,0.48,46.6,5,4,2026-04-29,0
CUST_00088,SKU_00226,2026-05-27,1,0,1.11,0.9,8,6,2026-05-03,0
CUST_00006,SKU_00176,2026-05-27,7,0,1.66,4.2,21,6,2026-05-12,0
CUST_00109,SKU_00265,2026-05-27,11,0,0.66,16.6,8,6,2026-05-22,0
CUST_00029,SKU_00059,2026-05-27,50,0,0.21,192.8,1,1,2026-05-22,0
CUST_00114,SKU_00131,2026-05-27,28,0,0.52,54.2,5,6,2026-04-20,1
CUST_00070,SKU_00052,2026-05-27,2,0,1.37,1.5,12,13,2026-05-17,0
CUST_00152,SKU_00124,2026-05-27,1,0,1.2,0.8,9,13,2026-04-20,0
CUST_00044,SKU_00091,2026-05-27,2,0,1.68,1.2,18,12,2026-04-26,0
CUST_00188,SKU_00282,2026-05-27,6,0,0.01,119.4,0,0,2026-05-22,0
CUST_00118,SKU_00010,2026-05-27,8,0,0.28,34.4,3,3,2026-05-12,0
CUST_00005,SKU_00003,2026-05-27,3,0,0.12,235.4,1,0,2026-05-14,0
CUST_00024,SKU_00094,2026-05-27,8,0,49.33,0.2,597,424,2026-05-14,0
CUST_00122,SKU_00083,2026-05-27,15,0,0.84,17.9,8,4,2026-05-14,0
CUST_00072,SKU_00245,2026-05-27,38,0,0.87,43.5,9,3,2026-04-01,0
CUST_00069,SKU_00077,2026-05-27,11,0,0.56,19.8,5,4,2026-05-12,0
CUST_00161,SKU_00042,2026-05-27,4,0,0.34,200.7,2,4,2026-04-18,0
CUST_00016,SKU_00175,2026-05-27,8,0,0.62,12.9,7,3,2026-05-20,0
CUST_00183,SKU_00053,2026-05-27,8,0,0.53,15.0,4,7,2026-05-17,0
CUST_00098,SKU_00067,2026-05-27,73,0,0.46,275.7,5,4,2026-04-02,3
CUST_00071,SKU_00239,2026-05-27,6,0,1.31,4.6,12,9,2026-04-08,0
CUST_00083,SKU_00164,2026-05-27,17,0,0.53,31.9,4,6,2026-04-15,0
CUST_00091,SKU_00143,2026-05-27,33,3,0.29,175.5,2,2,2026-05-08,0
CUST_00121,SKU_00203,2026-05-27,15,0,0.61,24.6,6,1,2026-03-31,0
CUST_00070,SKU_00257,2026-05-27,33,0,0.67,49.1,9,9,2026-04-13,2
CUST_00196,SKU_00282,2026-05-27,3,0,1.91,1.6,20,13,2026-04-12,0
CUST_00027,SKU_00041,2026-05-27,5,0,1.95,2.6,16,17,2026-04-14,0
CUST_00122,SKU_00214,2026-05-27,1,0,1.02,1.0,8,7,2026-05-01,0
CUST_00063,SKU_00219,2026-05-27,2,0,0.2,163.3,1,1,2026-05-02,0
CUST_00079,SKU_00110,2026-05-27,8,0,1.71,4.7,13,9,2026-04-30,0
CUST_00153,SKU_00289,2026-05-27,4,0,36.0,0.1,403,391,2026-05-08,0
CUST_00101,SKU_00010,2026-05-27,8,0,0.75,10.6,5,7,2026-04-05,0
CUST_00032,SKU_00291,2026-05-27,11,0,0.54,20.4,5,4,2026-04-08,0
CUST_00125,SKU_00085,2026-05-27,54,5,0.51,96.4,5,6,2026-04-24,0
CUST_00185,SKU_00209,2026-05-27,21,0,1.45,14.5,12,12,2026-03-30,0
CUST_00183,SKU_00184,2026-05-27,13,0,0.49,62.8,3,6,2026-04-13,0
CUST_00189,SKU_00170,2026-05-27,51,0,1.54,33.1,15,15,2026-04-02,0
CUST_00136,SKU_00001,2026-05-27,2,0,1.77,1.1,18,13,2026-05-20,0
CUST_00144,SKU_00021,2026-05-27,4,0,0.97,4.1,11,13,2026-05-05,0
CUST_00017,SKU_00037,2026-05-27,16,0,60.89,0.3,592,540,2026-04-11,0
CUST_00149,SKU_00140,2026-05-27,13,0,0.75,17.4,9,7,2026-04-16,0
CUST_00019,SKU_00206,2026-05-27,43,7,0.82,43.7,7,6,2026-04-29,0
CUST_00053,SKU_00219,2026-05-27,3,0,0.4,295.4,5,4,2026-04-06,0
CUST_00027,SKU_00068,2026-05-27,7,0,0.27,105.1,3,1,2026-05-17,0
CUST_00060,SKU_00041,2026-05-27,33,0,0.88,37.3,8,12,2026-04-01,0
CUST_00048,SKU_00170,2026-05-27,42,0,1.47,28.6,16,10,2026-04-30,0
CUST_00064,SKU_00164,2026-05-27,8,0,0.15,80.5,1,1,2026-03-29,0
CUST_00016,SKU_00072,2026-05-27,3,0,0.39,262.9,3,1,2026-05-04,0
CUST_00024,SKU_00297,2026-05-27,9,1,1.99,4.0,14,19,2026-05-01,0
CUST_00165,SKU_00142,2026-05-27,5,0,1.29,3.9,13,15,2026-05-16,0
CUST_00107,SKU_00119,2026-05-27,124,0,1.38,89.7,16,13,2026-05-21,0
CUST_00048,SKU_00245,2026-05-27,17,0,1.8,9.5,23,5,2026-04-23,0
CUST_00084,SKU_00104,2026-05-27,44,0,1.66,26.6,21,12,2026-05-03,0
CUST_00120,SKU_00031,2026-05-27,16,0,0.28,116.3,3,1,2026-04-15,0
CUST_00069,SKU_00232,2026-05-27,1,0,1.1,0.9,9,9,2026-05-17,0
CUST_00093,SKU_00085,2026-05-27,2,0,1.07,1.9,13,12,2026-04-29,0
CUST_00045,SKU_00180,2026-05-27,49,0,1.87,26.2,17,11,2026-04-10,0
CUST_00127,SKU_00294,2026-05-27,35,0,1.31,26.8,12,16,2026-05-13,0
CUST_00070,SKU_00209,2026-05-27,50,7,0.33,69.9,4,3,2026-05-07,0
CUST_00060,SKU_00253,2026-05-27,11,0,1.05,10.5,13,15,2026-05-24,0
CUST_00003,SKU_00048,2026-05-27,3,0,1.66,1.8,19,18,2026-03-29,0
CUST_00130,SKU_00017,2026-05-27,21,0,0.61,34.5,5,3,2026-05-10,0
CUST_00009,SKU_00015,2026-05-27,29,0,1.38,21.0,18,13,2026-03-30,0
CUST_00052,SKU_00030,2026-05-27,8,0,0.71,11.3,8,7,2026-05-26,0
CUST_00168,SKU_00300,2026-05-27,41,0,1.6,25.6,14,6,2026-04-02,0
CUST_00018,SKU_00038,2026-05-27,100,0,1.31,76.5,17,19,2026-04-25,0
CUST_00194,SKU_00145,2026-05-27,5,0,1.58,3.2,14,16,2026-05-17,0
CUST_00027,SKU_00151,2026-05-27,20,0,1.82,11.0,24,8,2026-05-02,0
CUST_00154,SKU_00088,2026-05-27,9,1,0.12,68.7,1,0,2026-04-15,0
CUST_00023,SKU_00226,2026-05-27,2,0,1.34,1.5,16,9,2026-05-15,0
CUST_00182,SKU_00164,2026-05-27,9,0,0.85,10.6,9,2,2026-04-04,0
CUST_00026,SKU_00048,2026-05-27,12,0,0.03,227.1,0,0,2026-03-30,0
CUST_00041,SKU_00082,2026-05-27,20,0,0.21,299.4,2,3,2026-04-04,0
CUST_00170,SKU_00161,2026-05-27,4,0,1.99,2.0,26,18,2026-05-25,0
CUST_00172,SKU_00281,2026-05-27,9,0,0.89,10.1,8,9,2026-04-02,0
CUST_00171,SKU_00151,2026-05-27,18,0,0.46,173.4,4,6,2026-04-17,0
CUST_00075,SKU_00108,2026-05-27,1,0,0.42,289.5,4,3,2026-04-09,0
CUST_00144,SKU_00247,2026-05-27,33,0,0.01,152.7,0,0,2026-05-21,0
CUST_00044,SKU_00081,2026-05-27,6,0,1.18,5.1,9,7,2026-04-07,0
CUST_00132,SKU_00137,2026-05-27,6,0,0.37,130.1,3,1,2026-04-30,0
CUST_00003,SKU_00244,2026-05-27,9,1,1.59,5.0,19,13,2026-05-15,0
CUST_00126,SKU_00068,2026-05-27,11,0,0.91,12.0,10,12,2026-05-11,0
CUST_00012,SKU_00196,2026-05-27,42,0,1.09,38.6,12,12,2026-05-24,0
CUST_00081,SKU_00012,2026-05-27,109,0,0.4,110.4,3,4,2026-05-23,5
CUST_00044,SKU_00241,2026-05-27,11,0,0.38,80.7,3,1,2026-04-18,0
CUST_00017,SKU_00051,2026-05-27,1,0,1.78,0.6,22,15,2026-05-25,0
CUST_00090,SKU_00238,2026-05-27,7,0,0.4,32.8,5,2,2026-04-29,0
CUST_00033,SKU_00020,2026-05-27,2,0,0.16,276.7,2,0,2026-05-10,0
CUST_00157,SKU_00069,2026-05-27,8,0,0.46,95.8,3,6,2026-05-04,0
CUST_00119,SKU_00128,2026-05-27,19,0,0.36,76.5,3,4,2026-04-15,0
CUST_00140,SKU_00183,2026-05-27,5,0,0.43,123.6,3,4,2026-04-19,0
CUST_00200,SKU_00204,2026-05-27,30,0,0.67,45.0,7,4,2026-04-12,0
CUST_00050,SKU_00094,2026-05-27,8,0,1.28,6.3,17,7,2026-04-03,0
CUST_00009,SKU_00034,2026-05-27,14,0,0.98,14.3,7,9,2026-05-25,0
CUST_00083,SKU_00248,2026-05-27,14,0,1.61,8.7,16,13,2026-04-10,0
CUST_00065,SKU_00173,2026-05-27,26,0,0.84,31.1,6,7,2026-04-28,0
CUST_00162,SKU_00140,2026-05-27,5,0,1.43,3.5,17,19,2026-04-23,0
CUST_00085,SKU_00254,2026-05-27,3,0,0.04,226.6,0,0,2026-04-30,0
CUST_00081,SKU_00209,2026-05-27,4,0,0.36,43.3,4,3,2026-05-24,0
CUST_00065,SKU_00190,2026-05-27,4,0,0.94,4.2,8,9,2026-05-23,0
CUST_00096,SKU_00270,2026-05-27,1,0,0.49,222.8,6,2,2026-04-25,0
CUST_00198,SKU_00069,2026-05-27,34,0,0.72,47.4,6,10,2026-04-18,0
CUST_00123,SKU_00162,2026-05-27,21,0,1.66,12.6,13,11,2026-04-15,0
CUST_00161,SKU_00037,2026-05-27,4,0,61.89,0.1,716,790,2026-04-04,0
CUST_00196,SKU_00273,2026-05-27,34,0,1.44,23.6,16,13,2026-05-22,3
CUST_00053,SKU_00288,2026-05-27,4,0,1.46,2.7,12,7,2026-04-27,0
CUST_00033,SKU_00102,2026-05-27,4,0,0.43,161.8,5,4,2026-05-22,0
CUST_00147,SKU_00135,2026-05-27,4,0,0.93,4.3,10,4,2026-05-19,0
CUST_00078,SKU_00117,2026-05-27,18,0,1.95,9.2,18,9,2026-05-09,0
CUST_00033,SKU_00166,2026-05-27,46,0,0.21,143.7,2,1,2026-05-06,0
CUST_00115,SKU_00232,2026-05-27,11,0,1.47,7.5,12,9,2026-05-03,0
CUST_00124,SKU_00281,2026-05-27,11,0,27.39,0.4,299,267,2026-04-24,0
CUST_00012,SKU_00206,2026-05-27,8,0,1.02,7.9,9,7,2026-04-14,0
CUST_00100,SKU_00196,2026-05-27,3,0,1.29,2.3,13,18,2026-04-28,0
CUST_00168,SKU_00047,2026-05-27,0,0,0.17,116.3,1,1,2026-04-19,0
CUST_00051,SKU_00208,2026-05-27,1,0,1.67,0.6,16,9,2026-05-05,0
CUST_00152,SKU_00163,2026-05-27,1,0,0.35,137.3,3,3,2026-04-20,0
CUST_00032,SKU_00103,2026-05-27,19,0,1.6,11.9,11,16,2026-05-22,0
CUST_00150,SKU_00087,2026-05-27,2,0,1.42,1.4,15,12,2026-04-12,0
CUST_00095,SKU_00281,2026-05-27,11,0,0.68,16.1,7,2,2026-05-12,0
CUST_00140,SKU_00213,2026-05-27,13,0,1.61,8.1,13,19,2026-03-31,0
CUST_00050,SKU_00277,2026-05-27,20,0,0.4,233.3,3,1,2026-05-06,1
CUST_00177,SKU_00267,2026-05-27,26,3,2.0,11.5,23,9,2026-05-18,0
CUST_00161,SKU_00042,2026-05-27,5,0,1.43,3.5,10,13,2026-04-29,0
CUST_00060,SKU_00040,2026-05-27,8,0,1.25,6.4,11,9,2026-04-13,0
CUST_00177,SKU_00129,2026-05-27,26,2,0.33,270.4,4,2,2026-05-20,0
CUST_00033,SKU_00292,2026-05-27,22,0,1.38,15.9,18,16,2026-04-12,0
CUST_00063,SKU_00091,2026-05-27,12,0,1.9,6.3,16,7,2026-05-17,0
CUST_00057,SKU_00130,2026-05-27,3,0,1.19,2.5,11,16,2026-04-14,0
CUST_00195,SKU_00282,2026-05-27,17,0,1.93,8.8,20,19,2026-05-18,0
CUST_00021,SKU_00175,2026-05-27,29,0,0.52,55.9,4,5,2026-04-28,0
CUST_00135,SKU_00226,2026-05-27,6,0,1.26,4.8,12,18,2026-04-18,0
CUST_00190,SKU_00169,2026-05-27,16,0,0.5,31.8,5,4,2026-04-03,0
CUST_00056,SKU_00036,2026-05-27,1,0,1.33,0.8,9,9,2026-04-15,0
CUST_00074,SKU_00095,2026-05-27,0,0,1.71,0.0,15,13,2026-05-09,0
CUST_00177,SKU_00248,2026-05-27,67,0,0.75,89.5,8,2,2026-04-24,0
CUST_00172,SKU_00276,2026-05-27,3,0,1.37,2.2,9,9,2026-05-04,0
CUST_00167,SKU_00115,2026-05-27,18,0,81.44,0.2,868,1122,2026-04-19,0
CUST_00094,SKU_00041,2026-05-27,0,0,1.52,0.0,12,18,2026-05-01,0
CUST_00022,SKU_00056,2026-05-27,5,0,0.76,6.6,9,2,2026-05-11,0
CUST_00057,SKU_00045,2026-05-27,1,0,0.2,264.9,1,1,2026-05-04,0
CUST_00188,SKU_00128,2026-05-27,17,0,0.23,45.6,1,3,2026-05-09,0
CUST_00064,SKU_00018,2026-05-27,8,0,1.3,6.2,11,11,2026-05-22,0
CUST_00023,SKU_00250,2026-05-27,12,0,62.39,0.2,853,436,2026-05-19,0
CUST_00145,SKU_00236,2026-05-27,9,0,0.23,201.2,2,1,2026-04-14,0
CUST_00122,SKU_00005,2026-05-27,25,4,1.47,14.2,11,19,2026-05-03,0
CUST_00099,SKU_00091,2026-05-27,8,0,1.34,6.0,11,15,2026-04-01,0
CUST_00198,SKU_00136,2026-05-27,3,0,0.37,259.9,5,1,2026-04-25,0
CUST_00082,SKU_00067,2026-05-27,21,0,1.57,13.4,15,13,2026-04-08,0
CUST_00100,SKU_00004,2026-05-27,31,2,0.66,44.1,8,6,2026-04-19,0
CUST_00172,SKU_00270,2026-05-27,1,0,0.76,1.3,10,6,2026-04-06,0
CUST_00106,SKU_00221,2026-05-27,12,1,1.12,9.9,8,12,2026-05-03,0
CUST_00066,SKU_00025,2026-05-27,19,0,0.53,35.8,4,6,2026-05-25,0
CUST_00114,SKU_00133,2026-05-27,3,0,1.1,2.7,14,6,2026-05-25,0
CUST_00007,SKU_00227,2026-05-27,0,0,0.78,0.0,8,4,2026-04-19,0
CUST_00045,SKU_00218,2026-05-27,3,0,0.25,45.6,3,2,2026-05-22,0
CUST_00131,SKU_00132,2026-05-27,37,0,0.11,166.6,1,0,2026-05-15,0
CUST_00175,SKU_00228,2026-05-27,1,0,0.87,1.1,6,3,2026-05-11,0
CUST_00006,SKU_00046,2026-05-27,16,0,0.7,22.7,7,5,2026-04-14,0
CUST_00074,SKU_00274,2026-05-27,7,0,1.83,3.8,15,7,2026-04-01,0
CUST_00115,SKU_00065,2026-05-27,57,1,1.85,30.3,15,15,2026-04-28,0
CUST_00182,SKU_00149,2026-05-27,19,0,1.51,12.6,18,8,2026-04-09,0
CUST_00157,SKU_00287,2026-05-27,28,0,1.42,19.7,12,12,2026-04-07,0
CUST_00126,SKU_00283,2026-05-27,20,0,1.31,15.2,11,6,2026-04-21,0
CUST_00180,SKU_00003,2026-05-27,6,0,1.98,3.0,26,25,2026-04-18,0
CUST_00179,SKU_00198,2026-05-27,22,0,1.69,13.0,21,21,2026-05-10,1
CUST_00132,SKU_00239,2026-05-27,42,0,0.91,45.9,12,10,2026-05-08,3
CUST_00090,SKU_00209,2026-05-27,1,0,0.4,265.8,3,1,2026-04-05,0
CUST_00136,SKU_00026,2026-05-27,35,6,0.24,102.3,2,1,2026-05-11,0
CUST_00074,SKU_00257,2026-05-27,26,0,0.79,33.1,6,3,2026-05-10,0
CUST_00108,SKU_00122,2026-05-27,74,0,1.73,42.9,21,17,2026-04-14,6
CUST_00160,SKU_00042,2026-05-27,4,0,0.12,172.5,1,0,2026-05-18,0
CUST_00006,SKU_00056,2026-05-27,0,0,1.13,0.0,15,7,2026-05-07,0
CUST_00107,SKU_00296,2026-05-27,3,0,0.38,84.0,2,1,2026-05-24,0
CUST_00081,SKU_00133,2026-05-27,1,0,0.88,1.1,7,10,2026-04-02,0
CUST_00065,SKU_00076,2026-05-27,8,0,1.77,4.5,13,8,2026-05-12,0
CUST_00065,SKU_00100,2026-05-27,9,0,1.15,7.8,13,10,2026-05-13,0
CUST_00005,SKU_00209,2026-05-27,1,0,1.91,0.5,17,10,2026-04-26,0
CUST_00021,SKU_00297,2026-05-27,42,0,1.96,21.5,21,8,2026-05-01,0
CUST_00195,SKU_00199,2026-05-27,14,0,0.45,170.5,5,2,2026-03-31,0
CUST_00026,SKU_00122,2026-05-27,1,0,1.78,0.6,18,18,2026-05-08,0
CUST_00079,SKU_00277,2026-05-27,30,4,1.14,22.9,15,7,2026-04-22,0
CUST_00093,SKU_00237,2026-05-27,4,0,0.05,136.5,0,0,2026-05-14,0
CUST_00085,SKU_00247,2026-05-27,16,2,1.05,13.3,8,10,2026-05-09,1
CUST_00077,SKU_00142,2026-05-27,3,0,0.1,250.4,1,0,2026-05-22,0
CUST_00132,SKU_00257,2026-05-27,3,0,0.54,5.5,4,3,2026-05-16,0
CUST_00107,SKU_00233,2026-05-27,19,2,0.84,20.2,10,7,2026-05-06,0
CUST_00124,SKU_00160,2026-05-27,6,0,1.61,3.7,12,14,2026-04-03,0
CUST_00104,SKU_00052,2026-05-27,4,0,86.67,0.0,1152,964,2026-04-26,0
CUST_00114,SKU_00219,2026-05-27,13,0,0.89,14.6,7,12,2026-05-10,0
CUST_00047,SKU_00260,2026-05-27,4,0,1.4,2.9,18,18,2026-05-25,0
CUST_00017,SKU_00095,2026-05-27,2,0,1.82,1.1,19,15,2026-04-23,0
CUST_00151,SKU_00136,2026-05-27,55,6,0.32,221.1,2,2,2026-05-01,0
CUST_00148,SKU_00148,2026-05-27,16,0,1.11,14.5,12,9,2026-04-02,0
CUST_00031,SKU_00222,2026-05-27,36,0,0.26,43.7,2,1,2026-05-02,0
CUST_00161,SKU_00199,2026-05-27,3,0,0.73,4.1,9,10,2026-05-01,0
CUST_00027,SKU_00198,2026-05-27,28,0,0.45,241.3,5,4,2026-05-11,0
CUST_00045,SKU_00242,2026-05-27,11,0,50.17,0.2,521,376,2026-05-25,0
CUST_00186,SKU_00204,2026-05-27,4,0,1.42,2.8,13,8,2026-04-25,0
CUST_00168,SKU_00290,2026-05-27,0,0,0.23,132.2,2,1,2026-05-09,0
CUST_00162,SKU_00207,2026-05-27,11,0,0.79,13.8,7,4,2026-05-03,0
CUST_00130,SKU_00075,2026-05-27,9,0,1.01,8.9,11,10,2026-05-08,0
CUST_00026,SKU_00191,2026-05-27,51,1,0.87,57.5,6,9,2026-05-21,0
CUST_00122,SKU_00240,2026-05-27,12,0,0.05,110.4,0,0,2026-04-12,0
CUST_00065,SKU_00085,2026-05-27,4,0,1.17,3.4,12,4,2026-04-20,0
CUST_00145,SKU_00018,2026-05-27,28,0,1.43,19.6,13,15,2026-04-25,0
CUST_00188,SKU_00197,2026-05-27,4,0,0.0,278.5,0,0,2026-05-19,0
CUST_00015,SKU_00107,2026-05-27,5,0,1.09,4.6,9,9,2026-04-19,0
CUST_00116,SKU_00123,2026-05-27,4,0,1.0,4.0,10,12,2026-04-26,0
CUST_00193,SKU_00197,2026-05-27,32,0,1.67,19.2,18,7,2026-05-18,2
CUST_00168,SKU_00046,2026-05-27,6,0,0.25,40.2,2,1,2026-05-24,0
CUST_00055,SKU_00191,2026-05-27,5,0,0.41,188.5,4,6,2026-04-12,0
CUST_00053,SKU_00202,2026-05-27,2,0,0.04,59.4,0,0,2026-04-14,0
CUST_00193,SKU_00160,2026-05-27,8,0,0.3,289.6,2,3,2026-05-08,0
CUST_00058,SKU_00145,2026-05-27,9,0,0.22,169.8,1,1,2026-04-15,0
CUST_00107,SKU_00173,2026-05-27,4,0,1.96,2.0,16,22,2026-05-25,0
CUST_00081,SKU_00214,2026-05-27,29,0,1.36,21.4,18,15,2026-04-27,0
CUST_00100,SKU_00049,2026-05-27,0,0,0.28,60.1,3,1,2026-05-10,0
CUST_00123,SKU_00018,2026-05-27,3,0,0.29,249.9,3,2,2026-04-13,0
CUST_00182,SKU_00172,2026-05-27,2,0,1.4,1.4,18,5,2026-04-25,0
CUST_00174,SKU_00279,2026-05-27,13,0,1.02,12.8,13,10,2026-04-04,0
CUST_00029,SKU_00207,2026-05-27,30,0,0.68,44.0,5,4,2026-05-16,2
CUST_00134,SKU_00242,2026-05-27,3,0,1.94,1.5,25,13,2026-03-29,0
CUST_00086,SKU_00013,2026-05-27,3,0,0.98,3.1,12,3,2026-05-11,0
CUST_00197,SKU_00099,2026-05-27,29,0,0.35,93.5,3,4,2026-04-03,0
CUST_00122,SKU_00141,2026-05-27,10,0,0.57,17.5,7,7,2026-05-03,0
CUST_00021,SKU_00158,2026-05-27,22,0,0.83,26.6,9,2,2026-04-21,0
CUST_00145,SKU_00263,2026-05-27,152,0,0.38,58.1,4,4,2026-05-11,0
CUST_00097,SKU_00212,2026-05-27,12,0,1.28,9.4,9,6,2026-05-02,0
CUST_00111,SKU_00103,2026-05-27,2,0,1.78,1.1,20,22,2026-04-18,0
CUST_00071,SKU_00034,2026-05-27,2,0,0.11,111.0,0,0,2026-05-12,0
CUST_00070,SKU_00267,2026-05-27,2,0,1.52,1.3,15,9,2026-04-05,0
CUST_00028,SKU_00278,2026-05-27,20,0,0.55,36.7,4,4,2026-05-23,0
CUST_00118,SKU_00044,2026-05-27,5,0,1.3,3.9,16,7,2026-05-15,0
CUST_00061,SKU_00027,2026-05-27,5,0,1.91,2.6,18,15,2026-04-09,0
CUST_00006,SKU_00178,2026-05-27,6,0,0.75,8.0,10,3,2026-04-13,0
CUST_00169,SKU_00082,2026-05-27,6,0,1.4,4.3,12,18,2026-04-20,0
CUST_00060,SKU_00068,2026-05-27,19,0,0.59,32.4,6,6,2026-05-17,0
CUST_00016,SKU_00176,2026-05-27,3,0,0.15,159.8,1,0,2026-04-08,0
CUST_00092,SKU_00048,2026-05-27,2,0,1.34,1.5,14,9,2026-04-19,0
CUST_00017,SKU_00052,2026-05-27,0,0,1.89,0.0,22,21,2026-04-23,0
CUST_00076,SKU_00057,2026-05-27,0,0,1.3,0.0,12,10,2026-05-13,0
CUST_00194,SKU_00230,2026-05-27,6,0,1.27,4.7,15,6,2026-05-22,0
CUST_00062,SKU_00092,2026-05-27,0,0,0.95,0.0,10,7,2026-04-11,0
CUST_00184,SKU_00154,2026-05-27,5,0,0.65,7.8,5,3,2026-04-25,0
CUST_00037,SKU_00036,2026-05-27,10,0,1.98,5.1,15,6,2026-05-06,0
CUST_00073,SKU_00181,2026-05-27,18,0,1.69,10.6,20,15,2026-05-16,0
CUST_00022,SKU_00007,2026-05-27,26,0,0.55,47.3,5,2,2026-05-12,2
CUST_00058,SKU_00035,2026-05-27,35,0,1.68,20.8,16,19,2026-05-25,0
CUST_00010,SKU_00133,2026-05-27,4,0,1.46,2.7,10,10,2026-04-20,0
CUST_00135,SKU_00240,2026-05-27,8,0,0.09,57.6,1,0,2026-05-14,0
CUST_00181,SKU_00260,2026-05-27,3,0,0.66,4.5,9,5,2026-04-20,0
CUST_00057,SKU_00014,2026-05-27,9,0,0.02,175.6,0,0,2026-05-14,0
CUST_00181,SKU_00211,2026-05-27,2,0,1.05,1.9,8,8,2026-03-29,0
CUST_00059,SKU_00093,2026-05-27,12,0,0.23,267.1,1,1,2026-05-19,0
CUST_00067,SKU_00113,2026-05-27,4,0,1.89,2.1,25,27,2026-04-03,0
CUST_00046,SKU_00012,2026-05-27,2,0,0.99,2.0,10,9,2026-04-11,0
CUST_00113,SKU_00118,2026-05-27,10,0,0.74,13.5,9,3,2026-04-28,0
CUST_00181,SKU_00010,2026-05-27,69,0,30.44,2.3,410,249,2026-04-29,0
CUST_00168,SKU_00130,2026-05-27,1,0,0.65,1.5,7,3,2026-03-31,0
CUST_00041,SKU_00280,2026-05-27,31,0,1.26,24.6,15,16,2026-04-22,0
CUST_00165,SKU_00162,2026-05-27,6,0,0.37,288.2,3,4,2026-05-20,0
CUST_00005,SKU_00067,2026-05-27,37,0,0.43,185.3,5,2,2026-04-22,3
CUST_00061,SKU_00165,2026-05-27,9,0,1.99,4.5,16,9,2026-05-22,0
CUST_00134,SKU_00154,2026-05-27,4,0,0.5,8.0,4,3,2026-04-09,0
CUST_00140,SKU_00119,2026-05-27,6,0,0.23,153.3,1,1,2026-04-04,0
CUST_00132,SKU_00143,2026-05-27,28,0,1.63,17.1,21,15,2026-04-18,0
CUST_00123,SKU_00221,2026-05-27,17,0,0.5,171.7,4,2,2026-05-03,0
CUST_00115,SKU_00010,2026-05-27,29,0,0.09,60.2,1,0,2026-05-11,0
CUST_00021,SKU_00176,2026-05-27,37,0,1.09,33.9,8,7,2026-05-21,0
CUST_00118,SKU_00260,2026-05-27,5,0,89.72,0.1,839,892,2026-05-03,0
CUST_00159,SKU_00009,2026-05-27,12,0,0.76,15.8,5,4,2026-05-09,0
CUST_00095,SKU_00114,2026-05-27,70,0,0.97,72.2,7,6,2026-04-13,0
CUST_00190,SKU_00078,2026-05-27,5,0,0.54,9.3,4,3,2026-04-07,0
CUST_00103,SKU_00003,2026-05-27,11,0,1.73,6.4,15,14,2026-04-02,0
CUST_00124,SKU_00195,2026-05-27,27,0,1.07,25.2,11,6,2026-04-23,0
CUST_00187,SKU_00232,2026-05-27,30,3,0.92,29.5,8,3,2026-04-03,0
CUST_00078,SKU_00227,2026-05-27,14,0,1.02,13.7,11,7,2026-04-07,0
CUST_00142,SKU_00227,2026-05-27,2,0,0.32,47.7,4,2,2026-05-23,0
CUST_00169,SKU_00032,2026-05-27,41,0,0.65,62.8,7,4,2026-04-09,0
CUST_00123,SKU_00295,2026-05-27,5,0,0.96,5.2,9,6,2026-05-04,0
CUST_00164,SKU_00281,2026-05-27,13,0,1.77,7.3,13,18,2026-04-12,0
CUST_00141,SKU_00136,2026-05-27,10,0,0.5,19.8,4,3,2026-05-26,0
CUST_00044,SKU_00290,2026-05-27,2,0,0.21,207.8,2,1,2026-05-23,0
CUST_00120,SKU_00277,2026-05-27,18,0,0.18,277.2,2,1,2026-04-15,0
CUST_00110,SKU_00124,2026-05-27,32,0,0.07,64.0,0,0,2026-04-23,0
CUST_00080,SKU_00262,2026-05-27,5,0,1.44,3.5,18,12,2026-04-12,0
CUST_00150,SKU_00009,2026-05-27,1,0,1.59,0.6,20,15,2026-04-22,0
CUST_00130,SKU_00164,2026-05-27,5,0,0.76,6.6,6,4,2026-03-30,0
CUST_00171,SKU_00194,2026-05-27,11,0,1.16,9.5,15,4,2026-05-18,0
CUST_00179,SKU_00210,2026-05-27,1,0,0.77,1.3,5,6,2026-04-21,0
CUST_00041,SKU_00041,2026-05-27,30,0,0.91,33.1,8,4,2026-05-21,0
CUST_00092,SKU_00192,2026-05-27,8,0,0.05,224.8,0,0,2026-04-03,0
CUST_00122,SKU_00291,2026-05-27,47,0,18.33,2.6,184,184,2026-04-08,0
CUST_00009,SKU_00284,2026-05-27,13,0,0.24,144.0,2,1,2026-05-13,0
CUST_00173,SKU_00138,2026-05-27,3,0,0.33,291.2,4,3,2026-05-01,0
CUST_00081,SKU_00103,2026-05-27,3,0,1.11,2.7,15,10,2026-04-12,0
CUST_00010,SKU_00266,2026-05-27,2,0,1.68,1.2,19,12,2026-04-02,0
CUST_00039,SKU_00113,2026-05-27,15,0,0.01,277.7,0,0,2026-05-01,0
CUST_00060,SKU_00096,2026-05-27,9,0,0.79,11.3,6,9,2026-03-31,0
CUST_00099,SKU_00092,2026-05-27,7,0,1.12,6.3,12,10,2026-04-15,0
CUST_00151,SKU_00217,2026-05-27,1,0,0.1,183.7,1,0,2026-05-07,0
CUST_00167,SKU_00002,2026-05-27,34,0,0.85,40.2,8,10,2026-05-02,3
CUST_00005,SKU_00107,2026-05-27,4,0,0.9,4.4,11,5,2026-05-11,0
CUST_00178,SKU_00139,2026-05-27,12,1,1.13,9.7,11,6,2026-05-21,0
CUST_00105,SKU_00241,2026-05-27,3,0,0.55,5.5,6,3,2026-05-03,0
CUST_00103,SKU_00006,2026-05-27,1,0,0.68,1.5,7,4,2026-05-25,0
CUST_00183,SKU_00300,2026-05-27,9,0,1.33,6.8,9,12,2026-04-17,0
CUST_00043,SKU_00013,2026-05-27,4,0,1.28,3.1,10,12,2026-05-21,0
CUST_00011,SKU_00076,2026-05-27,18,0,0.47,197.1,5,6,2026-05-25,0
CUST_00154,SKU_00236,2026-05-27,22,2,1.0,20.0,11,3,2026-04-18,1
CUST_00033,SKU_00176,2026-05-27,33,0,0.99,33.3,8,7,2026-04-05,0
CUST_00200,SKU_00006,2026-05-27,8,0,0.99,8.0,13,5,2026-04-29,0
CUST_00059,SKU_00160,2026-05-27,0,0,53.22,0.0,553,183,2026-05-04,0
CUST_00178,SKU_00285,2026-05-27,4,0,0.22,49.5,2,1,2026-05-19,0
CUST_00192,SKU_00050,2026-05-27,28,0,0.12,130.3,1,0,2026-04-08,0
CUST_00183,SKU_00115,2026-05-27,13,0,0.55,23.8,5,6,2026-04-09,0
CUST_00069,SKU_00138,2026-05-27,9,0,49.94,0.2,554,165,2026-04-02,0
CUST_00115,SKU_00093,2026-05-27,13,0,1.73,7.5,20,24,2026-04-18,0
CUST_00145,SKU_00271,2026-05-27,9,0,0.43,283.0,5,1,2026-04-21,0
CUST_00095,SKU_00033,2026-05-27,7,0,0.43,230.9,4,1,2026-04-17,0
CUST_00155,SKU_00186,2026-05-27,6,0,0.39,65.4,3,2,2026-05-25,0
CUST_00188,SKU_00084,2026-05-27,1,0,1.26,0.8,12,15,2026-05-07,0
CUST_00084,SKU_00047,2026-05-27,0,0,1.17,0.0,11,10,2026-05-15,0
CUST_00066,SKU_00160,2026-05-27,5,0,1.46,3.4,13,21,2026-03-31,0
CUST_00022,SKU_00009,2026-05-27,0,0,1.75,0.0,18,14,2026-04-28,0
CUST_00011,SKU_00274,2026-05-27,8,0,0.49,115.4,4,3,2026-05-06,0
CUST_00096,SKU_00145,2026-05-27,22,0,0.8,27.5,8,2,2026-04-07,0
CUST_00029,SKU_00223,2026-05-27,31,0,1.95,15.9,25,8,2026-03-30,0
CUST_00018,SKU_00135,2026-05-27,3,0,1.89,1.6,13,12,2026-05-19,0
CUST_00112,SKU_00028,2026-05-27,11,0,0.78,14.1,6,3,2026-04-13,0
CUST_00120,SKU_00035,2026-05-27,2,0,1.44,1.4,14,6,2026-05-17,0
CUST_00019,SKU_00217,2026-05-27,2,0,0.9,2.2,8,12,2026-03-31,0
CUST_00042,SKU_00233,2026-05-27,3,0,0.93,3.2,9,4,2026-04-13,0
CUST_00141,SKU_00143,2026-05-27,2,0,1.26,1.6,12,7,2026-04-15,0
CUST_00062,SKU_00253,2026-05-27,13,0,0.96,13.6,9,13,2026-04-26,0
CUST_00188,SKU_00293,2026-05-27,5,0,0.37,159.3,3,4,2026-04-25,0
CUST_00081,SKU_00057,2026-05-27,61,0,1.23,49.5,14,4,2026-05-19,0
CUST_00192,SKU_00209,2026-05-27,12,0,0.69,17.4,9,7,2026-05-10,0
CUST_00026,SKU_00058,2026-05-27,1,0,0.12,189.3,1,1,2026-03-29,0
CUST_00154,SKU_00109,2026-05-27,5,0,0.81,6.2,6,2,2026-05-06,0
CUST_00054,SKU_00114,2026-05-27,9,0,1.9,4.7,13,17,2026-05-01,0
CUST_00151,SKU_00006,2026-05-27,17,0,0.09,168.8,0,0,2026-05-18,0
CUST_00038,SKU_00197,2026-05-27,14,0,1.61,8.7,19,10,2026-04-02,0
CUST_00095,SKU_00138,2026-05-27,11,0,0.69,15.9,9,4,2026-05-05,0
CUST_00138,SKU_00210,2026-05-27,162,9,0.04,240.9,0,0,2026-05-14,0
CUST_00041,SKU_00154,2026-05-27,11,2,1.24,7.3,15,13,2026-05-25,0
CUST_00122,SKU_00170,2026-05-27,12,0,0.71,16.8,6,9,2026-04-27,0
CUST_00015,SKU_00189,2026-05-27,6,1,1.73,2.9,23,19,2026-04-19,0
CUST_00108,SKU_00172,2026-05-27,4,0,0.17,212.9,1,1,2026-05-05,0
CUST_00039,SKU_00115,2026-05-27,5,0,1.83,2.7,19,21,2026-05-16,0
CUST_00027,SKU_00021,2026-05-27,1,0,1.6,0.6,17,11,2026-05-21,0
CUST_00104,SKU_00248,2026-05-27,25,0,0.88,28.3,6,3,2026-05-02,0
CUST_00073,SKU_00160,2026-05-27,24,0,1.7,14.1,13,19,2026-05-20,0
CUST_00100,SKU_00002,2026-05-27,6,0,0.28,158.9,2,3,2026-05-23,0
CUST_00200,SKU_00063,2026-05-27,7,0,1.92,3.7,19,6,2026-05-25,0
CUST_00136,SKU_00260,2026-05-27,17,0,0.29,37.2,3,1,2026-04-07,0
CUST_00182,SKU_00219,2026-05-27,5,0,1.58,3.2,12,14,2026-05-19,0
CUST_00005,SKU_00271,2026-05-27,59,0,0.43,173.7,3,3,2026-05-12,0
CUST_00129,SKU_00133,2026-05-27,2,0,0.98,2.0,8,12,2026-04-30,0
CUST_00085,SKU_00010,2026-05-27,68,3,1.72,37.7,16,18,2026-04-16,0
CUST_00123,SKU_00064,2026-05-27,5,0,0.27,102.9,3,1,2026-04-29,0
CUST_00111,SKU_00141,2026-05-27,202,0,0.99,204.0,9,6,2026-05-17,0
CUST_00180,SKU_00093,2026-05-27,7,0,1.31,5.3,15,9,2026-05-02,0
CUST_00163,SKU_00095,2026-05-27,12,0,1.4,8.6,14,5,2026-05-17,0
CUST_00189,SKU_00236,2026-05-27,3,0,1.52,2.0,15,15,2026-04-15,0
CUST_00193,SKU_00116,2026-05-27,5,0,0.65,7.7,8,6,2026-03-30,0
CUST_00168,SKU_00054,2026-05-27,32,0,1.91,16.8,17,6,2026-05-23,0
CUST_00028,SKU_00070,2026-05-27,12,0,0.58,20.7,4,7,2026-04-20,0
CUST_00065,SKU_00298,2026-05-27,6,0,1.89,3.2,23,9,2026-04-21,0
CUST_00009,SKU_00203,2026-05-27,52,0,1.41,36.9,17,9,2026-03-31,4
CUST_00177,SKU_00002,2026-05-27,38,0,0.97,39.1,8,8,2026-05-24,0
CUST_00161,SKU_00158,2026-05-27,30,0,1.16,25.9,13,10,2026-05-13,0
CUST_00195,SKU_00157,2026-05-27,19,0,1.02,18.6,12,5,2026-04-20,0
CUST_00007,SKU_00200,2026-05-27,1,0,0.37,85.5,3,4,2026-04-15,0
CUST_00150,SKU_00042,2026-05-27,7,0,0.34,86.5,3,4,2026-04-23,0
CUST_00129,SKU_00095,2026-05-27,26,0,1.12,23.1,15,9,2026-04-22,0
CUST_00093,SKU_00022,2026-05-27,25,3,0.54,40.6,5,6,2026-04-10,0
CUST_00076,SKU_00128,2026-05-27,58,0,0.86,67.6,11,12,2026-04-14,0
CUST_00168,SKU_00018,2026-05-27,47,0,1.06,44.2,11,7,2026-04-03,0
CUST_00160,SKU_00147,2026-05-27,1,0,0.85,1.2,7,7,2026-05-23,0
CUST_00166,SKU_00263,2026-05-27,6,0,1.63,3.7,15,7,2026-04-04,0
CUST_00064,SKU_00276,2026-05-27,3,0,0.16,112.8,2,1,2026-05-10,0
CUST_00055,SKU_00206,2026-05-27,25,0,1.88,13.3,16,9,2026-04-06,0
CUST_00116,SKU_00201,2026-05-27,8,0,0.39,234.7,3,1,2026-04-24,0
CUST_00017,SKU_00099,2026-05-27,2,0,1.94,1.0,16,21,2026-04-16,0
CUST_00180,SKU_00131,2026-05-27,6,0,0.22,247.6,1,1,2026-05-19,0
CUST_00199,SKU_00232,2026-05-27,6,0,0.1,35.7,0,0,2026-04-05,0
CUST_00134,SKU_00284,2026-05-27,8,0,0.52,15.4,4,7,2026-04-29,0
CUST_00089,SKU_00239,2026-05-27,48,0,1.04,46.0,8,9,2026-05-22,0
CUST_00167,SKU_00036,2026-05-27,25,0,1.4,17.8,15,18,2026-05-03,0
CUST_00078,SKU_00228,2026-05-27,3,0,1.98,1.5,19,7,2026-05-13,0
CUST_00199,SKU_00026,2026-05-27,24,0,0.87,27.7,8,4,2026-05-26,0
CUST_00060,SKU_00107,2026-05-27,5,0,0.98,5.1,11,4,2026-05-01,0
CUST_00011,SKU_00271,2026-05-27,12,0,0.1,148.3,0,0,2026-04-09,0
CUST_00107,SKU_00294,2026-05-27,22,0,1.82,12.1,24,7,2026-05-05,0
CUST_00009,SKU_00213,2026-05-27,8,0,0.08,83.1,0,0,2026-04-18,0
CUST_00145,SKU_00267,2026-05-27,0,0,0.88,0.0,10,12,2026-04-08,0
CUST_00010,SKU_00030,2026-05-27,11,0,0.34,41.3,4,1,2026-05-23,0
