inventory_id,warehouse_id,bin_id,sku_id,batch_id,manufacture_date,expiry_date,received_date,quantity_available,quantity_reserved,quality_status,days_to_expiry
INV_0000001,WH_001,WH_001_AMBIENT_111,SKU_00135,BATCH_0000001,2025-10-18,2026-10-18,2025-10-26,30,1,good,144
INV_0000002,WH_003,WH_003_AMBIENT_104,SKU_00132,BATCH_0000002,2026-05-06,2027-05-06,2026-05-09,69,11,good,344
INV_0000003,WH_003,WH_003_AMBIENT_172,SKU_00124,BATCH_0000003,2026-04-19,2028-04-26,2026-05-02,20,0,good,700
INV_0000004,WH_002,WH_002_AMBIENT_017,SKU_00233,BATCH_0000004,2026-01-28,2027-09-09,2026-01-31,22,4,good,470
INV_0000005,WH_002,WH_002_AMBIENT_181,SKU_00267,BATCH_0000005,2025-06-09,2027-06-21,2025-06-21,33,0,good,390
INV_0000006,WH_003,WH_003_AMBIENT_102,SKU_00052,BATCH_0000006,2025-09-10,2028-05-28,2025-09-17,5,0,good,732
INV_0000007,WH_001,WH_001_AMBIENT_026,SKU_00174,BATCH_0000007,2026-02-02,2028-06-11,2026-02-03,5,2,good,746
INV_0000008,WH_003,WH_003_COOL_015,SKU_00226,BATCH_0000008,2025-10-07,2027-10-07,2025-10-20,246,0,good,498
INV_0000009,WH_002,WH_002_COOL_062,SKU_00294,BATCH_0000009,2024-12-13,2026-12-13,2024-12-19,1,0,good,200
INV_0000010,WH_001,WH_001_AMBIENT_172,SKU_00008,BATCH_0000010,2025-08-06,2026-08-06,2025-08-15,89,37,good,71
INV_0000011,WH_002,WH_002_COOL_095,SKU_00011,BATCH_0000011,2025-12-20,2027-12-20,2026-01-02,19,2,good,572
INV_0000012,WH_003,WH_003_COLD_134,SKU_00154,BATCH_0000012,2026-05-02,2026-09-26,2026-05-13,29,0,good,122
INV_0000013,WH_002,WH_002_COOL_107,SKU_00273,BATCH_0000013,2025-10-31,2027-06-10,2025-11-13,17,0,good,379
INV_0000014,WH_002,WH_002_AMBIENT_065,SKU_00094,BATCH_0000014,2025-06-26,2027-09-18,2025-07-07,32,0,good,479
INV_0000015,WH_002,WH_002_COOL_086,SKU_00093,BATCH_0000015,2025-04-26,2027-04-26,2025-05-07,10,0,good,334
INV_0000016,WH_003,WH_003_FROZEN_170,SKU_00171,BATCH_0000016,2025-11-03,2027-10-14,2025-11-15,92,0,good,505
INV_0000017,WH_003,WH_003_AMBIENT_101,SKU_00278,BATCH_0000017,2025-12-10,2028-01-11,2025-12-16,1332,0,good,594
INV_0000018,WH_003,WH_003_COOL_094,SKU_00117,BATCH_0000018,2025-02-17,2026-09-02,2025-03-02,3,0,good,98
INV_0000019,WH_002,WH_002_AMBIENT_018,SKU_00017,BATCH_0000019,2024-09-05,2026-08-11,2024-09-11,2,0,good,76
INV_0000020,WH_001,WH_001_COOL_154,SKU_00058,BATCH_0000020,2025-09-22,2026-07-18,2025-09-24,138,0,good,52
INV_0000021,WH_003,WH_003_COOL_105,SKU_00041,BATCH_0000021,2026-02-04,2027-08-04,2026-02-17,30,4,good,434
INV_0000022,WH_003,WH_003_COLD_099,SKU_00149,BATCH_0000022,2026-04-15,2026-09-07,2026-04-26,7,0,good,103
INV_0000023,WH_003,WH_003_COLD_040,SKU_00154,BATCH_0000023,2026-04-04,2026-08-29,2026-04-14,3,0,good,94
INV_0000024,WH_003,WH_003_AMBIENT_156,SKU_00046,BATCH_0000024,2025-10-31,2026-10-31,2025-11-05,19,6,good,157
INV_0000025,WH_001,WH_001_AMBIENT_111,SKU_00195,BATCH_0000025,2024-10-05,2027-01-05,2024-10-16,88,0,good,223
INV_0000026,WH_002,WH_002_AMBIENT_067,SKU_00004,BATCH_0000026,2025-09-27,2027-03-04,2025-10-04,5,0,good,281
INV_0000027,WH_001,WH_001_COLD_095,SKU_00069,BATCH_0000027,2026-04-19,2027-03-16,2026-04-29,8,0,good,293
INV_0000028,WH_003,WH_003_AMBIENT_166,SKU_00103,BATCH_0000028,2026-05-24,2027-05-24,2026-05-30,20,0,good,362
INV_0000029,WH_002,WH_002_COOL_164,SKU_00038,BATCH_0000029,2025-03-29,2026-12-25,2025-04-10,2,0,good,212
INV_0000030,WH_001,WH_001_COOL_155,SKU_00112,BATCH_0000030,2025-11-30,2027-11-30,2025-12-02,8,0,good,552
INV_0000031,WH_003,WH_003_COLD_039,SKU_00228,BATCH_0000031,2026-03-29,2027-01-24,2026-04-08,4,0,good,242
INV_0000032,WH_003,WH_003_FROZEN_170,SKU_00287,BATCH_0000032,2025-02-15,2027-02-15,2025-02-18,23,0,good,264
INV_0000033,WH_001,WH_001_COOL_010,SKU_00139,BATCH_0000033,2025-07-15,2027-07-15,2025-07-20,20,3,good,414
INV_0000034,WH_001,WH_001_AMBIENT_051,SKU_00191,BATCH_0000034,2025-07-22,2028-02-09,2025-08-04,36,0,good,623
INV_0000035,WH_003,WH_003_COLD_167,SKU_00096,BATCH_0000035,2025-12-27,2026-12-27,2026-01-08,74,0,good,214
INV_0000036,WH_001,WH_001_COLD_169,SKU_00251,BATCH_0000036,2026-03-24,2027-03-24,2026-03-29,60,0,good,301
INV_0000037,WH_001,WH_001_COOL_081,SKU_00003,BATCH_0000037,2025-02-21,2027-02-21,2025-03-03,42,0,good,270
INV_0000038,WH_003,WH_003_COLD_100,SKU_00271,BATCH_0000038,2026-01-22,2026-07-19,2026-02-01,22,0,good,53
INV_0000039,WH_003,WH_003_COOL_116,SKU_00043,BATCH_0000039,2026-03-07,2028-03-06,2026-03-18,61,12,good,649
INV_0000040,WH_001,WH_001_AMBIENT_083,SKU_00168,BATCH_0000040,2026-01-06,2027-01-06,2026-01-11,31,0,good,224
INV_0000041,WH_001,WH_001_COOL_064,SKU_00240,BATCH_0000041,2025-11-25,2026-09-07,2025-12-08,33,0,good,103
INV_0000042,WH_003,WH_003_COOL_002,SKU_00151,BATCH_0000042,2025-03-20,2026-09-24,2025-03-29,13,0,good,120
INV_0000043,WH_003,WH_003_COOL_184,SKU_00206,BATCH_0000043,2025-02-28,2026-08-21,2025-03-12,20,0,good,86
INV_0000044,WH_001,WH_001_AMBIENT_012,SKU_00113,BATCH_0000044,2026-02-22,2027-02-22,2026-02-26,22,0,good,271
INV_0000045,WH_001,WH_001_AMBIENT_005,SKU_00097,BATCH_0000045,2024-12-01,2027-03-03,2024-12-07,10,0,good,280
INV_0000046,WH_001,WH_001_COLD_167,SKU_00047,BATCH_0000046,2025-08-24,2026-07-15,2025-09-02,2,0,good,49
INV_0000047,WH_003,WH_003_AMBIENT_014,SKU_00215,BATCH_0000047,2025-05-19,2026-11-02,2025-05-30,33,0,good,159
INV_0000048,WH_002,WH_002_AMBIENT_157,SKU_00062,BATCH_0000048,2024-08-31,2026-08-22,2024-09-02,16,0,good,87
INV_0000049,WH_002,WH_002_COOL_197,SKU_00169,BATCH_0000049,2026-03-25,2027-04-01,2026-04-02,19,3,good,309
INV_0000050,WH_002,WH_002_AMBIENT_002,SKU_00291,BATCH_0000050,2026-01-05,2027-07-11,2026-01-14,3,0,good,410
INV_0000051,WH_003,WH_003_COOL_157,SKU_00295,BATCH_0000051,2024-09-26,2026-09-26,2024-09-27,167,0,good,122
INV_0000052,WH_003,WH_003_AMBIENT_150,SKU_00290,BATCH_0000052,2025-03-15,2026-08-02,2025-03-19,9,0,good,67
INV_0000053,WH_001,WH_001_AMBIENT_070,SKU_00048,BATCH_0000053,2026-01-22,2027-04-11,2026-01-26,68,0,good,319
INV_0000054,WH_002,WH_002_COOL_053,SKU_00266,BATCH_0000054,2024-12-28,2026-08-26,2025-01-07,27,0,good,91
INV_0000055,WH_003,WH_003_AMBIENT_022,SKU_00248,BATCH_0000055,2025-02-18,2027-05-23,2025-02-23,23,0,good,361
INV_0000056,WH_003,WH_003_COLD_164,SKU_00137,BATCH_0000056,2025-07-23,2026-07-23,2025-07-26,11,0,good,57
INV_0000057,WH_002,WH_002_COLD_160,SKU_00106,BATCH_0000057,2025-12-08,2026-09-15,2025-12-21,7,0,good,111
INV_0000058,WH_003,WH_003_COLD_132,SKU_00271,BATCH_0000058,2026-03-19,2026-09-13,2026-03-29,14,2,good,109
INV_0000059,WH_001,WH_001_COOL_121,SKU_00043,BATCH_0000059,2025-03-13,2027-03-13,2025-03-23,40,0,good,290
INV_0000060,WH_003,WH_003_COLD_063,SKU_00047,BATCH_0000060,2026-02-12,2027-01-03,2026-02-13,4,1,good,221
INV_0000061,WH_003,WH_003_AMBIENT_178,SKU_00061,BATCH_0000061,2024-10-20,2027-03-26,2024-10-28,10,0,good,303
INV_0000062,WH_002,WH_002_COOL_127,SKU_00038,BATCH_0000062,2025-02-10,2026-11-08,2025-02-23,26,0,good,165
INV_0000063,WH_002,WH_002_AMBIENT_008,SKU_00091,BATCH_0000063,2026-03-30,2028-10-30,2026-04-04,24,0,good,887
INV_0000064,WH_001,WH_001_FROZEN_097,SKU_00284,BATCH_0000064,2024-10-16,2026-10-16,2024-10-25,50,0,good,142
INV_0000065,WH_001,WH_001_AMBIENT_189,SKU_00258,BATCH_0000065,2025-05-02,2026-09-11,2025-05-11,20,0,good,107
INV_0000066,WH_003,WH_003_COLD_079,SKU_00037,BATCH_0000066,2026-05-06,2027-05-06,2026-05-17,80,12,good,344
INV_0000067,WH_001,WH_001_AMBIENT_004,SKU_00205,BATCH_0000067,2025-11-01,2026-11-27,2025-11-07,11,0,good,184
INV_0000068,WH_003,WH_003_AMBIENT_121,SKU_00242,BATCH_0000068,2026-03-03,2027-03-03,2026-03-06,19,0,good,280
INV_0000069,WH_002,WH_002_COOL_199,SKU_00021,BATCH_0000069,2025-11-19,2026-09-07,2025-11-30,74,28,good,103
INV_0000070,WH_003,WH_003_AMBIENT_023,SKU_00234,BATCH_0000070,2026-03-05,2027-03-05,2026-03-15,12,3,good,282
INV_0000071,WH_001,WH_001_FROZEN_055,SKU_00032,BATCH_0000071,2025-10-21,2026-07-03,2025-10-26,22,0,good,37
INV_0000072,WH_001,WH_001_AMBIENT_061,SKU_00213,BATCH_0000072,2025-07-26,2027-12-08,2025-08-03,1,0,good,560
INV_0000073,WH_002,WH_002_AMBIENT_005,SKU_00118,BATCH_0000073,2025-10-17,2026-10-17,2025-10-28,33,0,good,143
INV_0000074,WH_002,WH_002_AMBIENT_165,SKU_00285,BATCH_0000074,2026-01-12,2027-01-12,2026-01-22,41,0,good,230
INV_0000075,WH_003,WH_003_COLD_145,SKU_00045,BATCH_0000075,2025-09-26,2026-09-26,2025-10-08,98,18,good,122
INV_0000076,WH_002,WH_002_COLD_126,SKU_00209,BATCH_0000076,2026-04-24,2026-12-03,2026-05-06,22,2,good,190
INV_0000077,WH_003,WH_003_COOL_028,SKU_00162,BATCH_0000077,2025-11-04,2027-11-04,2025-11-07,7,0,good,526
INV_0000078,WH_002,WH_002_AMBIENT_072,SKU_00152,BATCH_0000078,2024-12-11,2026-08-03,2024-12-17,6,0,good,68
INV_0000079,WH_001,WH_001_AMBIENT_195,SKU_00019,BATCH_0000079,2024-08-27,2027-06-12,2024-09-06,20,0,good,381
INV_0000080,WH_002,WH_002_COOL_176,SKU_00093,BATCH_0000080,2024-09-14,2026-09-14,2024-09-24,4,0,good,110
INV_0000081,WH_001,WH_001_COOL_128,SKU_00295,BATCH_0000081,2024-08-21,2026-08-21,2024-08-28,28,0,good,86
INV_0000082,WH_002,WH_002_AMBIENT_053,SKU_00103,BATCH_0000082,2025-09-14,2026-09-14,2025-09-22,12,0,good,110
INV_0000083,WH_003,WH_003_COOL_131,SKU_00253,BATCH_0000083,2025-05-24,2027-05-24,2025-06-02,4,1,good,362
INV_0000084,WH_001,WH_001_COOL_086,SKU_00093,BATCH_0000084,2024-11-19,2026-11-19,2024-11-26,54,0,good,176
INV_0000085,WH_001,WH_001_COLD_157,SKU_00199,BATCH_0000085,2026-03-28,2027-03-28,2026-04-09,16,2,good,305
INV_0000086,WH_002,WH_002_AMBIENT_194,SKU_00048,BATCH_0000086,2026-05-01,2027-07-19,2026-05-13,68,0,good,418
INV_0000087,WH_001,WH_001_AMBIENT_079,SKU_00292,BATCH_0000087,2026-04-27,2027-09-16,2026-05-06,15,0,good,477
INV_0000088,WH_003,WH_003_COOL_192,SKU_00020,BATCH_0000088,2024-12-19,2026-08-29,2024-12-20,9,0,good,94
INV_0000089,WH_003,WH_003_COLD_064,SKU_00182,BATCH_0000089,2026-01-10,2026-09-19,2026-01-20,3,0,good,115
INV_0000090,WH_003,WH_003_AMBIENT_130,SKU_00235,BATCH_0000090,2025-10-22,2026-10-22,2025-10-29,3,0,good,148
INV_0000091,WH_001,WH_001_COOL_048,SKU_00207,BATCH_0000091,2026-05-05,2027-05-11,2026-05-15,107,0,good,349
INV_0000092,WH_003,WH_003_COLD_099,SKU_00209,BATCH_0000092,2026-01-13,2026-08-24,2026-01-22,33,0,good,89
INV_0000093,WH_003,WH_003_COLD_009,SKU_00092,BATCH_0000093,2026-02-03,2027-02-03,2026-02-09,11,0,good,252
INV_0000094,WH_001,WH_001_COOL_090,SKU_00064,BATCH_0000094,2024-10-20,2026-10-20,2024-10-28,8,0,good,146
INV_0000095,WH_002,WH_002_AMBIENT_189,SKU_00170,BATCH_0000095,2025-10-04,2026-10-04,2025-10-08,9,0,good,130
INV_0000096,WH_002,WH_002_COOL_138,SKU_00222,BATCH_0000096,2026-01-25,2026-10-21,2026-01-28,4,1,good,147
INV_0000097,WH_003,WH_003_AMBIENT_146,SKU_00279,BATCH_0000097,2023-12-18,2026-10-16,2023-12-24,142,0,good,142
INV_0000098,WH_003,WH_003_COOL_061,SKU_00222,BATCH_0000098,2026-03-10,2026-12-04,2026-03-14,290,76,good,191
INV_0000099,WH_001,WH_001_AMBIENT_074,SKU_00278,BATCH_0000099,2025-02-28,2027-04-01,2025-03-11,46,1,good,309
INV_0000100,WH_001,WH_001_COLD_161,SKU_00204,BATCH_0000100,2026-01-07,2027-01-02,2026-01-08,49,0,good,220
INV_0000101,WH_001,WH_001_COLD_163,SKU_00096,BATCH_0000101,2025-08-30,2026-08-30,2025-09-08,31,0,good,95
INV_0000102,WH_002,WH_002_COOL_157,SKU_00187,BATCH_0000102,2025-11-05,2027-04-08,2025-11-14,28,7,good,316
INV_0000103,WH_001,WH_001_COLD_125,SKU_00182,BATCH_0000103,2026-05-12,2027-01-19,2026-05-14,49,0,good,237
INV_0000104,WH_001,WH_001_AMBIENT_095,SKU_00163,BATCH_0000104,2026-05-07,2027-11-20,2026-05-13,41,0,good,542
INV_0000105,WH_003,WH_003_AMBIENT_086,SKU_00291,BATCH_0000105,2026-05-20,2027-11-23,2026-05-30,75,24,good,545
INV_0000106,WH_003,WH_003_COOL_197,SKU_00003,BATCH_0000106,2024-11-06,2026-11-06,2024-11-14,42,0,good,163
INV_0000107,WH_001,WH_001_COLD_127,SKU_00029,BATCH_0000107,2025-09-29,2026-09-29,2025-10-08,26,0,good,125
INV_0000108,WH_003,WH_003_COOL_110,SKU_00139,BATCH_0000108,2025-09-25,2027-09-25,2025-10-04,5,0,good,486
INV_0000109,WH_001,WH_001_AMBIENT_149,SKU_00051,BATCH_0000109,2025-06-24,2026-07-11,2025-07-03,42,0,good,45
INV_0000110,WH_003,WH_003_AMBIENT_139,SKU_00288,BATCH_0000110,2024-11-11,2026-12-01,2024-11-16,58,0,good,188
INV_0000111,WH_003,WH_003_AMBIENT_021,SKU_00075,BATCH_0000111,2025-11-01,2026-11-01,2025-11-02,21,3,good,158
INV_0000112,WH_001,WH_001_COOL_071,SKU_00064,BATCH_0000112,2025-04-29,2027-04-29,2025-05-02,21,0,good,337
INV_0000113,WH_002,WH_002_AMBIENT_175,SKU_00242,BATCH_0000113,2025-12-30,2026-12-30,2026-01-12,23,1,good,217
INV_0000114,WH_003,WH_003_AMBIENT_040,SKU_00268,BATCH_0000114,2025-09-06,2026-09-06,2025-09-19,12,0,good,102
INV_0000115,WH_002,WH_002_AMBIENT_013,SKU_00094,BATCH_0000115,2026-02-04,2028-04-28,2026-02-12,31,0,good,702
INV_0000116,WH_003,WH_003_AMBIENT_148,SKU_00150,BATCH_0000116,2026-05-15,2027-07-31,2026-05-21,13,2,good,430
INV_0000117,WH_003,WH_003_COOL_174,SKU_00144,BATCH_0000117,2025-03-26,2027-03-17,2025-03-29,32,10,good,294
INV_0000118,WH_003,WH_003_AMBIENT_037,SKU_00179,BATCH_0000118,2025-08-06,2026-08-06,2025-08-15,7,0,good,71
INV_0000119,WH_003,WH_003_AMBIENT_117,SKU_00095,BATCH_0000119,2026-04-10,2028-07-28,2026-04-15,30,0,good,793
INV_0000120,WH_003,WH_003_COOL_098,SKU_00011,BATCH_0000120,2026-04-11,2028-04-10,2026-04-14,25,4,good,684
INV_0000121,WH_002,WH_002_FROZEN_138,SKU_00216,BATCH_0000121,2026-04-12,2028-02-15,2026-04-18,29,0,good,629
INV_0000122,WH_003,WH_003_COLD_192,SKU_00110,BATCH_0000122,2026-03-29,2026-11-06,2026-04-02,19,1,good,163
INV_0000123,WH_001,WH_001_AMBIENT_013,SKU_00125,BATCH_0000123,2026-05-07,2027-05-07,2026-05-10,12,0,good,345
INV_0000124,WH_003,WH_003_AMBIENT_130,SKU_00278,BATCH_0000124,2024-11-05,2026-12-07,2024-11-15,29,0,good,194
INV_0000125,WH_002,WH_002_FROZEN_010,SKU_00192,BATCH_0000125,2026-02-06,2026-10-06,2026-02-08,3,0,good,132
INV_0000126,WH_001,WH_001_COLD_057,SKU_00065,BATCH_0000126,2026-03-09,2026-07-11,2026-03-13,51,0,good,45
INV_0000127,WH_002,WH_002_COOL_176,SKU_00089,BATCH_0000127,2025-10-15,2027-01-13,2025-10-28,5,0,good,231
INV_0000128,WH_001,WH_001_FROZEN_137,SKU_00032,BATCH_0000128,2025-10-24,2026-07-06,2025-10-25,40,0,good,40
INV_0000129,WH_001,WH_001_COOL_191,SKU_00208,BATCH_0000129,2025-05-25,2027-05-25,2025-06-03,7,0,good,363
INV_0000130,WH_003,WH_003_COOL_196,SKU_00295,BATCH_0000130,2025-08-27,2027-08-27,2025-09-03,29,0,good,457
INV_0000131,WH_001,WH_001_COLD_134,SKU_00229,BATCH_0000131,2025-11-22,2026-11-22,2025-11-30,240,47,good,179
INV_0000132,WH_001,WH_001_AMBIENT_187,SKU_00160,BATCH_0000132,2026-02-28,2028-01-27,2026-03-08,15,1,good,610
INV_0000133,WH_003,WH_003_COLD_150,SKU_00237,BATCH_0000133,2025-11-10,2026-11-10,2025-11-18,1,0,good,167
INV_0000134,WH_003,WH_003_COLD_187,SKU_00256,BATCH_0000134,2026-02-06,2027-02-06,2026-02-16,61,0,good,255
INV_0000135,WH_001,WH_001_AMBIENT_052,SKU_00190,BATCH_0000135,2025-05-19,2027-01-26,2025-05-22,30,2,good,244
INV_0000136,WH_001,WH_001_COLD_127,SKU_00045,BATCH_0000136,2025-11-11,2026-11-11,2025-11-12,13,0,good,168
INV_0000137,WH_001,WH_001_COOL_152,SKU_00273,BATCH_0000137,2025-09-13,2027-04-23,2025-09-25,9,0,good,331
INV_0000138,WH_003,WH_003_COLD_156,SKU_00229,BATCH_0000138,2025-09-20,2026-09-20,2025-09-23,8,0,good,116
INV_0000139,WH_002,WH_002_AMBIENT_103,SKU_00286,BATCH_0000139,2024-10-27,2026-09-13,2024-11-01,15,0,good,109
INV_0000140,WH_002,WH_002_COLD_112,SKU_00149,BATCH_0000140,2026-04-13,2026-09-05,2026-04-20,185,0,good,101
INV_0000141,WH_001,WH_001_AMBIENT_108,SKU_00180,BATCH_0000141,2025-12-14,2026-12-14,2025-12-15,21,0,good,201
INV_0000142,WH_002,WH_002_AMBIENT_044,SKU_00001,BATCH_0000142,2026-05-14,2027-12-14,2026-05-20,10,0,good,566
INV_0000143,WH_001,WH_001_COLD_185,SKU_00237,BATCH_0000143,2026-03-26,2027-03-26,2026-04-07,57,0,good,303
INV_0000144,WH_003,WH_003_FROZEN_095,SKU_00171,BATCH_0000144,2025-01-19,2026-12-30,2025-01-23,129,0,good,217
INV_0000145,WH_001,WH_001_AMBIENT_134,SKU_00056,BATCH_0000145,2026-01-01,2027-03-22,2026-01-06,11,0,good,299
INV_0000146,WH_003,WH_003_COOL_088,SKU_00139,BATCH_0000146,2026-05-08,2028-05-07,2026-05-21,131,0,good,711
INV_0000147,WH_003,WH_003_AMBIENT_017,SKU_00156,BATCH_0000147,2024-12-22,2027-05-27,2024-12-25,57,0,good,365
INV_0000148,WH_002,WH_002_AMBIENT_177,SKU_00218,BATCH_0000148,2025-11-11,2027-12-29,2025-11-24,3,0,good,581
INV_0000149,WH_001,WH_001_COLD_188,SKU_00228,BATCH_0000149,2025-09-01,2026-06-29,2025-09-06,9,0,good,33
INV_0000150,WH_001,WH_001_COOL_048,SKU_00210,BATCH_0000150,2024-11-25,2026-11-25,2024-12-08,14,1,good,182
INV_0000151,WH_002,WH_002_COLD_111,SKU_00137,BATCH_0000151,2026-04-04,2027-04-04,2026-04-12,19,3,good,312
INV_0000152,WH_002,WH_002_AMBIENT_026,SKU_00073,BATCH_0000152,2025-10-27,2026-10-27,2025-10-31,0,0,good,153
INV_0000153,WH_003,WH_003_AMBIENT_113,SKU_00283,BATCH_0000153,2026-05-25,2027-05-25,2026-05-28,6,0,good,363
INV_0000154,WH_003,WH_003_COOL_132,SKU_00140,BATCH_0000154,2026-03-09,2026-12-15,2026-03-18,154,9,good,202
INV_0000155,WH_002,WH_002_COLD_084,SKU_00149,BATCH_0000155,2026-02-08,2026-07-03,2026-02-10,23,3,good,37
INV_0000156,WH_002,WH_002_AMBIENT_021,SKU_00025,BATCH_0000156,2025-11-17,2026-11-17,2025-11-23,156,0,good,174
INV_0000157,WH_003,WH_003_COOL_108,SKU_00112,BATCH_0000157,2025-01-31,2027-01-31,2025-02-09,198,0,good,249
INV_0000158,WH_002,WH_002_COOL_089,SKU_00138,BATCH_0000158,2024-10-28,2026-09-07,2024-10-30,41,12,good,103
INV_0000159,WH_002,WH_002_COLD_181,SKU_00237,BATCH_0000159,2025-12-26,2026-12-26,2025-12-28,24,0,good,213
INV_0000160,WH_003,WH_003_AMBIENT_011,SKU_00030,BATCH_0000160,2025-04-09,2027-08-20,2025-04-11,7,1,good,450
INV_0000161,WH_003,WH_003_COOL_122,SKU_00220,BATCH_0000161,2025-12-05,2026-08-05,2025-12-06,8,0,good,70
INV_0000162,WH_001,WH_001_AMBIENT_129,SKU_00076,BATCH_0000162,2025-07-01,2027-09-10,2025-07-04,49,0,good,471
INV_0000163,WH_001,WH_001_COLD_191,SKU_00249,BATCH_0000163,2025-11-01,2026-10-01,2025-11-13,14,0,good,127
INV_0000164,WH_002,WH_002_COOL_017,SKU_00175,BATCH_0000164,2026-02-13,2027-01-30,2026-02-16,20,3,good,248
INV_0000165,WH_002,WH_002_AMBIENT_163,SKU_00262,BATCH_0000165,2026-02-05,2027-08-18,2026-02-10,35,0,good,448
INV_0000166,WH_001,WH_001_COOL_163,SKU_00245,BATCH_0000166,2026-05-20,2027-10-15,2026-05-29,30,4,good,506
INV_0000167,WH_002,WH_002_AMBIENT_047,SKU_00026,BATCH_0000167,2025-09-23,2027-04-21,2025-09-29,34,0,good,329
INV_0000168,WH_001,WH_001_COLD_014,SKU_00249,BATCH_0000168,2025-09-16,2026-08-16,2025-09-19,6,0,good,81
INV_0000169,WH_003,WH_003_AMBIENT_163,SKU_00239,BATCH_0000169,2026-05-02,2027-05-02,2026-05-07,1,0,good,340
INV_0000170,WH_001,WH_001_COOL_071,SKU_00145,BATCH_0000170,2026-02-07,2027-05-31,2026-02-09,79,0,good,369
INV_0000171,WH_001,WH_001_COOL_142,SKU_00128,BATCH_0000171,2025-11-26,2027-11-26,2025-11-29,26,9,good,548
INV_0000172,WH_001,WH_001_FROZEN_096,SKU_00284,BATCH_0000172,2024-10-27,2026-10-27,2024-11-04,2,0,good,153
INV_0000173,WH_003,WH_003_AMBIENT_045,SKU_00159,BATCH_0000173,2025-08-26,2026-08-26,2025-08-27,1,0,good,91
INV_0000174,WH_003,WH_003_AMBIENT_146,SKU_00286,BATCH_0000174,2026-05-01,2028-03-17,2026-05-12,9,0,good,660
INV_0000175,WH_002,WH_002_FROZEN_126,SKU_00171,BATCH_0000175,2026-02-23,2028-02-03,2026-03-06,84,0,good,617
INV_0000176,WH_001,WH_001_COOL_032,SKU_00006,BATCH_0000176,2025-08-16,2027-08-16,2025-08-20,23,0,good,446
INV_0000177,WH_001,WH_001_COLD_006,SKU_00229,BATCH_0000177,2026-02-10,2027-02-10,2026-02-11,122,0,good,259
INV_0000178,WH_002,WH_002_AMBIENT_022,SKU_00291,BATCH_0000178,2026-03-23,2027-09-26,2026-03-28,8,0,good,487
INV_0000179,WH_001,WH_001_COLD_003,SKU_00251,BATCH_0000179,2025-07-04,2026-07-04,2025-07-07,1,0,good,38
INV_0000180,WH_001,WH_001_AMBIENT_083,SKU_00279,BATCH_0000180,2024-02-23,2026-12-22,2024-02-29,3,0,good,209
INV_0000181,WH_003,WH_003_AMBIENT_025,SKU_00030,BATCH_0000181,2026-01-23,2028-06-04,2026-01-26,120,0,good,739
INV_0000182,WH_001,WH_001_AMBIENT_119,SKU_00094,BATCH_0000182,2024-10-15,2027-01-07,2024-10-16,10,1,good,225
INV_0000183,WH_002,WH_002_COOL_011,SKU_00099,BATCH_0000183,2025-04-28,2026-10-08,2025-05-11,5,0,good,134
INV_0000184,WH_001,WH_001_COOL_054,SKU_00298,BATCH_0000184,2026-03-19,2027-03-15,2026-03-25,5,1,good,292
INV_0000185,WH_003,WH_003_COOL_006,SKU_00144,BATCH_0000185,2025-01-05,2026-12-27,2025-01-10,53,0,good,214
INV_0000186,WH_003,WH_003_AMBIENT_130,SKU_00246,BATCH_0000186,2026-05-01,2027-08-22,2026-05-08,5,0,good,452
INV_0000187,WH_003,WH_003_AMBIENT_111,SKU_00191,BATCH_0000187,2025-03-23,2027-10-11,2025-03-26,15,1,good,502
INV_0000188,WH_001,WH_001_AMBIENT_008,SKU_00292,BATCH_0000188,2025-03-29,2026-08-18,2025-03-31,7,0,good,83
INV_0000189,WH_001,WH_001_COOL_076,SKU_00175,BATCH_0000189,2026-02-26,2027-02-12,2026-03-02,86,0,good,261
INV_0000190,WH_001,WH_001_COOL_029,SKU_00293,BATCH_0000190,2025-10-20,2027-10-20,2025-10-26,4,0,good,511
INV_0000191,WH_003,WH_003_COLD_021,SKU_00106,BATCH_0000191,2025-11-05,2026-08-13,2025-11-15,15,1,good,78
INV_0000192,WH_002,WH_002_COOL_016,SKU_00224,BATCH_0000192,2026-03-24,2027-05-14,2026-04-04,16,0,good,352
INV_0000193,WH_003,WH_003_AMBIENT_141,SKU_00034,BATCH_0000193,2026-02-23,2027-04-20,2026-03-08,4,0,good,328
INV_0000194,WH_001,WH_001_COLD_147,SKU_00231,BATCH_0000194,2025-10-27,2026-10-27,2025-11-08,4,0,good,153
INV_0000195,WH_001,WH_001_AMBIENT_132,SKU_00288,BATCH_0000195,2026-03-17,2028-04-05,2026-03-18,35,0,good,679
INV_0000196,WH_002,WH_002_COOL_042,SKU_00077,BATCH_0000196,2025-12-12,2027-01-31,2025-12-19,232,12,good,249
INV_0000197,WH_003,WH_003_AMBIENT_185,SKU_00163,BATCH_0000197,2025-09-13,2027-03-29,2025-09-22,2,0,good,306
INV_0000198,WH_001,WH_001_COOL_016,SKU_00144,BATCH_0000198,2026-01-17,2028-01-08,2026-01-30,1,0,good,591
INV_0000199,WH_001,WH_001_AMBIENT_071,SKU_00004,BATCH_0000199,2026-05-20,2027-10-25,2026-05-31,33,11,good,516
INV_0000200,WH_003,WH_003_FROZEN_050,SKU_00296,BATCH_0000200,2025-03-11,2027-03-11,2025-03-23,8,0,good,288
INV_0000201,WH_002,WH_002_AMBIENT_113,SKU_00283,BATCH_0000201,2025-07-21,2026-07-21,2025-07-31,6,0,good,55
INV_0000202,WH_002,WH_002_FROZEN_077,SKU_00296,BATCH_0000202,2025-03-19,2027-03-19,2025-03-28,11,2,good,296
INV_0000203,WH_001,WH_001_AMBIENT_185,SKU_00022,BATCH_0000203,2024-09-22,2026-12-02,2024-09-23,7,0,good,189
INV_0000204,WH_002,WH_002_AMBIENT_168,SKU_00012,BATCH_0000204,2026-04-16,2027-04-16,2026-04-17,89,0,good,324
INV_0000205,WH_001,WH_001_COOL_176,SKU_00226,BATCH_0000205,2026-05-09,2028-05-08,2026-05-18,103,10,good,712
INV_0000206,WH_003,WH_003_AMBIENT_078,SKU_00057,BATCH_0000206,2025-07-11,2027-12-24,2025-07-22,1,0,good,576
INV_0000207,WH_001,WH_001_COOL_149,SKU_00280,BATCH_0000207,2026-04-12,2028-04-11,2026-04-14,2,0,good,685
INV_0000208,WH_002,WH_002_AMBIENT_173,SKU_00036,BATCH_0000208,2026-01-27,2027-04-30,2026-02-03,71,0,good,338
INV_0000209,WH_001,WH_001_COLD_161,SKU_00096,BATCH_0000209,2025-08-25,2026-08-25,2025-09-02,3,0,good,90
INV_0000210,WH_003,WH_003_COLD_104,SKU_00149,BATCH_0000210,2026-05-11,2026-10-03,2026-05-17,29,7,good,129
INV_0000211,WH_001,WH_001_COOL_142,SKU_00087,BATCH_0000211,2026-03-05,2028-03-04,2026-03-07,18,0,good,647
INV_0000212,WH_003,WH_003_AMBIENT_123,SKU_00104,BATCH_0000212,2025-10-30,2027-12-19,2025-11-11,0,0,good,571
INV_0000213,WH_003,WH_003_COLD_182,SKU_00110,BATCH_0000213,2026-05-09,2026-12-17,2026-05-20,23,0,good,204
INV_0000214,WH_003,WH_003_AMBIENT_194,SKU_00278,BATCH_0000214,2025-04-06,2027-05-08,2025-04-12,59,1,good,346
INV_0000215,WH_003,WH_003_COLD_075,SKU_00096,BATCH_0000215,2025-08-28,2026-08-28,2025-09-10,6,1,good,93
INV_0000216,WH_003,WH_003_COLD_127,SKU_00193,BATCH_0000216,2026-02-18,2027-01-18,2026-02-22,16,0,good,236
INV_0000217,WH_001,WH_001_AMBIENT_029,SKU_00008,BATCH_0000217,2025-10-11,2026-10-11,2025-10-16,46,9,good,137
INV_0000218,WH_001,WH_001_COOL_004,SKU_00167,BATCH_0000218,2026-03-16,2026-09-21,2026-03-29,66,19,good,117
INV_0000219,WH_001,WH_001_AMBIENT_185,SKU_00188,BATCH_0000219,2026-02-23,2027-02-23,2026-03-01,68,2,good,272
INV_0000220,WH_002,WH_002_COOL_115,SKU_00240,BATCH_0000220,2026-01-24,2026-11-06,2026-02-01,30,0,good,163
INV_0000221,WH_003,WH_003_COOL_039,SKU_00240,BATCH_0000221,2025-09-18,2026-07-01,2025-09-25,31,0,good,35
INV_0000222,WH_003,WH_003_AMBIENT_113,SKU_00230,BATCH_0000222,2025-04-15,2027-04-23,2025-04-27,16,0,good,331
INV_0000223,WH_003,WH_003_AMBIENT_118,SKU_00052,BATCH_0000223,2024-03-21,2026-12-07,2024-03-22,67,0,good,194
INV_0000224,WH_003,WH_003_COOL_165,SKU_00117,BATCH_0000224,2026-05-17,2027-11-30,2026-05-22,38,11,good,552
INV_0000225,WH_002,WH_002_COLD_185,SKU_00054,BATCH_0000225,2025-07-14,2026-07-14,2025-07-23,25,0,good,48
INV_0000226,WH_002,WH_002_AMBIENT_173,SKU_00215,BATCH_0000226,2026-03-31,2027-09-14,2026-04-08,36,0,good,475
INV_0000227,WH_002,WH_002_COLD_029,SKU_00054,BATCH_0000227,2026-02-05,2027-02-05,2026-02-12,34,0,good,254
INV_0000228,WH_002,WH_002_COOL_173,SKU_00093,BATCH_0000228,2026-03-13,2028-03-12,2026-03-25,6,0,good,655
INV_0000229,WH_002,WH_002_COLD_181,SKU_00047,BATCH_0000229,2026-01-18,2026-12-09,2026-01-27,24,0,good,196
INV_0000230,WH_001,WH_001_COOL_185,SKU_00138,BATCH_0000230,2025-05-25,2027-04-04,2025-06-02,37,0,good,312
INV_0000231,WH_001,WH_001_AMBIENT_181,SKU_00001,BATCH_0000231,2025-06-09,2027-01-09,2025-06-10,120,1,good,227
INV_0000232,WH_002,WH_002_FROZEN_035,SKU_00189,BATCH_0000232,2026-03-12,2028-03-11,2026-03-16,50,9,good,654
INV_0000233,WH_003,WH_003_AMBIENT_032,SKU_00283,BATCH_0000233,2025-08-02,2026-08-02,2025-08-08,7,0,good,67
INV_0000234,WH_001,WH_001_AMBIENT_039,SKU_00017,BATCH_0000234,2024-10-08,2026-09-13,2024-10-18,11,0,good,109
INV_0000235,WH_002,WH_002_AMBIENT_022,SKU_00158,BATCH_0000235,2025-08-28,2027-05-26,2025-09-06,26,10,good,364
INV_0000236,WH_001,WH_001_COOL_090,SKU_00087,BATCH_0000236,2026-01-31,2028-01-31,2026-02-10,35,4,good,614
INV_0000237,WH_001,WH_001_AMBIENT_101,SKU_00095,BATCH_0000237,2026-05-20,2028-09-06,2026-06-01,32,0,good,833
INV_0000238,WH_003,WH_003_AMBIENT_149,SKU_00246,BATCH_0000238,2026-05-22,2027-09-12,2026-05-25,11,0,good,473
INV_0000239,WH_001,WH_001_COLD_002,SKU_00271,BATCH_0000239,2026-02-13,2026-08-10,2026-02-18,23,0,good,75
INV_0000240,WH_002,WH_002_AMBIENT_161,SKU_00186,BATCH_0000240,2024-10-23,2026-12-05,2024-10-26,9,0,good,192
INV_0000241,WH_003,WH_003_COOL_196,SKU_00210,BATCH_0000241,2025-10-08,2027-10-08,2025-10-19,92,0,good,499
INV_0000242,WH_001,WH_001_AMBIENT_085,SKU_00185,BATCH_0000242,2026-01-11,2027-01-11,2026-01-24,25,0,good,229
INV_0000243,WH_003,WH_003_COOL_177,SKU_00119,BATCH_0000243,2025-09-22,2027-01-16,2025-09-25,23,0,good,234
INV_0000244,WH_003,WH_003_COLD_039,SKU_00251,BATCH_0000244,2026-01-25,2027-01-25,2026-02-03,9,0,good,243
INV_0000245,WH_002,WH_002_COLD_035,SKU_00029,BATCH_0000245,2026-05-11,2027-05-11,2026-05-17,0,0,good,349
INV_0000246,WH_003,WH_003_AMBIENT_084,SKU_00122,BATCH_0000246,2025-03-17,2028-01-03,2025-03-18,196,39,good,586
INV_0000247,WH_001,WH_001_AMBIENT_009,SKU_00195,BATCH_0000247,2025-04-10,2027-07-11,2025-04-23,180,70,good,410
INV_0000248,WH_002,WH_002_AMBIENT_184,SKU_00200,BATCH_0000248,2025-09-24,2027-05-20,2025-10-07,41,0,good,358
INV_0000249,WH_002,WH_002_AMBIENT_171,SKU_00279,BATCH_0000249,2024-08-23,2027-06-22,2024-09-02,14,0,good,391
INV_0000250,WH_003,WH_003_COLD_179,SKU_00092,BATCH_0000250,2026-02-08,2027-02-08,2026-02-18,11,0,good,257
INV_0000251,WH_001,WH_001_COLD_046,SKU_00068,BATCH_0000251,2025-07-07,2026-07-07,2025-07-08,21,0,good,41
INV_0000252,WH_003,WH_003_AMBIENT_173,SKU_00094,BATCH_0000252,2025-12-05,2028-02-27,2025-12-07,28,8,good,641
INV_0000253,WH_002,WH_002_COOL_063,SKU_00175,BATCH_0000253,2025-09-23,2026-09-09,2025-09-29,116,0,good,105
INV_0000254,WH_003,WH_003_AMBIENT_014,SKU_00026,BATCH_0000254,2025-03-24,2026-10-20,2025-03-27,92,0,good,146
INV_0000255,WH_003,WH_003_AMBIENT_151,SKU_00214,BATCH_0000255,2026-05-15,2028-08-16,2026-05-18,9,0,good,812
INV_0000256,WH_001,WH_001_AMBIENT_123,SKU_00028,BATCH_0000256,2026-04-27,2027-09-12,2026-04-30,54,0,good,473
INV_0000257,WH_003,WH_003_AMBIENT_127,SKU_00098,BATCH_0000257,2025-06-07,2028-01-09,2025-06-15,36,0,good,592
INV_0000258,WH_003,WH_003_AMBIENT_046,SKU_00173,BATCH_0000258,2026-05-20,2028-05-01,2026-05-30,1,0,good,705
INV_0000259,WH_002,WH_002_AMBIENT_085,SKU_00232,BATCH_0000259,2024-11-14,2026-08-03,2024-11-17,103,0,good,68
INV_0000260,WH_003,WH_003_AMBIENT_077,SKU_00158,BATCH_0000260,2025-06-22,2027-03-20,2025-06-30,4,0,good,297
INV_0000261,WH_003,WH_003_COOL_115,SKU_00088,BATCH_0000261,2024-11-30,2026-11-30,2024-12-04,9,0,good,187
INV_0000262,WH_003,WH_003_COLD_109,SKU_00137,BATCH_0000262,2026-01-12,2027-01-12,2026-01-15,19,0,good,230
INV_0000263,WH_001,WH_001_COOL_177,SKU_00077,BATCH_0000263,2026-04-08,2027-05-28,2026-04-12,176,0,good,366
INV_0000264,WH_001,WH_001_COOL_041,SKU_00058,BATCH_0000264,2026-01-14,2026-11-09,2026-01-18,3,0,good,166
INV_0000265,WH_001,WH_001_AMBIENT_142,SKU_00075,BATCH_0000265,2026-04-23,2027-04-23,2026-04-25,7,1,good,331
INV_0000266,WH_001,WH_001_COLD_035,SKU_00237,BATCH_0000266,2025-08-06,2026-08-06,2025-08-09,18,5,good,71
INV_0000267,WH_003,WH_003_COOL_147,SKU_00226,BATCH_0000267,2024-12-12,2026-12-12,2024-12-20,5,0,good,199
INV_0000268,WH_001,WH_001_AMBIENT_104,SKU_00236,BATCH_0000268,2026-02-11,2027-05-31,2026-02-15,7,0,good,369
INV_0000269,WH_002,WH_002_COOL_122,SKU_00021,BATCH_0000269,2026-05-10,2027-02-26,2026-05-21,39,0,good,275
INV_0000270,WH_001,WH_001_COOL_018,SKU_00244,BATCH_0000270,2025-12-31,2027-08-03,2026-01-06,7,0,good,433
INV_0000271,WH_003,WH_003_AMBIENT_191,SKU_00004,BATCH_0000271,2025-04-16,2026-09-21,2025-04-21,5,0,good,117
INV_0000272,WH_001,WH_001_COLD_005,SKU_00069,BATCH_0000272,2025-12-10,2026-11-06,2025-12-19,6,0,good,163
INV_0000273,WH_001,WH_001_COLD_170,SKU_00260,BATCH_0000273,2025-09-28,2026-09-28,2025-10-01,30,0,good,124
INV_0000274,WH_001,WH_001_COOL_011,SKU_00117,BATCH_0000274,2026-02-05,2027-08-21,2026-02-07,6,0,good,451
INV_0000275,WH_001,WH_001_AMBIENT_037,SKU_00268,BATCH_0000275,2026-03-10,2027-03-10,2026-03-20,7,0,good,287
INV_0000276,WH_003,WH_003_AMBIENT_040,SKU_00103,BATCH_0000276,2025-09-05,2026-09-05,2025-09-07,73,0,good,101
INV_0000277,WH_002,WH_002_AMBIENT_197,SKU_00179,BATCH_0000277,2025-09-18,2026-09-18,2025-09-27,14,3,good,114
INV_0000278,WH_001,WH_001_AMBIENT_103,SKU_00122,BATCH_0000278,2024-10-23,2027-08-11,2024-11-02,33,0,good,441
INV_0000279,WH_003,WH_003_COLD_075,SKU_00082,BATCH_0000279,2025-10-28,2026-10-28,2025-11-07,11,0,good,154
INV_0000280,WH_001,WH_001_COOL_183,SKU_00015,BATCH_0000280,2025-03-21,2026-12-09,2025-03-23,3,0,good,196
INV_0000281,WH_003,WH_003_AMBIENT_049,SKU_00030,BATCH_0000281,2026-04-09,2028-08-19,2026-04-16,14,0,good,815
INV_0000282,WH_003,WH_003_COOL_017,SKU_00042,BATCH_0000282,2026-01-09,2027-06-02,2026-01-21,11,0,good,371
INV_0000283,WH_002,WH_002_AMBIENT_153,SKU_00036,BATCH_0000283,2025-05-17,2026-08-18,2025-05-19,9,2,good,83
INV_0000284,WH_003,WH_003_AMBIENT_127,SKU_00026,BATCH_0000284,2026-03-26,2027-10-22,2026-03-31,57,0,good,513
INV_0000285,WH_002,WH_002_FROZEN_078,SKU_00189,BATCH_0000285,2025-08-08,2027-08-08,2025-08-10,5,0,good,438
INV_0000286,WH_003,WH_003_COOL_112,SKU_00276,BATCH_0000286,2025-11-29,2027-08-30,2025-12-11,39,10,good,460
INV_0000287,WH_003,WH_003_AMBIENT_056,SKU_00200,BATCH_0000287,2025-06-10,2027-02-03,2025-06-19,3,0,good,252
INV_0000288,WH_001,WH_001_COOL_199,SKU_00219,BATCH_0000288,2025-10-18,2027-07-22,2025-10-21,67,0,good,421
INV_0000289,WH_001,WH_001_AMBIENT_063,SKU_00178,BATCH_0000289,2025-03-28,2027-01-14,2025-04-04,7,0,good,232
INV_0000290,WH_003,WH_003_COOL_190,SKU_00175,BATCH_0000290,2026-01-20,2027-01-06,2026-01-27,315,0,good,224
INV_0000291,WH_001,WH_001_AMBIENT_017,SKU_00095,BATCH_0000291,2025-10-09,2028-01-27,2025-10-11,3,0,good,610
INV_0000292,WH_003,WH_003_COOL_027,SKU_00070,BATCH_0000292,2025-03-07,2027-03-07,2025-03-16,54,4,good,284
INV_0000293,WH_003,WH_003_FROZEN_160,SKU_00189,BATCH_0000293,2024-08-11,2026-08-11,2024-08-23,24,1,good,76
INV_0000294,WH_003,WH_003_FROZEN_153,SKU_00192,BATCH_0000294,2026-04-27,2026-12-25,2026-05-10,2,0,good,212
INV_0000295,WH_002,WH_002_COOL_056,SKU_00089,BATCH_0000295,2025-10-22,2027-01-20,2025-10-29,89,0,good,238
INV_0000296,WH_002,WH_002_AMBIENT_128,SKU_00122,BATCH_0000296,2025-05-07,2028-02-23,2025-05-13,11,2,good,637
INV_0000297,WH_001,WH_001_AMBIENT_069,SKU_00081,BATCH_0000297,2026-01-19,2027-07-24,2026-01-20,76,0,good,423
INV_0000298,WH_002,WH_002_AMBIENT_066,SKU_00185,BATCH_0000298,2026-05-27,2027-05-27,2026-06-08,1,0,good,365
INV_0000299,WH_002,WH_002_COOL_183,SKU_00162,BATCH_0000299,2025-01-18,2027-01-18,2025-01-28,25,6,good,236
INV_0000300,WH_001,WH_001_COLD_027,SKU_00082,BATCH_0000300,2026-01-24,2027-01-24,2026-02-02,42,0,good,242
INV_0000301,WH_001,WH_001_COLD_188,SKU_00228,BATCH_0000301,2025-08-31,2026-06-28,2025-09-04,17,0,good,32
INV_0000302,WH_001,WH_001_AMBIENT_171,SKU_00113,BATCH_0000302,2025-10-18,2026-10-18,2025-10-25,11,0,good,144
INV_0000303,WH_003,WH_003_COLD_030,SKU_00182,BATCH_0000303,2025-12-02,2026-08-11,2025-12-08,19,0,good,76
INV_0000304,WH_002,WH_002_COLD_068,SKU_00193,BATCH_0000304,2025-08-02,2026-07-02,2025-08-14,23,5,good,36
INV_0000305,WH_002,WH_002_AMBIENT_175,SKU_00009,BATCH_0000305,2025-08-30,2027-09-13,2025-09-03,10,0,good,474
INV_0000306,WH_002,WH_002_COLD_182,SKU_00065,BATCH_0000306,2026-05-01,2026-09-02,2026-05-05,66,3,good,98
INV_0000307,WH_003,WH_003_AMBIENT_183,SKU_00185,BATCH_0000307,2026-03-15,2027-03-15,2026-03-20,31,0,good,292
INV_0000308,WH_003,WH_003_COOL_098,SKU_00042,BATCH_0000308,2025-05-08,2026-09-29,2025-05-13,18,0,good,125
INV_0000309,WH_002,WH_002_COOL_038,SKU_00273,BATCH_0000309,2025-12-09,2027-07-19,2025-12-12,12,0,good,418
INV_0000310,WH_003,WH_003_AMBIENT_172,SKU_00057,BATCH_0000310,2026-05-11,2028-10-23,2026-05-21,21,7,good,880
INV_0000311,WH_002,WH_002_AMBIENT_129,SKU_00179,BATCH_0000311,2026-03-07,2027-03-07,2026-03-19,23,4,good,284
INV_0000312,WH_001,WH_001_AMBIENT_074,SKU_00100,BATCH_0000312,2025-03-20,2027-11-03,2025-03-21,15,0,good,525
INV_0000313,WH_003,WH_003_COOL_071,SKU_00181,BATCH_0000313,2025-12-10,2026-12-16,2025-12-22,260,0,good,203
INV_0000314,WH_002,WH_002_AMBIENT_081,SKU_00125,BATCH_0000314,2025-12-13,2026-12-13,2025-12-24,4,0,good,200
INV_0000315,WH_001,WH_001_AMBIENT_058,SKU_00239,BATCH_0000315,2026-04-29,2027-04-29,2026-05-04,8,2,good,337
INV_0000316,WH_003,WH_003_AMBIENT_097,SKU_00282,BATCH_0000316,2026-04-24,2028-09-05,2026-04-27,17,0,good,832
INV_0000317,WH_001,WH_001_COLD_061,SKU_00069,BATCH_0000317,2025-12-28,2026-11-24,2026-01-08,349,0,good,181
INV_0000318,WH_001,WH_001_COLD_035,SKU_00154,BATCH_0000318,2026-03-05,2026-07-30,2026-03-08,18,6,good,64
INV_0000319,WH_003,WH_003_AMBIENT_003,SKU_00071,BATCH_0000319,2024-05-04,2027-02-12,2024-05-14,194,0,good,261
INV_0000320,WH_002,WH_002_AMBIENT_090,SKU_00071,BATCH_0000320,2024-11-29,2027-09-09,2024-12-10,45,0,good,470
INV_0000321,WH_001,WH_001_AMBIENT_074,SKU_00097,BATCH_0000321,2024-06-11,2026-09-11,2024-06-20,47,0,good,107
INV_0000322,WH_003,WH_003_AMBIENT_155,SKU_00062,BATCH_0000322,2025-02-19,2027-02-10,2025-02-22,22,0,good,259
INV_0000323,WH_002,WH_002_COOL_127,SKU_00130,BATCH_0000323,2026-03-16,2028-03-15,2026-03-28,76,19,good,658
INV_0000324,WH_001,WH_001_AMBIENT_074,SKU_00203,BATCH_0000324,2025-04-16,2026-12-30,2025-04-21,5,0,good,217
INV_0000325,WH_002,WH_002_AMBIENT_097,SKU_00120,BATCH_0000325,2026-04-20,2027-07-29,2026-05-02,18,1,good,428
INV_0000326,WH_001,WH_001_COOL_117,SKU_00273,BATCH_0000326,2025-07-30,2027-03-09,2025-08-07,15,0,good,286
INV_0000327,WH_001,WH_001_COLD_146,SKU_00149,BATCH_0000327,2026-02-01,2026-06-26,2026-02-09,3,0,good,30
INV_0000328,WH_002,WH_002_AMBIENT_073,SKU_00017,BATCH_0000328,2024-11-09,2026-10-15,2024-11-11,21,3,good,141
INV_0000329,WH_003,WH_003_AMBIENT_108,SKU_00107,BATCH_0000329,2026-05-11,2027-05-11,2026-05-15,3,0,good,349
INV_0000330,WH_002,WH_002_AMBIENT_154,SKU_00217,BATCH_0000330,2025-09-27,2027-11-25,2025-10-10,15,0,good,547
INV_0000331,WH_001,WH_001_COOL_194,SKU_00131,BATCH_0000331,2024-11-22,2026-09-21,2024-11-30,9,0,good,117
INV_0000332,WH_003,WH_003_AMBIENT_055,SKU_00049,BATCH_0000332,2025-07-23,2026-09-08,2025-08-05,2,0,good,104
INV_0000333,WH_002,WH_002_AMBIENT_046,SKU_00263,BATCH_0000333,2025-03-15,2027-01-01,2025-03-26,12,1,good,219
INV_0000334,WH_002,WH_002_AMBIENT_157,SKU_00200,BATCH_0000334,2025-09-18,2027-05-14,2025-09-27,74,0,good,352
INV_0000335,WH_003,WH_003_AMBIENT_078,SKU_00233,BATCH_0000335,2025-08-11,2027-03-23,2025-08-14,67,0,good,300
INV_0000336,WH_003,WH_003_COLD_154,SKU_00068,BATCH_0000336,2025-07-17,2026-07-17,2025-07-23,7,0,good,51
INV_0000337,WH_002,WH_002_COOL_161,SKU_00044,BATCH_0000337,2025-03-19,2027-01-30,2025-03-23,5,0,good,248
INV_0000338,WH_002,WH_002_AMBIENT_087,SKU_00234,BATCH_0000338,2026-03-09,2027-03-09,2026-03-18,16,0,good,286
INV_0000339,WH_002,WH_002_AMBIENT_020,SKU_00084,BATCH_0000339,2025-09-30,2026-09-30,2025-10-08,58,0,good,126
INV_0000340,WH_003,WH_003_COOL_044,SKU_00162,BATCH_0000340,2025-03-27,2027-03-27,2025-03-28,50,0,good,304
INV_0000341,WH_002,WH_002_AMBIENT_012,SKU_00018,BATCH_0000341,2025-05-23,2026-09-22,2025-05-31,5,0,good,118
INV_0000342,WH_003,WH_003_AMBIENT_084,SKU_00262,BATCH_0000342,2025-03-16,2026-09-26,2025-03-18,10,0,good,122
INV_0000343,WH_003,WH_003_COLD_011,SKU_00069,BATCH_0000343,2026-03-07,2027-02-01,2026-03-18,51,2,good,250
INV_0000344,WH_002,WH_002_AMBIENT_154,SKU_00017,BATCH_0000344,2026-05-01,2028-04-05,2026-05-06,45,0,good,679
INV_0000345,WH_002,WH_002_COLD_119,SKU_00035,BATCH_0000345,2026-01-13,2026-06-19,2026-01-23,21,0,good,23
INV_0000346,WH_001,WH_001_COOL_195,SKU_00145,BATCH_0000346,2026-01-17,2027-05-10,2026-01-24,50,0,good,348
INV_0000347,WH_002,WH_002_COLD_085,SKU_00106,BATCH_0000347,2025-12-22,2026-09-29,2026-01-04,30,0,good,125
INV_0000348,WH_002,WH_002_AMBIENT_136,SKU_00262,BATCH_0000348,2025-12-13,2027-06-25,2025-12-20,24,1,good,394
INV_0000349,WH_002,WH_002_AMBIENT_139,SKU_00008,BATCH_0000349,2026-04-13,2027-04-13,2026-04-23,9,0,good,321
INV_0000350,WH_002,WH_002_COOL_014,SKU_00253,BATCH_0000350,2024-11-11,2026-11-11,2024-11-21,50,0,good,168
INV_0000351,WH_002,WH_002_COOL_020,SKU_00167,BATCH_0000351,2025-12-22,2026-06-29,2025-12-29,72,11,good,33
INV_0000352,WH_002,WH_002_COOL_051,SKU_00145,BATCH_0000352,2025-07-13,2026-11-03,2025-07-20,5,2,good,160
INV_0000353,WH_002,WH_002_AMBIENT_126,SKU_00057,BATCH_0000353,2025-05-24,2027-11-06,2025-05-31,46,0,good,528
INV_0000354,WH_002,WH_002_AMBIENT_074,SKU_00283,BATCH_0000354,2025-12-13,2026-12-13,2025-12-23,44,8,good,200
INV_0000355,WH_003,WH_003_AMBIENT_057,SKU_00279,BATCH_0000355,2026-04-08,2029-02-04,2026-04-19,72,10,good,984
INV_0000356,WH_002,WH_002_AMBIENT_035,SKU_00084,BATCH_0000356,2025-08-18,2026-08-18,2025-08-23,15,0,good,83
INV_0000357,WH_002,WH_002_COOL_072,SKU_00088,BATCH_0000357,2026-03-18,2028-03-17,2026-03-23,26,0,good,660
INV_0000358,WH_002,WH_002_AMBIENT_164,SKU_00218,BATCH_0000358,2025-05-31,2027-07-18,2025-06-04,13,0,good,417
INV_0000359,WH_002,WH_002_COOL_094,SKU_00210,BATCH_0000359,2025-07-15,2027-07-15,2025-07-25,6,0,good,414
INV_0000360,WH_001,WH_001_AMBIENT_057,SKU_00018,BATCH_0000360,2025-09-30,2027-01-30,2025-10-03,5,0,good,248
INV_0000361,WH_003,WH_003_COLD_104,SKU_00090,BATCH_0000361,2026-03-14,2026-08-09,2026-03-21,17,0,good,74
INV_0000362,WH_002,WH_002_COLD_135,SKU_00127,BATCH_0000362,2025-12-02,2026-06-30,2025-12-10,27,5,good,34
INV_0000363,WH_001,WH_001_FROZEN_015,SKU_00032,BATCH_0000363,2025-11-07,2026-07-20,2025-11-16,25,2,good,54
INV_0000364,WH_002,WH_002_AMBIENT_127,SKU_00248,BATCH_0000364,2025-01-16,2027-04-20,2025-01-22,44,9,good,328
INV_0000365,WH_001,WH_001_AMBIENT_065,SKU_00198,BATCH_0000365,2026-03-08,2027-05-10,2026-03-18,2,0,good,348
INV_0000366,WH_003,WH_003_COOL_123,SKU_00151,BATCH_0000366,2026-02-15,2027-08-22,2026-02-25,13,0,good,452
INV_0000367,WH_003,WH_003_COLD_140,SKU_00300,BATCH_0000367,2026-01-22,2027-01-22,2026-01-26,20,0,good,240
INV_0000368,WH_002,WH_002_FROZEN_056,SKU_00284,BATCH_0000368,2026-03-09,2028-03-08,2026-03-22,9,1,good,651
INV_0000369,WH_001,WH_001_COOL_078,SKU_00058,BATCH_0000369,2026-05-01,2027-02-24,2026-05-07,4,0,good,273
INV_0000370,WH_001,WH_001_COLD_051,SKU_00256,BATCH_0000370,2026-03-21,2027-03-21,2026-04-01,39,0,good,298
INV_0000371,WH_001,WH_001_AMBIENT_083,SKU_00221,BATCH_0000371,2026-03-09,2027-03-09,2026-03-12,17,0,good,286
INV_0000372,WH_002,WH_002_COOL_195,SKU_00101,BATCH_0000372,2025-04-02,2027-04-02,2025-04-14,12,0,good,310
INV_0000373,WH_002,WH_002_AMBIENT_121,SKU_00063,BATCH_0000373,2026-01-02,2027-05-11,2026-01-12,130,0,good,349
INV_0000374,WH_003,WH_003_AMBIENT_170,SKU_00028,BATCH_0000374,2025-04-04,2026-08-20,2025-04-07,3,0,good,85
INV_0000375,WH_002,WH_002_COOL_112,SKU_00273,BATCH_0000375,2025-01-09,2026-08-19,2025-01-21,156,17,good,84
INV_0000376,WH_003,WH_003_AMBIENT_132,SKU_00150,BATCH_0000376,2025-08-22,2026-11-07,2025-08-28,52,0,good,164
INV_0000377,WH_002,WH_002_AMBIENT_126,SKU_00049,BATCH_0000377,2026-05-13,2027-06-29,2026-05-18,18,0,good,398
INV_0000378,WH_001,WH_001_AMBIENT_185,SKU_00080,BATCH_0000378,2024-09-12,2027-01-27,2024-09-24,30,0,good,245
INV_0000379,WH_002,WH_002_AMBIENT_113,SKU_00195,BATCH_0000379,2026-03-27,2028-06-26,2026-04-08,8,0,good,761
INV_0000380,WH_003,WH_003_COOL_159,SKU_00044,BATCH_0000380,2026-01-12,2027-11-25,2026-01-15,15,4,good,547
INV_0000381,WH_001,WH_001_COOL_037,SKU_00145,BATCH_0000381,2025-05-23,2026-09-13,2025-05-27,11,3,good,109
INV_0000382,WH_001,WH_001_COLD_007,SKU_00300,BATCH_0000382,2026-05-24,2027-05-24,2026-05-25,14,0,good,362
INV_0000383,WH_002,WH_002_AMBIENT_010,SKU_00055,BATCH_0000383,2025-11-07,2027-03-13,2025-11-12,17,1,good,290
INV_0000384,WH_003,WH_003_COLD_092,SKU_00193,BATCH_0000384,2025-08-11,2026-07-11,2025-08-20,9,0,good,45
INV_0000385,WH_001,WH_001_AMBIENT_145,SKU_00265,BATCH_0000385,2024-11-03,2027-01-30,2024-11-05,336,0,good,248
INV_0000386,WH_003,WH_003_AMBIENT_050,SKU_00147,BATCH_0000386,2026-05-18,2029-02-13,2026-05-28,8,0,good,993
INV_0000387,WH_001,WH_001_COOL_177,SKU_00043,BATCH_0000387,2024-08-17,2026-08-17,2024-08-21,58,0,good,82
INV_0000388,WH_003,WH_003_COOL_092,SKU_00021,BATCH_0000388,2025-09-26,2026-07-15,2025-10-09,20,0,good,49
INV_0000389,WH_002,WH_002_COLD_025,SKU_00182,BATCH_0000389,2025-10-22,2026-07-01,2025-10-24,2,0,good,35
INV_0000390,WH_001,WH_001_COLD_131,SKU_00237,BATCH_0000390,2025-08-31,2026-08-31,2025-09-06,41,0,good,96
INV_0000391,WH_001,WH_001_COLD_055,SKU_00127,BATCH_0000391,2026-05-13,2026-12-09,2026-05-15,18,0,good,196
INV_0000392,WH_002,WH_002_COOL_081,SKU_00087,BATCH_0000392,2025-04-12,2027-04-12,2025-04-25,74,0,good,320
INV_0000393,WH_002,WH_002_AMBIENT_042,SKU_00191,BATCH_0000393,2024-03-13,2026-10-01,2024-03-20,186,0,good,127
INV_0000394,WH_003,WH_003_AMBIENT_199,SKU_00246,BATCH_0000394,2025-10-10,2027-01-31,2025-10-16,8,3,good,249
INV_0000395,WH_001,WH_001_AMBIENT_196,SKU_00158,BATCH_0000395,2025-06-16,2027-03-14,2025-06-19,189,0,good,291
INV_0000396,WH_001,WH_001_COOL_012,SKU_00211,BATCH_0000396,2026-03-01,2028-02-29,2026-03-13,33,0,good,643
INV_0000397,WH_003,WH_003_COLD_129,SKU_00209,BATCH_0000397,2026-03-19,2026-10-28,2026-03-25,18,0,good,154
INV_0000398,WH_002,WH_002_AMBIENT_109,SKU_00283,BATCH_0000398,2025-09-03,2026-09-03,2025-09-07,104,18,good,99
INV_0000399,WH_003,WH_003_COLD_190,SKU_00096,BATCH_0000399,2026-03-29,2027-03-29,2026-04-05,64,0,good,306
INV_0000400,WH_002,WH_002_COOL_054,SKU_00072,BATCH_0000400,2024-09-26,2026-09-26,2024-10-05,95,0,good,122
INV_0000401,WH_002,WH_002_FROZEN_179,SKU_00201,BATCH_0000401,2024-09-06,2026-09-05,2024-09-10,49,0,good,101
INV_0000402,WH_001,WH_001_COLD_194,SKU_00204,BATCH_0000402,2025-12-08,2026-12-03,2025-12-17,11,3,good,190
INV_0000403,WH_002,WH_002_COLD_088,SKU_00068,BATCH_0000403,2026-04-12,2027-04-12,2026-04-22,22,0,good,320
INV_0000404,WH_003,WH_003_AMBIENT_122,SKU_00108,BATCH_0000404,2024-05-24,2027-03-26,2024-05-30,102,34,good,303
INV_0000405,WH_003,WH_003_COOL_162,SKU_00119,BATCH_0000405,2026-04-30,2027-08-24,2026-05-08,7,0,good,454
INV_0000406,WH_002,WH_002_AMBIENT_101,SKU_00178,BATCH_0000406,2025-08-28,2027-06-16,2025-08-31,33,12,good,385
INV_0000407,WH_003,WH_003_COOL_176,SKU_00093,BATCH_0000407,2026-01-03,2028-01-03,2026-01-07,6,0,good,586
INV_0000408,WH_002,WH_002_COOL_021,SKU_00219,BATCH_0000408,2025-10-14,2027-07-18,2025-10-27,61,0,good,417
INV_0000409,WH_003,WH_003_AMBIENT_176,SKU_00168,BATCH_0000409,2026-02-12,2027-02-12,2026-02-16,126,0,good,261
INV_0000410,WH_002,WH_002_AMBIENT_155,SKU_00141,BATCH_0000410,2025-10-28,2026-10-28,2025-10-31,17,3,good,154
INV_0000411,WH_002,WH_002_COLD_077,SKU_00249,BATCH_0000411,2026-01-24,2026-12-24,2026-01-29,70,0,good,211
INV_0000412,WH_003,WH_003_COOL_188,SKU_00227,BATCH_0000412,2025-08-07,2027-08-07,2025-08-17,50,0,good,437
INV_0000413,WH_003,WH_003_AMBIENT_041,SKU_00013,BATCH_0000413,2026-02-20,2028-12-15,2026-02-28,1,0,good,933
INV_0000414,WH_002,WH_002_COOL_173,SKU_00128,BATCH_0000414,2026-05-26,2028-05-25,2026-05-30,174,0,good,729
INV_0000415,WH_002,WH_002_COOL_184,SKU_00117,BATCH_0000415,2025-08-24,2027-03-09,2025-09-03,11,0,good,286
INV_0000416,WH_001,WH_001_AMBIENT_070,SKU_00066,BATCH_0000416,2026-03-02,2027-08-15,2026-03-09,18,0,good,445
INV_0000417,WH_002,WH_002_COLD_039,SKU_00199,BATCH_0000417,2025-07-27,2026-07-27,2025-08-08,9,0,good,61
INV_0000418,WH_002,WH_002_AMBIENT_084,SKU_00214,BATCH_0000418,2026-03-04,2028-06-05,2026-03-13,29,0,good,740
INV_0000419,WH_001,WH_001_AMBIENT_052,SKU_00049,BATCH_0000419,2026-02-18,2027-04-06,2026-03-01,35,12,good,314
INV_0000420,WH_003,WH_003_COOL_079,SKU_00138,BATCH_0000420,2026-03-07,2028-01-15,2026-03-16,10,0,good,598
INV_0000421,WH_001,WH_001_COOL_054,SKU_00016,BATCH_0000421,2025-08-24,2027-01-31,2025-08-31,173,65,good,249
INV_0000422,WH_001,WH_001_COLD_045,SKU_00231,BATCH_0000422,2025-09-26,2026-09-26,2025-10-05,28,0,good,122
INV_0000423,WH_001,WH_001_COOL_007,SKU_00128,BATCH_0000423,2026-02-27,2028-02-27,2026-03-03,40,0,good,641
INV_0000424,WH_003,WH_003_COOL_154,SKU_00224,BATCH_0000424,2025-11-19,2027-01-09,2025-11-27,16,0,good,227
INV_0000425,WH_002,WH_002_AMBIENT_179,SKU_00125,BATCH_0000425,2026-01-04,2027-01-04,2026-01-11,35,0,good,222
INV_0000426,WH_002,WH_002_AMBIENT_155,SKU_00203,BATCH_0000426,2026-01-22,2027-10-07,2026-01-28,97,0,good,498
INV_0000427,WH_002,WH_002_AMBIENT_164,SKU_00091,BATCH_0000427,2024-06-28,2027-01-29,2024-07-07,6,0,good,247
INV_0000428,WH_003,WH_003_AMBIENT_043,SKU_00281,BATCH_0000428,2026-01-03,2027-01-03,2026-01-04,30,0,good,221
INV_0000429,WH_002,WH_002_AMBIENT_192,SKU_00126,BATCH_0000429,2024-08-31,2027-01-02,2024-09-12,118,0,good,220
INV_0000430,WH_002,WH_002_AMBIENT_164,SKU_00076,BATCH_0000430,2025-05-14,2027-07-24,2025-05-15,16,0,good,423
INV_0000431,WH_001,WH_001_AMBIENT_189,SKU_00218,BATCH_0000431,2024-12-19,2027-02-05,2024-12-29,13,0,good,254
INV_0000432,WH_003,WH_003_COLD_144,SKU_00123,BATCH_0000432,2026-05-14,2027-05-14,2026-05-22,16,0,good,352
INV_0000433,WH_003,WH_003_AMBIENT_120,SKU_00013,BATCH_0000433,2023-11-29,2026-09-23,2023-12-06,32,0,good,119
INV_0000434,WH_002,WH_002_AMBIENT_139,SKU_00174,BATCH_0000434,2025-08-28,2028-01-05,2025-09-03,41,0,good,588
INV_0000435,WH_002,WH_002_COOL_200,SKU_00021,BATCH_0000435,2025-09-30,2026-07-19,2025-10-11,15,0,good,53
INV_0000436,WH_001,WH_001_COLD_094,SKU_00271,BATCH_0000436,2026-01-26,2026-07-23,2026-02-03,78,4,good,57
INV_0000437,WH_002,WH_002_COLD_086,SKU_00037,BATCH_0000437,2025-07-20,2026-07-20,2025-07-26,20,1,good,54
INV_0000438,WH_001,WH_001_AMBIENT_073,SKU_00225,BATCH_0000438,2026-02-23,2027-02-25,2026-03-08,5,0,good,274
INV_0000439,WH_001,WH_001_COOL_072,SKU_00220,BATCH_0000439,2025-12-16,2026-08-16,2025-12-25,10,0,good,81
INV_0000440,WH_001,WH_001_AMBIENT_117,SKU_00073,BATCH_0000440,2025-11-05,2026-11-05,2025-11-07,5,0,good,162
INV_0000441,WH_001,WH_001_COLD_125,SKU_00182,BATCH_0000441,2025-11-24,2026-08-03,2025-12-02,95,0,good,68
INV_0000442,WH_003,WH_003_COOL_150,SKU_00002,BATCH_0000442,2025-01-21,2027-01-21,2025-02-02,31,7,good,239
INV_0000443,WH_001,WH_001_COLD_129,SKU_00251,BATCH_0000443,2026-05-17,2027-05-17,2026-05-30,42,0,good,355
INV_0000444,WH_002,WH_002_AMBIENT_035,SKU_00024,BATCH_0000444,2024-11-11,2026-08-13,2024-11-14,7,2,good,78
INV_0000445,WH_003,WH_003_COOL_144,SKU_00207,BATCH_0000445,2025-11-17,2026-11-23,2025-11-22,19,0,good,180
INV_0000446,WH_001,WH_001_AMBIENT_103,SKU_00075,BATCH_0000446,2025-08-03,2026-08-03,2025-08-04,92,0,good,68
INV_0000447,WH_003,WH_003_AMBIENT_007,SKU_00259,BATCH_0000447,2024-11-06,2026-10-25,2024-11-09,4,0,good,151
INV_0000448,WH_001,WH_001_COLD_032,SKU_00164,BATCH_0000448,2025-10-17,2026-10-17,2025-10-21,35,3,good,143
INV_0000449,WH_002,WH_002_AMBIENT_183,SKU_00036,BATCH_0000449,2026-04-14,2027-07-16,2026-04-20,10,2,good,415
INV_0000450,WH_001,WH_001_COOL_100,SKU_00181,BATCH_0000450,2026-04-02,2027-04-08,2026-04-15,30,0,good,316
INV_0000451,WH_002,WH_002_COOL_146,SKU_00169,BATCH_0000451,2025-11-29,2026-12-06,2025-12-08,69,0,good,193
INV_0000452,WH_001,WH_001_COOL_080,SKU_00273,BATCH_0000452,2025-08-31,2027-04-10,2025-09-02,116,0,good,318
INV_0000453,WH_001,WH_001_COOL_002,SKU_00101,BATCH_0000453,2025-02-27,2027-02-27,2025-03-08,5,0,good,276
INV_0000454,WH_003,WH_003_AMBIENT_123,SKU_00297,BATCH_0000454,2025-02-19,2026-09-07,2025-02-24,52,0,good,103
INV_0000455,WH_003,WH_003_COOL_012,SKU_00270,BATCH_0000455,2026-02-16,2027-02-12,2026-02-26,23,0,good,261
INV_0000456,WH_001,WH_001_AMBIENT_146,SKU_00100,BATCH_0000456,2025-10-08,2028-05-23,2025-10-20,17,0,good,727
INV_0000457,WH_002,WH_002_AMBIENT_134,SKU_00143,BATCH_0000457,2025-10-03,2026-10-03,2025-10-04,86,28,good,129
INV_0000458,WH_003,WH_003_COOL_131,SKU_00270,BATCH_0000458,2026-01-16,2027-01-12,2026-01-24,3,0,good,230
INV_0000459,WH_002,WH_002_AMBIENT_020,SKU_00255,BATCH_0000459,2025-08-19,2026-09-05,2025-09-01,8,0,good,101
INV_0000460,WH_001,WH_001_AMBIENT_044,SKU_00008,BATCH_0000460,2025-09-17,2026-09-17,2025-09-26,7,0,good,113
INV_0000461,WH_001,WH_001_COLD_032,SKU_00137,BATCH_0000461,2025-09-28,2026-09-28,2025-10-05,41,3,good,124
INV_0000462,WH_001,WH_001_AMBIENT_003,SKU_00062,BATCH_0000462,2025-04-14,2027-04-05,2025-04-20,7,2,good,313
INV_0000463,WH_003,WH_003_COOL_189,SKU_00130,BATCH_0000463,2026-02-22,2028-02-22,2026-03-03,52,5,good,636
INV_0000464,WH_001,WH_001_COOL_106,SKU_00058,BATCH_0000464,2025-11-18,2026-09-13,2025-11-28,42,4,good,109
INV_0000465,WH_001,WH_001_AMBIENT_071,SKU_00286,BATCH_0000465,2026-03-10,2028-01-25,2026-03-18,63,0,good,608
INV_0000466,WH_002,WH_002_COOL_194,SKU_00298,BATCH_0000466,2026-03-08,2027-03-04,2026-03-20,26,5,good,281
INV_0000467,WH_002,WH_002_COOL_022,SKU_00044,BATCH_0000467,2025-12-08,2027-10-21,2025-12-14,5,0,good,512
INV_0000468,WH_002,WH_002_AMBIENT_020,SKU_00115,BATCH_0000468,2025-03-24,2027-01-18,2025-04-02,11,0,good,236
INV_0000469,WH_003,WH_003_AMBIENT_155,SKU_00215,BATCH_0000469,2026-05-18,2027-11-01,2026-05-26,69,10,good,523
INV_0000470,WH_001,WH_001_COOL_097,SKU_00289,BATCH_0000470,2026-03-06,2027-04-05,2026-03-17,0,0,good,313
INV_0000471,WH_001,WH_001_COLD_117,SKU_00106,BATCH_0000471,2025-10-30,2026-08-07,2025-11-05,41,0,good,72
INV_0000472,WH_003,WH_003_AMBIENT_018,SKU_00235,BATCH_0000472,2026-03-21,2027-03-21,2026-03-30,12,0,good,298
INV_0000473,WH_003,WH_003_COLD_176,SKU_00154,BATCH_0000473,2026-03-24,2026-08-18,2026-04-01,163,0,good,83
INV_0000474,WH_002,WH_002_COOL_190,SKU_00273,BATCH_0000474,2026-01-18,2027-08-28,2026-01-30,12,0,good,458
INV_0000475,WH_002,WH_002_AMBIENT_167,SKU_00026,BATCH_0000475,2025-01-29,2026-08-27,2025-02-07,13,4,good,92
INV_0000476,WH_001,WH_001_AMBIENT_138,SKU_00233,BATCH_0000476,2025-04-10,2026-11-20,2025-04-13,54,7,good,177
INV_0000477,WH_001,WH_001_COOL_051,SKU_00226,BATCH_0000477,2024-09-22,2026-09-22,2024-09-24,13,0,good,118
INV_0000478,WH_003,WH_003_FROZEN_147,SKU_00192,BATCH_0000478,2026-05-04,2027-01-01,2026-05-17,15,3,good,219
INV_0000479,WH_003,WH_003_COOL_094,SKU_00121,BATCH_0000479,2025-11-23,2027-01-26,2025-12-06,18,2,good,244
INV_0000480,WH_003,WH_003_COOL_058,SKU_00139,BATCH_0000480,2026-01-08,2028-01-08,2026-01-12,6,0,good,591
INV_0000481,WH_002,WH_002_AMBIENT_074,SKU_00299,BATCH_0000481,2026-04-02,2027-11-23,2026-04-12,5,0,good,545
INV_0000482,WH_003,WH_003_AMBIENT_026,SKU_00232,BATCH_0000482,2024-11-20,2026-08-09,2024-11-29,6,0,good,74
INV_0000483,WH_001,WH_001_COOL_087,SKU_00294,BATCH_0000483,2026-02-28,2028-02-28,2026-03-02,18,0,good,642
INV_0000484,WH_001,WH_001_AMBIENT_127,SKU_00017,BATCH_0000484,2025-03-16,2027-02-19,2025-03-21,16,5,good,268
INV_0000485,WH_002,WH_002_AMBIENT_046,SKU_00248,BATCH_0000485,2024-10-07,2027-01-09,2024-10-19,22,0,good,227
INV_0000486,WH_003,WH_003_COOL_167,SKU_00161,BATCH_0000486,2025-06-18,2027-01-31,2025-06-19,19,0,good,249
INV_0000487,WH_003,WH_003_COOL_087,SKU_00011,BATCH_0000487,2025-12-09,2027-12-09,2025-12-19,2,0,good,561
INV_0000488,WH_001,WH_001_COOL_061,SKU_00020,BATCH_0000488,2026-04-17,2027-12-26,2026-04-26,71,0,good,578
INV_0000489,WH_002,WH_002_COOL_067,SKU_00169,BATCH_0000489,2025-10-22,2026-10-29,2025-10-25,20,8,good,155
INV_0000490,WH_002,WH_002_COOL_022,SKU_00261,BATCH_0000490,2026-02-25,2027-03-12,2026-02-26,52,11,good,289
INV_0000491,WH_003,WH_003_COLD_104,SKU_00069,BATCH_0000491,2025-10-15,2026-09-11,2025-10-17,194,27,good,107
INV_0000492,WH_001,WH_001_COLD_089,SKU_00039,BATCH_0000492,2026-04-25,2027-04-25,2026-04-27,169,59,good,333
INV_0000493,WH_001,WH_001_AMBIENT_077,SKU_00178,BATCH_0000493,2024-11-05,2026-08-24,2024-11-17,9,0,good,89
INV_0000494,WH_002,WH_002_COOL_049,SKU_00280,BATCH_0000494,2025-09-16,2027-09-16,2025-09-22,26,2,good,477
INV_0000495,WH_003,WH_003_COLD_151,SKU_00029,BATCH_0000495,2025-08-20,2026-08-20,2025-08-28,1,0,good,85
INV_0000496,WH_001,WH_001_COOL_158,SKU_00276,BATCH_0000496,2025-01-25,2026-10-26,2025-02-01,12,0,good,152
INV_0000497,WH_003,WH_003_COOL_033,SKU_00238,BATCH_0000497,2025-03-02,2026-10-26,2025-03-08,17,0,good,152
INV_0000498,WH_003,WH_003_AMBIENT_101,SKU_00120,BATCH_0000498,2025-10-19,2027-01-27,2025-10-27,1,0,good,245
INV_0000499,WH_001,WH_001_COOL_091,SKU_00011,BATCH_0000499,2025-01-01,2027-01-01,2025-01-04,3,0,good,219
INV_0000500,WH_003,WH_003_COOL_168,SKU_00016,BATCH_0000500,2026-04-19,2027-09-26,2026-04-23,14,0,good,487
INV_0000501,WH_003,WH_003_COLD_017,SKU_00228,BATCH_0000501,2026-04-08,2027-02-03,2026-04-15,51,12,good,252
INV_0000502,WH_002,WH_002_AMBIENT_198,SKU_00259,BATCH_0000502,2025-11-24,2027-11-12,2025-12-04,6,0,good,534
INV_0000503,WH_001,WH_001_COOL_175,SKU_00226,BATCH_0000503,2026-04-23,2028-04-22,2026-05-05,29,0,good,696
INV_0000504,WH_002,WH_002_COOL_059,SKU_00031,BATCH_0000504,2025-02-23,2026-09-08,2025-02-25,12,2,good,104
INV_0000505,WH_002,WH_002_AMBIENT_109,SKU_00024,BATCH_0000505,2025-06-26,2027-03-28,2025-07-06,13,4,good,305
INV_0000506,WH_001,WH_001_COOL_064,SKU_00227,BATCH_0000506,2026-05-03,2028-05-02,2026-05-13,19,0,good,706
INV_0000507,WH_002,WH_002_COLD_092,SKU_00053,BATCH_0000507,2026-05-27,2027-01-10,2026-06-09,40,0,good,228
INV_0000508,WH_003,WH_003_COOL_159,SKU_00015,BATCH_0000508,2025-05-16,2027-02-03,2025-05-19,42,0,good,252
INV_0000509,WH_003,WH_003_COOL_084,SKU_00130,BATCH_0000509,2026-03-21,2028-03-20,2026-03-27,25,0,good,663
INV_0000510,WH_003,WH_003_AMBIENT_123,SKU_00194,BATCH_0000510,2025-09-26,2026-09-26,2025-09-28,40,0,good,122
INV_0000511,WH_002,WH_002_AMBIENT_142,SKU_00050,BATCH_0000511,2025-12-02,2027-01-08,2025-12-11,22,0,good,226
INV_0000512,WH_001,WH_001_AMBIENT_184,SKU_00078,BATCH_0000512,2025-12-31,2028-05-23,2026-01-01,42,0,good,727
INV_0000513,WH_003,WH_003_COOL_048,SKU_00015,BATCH_0000513,2025-02-09,2026-10-30,2025-02-12,5,0,good,156
INV_0000514,WH_002,WH_002_AMBIENT_121,SKU_00009,BATCH_0000514,2024-08-05,2026-08-19,2024-08-06,7,0,good,84
INV_0000515,WH_003,WH_003_AMBIENT_081,SKU_00241,BATCH_0000515,2024-07-13,2027-01-07,2024-07-20,425,26,good,225
INV_0000516,WH_002,WH_002_AMBIENT_156,SKU_00135,BATCH_0000516,2026-01-20,2027-01-20,2026-01-24,70,8,good,238
INV_0000517,WH_002,WH_002_AMBIENT_082,SKU_00283,BATCH_0000517,2026-04-27,2027-04-27,2026-04-29,17,4,good,335
INV_0000518,WH_002,WH_002_FROZEN_123,SKU_00284,BATCH_0000518,2025-10-18,2027-10-18,2025-10-24,55,9,good,509
INV_0000519,WH_001,WH_001_AMBIENT_005,SKU_00100,BATCH_0000519,2026-02-26,2028-10-11,2026-03-02,390,118,good,868
INV_0000520,WH_003,WH_003_COLD_168,SKU_00127,BATCH_0000520,2026-04-22,2026-11-18,2026-04-27,44,10,good,175
INV_0000521,WH_002,WH_002_AMBIENT_108,SKU_00132,BATCH_0000521,2026-01-19,2027-01-19,2026-01-27,20,2,good,237
INV_0000522,WH_003,WH_003_COOL_124,SKU_00240,BATCH_0000522,2025-12-11,2026-09-23,2025-12-23,56,0,good,119
INV_0000523,WH_001,WH_001_AMBIENT_106,SKU_00290,BATCH_0000523,2025-06-30,2026-11-17,2025-07-07,4,0,good,174
INV_0000524,WH_002,WH_002_AMBIENT_025,SKU_00108,BATCH_0000524,2025-03-21,2028-01-21,2025-03-24,13,0,good,604
INV_0000525,WH_002,WH_002_AMBIENT_068,SKU_00191,BATCH_0000525,2025-02-20,2027-09-10,2025-03-01,62,2,good,471
INV_0000526,WH_002,WH_002_AMBIENT_003,SKU_00022,BATCH_0000526,2026-01-10,2028-03-21,2026-01-17,35,0,good,664
INV_0000527,WH_002,WH_002_AMBIENT_107,SKU_00262,BATCH_0000527,2025-12-07,2027-06-19,2025-12-19,24,0,good,388
INV_0000528,WH_001,WH_001_AMBIENT_183,SKU_00225,BATCH_0000528,2025-09-13,2026-09-15,2025-09-22,34,0,good,111
INV_0000529,WH_002,WH_002_AMBIENT_127,SKU_00236,BATCH_0000529,2025-06-09,2026-09-26,2025-06-17,43,8,good,122
INV_0000530,WH_001,WH_001_COOL_126,SKU_00273,BATCH_0000530,2025-08-18,2027-03-28,2025-08-20,64,0,good,305
INV_0000531,WH_003,WH_003_AMBIENT_199,SKU_00242,BATCH_0000531,2025-10-04,2026-10-04,2025-10-17,5,0,good,130
INV_0000532,WH_002,WH_002_AMBIENT_046,SKU_00152,BATCH_0000532,2026-05-18,2028-01-08,2026-05-28,56,13,good,591
INV_0000533,WH_002,WH_002_COOL_136,SKU_00038,BATCH_0000533,2025-09-16,2027-06-14,2025-09-21,34,0,good,383
INV_0000534,WH_001,WH_001_COOL_175,SKU_00161,BATCH_0000534,2025-09-12,2027-04-27,2025-09-22,1,0,good,335
INV_0000535,WH_001,WH_001_AMBIENT_149,SKU_00113,BATCH_0000535,2026-02-13,2027-02-13,2026-02-15,79,0,good,262
INV_0000536,WH_001,WH_001_AMBIENT_046,SKU_00239,BATCH_0000536,2026-01-02,2027-01-02,2026-01-11,68,0,good,220
INV_0000537,WH_003,WH_003_AMBIENT_138,SKU_00012,BATCH_0000537,2026-05-10,2027-05-10,2026-05-11,29,0,good,348
INV_0000538,WH_002,WH_002_COOL_056,SKU_00206,BATCH_0000538,2026-03-07,2027-08-28,2026-03-10,170,0,good,458
INV_0000539,WH_002,WH_002_AMBIENT_035,SKU_00268,BATCH_0000539,2025-10-28,2026-10-28,2025-11-06,12,1,good,154
INV_0000540,WH_003,WH_003_AMBIENT_058,SKU_00225,BATCH_0000540,2025-10-05,2026-10-07,2025-10-06,87,0,good,133
INV_0000541,WH_003,WH_003_AMBIENT_106,SKU_00055,BATCH_0000541,2025-11-11,2027-03-17,2025-11-17,5,0,good,294
INV_0000542,WH_001,WH_001_COOL_141,SKU_00130,BATCH_0000542,2025-04-09,2027-04-09,2025-04-13,9,0,good,317
INV_0000543,WH_003,WH_003_AMBIENT_033,SKU_00223,BATCH_0000543,2024-04-01,2027-02-18,2024-04-10,36,0,good,267
INV_0000544,WH_003,WH_003_AMBIENT_077,SKU_00153,BATCH_0000544,2025-09-30,2026-10-06,2025-10-08,16,0,good,132
INV_0000545,WH_002,WH_002_AMBIENT_156,SKU_00141,BATCH_0000545,2025-10-13,2026-10-13,2025-10-22,29,0,good,139
INV_0000546,WH_002,WH_002_AMBIENT_167,SKU_00109,BATCH_0000546,2026-02-18,2027-03-15,2026-02-26,33,4,good,292
INV_0000547,WH_003,WH_003_COOL_081,SKU_00289,BATCH_0000547,2025-06-09,2026-07-09,2025-06-13,1,0,good,43
INV_0000548,WH_002,WH_002_COOL_123,SKU_00064,BATCH_0000548,2024-12-20,2026-12-20,2024-12-28,19,0,good,207
INV_0000549,WH_003,WH_003_AMBIENT_038,SKU_00166,BATCH_0000549,2025-09-12,2027-03-24,2025-09-25,17,0,good,301
INV_0000550,WH_001,WH_001_COOL_073,SKU_00079,BATCH_0000550,2025-12-17,2027-07-17,2025-12-29,12,0,good,416
INV_0000551,WH_003,WH_003_COOL_006,SKU_00224,BATCH_0000551,2025-05-22,2026-07-12,2025-05-29,4,0,good,46
INV_0000552,WH_001,WH_001_COLD_126,SKU_00096,BATCH_0000552,2025-11-14,2026-11-14,2025-11-24,15,0,good,171
INV_0000553,WH_001,WH_001_COLD_070,SKU_00092,BATCH_0000553,2025-11-24,2026-11-24,2025-12-02,2,0,good,181
INV_0000554,WH_003,WH_003_COLD_037,SKU_00039,BATCH_0000554,2025-12-01,2026-12-01,2025-12-14,26,0,good,188
INV_0000555,WH_003,WH_003_COLD_054,SKU_00123,BATCH_0000555,2025-11-10,2026-11-10,2025-11-11,329,90,good,167
INV_0000556,WH_003,WH_003_COOL_162,SKU_00212,BATCH_0000556,2024-12-04,2026-08-07,2024-12-13,19,0,good,72
INV_0000557,WH_003,WH_003_COLD_108,SKU_00045,BATCH_0000557,2026-01-30,2027-01-30,2026-02-03,14,0,good,248
INV_0000558,WH_001,WH_001_AMBIENT_175,SKU_00190,BATCH_0000558,2024-12-30,2026-09-08,2025-01-06,3,0,good,104
INV_0000559,WH_001,WH_001_COLD_019,SKU_00040,BATCH_0000559,2026-03-11,2026-07-26,2026-03-16,30,2,good,60
INV_0000560,WH_003,WH_003_COOL_177,SKU_00295,BATCH_0000560,2025-11-27,2027-11-27,2025-11-28,18,0,good,549
INV_0000561,WH_003,WH_003_AMBIENT_049,SKU_00129,BATCH_0000561,2025-07-14,2026-07-14,2025-07-16,11,3,good,48
INV_0000562,WH_002,WH_002_AMBIENT_199,SKU_00225,BATCH_0000562,2025-12-22,2026-12-24,2025-12-23,14,4,good,211
INV_0000563,WH_001,WH_001_AMBIENT_023,SKU_00141,BATCH_0000563,2026-02-02,2027-02-02,2026-02-15,30,0,good,251
INV_0000564,WH_001,WH_001_COOL_190,SKU_00128,BATCH_0000564,2024-11-18,2026-11-18,2024-11-28,14,0,good,175
INV_0000565,WH_003,WH_003_AMBIENT_103,SKU_00034,BATCH_0000565,2025-10-02,2026-11-27,2025-10-09,22,0,good,184
INV_0000566,WH_001,WH_001_AMBIENT_019,SKU_00124,BATCH_0000566,2026-04-04,2028-04-11,2026-04-09,26,0,good,685
INV_0000567,WH_001,WH_001_AMBIENT_198,SKU_00203,BATCH_0000567,2026-05-22,2028-02-04,2026-05-23,52,0,good,618
INV_0000568,WH_003,WH_003_AMBIENT_019,SKU_00194,BATCH_0000568,2025-11-04,2026-11-04,2025-11-17,4,0,good,161
INV_0000569,WH_001,WH_001_COLD_030,SKU_00092,BATCH_0000569,2025-12-16,2026-12-16,2025-12-18,20,3,good,203
INV_0000570,WH_001,WH_001_AMBIENT_195,SKU_00052,BATCH_0000570,2024-07-18,2027-04-05,2024-07-28,666,0,good,313
INV_0000571,WH_003,WH_003_COOL_164,SKU_00093,BATCH_0000571,2024-09-07,2026-09-07,2024-09-11,6,0,good,103
INV_0000572,WH_001,WH_001_COLD_164,SKU_00260,BATCH_0000572,2025-09-01,2026-09-01,2025-09-03,10,0,good,97
INV_0000573,WH_003,WH_003_COOL_154,SKU_00089,BATCH_0000573,2025-10-09,2027-01-07,2025-10-10,26,0,good,225
INV_0000574,WH_001,WH_001_COOL_008,SKU_00220,BATCH_0000574,2026-01-23,2026-09-23,2026-02-04,11,0,good,119
INV_0000575,WH_003,WH_003_COOL_124,SKU_00086,BATCH_0000575,2025-07-02,2027-07-02,2025-07-08,85,6,good,401
INV_0000576,WH_001,WH_001_AMBIENT_067,SKU_00152,BATCH_0000576,2025-11-01,2027-06-24,2025-11-13,6,0,good,393
INV_0000577,WH_003,WH_003_AMBIENT_156,SKU_00012,BATCH_0000577,2025-09-17,2026-09-17,2025-09-29,196,0,good,113
INV_0000578,WH_003,WH_003_AMBIENT_121,SKU_00185,BATCH_0000578,2025-12-23,2026-12-23,2025-12-27,1,0,good,210
INV_0000579,WH_003,WH_003_COOL_155,SKU_00023,BATCH_0000579,2025-01-10,2027-01-10,2025-01-14,7,0,good,228
INV_0000580,WH_002,WH_002_AMBIENT_176,SKU_00051,BATCH_0000580,2025-11-28,2026-12-15,2025-12-07,43,0,good,202
INV_0000581,WH_001,WH_001_AMBIENT_186,SKU_00036,BATCH_0000581,2025-06-29,2026-09-30,2025-07-09,175,0,good,126
INV_0000582,WH_003,WH_003_COOL_141,SKU_00289,BATCH_0000582,2025-11-22,2026-12-22,2025-12-01,36,0,good,209
INV_0000583,WH_003,WH_003_COOL_010,SKU_00253,BATCH_0000583,2025-08-05,2027-08-05,2025-08-15,19,0,good,435
INV_0000584,WH_003,WH_003_AMBIENT_015,SKU_00203,BATCH_0000584,2025-12-31,2027-09-15,2026-01-10,85,30,good,476
INV_0000585,WH_002,WH_002_AMBIENT_143,SKU_00071,BATCH_0000585,2024-03-29,2027-01-07,2024-04-03,10,0,good,225
INV_0000586,WH_002,WH_002_AMBIENT_042,SKU_00094,BATCH_0000586,2024-12-09,2027-03-03,2024-12-17,8,0,good,280
INV_0000587,WH_003,WH_003_AMBIENT_148,SKU_00213,BATCH_0000587,2024-09-15,2027-01-28,2024-09-19,77,18,good,246
INV_0000588,WH_001,WH_001_AMBIENT_024,SKU_00203,BATCH_0000588,2025-02-16,2026-11-01,2025-02-24,11,0,good,158
INV_0000589,WH_001,WH_001_AMBIENT_182,SKU_00152,BATCH_0000589,2025-08-01,2027-03-24,2025-08-08,4,0,good,301
INV_0000590,WH_003,WH_003_COLD_165,SKU_00029,BATCH_0000590,2025-12-05,2026-12-05,2025-12-11,37,9,good,192
INV_0000591,WH_003,WH_003_COOL_187,SKU_00138,BATCH_0000591,2025-01-22,2026-12-02,2025-01-28,6,0,good,189
INV_0000592,WH_002,WH_002_AMBIENT_122,SKU_00056,BATCH_0000592,2025-12-25,2027-03-15,2025-12-29,6,0,good,292
INV_0000593,WH_003,WH_003_AMBIENT_034,SKU_00022,BATCH_0000593,2024-09-21,2026-12-01,2024-10-02,6,0,good,188
INV_0000594,WH_001,WH_001_AMBIENT_150,SKU_00105,BATCH_0000594,2026-03-17,2027-03-17,2026-03-19,7,0,good,294
INV_0000595,WH_002,WH_002_AMBIENT_007,SKU_00239,BATCH_0000595,2025-12-25,2026-12-25,2026-01-02,90,17,good,212
INV_0000596,WH_002,WH_002_AMBIENT_020,SKU_00286,BATCH_0000596,2026-05-25,2028-04-10,2026-05-26,31,0,good,684
INV_0000597,WH_001,WH_001_AMBIENT_077,SKU_00132,BATCH_0000597,2025-07-21,2026-07-21,2025-07-22,73,0,good,55
INV_0000598,WH_001,WH_001_COOL_085,SKU_00042,BATCH_0000598,2025-11-10,2027-04-03,2025-11-20,25,0,good,311
INV_0000599,WH_001,WH_001_AMBIENT_150,SKU_00105,BATCH_0000599,2025-12-08,2026-12-08,2025-12-16,12,0,good,195
INV_0000600,WH_001,WH_001_COOL_125,SKU_00060,BATCH_0000600,2025-11-24,2027-11-24,2025-11-27,11,1,good,546
INV_0000601,WH_001,WH_001_AMBIENT_093,SKU_00062,BATCH_0000601,2025-05-29,2027-05-20,2025-06-05,3,0,good,358
INV_0000602,WH_002,WH_002_COOL_051,SKU_00208,BATCH_0000602,2025-11-20,2027-11-20,2025-11-30,45,0,good,542
INV_0000603,WH_002,WH_002_COOL_106,SKU_00010,BATCH_0000603,2026-02-26,2028-02-26,2026-03-04,237,32,good,640
INV_0000604,WH_003,WH_003_AMBIENT_034,SKU_00105,BATCH_0000604,2025-09-05,2026-09-05,2025-09-17,79,0,good,101
INV_0000605,WH_001,WH_001_COOL_182,SKU_00266,BATCH_0000605,2026-03-20,2027-11-16,2026-03-22,4,1,good,538
INV_0000606,WH_001,WH_001_AMBIENT_145,SKU_00107,BATCH_0000606,2025-12-05,2026-12-05,2025-12-06,53,3,good,192
INV_0000607,WH_003,WH_003_COLD_064,SKU_00123,BATCH_0000607,2025-09-07,2026-09-07,2025-09-17,2,0,good,103
INV_0000608,WH_001,WH_001_AMBIENT_030,SKU_00198,BATCH_0000608,2026-05-07,2027-07-09,2026-05-16,7,0,good,408
INV_0000609,WH_002,WH_002_COOL_129,SKU_00293,BATCH_0000609,2025-12-24,2027-12-24,2026-01-06,33,0,good,576
INV_0000610,WH_002,WH_002_AMBIENT_043,SKU_00290,BATCH_0000610,2025-06-11,2026-10-29,2025-06-21,48,0,good,155
INV_0000611,WH_002,WH_002_COLD_001,SKU_00204,BATCH_0000611,2026-01-16,2027-01-11,2026-01-29,20,0,good,229
INV_0000612,WH_002,WH_002_AMBIENT_147,SKU_00114,BATCH_0000612,2025-08-13,2028-01-02,2025-08-22,5,1,good,585
INV_0000613,WH_001,WH_001_AMBIENT_074,SKU_00178,BATCH_0000613,2025-03-13,2026-12-30,2025-03-20,62,0,good,217
INV_0000614,WH_001,WH_001_COLD_090,SKU_00196,BATCH_0000614,2026-03-10,2026-09-28,2026-03-16,11,0,good,124
INV_0000615,WH_003,WH_003_AMBIENT_070,SKU_00241,BATCH_0000615,2025-09-02,2028-02-27,2025-09-11,34,0,good,641
INV_0000616,WH_002,WH_002_AMBIENT_022,SKU_00056,BATCH_0000616,2025-06-12,2026-08-31,2025-06-23,14,0,good,96
INV_0000617,WH_003,WH_003_AMBIENT_066,SKU_00013,BATCH_0000617,2025-08-17,2028-06-11,2025-08-19,11,0,good,746
INV_0000618,WH_002,WH_002_AMBIENT_112,SKU_00297,BATCH_0000618,2026-02-18,2027-09-06,2026-02-21,2,0,good,467
INV_0000619,WH_001,WH_001_AMBIENT_193,SKU_00105,BATCH_0000619,2026-03-21,2027-03-21,2026-03-26,45,0,good,298
INV_0000620,WH_002,WH_002_COLD_145,SKU_00045,BATCH_0000620,2026-04-08,2027-04-08,2026-04-15,18,0,good,316
INV_0000621,WH_003,WH_003_AMBIENT_018,SKU_00285,BATCH_0000621,2025-08-26,2026-08-26,2025-09-05,5,1,good,91
INV_0000622,WH_002,WH_002_AMBIENT_191,SKU_00281,BATCH_0000622,2025-10-16,2026-10-16,2025-10-28,19,0,good,142
INV_0000623,WH_003,WH_003_AMBIENT_086,SKU_00236,BATCH_0000623,2026-02-18,2027-06-07,2026-03-01,18,0,good,376
INV_0000624,WH_001,WH_001_COOL_020,SKU_00139,BATCH_0000624,2026-01-06,2028-01-06,2026-01-10,74,9,good,589
INV_0000625,WH_003,WH_003_AMBIENT_168,SKU_00172,BATCH_0000625,2026-03-17,2028-05-23,2026-03-28,16,0,good,727
INV_0000626,WH_003,WH_003_AMBIENT_125,SKU_00205,BATCH_0000626,2026-01-06,2027-02-01,2026-01-15,25,0,good,250
INV_0000627,WH_002,WH_002_AMBIENT_106,SKU_00102,BATCH_0000627,2026-03-13,2028-08-27,2026-03-19,1,0,good,823
INV_0000628,WH_002,WH_002_AMBIENT_058,SKU_00205,BATCH_0000628,2025-10-31,2026-11-26,2025-11-07,14,0,good,183
INV_0000629,WH_001,WH_001_AMBIENT_158,SKU_00152,BATCH_0000629,2026-03-09,2027-10-30,2026-03-19,25,4,good,521
INV_0000630,WH_002,WH_002_COOL_177,SKU_00059,BATCH_0000630,2025-03-08,2027-02-10,2025-03-21,15,0,good,259
INV_0000631,WH_001,WH_001_AMBIENT_187,SKU_00286,BATCH_0000631,2024-10-28,2026-09-14,2024-11-09,162,0,good,110
INV_0000632,WH_001,WH_001_COLD_015,SKU_00199,BATCH_0000632,2026-03-23,2027-03-23,2026-03-31,8,0,good,300
INV_0000633,WH_002,WH_002_AMBIENT_157,SKU_00075,BATCH_0000633,2025-09-24,2026-09-24,2025-10-05,24,0,good,120
INV_0000634,WH_002,WH_002_AMBIENT_098,SKU_00073,BATCH_0000634,2025-12-23,2026-12-23,2026-01-04,3,0,good,210
INV_0000635,WH_002,WH_002_AMBIENT_116,SKU_00176,BATCH_0000635,2025-09-06,2026-09-06,2025-09-11,7,0,good,102
INV_0000636,WH_003,WH_003_AMBIENT_010,SKU_00067,BATCH_0000636,2025-10-11,2027-10-17,2025-10-20,34,2,good,508
INV_0000637,WH_001,WH_001_COOL_071,SKU_00133,BATCH_0000637,2025-04-07,2027-02-05,2025-04-13,53,13,good,254
INV_0000638,WH_001,WH_001_COOL_073,SKU_00131,BATCH_0000638,2025-01-28,2026-11-27,2025-02-01,10,1,good,184
INV_0000639,WH_001,WH_001_AMBIENT_013,SKU_00009,BATCH_0000639,2026-04-05,2028-04-18,2026-04-10,29,0,good,692
INV_0000640,WH_003,WH_003_AMBIENT_137,SKU_00051,BATCH_0000640,2025-09-29,2026-10-16,2025-10-05,110,30,good,142
INV_0000641,WH_001,WH_001_AMBIENT_164,SKU_00152,BATCH_0000641,2026-05-22,2028-01-12,2026-06-02,49,0,good,595
INV_0000642,WH_003,WH_003_COOL_190,SKU_00140,BATCH_0000642,2026-03-21,2026-12-27,2026-03-27,4,0,good,214
INV_0000643,WH_001,WH_001_AMBIENT_149,SKU_00268,BATCH_0000643,2026-01-18,2027-01-18,2026-01-27,107,7,good,236
INV_0000644,WH_001,WH_001_AMBIENT_147,SKU_00105,BATCH_0000644,2025-12-20,2026-12-20,2025-12-27,7,1,good,207
INV_0000645,WH_002,WH_002_AMBIENT_090,SKU_00257,BATCH_0000645,2025-03-07,2026-09-03,2025-03-20,226,0,good,99
INV_0000646,WH_003,WH_003_COLD_143,SKU_00183,BATCH_0000646,2026-05-16,2027-05-16,2026-05-23,25,1,good,354
INV_0000647,WH_001,WH_001_COOL_068,SKU_00023,BATCH_0000647,2024-08-26,2026-08-26,2024-08-29,15,1,good,91
INV_0000648,WH_001,WH_001_AMBIENT_124,SKU_00194,BATCH_0000648,2026-05-17,2027-05-17,2026-05-25,20,0,good,355
INV_0000649,WH_002,WH_002_COOL_010,SKU_00015,BATCH_0000649,2026-04-09,2027-12-28,2026-04-11,24,2,good,580
INV_0000650,WH_003,WH_003_COLD_175,SKU_00229,BATCH_0000650,2026-03-11,2027-03-11,2026-03-23,34,2,good,288
INV_0000651,WH_003,WH_003_COLD_020,SKU_00054,BATCH_0000651,2026-02-14,2027-02-14,2026-02-21,30,0,good,263
INV_0000652,WH_002,WH_002_COLD_119,SKU_00037,BATCH_0000652,2026-04-23,2027-04-23,2026-05-02,184,56,good,331
INV_0000653,WH_003,WH_003_COLD_106,SKU_00231,BATCH_0000653,2025-10-09,2026-10-09,2025-10-11,18,0,good,135
INV_0000654,WH_003,WH_003_AMBIENT_161,SKU_00218,BATCH_0000654,2026-04-08,2028-05-25,2026-04-12,129,0,good,729
INV_0000655,WH_003,WH_003_AMBIENT_090,SKU_00242,BATCH_0000655,2025-11-26,2026-11-26,2025-12-03,44,0,good,183
INV_0000656,WH_003,WH_003_AMBIENT_034,SKU_00180,BATCH_0000656,2025-07-25,2026-07-25,2025-08-04,82,0,good,59
INV_0000657,WH_002,WH_002_AMBIENT_180,SKU_00288,BATCH_0000657,2025-03-11,2027-03-31,2025-03-15,54,0,good,308
INV_0000658,WH_003,WH_003_AMBIENT_126,SKU_00107,BATCH_0000658,2025-12-27,2026-12-27,2026-01-01,10,0,good,214
INV_0000659,WH_002,WH_002_AMBIENT_092,SKU_00026,BATCH_0000659,2025-09-11,2027-04-09,2025-09-17,102,29,good,317
INV_0000660,WH_002,WH_002_COOL_013,SKU_00253,BATCH_0000660,2024-12-06,2026-12-06,2024-12-11,107,0,good,193
INV_0000661,WH_002,WH_002_COOL_024,SKU_00211,BATCH_0000661,2025-07-19,2027-07-19,2025-08-01,8,0,good,418
INV_0000662,WH_001,WH_001_COLD_044,SKU_00068,BATCH_0000662,2026-04-13,2027-04-13,2026-04-18,44,0,good,321
INV_0000663,WH_001,WH_001_COOL_002,SKU_00111,BATCH_0000663,2026-01-20,2027-01-28,2026-01-27,82,0,good,246
INV_0000664,WH_002,WH_002_AMBIENT_189,SKU_00257,BATCH_0000664,2025-04-25,2026-10-22,2025-05-07,224,16,good,148
INV_0000665,WH_003,WH_003_AMBIENT_038,SKU_00008,BATCH_0000665,2025-07-20,2026-07-20,2025-07-25,16,5,good,54
INV_0000666,WH_002,WH_002_COOL_119,SKU_00261,BATCH_0000666,2025-12-28,2027-01-12,2026-01-07,5,0,good,230
INV_0000667,WH_003,WH_003_COOL_048,SKU_00023,BATCH_0000667,2026-04-11,2028-04-10,2026-04-23,14,0,good,684
INV_0000668,WH_003,WH_003_COLD_079,SKU_00047,BATCH_0000668,2026-03-17,2027-02-05,2026-03-19,25,0,good,254
INV_0000669,WH_002,WH_002_COOL_073,SKU_00280,BATCH_0000669,2025-06-03,2027-06-03,2025-06-11,39,11,good,372
INV_0000670,WH_002,WH_002_COOL_031,SKU_00187,BATCH_0000670,2025-12-07,2027-05-10,2025-12-09,1,0,good,348
INV_0000671,WH_002,WH_002_AMBIENT_143,SKU_00217,BATCH_0000671,2024-07-09,2026-09-06,2024-07-20,21,0,good,102
INV_0000672,WH_001,WH_001_COOL_091,SKU_00222,BATCH_0000672,2026-01-31,2026-10-27,2026-02-07,12,1,good,153
INV_0000673,WH_001,WH_001_AMBIENT_050,SKU_00257,BATCH_0000673,2025-02-26,2026-08-25,2025-03-07,3,0,good,90
INV_0000674,WH_002,WH_002_COOL_021,SKU_00240,BATCH_0000674,2026-02-02,2026-11-15,2026-02-06,8,1,good,172
INV_0000675,WH_001,WH_001_AMBIENT_056,SKU_00214,BATCH_0000675,2024-11-21,2027-02-23,2024-11-23,18,0,good,272
INV_0000676,WH_002,WH_002_AMBIENT_032,SKU_00292,BATCH_0000676,2025-08-08,2026-12-28,2025-08-09,9,0,good,215
INV_0000677,WH_002,WH_002_COOL_141,SKU_00060,BATCH_0000677,2025-01-14,2027-01-14,2025-01-22,8,1,good,232
INV_0000678,WH_003,WH_003_AMBIENT_158,SKU_00297,BATCH_0000678,2025-03-18,2026-10-04,2025-03-31,22,0,good,130
INV_0000679,WH_001,WH_001_AMBIENT_069,SKU_00268,BATCH_0000679,2025-07-16,2026-07-16,2025-07-24,25,0,good,50
INV_0000680,WH_003,WH_003_AMBIENT_147,SKU_00049,BATCH_0000680,2025-11-28,2027-01-14,2025-12-03,10,0,good,232
INV_0000681,WH_001,WH_001_AMBIENT_017,SKU_00061,BATCH_0000681,2024-12-09,2027-05-15,2024-12-10,57,0,good,353
INV_0000682,WH_001,WH_001_AMBIENT_037,SKU_00178,BATCH_0000682,2024-11-02,2026-08-21,2024-11-09,6,0,good,86
INV_0000683,WH_003,WH_003_AMBIENT_024,SKU_00148,BATCH_0000683,2024-03-10,2026-09-04,2024-03-11,8,0,good,100
INV_0000684,WH_002,WH_002_COLD_145,SKU_00204,BATCH_0000684,2025-11-12,2026-11-07,2025-11-18,162,52,good,164
INV_0000685,WH_002,WH_002_COOL_061,SKU_00074,BATCH_0000685,2025-01-28,2027-01-28,2025-01-31,3,0,good,246
INV_0000686,WH_001,WH_001_COOL_181,SKU_00227,BATCH_0000686,2026-04-04,2028-04-03,2026-04-17,31,0,good,677
INV_0000687,WH_003,WH_003_AMBIENT_159,SKU_00247,BATCH_0000687,2026-02-16,2028-04-08,2026-02-23,11,0,good,682
INV_0000688,WH_003,WH_003_COOL_105,SKU_00227,BATCH_0000688,2025-04-15,2027-04-15,2025-04-24,69,0,good,323
INV_0000689,WH_003,WH_003_COLD_046,SKU_00037,BATCH_0000689,2026-05-14,2027-05-14,2026-05-21,4,0,good,352
INV_0000690,WH_002,WH_002_AMBIENT_173,SKU_00081,BATCH_0000690,2025-06-06,2026-12-09,2025-06-16,23,1,good,196
INV_0000691,WH_003,WH_003_AMBIENT_166,SKU_00168,BATCH_0000691,2026-04-07,2027-04-07,2026-04-19,6,0,good,315
INV_0000692,WH_002,WH_002_COOL_171,SKU_00072,BATCH_0000692,2025-08-23,2027-08-23,2025-08-27,20,0,good,453
INV_0000693,WH_002,WH_002_AMBIENT_019,SKU_00141,BATCH_0000693,2025-10-15,2026-10-15,2025-10-24,126,0,good,141
INV_0000694,WH_002,WH_002_AMBIENT_031,SKU_00178,BATCH_0000694,2026-04-01,2028-01-18,2026-04-14,18,2,good,601
INV_0000695,WH_003,WH_003_AMBIENT_126,SKU_00176,BATCH_0000695,2025-11-15,2026-11-15,2025-11-23,51,0,good,172
INV_0000696,WH_003,WH_003_AMBIENT_081,SKU_00050,BATCH_0000696,2025-09-20,2026-10-27,2025-09-28,40,0,good,153
INV_0000697,WH_001,WH_001_AMBIENT_059,SKU_00235,BATCH_0000697,2025-10-20,2026-10-20,2025-11-02,30,0,good,146
INV_0000698,WH_003,WH_003_COLD_001,SKU_00045,BATCH_0000698,2025-08-29,2026-08-29,2025-09-05,4,0,good,94
INV_0000699,WH_003,WH_003_AMBIENT_044,SKU_00113,BATCH_0000699,2026-04-19,2027-04-19,2026-04-28,4,0,good,327
INV_0000700,WH_003,WH_003_COOL_004,SKU_00181,BATCH_0000700,2025-12-02,2026-12-08,2025-12-12,12,3,good,195
INV_0000701,WH_003,WH_003_AMBIENT_129,SKU_00274,BATCH_0000701,2025-12-27,2026-12-27,2025-12-30,15,1,good,214
INV_0000702,WH_001,WH_001_AMBIENT_014,SKU_00241,BATCH_0000702,2024-09-19,2027-03-16,2024-10-02,26,0,good,293
INV_0000703,WH_003,WH_003_AMBIENT_151,SKU_00233,BATCH_0000703,2026-02-27,2027-10-09,2026-03-10,23,0,good,500
INV_0000704,WH_002,WH_002_COOL_011,SKU_00088,BATCH_0000704,2024-11-01,2026-11-01,2024-11-14,17,0,good,158
INV_0000705,WH_001,WH_001_COOL_061,SKU_00244,BATCH_0000705,2025-12-11,2027-07-14,2025-12-24,22,8,good,413
INV_0000706,WH_001,WH_001_AMBIENT_051,SKU_00055,BATCH_0000706,2025-08-29,2027-01-02,2025-09-03,73,0,good,220
INV_0000707,WH_002,WH_002_AMBIENT_080,SKU_00159,BATCH_0000707,2026-05-21,2027-05-21,2026-05-29,44,8,good,359
INV_0000708,WH_001,WH_001_COOL_114,SKU_00187,BATCH_0000708,2026-05-02,2027-10-03,2026-05-12,27,7,good,494
INV_0000709,WH_001,WH_001_AMBIENT_069,SKU_00225,BATCH_0000709,2025-07-15,2026-07-17,2025-07-27,6,0,good,51
INV_0000710,WH_001,WH_001_AMBIENT_097,SKU_00263,BATCH_0000710,2025-01-10,2026-10-29,2025-01-13,37,0,good,155
INV_0000711,WH_002,WH_002_COOL_197,SKU_00121,BATCH_0000711,2025-07-26,2026-09-28,2025-07-29,5,0,good,124
INV_0000712,WH_001,WH_001_COOL_200,SKU_00289,BATCH_0000712,2025-08-03,2026-09-02,2025-08-16,53,1,good,98
INV_0000713,WH_003,WH_003_COLD_062,SKU_00082,BATCH_0000713,2026-02-06,2027-02-06,2026-02-14,52,0,good,255
INV_0000714,WH_002,WH_002_COLD_106,SKU_00137,BATCH_0000714,2025-11-24,2026-11-24,2025-12-04,46,0,good,181
INV_0000715,WH_003,WH_003_COOL_152,SKU_00226,BATCH_0000715,2024-11-18,2026-11-18,2024-11-24,8,0,good,175
INV_0000716,WH_002,WH_002_AMBIENT_161,SKU_00203,BATCH_0000716,2025-02-10,2026-10-26,2025-02-20,3,0,good,152
INV_0000717,WH_002,WH_002_AMBIENT_025,SKU_00009,BATCH_0000717,2026-01-19,2028-02-02,2026-01-20,23,0,good,616
INV_0000718,WH_001,WH_001_COLD_094,SKU_00196,BATCH_0000718,2026-02-07,2026-08-28,2026-02-09,20,0,good,93
INV_0000719,WH_001,WH_001_AMBIENT_165,SKU_00223,BATCH_0000719,2025-03-27,2028-02-13,2025-03-30,980,0,good,627
INV_0000720,WH_002,WH_002_COLD_071,SKU_00037,BATCH_0000720,2025-10-03,2026-10-03,2025-10-10,58,0,good,129
INV_0000721,WH_001,WH_001_AMBIENT_188,SKU_00166,BATCH_0000721,2026-05-09,2027-11-18,2026-05-14,4,0,good,540
INV_0000722,WH_002,WH_002_COLD_092,SKU_00068,BATCH_0000722,2025-10-05,2026-10-05,2025-10-17,23,0,good,131
INV_0000723,WH_003,WH_003_COLD_022,SKU_00149,BATCH_0000723,2026-05-27,2026-10-19,2026-05-29,219,0,good,145
INV_0000724,WH_002,WH_002_AMBIENT_123,SKU_00125,BATCH_0000724,2025-11-09,2026-11-09,2025-11-15,32,0,good,166
INV_0000725,WH_001,WH_001_AMBIENT_018,SKU_00080,BATCH_0000725,2024-04-09,2026-08-24,2024-04-21,9,2,good,89
INV_0000726,WH_003,WH_003_AMBIENT_082,SKU_00168,BATCH_0000726,2025-09-11,2026-09-11,2025-09-16,82,0,good,107
INV_0000727,WH_001,WH_001_COLD_016,SKU_00231,BATCH_0000727,2025-09-16,2026-09-16,2025-09-28,25,8,good,112
INV_0000728,WH_002,WH_002_AMBIENT_144,SKU_00150,BATCH_0000728,2025-11-30,2027-02-15,2025-12-05,90,0,good,264
INV_0000729,WH_003,WH_003_AMBIENT_072,SKU_00269,BATCH_0000729,2025-08-04,2026-12-04,2025-08-06,7,0,good,191
INV_0000730,WH_001,WH_001_COOL_178,SKU_00210,BATCH_0000730,2026-03-14,2028-03-13,2026-03-22,79,14,good,656
INV_0000731,WH_002,WH_002_AMBIENT_197,SKU_00067,BATCH_0000731,2025-03-11,2027-03-17,2025-03-12,72,0,good,294
INV_0000732,WH_001,WH_001_COOL_041,SKU_00272,BATCH_0000732,2026-01-31,2026-11-23,2026-02-04,3,0,good,180
INV_0000733,WH_003,WH_003_AMBIENT_049,SKU_00100,BATCH_0000733,2025-08-25,2028-04-09,2025-09-02,53,0,good,683
INV_0000734,WH_001,WH_001_AMBIENT_125,SKU_00095,BATCH_0000734,2026-01-29,2028-05-18,2026-02-10,53,0,good,722
INV_0000735,WH_003,WH_003_COLD_069,SKU_00069,BATCH_0000735,2025-12-29,2026-11-25,2026-01-03,56,0,good,182
INV_0000736,WH_001,WH_001_COOL_077,SKU_00207,BATCH_0000736,2025-09-12,2026-09-18,2025-09-20,4,0,good,114
INV_0000737,WH_003,WH_003_COOL_120,SKU_00210,BATCH_0000737,2025-06-25,2027-06-25,2025-07-08,2,0,good,394
INV_0000738,WH_003,WH_003_COLD_163,SKU_00228,BATCH_0000738,2025-12-28,2026-10-25,2026-01-07,25,0,good,151
INV_0000739,WH_002,WH_002_FROZEN_157,SKU_00296,BATCH_0000739,2026-04-10,2028-04-09,2026-04-22,40,0,good,683
INV_0000740,WH_001,WH_001_AMBIENT_115,SKU_00235,BATCH_0000740,2025-08-23,2026-08-23,2025-09-04,3,0,good,88
INV_0000741,WH_001,WH_001_AMBIENT_091,SKU_00078,BATCH_0000741,2025-03-13,2027-08-04,2025-03-23,8,1,good,434
INV_0000742,WH_003,WH_003_AMBIENT_009,SKU_00223,BATCH_0000742,2026-04-26,2029-03-14,2026-05-01,65,10,good,1022
INV_0000743,WH_003,WH_003_AMBIENT_023,SKU_00165,BATCH_0000743,2026-03-02,2027-05-07,2026-03-14,27,0,good,345
INV_0000744,WH_003,WH_003_AMBIENT_040,SKU_00257,BATCH_0000744,2026-04-04,2027-10-01,2026-04-12,19,0,good,492
INV_0000745,WH_002,WH_002_AMBIENT_183,SKU_00048,BATCH_0000745,2025-12-09,2027-02-26,2025-12-22,144,0,good,275
INV_0000746,WH_002,WH_002_AMBIENT_070,SKU_00095,BATCH_0000746,2025-03-27,2027-07-15,2025-04-03,424,0,good,414
INV_0000747,WH_002,WH_002_AMBIENT_112,SKU_00024,BATCH_0000747,2025-05-04,2027-02-03,2025-05-06,6,0,good,252
INV_0000748,WH_002,WH_002_COLD_076,SKU_00249,BATCH_0000748,2025-11-02,2026-10-02,2025-11-04,1,0,good,128
INV_0000749,WH_001,WH_001_AMBIENT_061,SKU_00170,BATCH_0000749,2025-10-20,2026-10-20,2025-11-02,83,2,good,146
INV_0000750,WH_001,WH_001_COOL_043,SKU_00119,BATCH_0000750,2025-07-23,2026-11-16,2025-08-01,242,0,good,173
INV_0000751,WH_002,WH_002_AMBIENT_185,SKU_00055,BATCH_0000751,2025-08-14,2026-12-18,2025-08-19,58,21,good,205
INV_0000752,WH_003,WH_003_COLD_101,SKU_00202,BATCH_0000752,2026-02-14,2026-07-06,2026-02-26,17,0,good,40
INV_0000753,WH_002,WH_002_AMBIENT_072,SKU_00198,BATCH_0000753,2026-02-05,2027-04-09,2026-02-14,6,0,good,317
INV_0000754,WH_002,WH_002_COOL_141,SKU_00086,BATCH_0000754,2026-05-11,2028-05-10,2026-05-19,5,0,good,714
INV_0000755,WH_001,WH_001_COLD_003,SKU_00260,BATCH_0000755,2025-07-25,2026-07-25,2025-07-28,5,1,good,59
INV_0000756,WH_001,WH_001_AMBIENT_077,SKU_00234,BATCH_0000756,2026-02-12,2027-02-12,2026-02-17,39,0,good,261
INV_0000757,WH_002,WH_002_AMBIENT_044,SKU_00018,BATCH_0000757,2025-05-22,2026-09-21,2025-05-26,174,0,good,117
INV_0000758,WH_001,WH_001_AMBIENT_031,SKU_00056,BATCH_0000758,2025-11-02,2027-01-21,2025-11-06,4,0,good,239
INV_0000759,WH_001,WH_001_AMBIENT_107,SKU_00235,BATCH_0000759,2025-11-01,2026-11-01,2025-11-14,170,0,good,158
INV_0000760,WH_003,WH_003_AMBIENT_035,SKU_00076,BATCH_0000760,2026-01-15,2028-03-26,2026-01-21,30,0,good,669
INV_0000761,WH_002,WH_002_AMBIENT_132,SKU_00223,BATCH_0000761,2026-04-24,2029-03-12,2026-05-01,5,0,good,1020
INV_0000762,WH_001,WH_001_COOL_105,SKU_00206,BATCH_0000762,2025-08-25,2027-02-15,2025-08-31,36,5,good,264
INV_0000763,WH_003,WH_003_AMBIENT_128,SKU_00205,BATCH_0000763,2026-03-08,2027-04-03,2026-03-20,22,7,good,311
INV_0000764,WH_003,WH_003_AMBIENT_165,SKU_00235,BATCH_0000764,2026-01-09,2027-01-09,2026-01-15,7,0,good,227
INV_0000765,WH_003,WH_003_AMBIENT_080,SKU_00223,BATCH_0000765,2026-05-14,2029-04-01,2026-05-22,2,0,good,1040
INV_0000766,WH_003,WH_003_AMBIENT_114,SKU_00135,BATCH_0000766,2025-08-25,2026-08-25,2025-08-26,4,0,good,90
INV_0000767,WH_003,WH_003_AMBIENT_110,SKU_00194,BATCH_0000767,2026-05-22,2027-05-22,2026-05-28,10,0,good,360
INV_0000768,WH_002,WH_002_AMBIENT_092,SKU_00017,BATCH_0000768,2025-06-04,2027-05-10,2025-06-11,4,0,good,348
INV_0000769,WH_003,WH_003_AMBIENT_146,SKU_00107,BATCH_0000769,2026-02-12,2027-02-12,2026-02-18,20,0,good,261
INV_0000770,WH_001,WH_001_COLD_028,SKU_00035,BATCH_0000770,2026-01-21,2026-06-27,2026-02-03,4,0,good,31
INV_0000771,WH_001,WH_001_AMBIENT_097,SKU_00163,BATCH_0000771,2026-02-05,2027-08-21,2026-02-09,11,0,good,451
INV_0000772,WH_003,WH_003_COOL_038,SKU_00184,BATCH_0000772,2025-04-14,2026-12-24,2025-04-20,93,0,good,211
INV_0000773,WH_001,WH_001_COLD_157,SKU_00096,BATCH_0000773,2026-01-01,2027-01-01,2026-01-08,7,0,good,219
INV_0000774,WH_003,WH_003_AMBIENT_081,SKU_00051,BATCH_0000774,2026-02-27,2027-03-16,2026-03-11,28,0,good,293
INV_0000775,WH_003,WH_003_AMBIENT_142,SKU_00168,BATCH_0000775,2025-09-30,2026-09-30,2025-10-05,6,0,good,126
INV_0000776,WH_001,WH_001_COOL_024,SKU_00207,BATCH_0000776,2026-01-26,2027-02-01,2026-02-04,16,0,good,250
INV_0000777,WH_001,WH_001_AMBIENT_173,SKU_00236,BATCH_0000777,2025-09-03,2026-12-21,2025-09-13,16,0,good,208
INV_0000778,WH_003,WH_003_COLD_111,SKU_00154,BATCH_0000778,2026-05-20,2026-10-14,2026-06-01,29,0,good,140
INV_0000779,WH_002,WH_002_AMBIENT_092,SKU_00095,BATCH_0000779,2024-05-02,2026-08-20,2024-05-06,25,10,good,85
INV_0000780,WH_001,WH_001_COLD_133,SKU_00300,BATCH_0000780,2026-05-19,2027-05-19,2026-05-28,115,0,good,357
INV_0000781,WH_003,WH_003_COLD_037,SKU_00154,BATCH_0000781,2026-01-17,2026-06-13,2026-01-26,4,0,good,17
INV_0000782,WH_001,WH_001_COOL_182,SKU_00077,BATCH_0000782,2026-03-14,2027-05-03,2026-03-17,21,0,good,341
INV_0000783,WH_002,WH_002_AMBIENT_191,SKU_00269,BATCH_0000783,2025-05-25,2026-09-24,2025-05-29,6,0,good,120
INV_0000784,WH_001,WH_001_COLD_011,SKU_00204,BATCH_0000784,2026-02-14,2027-02-09,2026-02-16,30,1,good,258
INV_0000785,WH_003,WH_003_COLD_153,SKU_00249,BATCH_0000785,2025-10-23,2026-09-22,2025-11-01,1,0,good,118
INV_0000786,WH_001,WH_001_COOL_088,SKU_00002,BATCH_0000786,2025-03-11,2027-03-11,2025-03-12,64,0,good,288
INV_0000787,WH_001,WH_001_AMBIENT_163,SKU_00141,BATCH_0000787,2025-12-07,2026-12-07,2025-12-13,49,13,good,194
INV_0000788,WH_002,WH_002_COLD_023,SKU_00202,BATCH_0000788,2026-02-09,2026-07-01,2026-02-20,9,0,good,35
INV_0000789,WH_003,WH_003_COOL_101,SKU_00162,BATCH_0000789,2026-05-20,2028-05-19,2026-05-31,3,0,good,723
INV_0000790,WH_001,WH_001_COOL_131,SKU_00021,BATCH_0000790,2026-03-17,2027-01-03,2026-03-29,110,0,good,221
INV_0000791,WH_003,WH_003_COOL_193,SKU_00145,BATCH_0000791,2026-02-01,2027-05-25,2026-02-02,9,2,good,363
INV_0000792,WH_003,WH_003_COLD_200,SKU_00193,BATCH_0000792,2025-10-26,2026-09-25,2025-11-01,138,37,good,121
INV_0000793,WH_003,WH_003_AMBIENT_063,SKU_00012,BATCH_0000793,2025-09-06,2026-09-06,2025-09-12,4,0,good,102
INV_0000794,WH_003,WH_003_AMBIENT_068,SKU_00279,BATCH_0000794,2025-09-30,2028-07-29,2025-10-13,6,2,good,794
INV_0000795,WH_001,WH_001_AMBIENT_187,SKU_00066,BATCH_0000795,2026-02-03,2027-07-19,2026-02-14,8,1,good,418
INV_0000796,WH_002,WH_002_AMBIENT_063,SKU_00125,BATCH_0000796,2025-08-27,2026-08-27,2025-08-31,8,0,good,92
INV_0000797,WH_003,WH_003_COOL_015,SKU_00266,BATCH_0000797,2025-01-05,2026-09-03,2025-01-18,88,0,good,99
INV_0000798,WH_001,WH_001_AMBIENT_048,SKU_00292,BATCH_0000798,2025-09-27,2027-02-16,2025-10-03,9,0,good,265
INV_0000799,WH_002,WH_002_COOL_116,SKU_00077,BATCH_0000799,2025-10-21,2026-12-10,2025-11-03,56,3,good,197
INV_0000800,WH_002,WH_002_AMBIENT_076,SKU_00235,BATCH_0000800,2026-01-20,2027-01-20,2026-01-21,21,0,good,238
INV_0000801,WH_003,WH_003_AMBIENT_057,SKU_00115,BATCH_0000801,2025-08-04,2027-05-31,2025-08-14,20,0,good,369
INV_0000802,WH_003,WH_003_COOL_110,SKU_00042,BATCH_0000802,2025-11-21,2027-04-14,2025-11-25,131,0,good,322
INV_0000803,WH_003,WH_003_COOL_018,SKU_00112,BATCH_0000803,2024-08-16,2026-08-16,2024-08-25,6,2,good,81
INV_0000804,WH_003,WH_003_COLD_002,SKU_00204,BATCH_0000804,2025-11-27,2026-11-22,2025-12-04,13,0,good,179
INV_0000805,WH_002,WH_002_COOL_187,SKU_00133,BATCH_0000805,2025-10-01,2027-08-01,2025-10-14,2,0,good,431
INV_0000806,WH_003,WH_003_COOL_134,SKU_00266,BATCH_0000806,2025-07-31,2027-03-29,2025-08-10,27,2,good,306
INV_0000807,WH_003,WH_003_COOL_187,SKU_00089,BATCH_0000807,2025-10-21,2027-01-19,2025-11-01,10,0,good,237
INV_0000808,WH_002,WH_002_FROZEN_110,SKU_00171,BATCH_0000808,2025-01-12,2026-12-23,2025-01-25,33,4,good,210
INV_0000809,WH_001,WH_001_AMBIENT_175,SKU_00081,BATCH_0000809,2026-04-12,2027-10-15,2026-04-13,17,0,good,506
INV_0000810,WH_001,WH_001_COLD_028,SKU_00068,BATCH_0000810,2025-09-06,2026-09-06,2025-09-13,18,4,good,102
INV_0000811,WH_002,WH_002_AMBIENT_008,SKU_00129,BATCH_0000811,2026-03-23,2027-03-23,2026-03-25,8,0,good,300
INV_0000812,WH_003,WH_003_AMBIENT_189,SKU_00017,BATCH_0000812,2025-07-01,2027-06-06,2025-07-06,4,0,good,375
INV_0000813,WH_001,WH_001_COOL_190,SKU_00293,BATCH_0000813,2025-12-27,2027-12-27,2026-01-01,35,0,good,579
INV_0000814,WH_003,WH_003_COLD_033,SKU_00035,BATCH_0000814,2026-01-15,2026-06-21,2026-01-20,120,0,good,25
INV_0000815,WH_001,WH_001_AMBIENT_063,SKU_00001,BATCH_0000815,2025-09-26,2027-04-28,2025-10-08,6,1,good,336
INV_0000816,WH_003,WH_003_AMBIENT_149,SKU_00268,BATCH_0000816,2025-09-29,2026-09-29,2025-10-11,101,3,good,125
INV_0000817,WH_003,WH_003_COLD_193,SKU_00271,BATCH_0000817,2026-05-01,2026-10-26,2026-05-09,28,0,good,152
INV_0000818,WH_002,WH_002_AMBIENT_053,SKU_00288,BATCH_0000818,2025-02-07,2027-02-27,2025-02-18,1,0,good,276
INV_0000819,WH_002,WH_002_COOL_081,SKU_00227,BATCH_0000819,2025-10-24,2027-10-24,2025-11-02,13,0,good,515
INV_0000820,WH_003,WH_003_COOL_037,SKU_00293,BATCH_0000820,2025-05-04,2027-05-04,2025-05-16,154,0,good,342
INV_0000821,WH_002,WH_002_AMBIENT_122,SKU_00274,BATCH_0000821,2025-11-04,2026-11-04,2025-11-10,12,0,good,161
INV_0000822,WH_001,WH_001_AMBIENT_128,SKU_00008,BATCH_0000822,2026-03-19,2027-03-19,2026-03-26,41,0,good,296
INV_0000823,WH_003,WH_003_AMBIENT_191,SKU_00108,BATCH_0000823,2024-11-17,2027-09-19,2024-11-25,77,24,good,480
INV_0000824,WH_003,WH_003_COLD_093,SKU_00029,BATCH_0000824,2025-12-07,2026-12-07,2025-12-17,18,0,good,194
INV_0000825,WH_003,WH_003_COOL_137,SKU_00273,BATCH_0000825,2025-07-10,2027-02-17,2025-07-13,55,0,good,266
INV_0000826,WH_001,WH_001_COLD_061,SKU_00204,BATCH_0000826,2026-05-22,2027-05-17,2026-05-23,41,0,good,355
INV_0000827,WH_002,WH_002_COOL_050,SKU_00020,BATCH_0000827,2025-03-17,2026-11-25,2025-03-19,90,0,good,182
INV_0000828,WH_001,WH_001_AMBIENT_054,SKU_00168,BATCH_0000828,2026-05-18,2027-05-18,2026-05-29,22,0,good,356
INV_0000829,WH_001,WH_001_AMBIENT_128,SKU_00190,BATCH_0000829,2026-01-14,2027-09-23,2026-01-16,115,0,good,484
INV_0000830,WH_003,WH_003_AMBIENT_195,SKU_00115,BATCH_0000830,2025-05-24,2027-03-20,2025-06-06,35,0,good,297
INV_0000831,WH_002,WH_002_COLD_067,SKU_00146,BATCH_0000831,2026-01-17,2027-01-17,2026-01-21,32,0,good,235
INV_0000832,WH_003,WH_003_COOL_072,SKU_00280,BATCH_0000832,2025-06-04,2027-06-04,2025-06-14,32,8,good,373
INV_0000833,WH_001,WH_001_COLD_103,SKU_00040,BATCH_0000833,2026-05-14,2026-09-28,2026-05-17,5,0,good,124
INV_0000834,WH_001,WH_001_COLD_072,SKU_00260,BATCH_0000834,2026-04-02,2027-04-02,2026-04-07,15,0,good,310
INV_0000835,WH_002,WH_002_AMBIENT_048,SKU_00107,BATCH_0000835,2025-11-26,2026-11-26,2025-11-29,36,0,good,183
INV_0000836,WH_003,WH_003_COLD_108,SKU_00134,BATCH_0000836,2025-08-14,2026-08-14,2025-08-16,19,0,good,79
INV_0000837,WH_003,WH_003_AMBIENT_073,SKU_00116,BATCH_0000837,2025-04-04,2027-11-10,2025-04-14,11,0,good,532
INV_0000838,WH_001,WH_001_COOL_089,SKU_00059,BATCH_0000838,2024-09-01,2026-08-06,2024-09-12,67,0,good,71
INV_0000839,WH_002,WH_002_AMBIENT_132,SKU_00213,BATCH_0000839,2024-10-10,2027-02-22,2024-10-16,36,1,good,271
INV_0000840,WH_003,WH_003_AMBIENT_185,SKU_00286,BATCH_0000840,2025-02-22,2027-01-09,2025-03-02,91,0,good,227
INV_0000841,WH_002,WH_002_COOL_027,SKU_00139,BATCH_0000841,2025-07-03,2027-07-03,2025-07-06,4,0,good,402
INV_0000842,WH_003,WH_003_COOL_177,SKU_00140,BATCH_0000842,2026-03-23,2026-12-29,2026-03-30,5,0,good,216
INV_0000843,WH_001,WH_001_AMBIENT_108,SKU_00281,BATCH_0000843,2026-04-28,2027-04-28,2026-05-06,60,0,good,336
INV_0000844,WH_002,WH_002_AMBIENT_152,SKU_00168,BATCH_0000844,2025-09-04,2026-09-04,2025-09-09,45,0,good,100
INV_0000845,WH_003,WH_003_COLD_125,SKU_00045,BATCH_0000845,2025-12-02,2026-12-02,2025-12-08,21,0,good,189
INV_0000846,WH_001,WH_001_COLD_044,SKU_00196,BATCH_0000846,2026-03-25,2026-10-13,2026-03-31,2,0,good,139
INV_0000847,WH_003,WH_003_COOL_169,SKU_00208,BATCH_0000847,2026-02-18,2028-02-18,2026-02-26,7,0,good,632
INV_0000848,WH_003,WH_003_AMBIENT_077,SKU_00005,BATCH_0000848,2025-10-25,2027-12-06,2025-10-27,7,1,good,558
INV_0000849,WH_001,WH_001_FROZEN_028,SKU_00032,BATCH_0000849,2026-04-01,2026-12-12,2026-04-07,20,0,good,199
INV_0000850,WH_002,WH_002_AMBIENT_045,SKU_00283,BATCH_0000850,2025-10-25,2026-10-25,2025-10-31,14,3,good,151
INV_0000851,WH_002,WH_002_COOL_136,SKU_00142,BATCH_0000851,2026-01-15,2027-05-04,2026-01-19,38,0,good,342
INV_0000852,WH_003,WH_003_AMBIENT_141,SKU_00055,BATCH_0000852,2025-04-05,2026-08-09,2025-04-07,13,0,good,74
INV_0000853,WH_003,WH_003_COOL_097,SKU_00088,BATCH_0000853,2026-01-14,2028-01-14,2026-01-24,74,0,good,597
INV_0000854,WH_002,WH_002_COOL_053,SKU_00187,BATCH_0000854,2025-11-04,2027-04-07,2025-11-11,51,0,good,315
INV_0000855,WH_001,WH_001_COLD_018,SKU_00300,BATCH_0000855,2026-05-09,2027-05-09,2026-05-10,27,0,good,347
INV_0000856,WH_002,WH_002_COLD_045,SKU_00029,BATCH_0000856,2026-03-07,2027-03-07,2026-03-20,35,0,good,284
INV_0000857,WH_001,WH_001_AMBIENT_101,SKU_00172,BATCH_0000857,2026-03-23,2028-05-29,2026-03-30,9,0,good,733
INV_0000858,WH_001,WH_001_COOL_126,SKU_00245,BATCH_0000858,2026-03-03,2027-07-29,2026-03-16,10,0,good,428
INV_0000859,WH_001,WH_001_COOL_135,SKU_00161,BATCH_0000859,2026-05-16,2027-12-29,2026-05-28,258,0,good,581
INV_0000860,WH_002,WH_002_AMBIENT_123,SKU_00221,BATCH_0000860,2025-09-29,2026-09-29,2025-09-30,71,0,good,125
INV_0000861,WH_002,WH_002_AMBIENT_081,SKU_00125,BATCH_0000861,2026-03-28,2027-03-28,2026-04-06,66,0,good,305
INV_0000862,WH_001,WH_001_AMBIENT_021,SKU_00057,BATCH_0000862,2024-05-13,2026-10-26,2024-05-19,77,0,good,152
INV_0000863,WH_003,WH_003_AMBIENT_119,SKU_00062,BATCH_0000863,2026-02-15,2028-02-06,2026-02-21,12,0,good,620
INV_0000864,WH_001,WH_001_COLD_025,SKU_00149,BATCH_0000864,2026-01-29,2026-06-23,2026-01-30,20,0,good,27
INV_0000865,WH_001,WH_001_AMBIENT_042,SKU_00185,BATCH_0000865,2026-02-10,2027-02-10,2026-02-12,18,0,good,259
INV_0000866,WH_001,WH_001_AMBIENT_088,SKU_00286,BATCH_0000866,2025-04-16,2027-03-03,2025-04-22,66,0,good,280
INV_0000867,WH_003,WH_003_AMBIENT_172,SKU_00221,BATCH_0000867,2025-07-13,2026-07-13,2025-07-26,8,2,good,47
INV_0000868,WH_003,WH_003_AMBIENT_063,SKU_00234,BATCH_0000868,2026-02-22,2027-02-22,2026-02-26,16,0,good,271
INV_0000869,WH_003,WH_003_COOL_057,SKU_00181,BATCH_0000869,2025-08-06,2026-08-12,2025-08-13,54,0,good,77
INV_0000870,WH_003,WH_003_AMBIENT_080,SKU_00255,BATCH_0000870,2025-12-26,2027-01-12,2025-12-29,21,1,good,230
INV_0000871,WH_002,WH_002_COLD_198,SKU_00149,BATCH_0000871,2026-02-28,2026-07-23,2026-03-03,8,2,good,57
INV_0000872,WH_001,WH_001_AMBIENT_049,SKU_00100,BATCH_0000872,2024-07-03,2027-02-16,2024-07-05,16,0,good,265
INV_0000873,WH_001,WH_001_COOL_175,SKU_00015,BATCH_0000873,2025-12-03,2027-08-23,2025-12-05,43,0,good,453
INV_0000874,WH_001,WH_001_COLD_075,SKU_00251,BATCH_0000874,2025-12-05,2026-12-05,2025-12-10,121,0,good,192
INV_0000875,WH_003,WH_003_AMBIENT_181,SKU_00282,BATCH_0000875,2024-11-18,2027-04-02,2024-11-30,16,0,good,310
INV_0000876,WH_003,WH_003_AMBIENT_184,SKU_00105,BATCH_0000876,2025-10-29,2026-10-29,2025-11-10,4,0,good,155
INV_0000877,WH_001,WH_001_AMBIENT_002,SKU_00129,BATCH_0000877,2026-04-23,2027-04-23,2026-04-27,20,0,good,331
INV_0000878,WH_002,WH_002_COLD_089,SKU_00096,BATCH_0000878,2025-08-17,2026-08-17,2025-08-21,4,0,good,82
INV_0000879,WH_003,WH_003_AMBIENT_022,SKU_00234,BATCH_0000879,2025-08-07,2026-08-07,2025-08-15,43,0,good,72
INV_0000880,WH_003,WH_003_COOL_090,SKU_00111,BATCH_0000880,2025-08-23,2026-08-31,2025-08-29,21,1,good,96
INV_0000881,WH_001,WH_001_AMBIENT_120,SKU_00098,BATCH_0000881,2025-05-18,2027-12-20,2025-05-20,6,0,good,572
INV_0000882,WH_002,WH_002_COOL_162,SKU_00226,BATCH_0000882,2025-08-11,2027-08-11,2025-08-18,46,0,good,441
INV_0000883,WH_002,WH_002_COOL_010,SKU_00144,BATCH_0000883,2024-11-02,2026-10-24,2024-11-08,11,0,good,150
INV_0000884,WH_002,WH_002_COOL_195,SKU_00010,BATCH_0000884,2025-02-17,2027-02-17,2025-02-20,14,4,good,266
INV_0000885,WH_002,WH_002_COOL_175,SKU_00266,BATCH_0000885,2025-08-29,2027-04-27,2025-09-01,13,3,good,335
INV_0000886,WH_003,WH_003_COOL_020,SKU_00087,BATCH_0000886,2024-08-09,2026-08-09,2024-08-22,11,0,good,74
INV_0000887,WH_001,WH_001_AMBIENT_004,SKU_00028,BATCH_0000887,2025-08-07,2026-12-23,2025-08-12,29,9,good,210
INV_0000888,WH_002,WH_002_AMBIENT_074,SKU_00156,BATCH_0000888,2026-05-23,2028-10-25,2026-05-28,263,99,good,882
INV_0000889,WH_003,WH_003_AMBIENT_010,SKU_00233,BATCH_0000889,2025-06-29,2027-02-08,2025-07-10,92,0,good,257
INV_0000890,WH_003,WH_003_COOL_107,SKU_00086,BATCH_0000890,2025-02-06,2027-02-06,2025-02-17,40,9,good,255
INV_0000891,WH_001,WH_001_COOL_106,SKU_00227,BATCH_0000891,2024-11-17,2026-11-17,2024-11-18,80,0,good,174
INV_0000892,WH_002,WH_002_COLD_172,SKU_00204,BATCH_0000892,2025-10-05,2026-09-30,2025-10-11,63,7,good,126
INV_0000893,WH_003,WH_003_AMBIENT_091,SKU_00013,BATCH_0000893,2024-07-08,2027-05-03,2024-07-12,1,0,good,341
INV_0000894,WH_002,WH_002_COOL_008,SKU_00043,BATCH_0000894,2025-08-21,2027-08-21,2025-08-25,6,0,good,451
INV_0000895,WH_003,WH_003_COOL_061,SKU_00130,BATCH_0000895,2025-06-22,2027-06-22,2025-06-29,4,0,good,391
INV_0000896,WH_003,WH_003_COLD_067,SKU_00054,BATCH_0000896,2026-03-13,2027-03-13,2026-03-18,29,5,good,290
INV_0000897,WH_003,WH_003_COOL_021,SKU_00222,BATCH_0000897,2025-11-13,2026-08-09,2025-11-17,38,0,good,74
INV_0000898,WH_001,WH_001_AMBIENT_137,SKU_00046,BATCH_0000898,2026-04-02,2027-04-02,2026-04-06,3,0,good,310
INV_0000899,WH_003,WH_003_COOL_053,SKU_00006,BATCH_0000899,2025-10-17,2027-10-17,2025-10-19,60,0,good,508
INV_0000900,WH_002,WH_002_AMBIENT_116,SKU_00052,BATCH_0000900,2025-08-25,2028-05-12,2025-09-03,8,0,good,716
INV_0000901,WH_003,WH_003_COOL_106,SKU_00117,BATCH_0000901,2025-05-22,2026-12-05,2025-05-24,46,1,good,192
INV_0000902,WH_002,WH_002_COOL_001,SKU_00111,BATCH_0000902,2026-04-05,2027-04-13,2026-04-15,28,0,good,321
INV_0000903,WH_002,WH_002_AMBIENT_050,SKU_00103,BATCH_0000903,2025-11-27,2026-11-27,2025-12-07,6,0,good,184
INV_0000904,WH_002,WH_002_COOL_045,SKU_00208,BATCH_0000904,2025-04-25,2027-04-25,2025-04-27,7,1,good,333
INV_0000905,WH_001,WH_001_COLD_020,SKU_00300,BATCH_0000905,2025-11-16,2026-11-16,2025-11-21,2,0,good,173
INV_0000906,WH_003,WH_003_COLD_038,SKU_00054,BATCH_0000906,2026-02-17,2027-02-17,2026-02-26,59,0,good,266
INV_0000907,WH_002,WH_002_FROZEN_053,SKU_00216,BATCH_0000907,2025-10-31,2027-09-05,2025-11-06,22,0,good,466
INV_0000908,WH_003,WH_003_AMBIENT_158,SKU_00104,BATCH_0000908,2024-11-24,2027-01-13,2024-11-29,146,29,good,231
INV_0000909,WH_001,WH_001_AMBIENT_194,SKU_00025,BATCH_0000909,2026-05-21,2027-05-21,2026-05-31,25,0,good,359
INV_0000910,WH_001,WH_001_COOL_037,SKU_00266,BATCH_0000910,2025-08-14,2027-04-12,2025-08-21,28,10,good,320
INV_0000911,WH_002,WH_002_AMBIENT_136,SKU_00046,BATCH_0000911,2026-03-18,2027-03-18,2026-03-19,199,0,good,295
INV_0000912,WH_002,WH_002_AMBIENT_046,SKU_00282,BATCH_0000912,2025-02-02,2027-06-17,2025-02-03,81,0,good,386
INV_0000913,WH_003,WH_003_COOL_028,SKU_00003,BATCH_0000913,2025-03-27,2027-03-27,2025-04-01,14,0,good,304
INV_0000914,WH_001,WH_001_AMBIENT_109,SKU_00113,BATCH_0000914,2026-01-02,2027-01-02,2026-01-03,8,0,good,220
INV_0000915,WH_002,WH_002_AMBIENT_134,SKU_00230,BATCH_0000915,2025-02-18,2027-02-26,2025-02-23,14,0,good,275
INV_0000916,WH_003,WH_003_AMBIENT_032,SKU_00056,BATCH_0000916,2026-01-28,2027-04-18,2026-02-05,11,0,good,326
INV_0000917,WH_002,WH_002_COOL_087,SKU_00161,BATCH_0000917,2025-08-20,2027-04-04,2025-08-25,10,1,good,312
INV_0000918,WH_003,WH_003_AMBIENT_030,SKU_00078,BATCH_0000918,2024-12-03,2027-04-26,2024-12-05,6,0,good,334
INV_0000919,WH_003,WH_003_COOL_134,SKU_00270,BATCH_0000919,2026-03-18,2027-03-14,2026-03-20,296,0,good,291
INV_0000920,WH_001,WH_001_AMBIENT_147,SKU_00013,BATCH_0000920,2026-02-14,2028-12-09,2026-02-26,0,0,good,927
INV_0000921,WH_001,WH_001_COOL_166,SKU_00272,BATCH_0000921,2025-11-16,2026-09-08,2025-11-17,76,0,good,104
INV_0000922,WH_003,WH_003_AMBIENT_100,SKU_00141,BATCH_0000922,2025-10-01,2026-10-01,2025-10-03,27,1,good,127
INV_0000923,WH_001,WH_001_AMBIENT_104,SKU_00008,BATCH_0000923,2026-01-27,2027-01-27,2026-02-06,60,4,good,245
INV_0000924,WH_001,WH_001_AMBIENT_028,SKU_00013,BATCH_0000924,2024-12-28,2027-10-23,2025-01-01,9,0,good,514
INV_0000925,WH_003,WH_003_COOL_098,SKU_00280,BATCH_0000925,2025-05-21,2027-05-21,2025-05-26,76,0,good,359
INV_0000926,WH_002,WH_002_COLD_015,SKU_00252,BATCH_0000926,2025-12-08,2026-12-08,2025-12-14,3,0,good,195
INV_0000927,WH_001,WH_001_AMBIENT_137,SKU_00113,BATCH_0000927,2025-09-28,2026-09-28,2025-10-06,3,0,good,124
INV_0000928,WH_001,WH_001_AMBIENT_077,SKU_00100,BATCH_0000928,2024-11-18,2027-07-04,2024-11-23,44,0,good,403
INV_0000929,WH_001,WH_001_COOL_074,SKU_00208,BATCH_0000929,2025-05-29,2027-05-29,2025-05-30,6,0,good,367
INV_0000930,WH_002,WH_002_COOL_163,SKU_00273,BATCH_0000930,2026-01-14,2027-08-24,2026-01-17,118,0,good,454
INV_0000931,WH_003,WH_003_COOL_063,SKU_00272,BATCH_0000931,2026-01-10,2026-11-02,2026-01-13,167,0,good,159
INV_0000932,WH_002,WH_002_COOL_017,SKU_00070,BATCH_0000932,2025-06-12,2027-06-12,2025-06-18,25,0,good,381
INV_0000933,WH_001,WH_001_AMBIENT_120,SKU_00102,BATCH_0000933,2025-08-04,2028-01-19,2025-08-06,4,0,good,602
INV_0000934,WH_003,WH_003_COLD_084,SKU_00068,BATCH_0000934,2026-04-24,2027-04-24,2026-05-06,57,0,good,332
INV_0000935,WH_002,WH_002_AMBIENT_007,SKU_00062,BATCH_0000935,2026-03-07,2028-02-26,2026-03-08,6,0,good,640
INV_0000936,WH_001,WH_001_COOL_106,SKU_00020,BATCH_0000936,2025-04-22,2026-12-31,2025-04-24,7,0,good,218
INV_0000937,WH_001,WH_001_COOL_065,SKU_00010,BATCH_0000937,2026-02-21,2028-02-21,2026-02-26,11,0,good,635
INV_0000938,WH_002,WH_002_AMBIENT_034,SKU_00026,BATCH_0000938,2025-02-01,2026-08-30,2025-02-06,15,4,good,95
INV_0000939,WH_003,WH_003_AMBIENT_081,SKU_00143,BATCH_0000939,2026-01-30,2027-01-30,2026-02-12,5,0,good,248
INV_0000940,WH_003,WH_003_COLD_192,SKU_00053,BATCH_0000940,2025-12-26,2026-08-11,2026-01-05,53,17,good,76
INV_0000941,WH_002,WH_002_AMBIENT_108,SKU_00141,BATCH_0000941,2026-05-17,2027-05-17,2026-05-19,29,0,good,355
INV_0000942,WH_002,WH_002_AMBIENT_199,SKU_00152,BATCH_0000942,2025-05-05,2026-12-26,2025-05-12,26,9,good,213
INV_0000943,WH_001,WH_001_COLD_173,SKU_00096,BATCH_0000943,2026-02-08,2027-02-08,2026-02-18,7,0,good,257
INV_0000944,WH_001,WH_001_COOL_021,SKU_00243,BATCH_0000944,2025-09-21,2027-09-21,2025-09-22,10,2,good,482
INV_0000945,WH_003,WH_003_AMBIENT_188,SKU_00116,BATCH_0000945,2024-04-09,2026-11-15,2024-04-20,129,0,good,172
INV_0000946,WH_003,WH_003_COOL_167,SKU_00099,BATCH_0000946,2025-06-21,2026-12-01,2025-06-23,22,0,good,188
INV_0000947,WH_001,WH_001_COLD_121,SKU_00069,BATCH_0000947,2025-10-26,2026-09-22,2025-11-08,407,0,good,118
INV_0000948,WH_001,WH_001_AMBIENT_044,SKU_00062,BATCH_0000948,2024-08-26,2026-08-17,2024-09-08,162,0,good,82
INV_0000949,WH_002,WH_002_COOL_113,SKU_00253,BATCH_0000949,2024-10-26,2026-10-26,2024-11-08,29,0,good,152
INV_0000950,WH_002,WH_002_AMBIENT_055,SKU_00248,BATCH_0000950,2024-06-22,2026-09-24,2024-06-26,39,0,good,120
INV_0000951,WH_003,WH_003_COOL_174,SKU_00138,BATCH_0000951,2025-06-03,2027-04-13,2025-06-14,114,0,good,321
INV_0000952,WH_002,WH_002_AMBIENT_106,SKU_00250,BATCH_0000952,2024-03-13,2026-09-30,2024-03-20,17,0,good,126
INV_0000953,WH_003,WH_003_AMBIENT_190,SKU_00095,BATCH_0000953,2025-07-24,2027-11-11,2025-07-30,228,0,good,533
INV_0000954,WH_002,WH_002_COOL_097,SKU_00276,BATCH_0000954,2025-05-24,2027-02-22,2025-05-29,237,0,good,271
INV_0000955,WH_003,WH_003_COOL_049,SKU_00261,BATCH_0000955,2026-03-06,2027-03-21,2026-03-14,5,0,good,298
INV_0000956,WH_002,WH_002_AMBIENT_072,SKU_00107,BATCH_0000956,2026-02-27,2027-02-27,2026-03-03,7,2,good,276
INV_0000957,WH_002,WH_002_COOL_020,SKU_00273,BATCH_0000957,2026-02-11,2027-09-21,2026-02-15,25,3,good,482
INV_0000958,WH_003,WH_003_AMBIENT_154,SKU_00118,BATCH_0000958,2025-10-17,2026-10-17,2025-10-27,104,0,good,143
INV_0000959,WH_003,WH_003_AMBIENT_069,SKU_00013,BATCH_0000959,2025-08-13,2028-06-07,2025-08-26,17,0,good,742
INV_0000960,WH_002,WH_002_FROZEN_121,SKU_00284,BATCH_0000960,2024-11-23,2026-11-23,2024-11-25,92,0,good,180
INV_0000961,WH_003,WH_003_AMBIENT_074,SKU_00174,BATCH_0000961,2024-05-26,2026-10-03,2024-06-01,9,0,good,129
INV_0000962,WH_001,WH_001_COLD_114,SKU_00110,BATCH_0000962,2026-01-07,2026-08-17,2026-01-20,381,0,good,82
INV_0000963,WH_002,WH_002_COOL_161,SKU_00010,BATCH_0000963,2026-04-15,2028-04-14,2026-04-21,57,0,good,688
INV_0000964,WH_001,WH_001_AMBIENT_099,SKU_00190,BATCH_0000964,2025-10-22,2027-07-01,2025-10-26,22,0,good,400
INV_0000965,WH_003,WH_003_AMBIENT_171,SKU_00147,BATCH_0000965,2025-05-29,2028-02-25,2025-06-10,112,0,good,639
INV_0000966,WH_003,WH_003_AMBIENT_156,SKU_00084,BATCH_0000966,2026-03-15,2027-03-15,2026-03-16,8,0,good,292
INV_0000967,WH_002,WH_002_COOL_139,SKU_00276,BATCH_0000967,2025-11-14,2027-08-15,2025-11-16,15,0,good,445
INV_0000968,WH_003,WH_003_AMBIENT_156,SKU_00214,BATCH_0000968,2025-05-27,2027-08-29,2025-06-08,19,0,good,459
INV_0000969,WH_002,WH_002_COLD_021,SKU_00037,BATCH_0000969,2025-12-03,2026-12-03,2025-12-14,132,0,good,190
INV_0000970,WH_001,WH_001_AMBIENT_115,SKU_00030,BATCH_0000970,2024-10-16,2027-02-26,2024-10-21,8,0,good,275
INV_0000971,WH_002,WH_002_AMBIENT_015,SKU_00215,BATCH_0000971,2025-10-31,2027-04-16,2025-11-05,38,0,good,324
INV_0000972,WH_001,WH_001_COLD_050,SKU_00014,BATCH_0000972,2026-02-16,2027-02-12,2026-02-23,9,0,good,261
INV_0000973,WH_003,WH_003_AMBIENT_105,SKU_00056,BATCH_0000973,2025-05-01,2026-07-20,2025-05-10,20,0,good,54
INV_0000974,WH_002,WH_002_COOL_048,SKU_00121,BATCH_0000974,2025-07-05,2026-09-07,2025-07-15,64,0,good,103
INV_0000975,WH_002,WH_002_AMBIENT_114,SKU_00255,BATCH_0000975,2025-12-02,2026-12-19,2025-12-10,344,0,good,206
INV_0000976,WH_001,WH_001_COLD_070,SKU_00069,BATCH_0000976,2025-10-01,2026-08-28,2025-10-14,99,8,good,93
INV_0000977,WH_003,WH_003_COLD_027,SKU_00149,BATCH_0000977,2026-04-13,2026-09-05,2026-04-14,38,0,good,101
INV_0000978,WH_002,WH_002_AMBIENT_007,SKU_00017,BATCH_0000978,2025-10-17,2027-09-22,2025-10-21,9,0,good,483
INV_0000979,WH_003,WH_003_AMBIENT_153,SKU_00001,BATCH_0000979,2025-02-10,2026-09-12,2025-02-18,120,0,good,108
INV_0000980,WH_001,WH_001_AMBIENT_052,SKU_00027,BATCH_0000980,2026-01-30,2027-10-13,2026-02-11,19,0,good,504
INV_0000981,WH_002,WH_002_COOL_118,SKU_00219,BATCH_0000981,2024-11-29,2026-09-02,2024-12-09,9,0,good,98
INV_0000982,WH_003,WH_003_COOL_161,SKU_00112,BATCH_0000982,2025-08-11,2027-08-11,2025-08-21,5,0,good,441
INV_0000983,WH_001,WH_001_AMBIENT_096,SKU_00221,BATCH_0000983,2026-03-31,2027-03-31,2026-04-08,5,0,good,308
INV_0000984,WH_003,WH_003_COOL_137,SKU_00089,BATCH_0000984,2025-07-20,2026-10-18,2025-07-21,95,0,good,144
INV_0000985,WH_001,WH_001_AMBIENT_181,SKU_00057,BATCH_0000985,2025-07-12,2027-12-25,2025-07-18,3,0,good,577
INV_0000986,WH_002,WH_002_AMBIENT_053,SKU_00156,BATCH_0000986,2024-09-06,2027-02-09,2024-09-17,23,7,good,258
INV_0000987,WH_001,WH_001_COOL_155,SKU_00298,BATCH_0000987,2026-04-21,2027-04-17,2026-04-29,13,3,good,325
INV_0000988,WH_002,WH_002_COLD_160,SKU_00053,BATCH_0000988,2026-01-21,2026-09-06,2026-01-27,21,0,good,102
INV_0000989,WH_002,WH_002_AMBIENT_077,SKU_00104,BATCH_0000989,2024-11-27,2027-01-16,2024-12-04,204,0,good,234
INV_0000990,WH_001,WH_001_AMBIENT_115,SKU_00049,BATCH_0000990,2026-02-05,2027-03-24,2026-02-13,52,0,good,301
INV_0000991,WH_002,WH_002_AMBIENT_007,SKU_00071,BATCH_0000991,2024-02-15,2026-11-25,2024-02-19,313,0,good,182
INV_0000992,WH_001,WH_001_COOL_185,SKU_00087,BATCH_0000992,2025-02-04,2027-02-04,2025-02-09,2,0,good,253
INV_0000993,WH_001,WH_001_AMBIENT_088,SKU_00004,BATCH_0000993,2025-09-22,2027-02-27,2025-09-28,29,2,good,276
INV_0000994,WH_001,WH_001_AMBIENT_113,SKU_00126,BATCH_0000994,2025-04-11,2027-08-13,2025-04-14,13,0,good,443
INV_0000995,WH_001,WH_001_COOL_113,SKU_00020,BATCH_0000995,2026-04-25,2028-01-03,2026-04-29,28,0,good,586
INV_0000996,WH_002,WH_002_COLD_045,SKU_00134,BATCH_0000996,2026-05-25,2027-05-25,2026-05-28,51,0,good,363
INV_0000997,WH_001,WH_001_AMBIENT_158,SKU_00269,BATCH_0000997,2026-05-14,2027-09-13,2026-05-27,59,5,good,474
INV_0000998,WH_003,WH_003_AMBIENT_185,SKU_00057,BATCH_0000998,2025-10-05,2028-03-19,2025-10-09,185,51,good,662
INV_0000999,WH_002,WH_002_COOL_110,SKU_00112,BATCH_0000999,2025-09-16,2027-09-16,2025-09-26,20,0,good,477
INV_0001000,WH_002,WH_002_COOL_014,SKU_00181,BATCH_0001000,2026-02-10,2027-02-16,2026-02-16,16,0,good,265
INV_0001001,WH_002,WH_002_COOL_091,SKU_00016,BATCH_0001001,2025-12-11,2027-05-20,2025-12-12,64,0,good,358
INV_0001002,WH_001,WH_001_COOL_149,SKU_00031,BATCH_0001002,2025-10-13,2027-04-28,2025-10-19,37,0,good,336
INV_0001003,WH_001,WH_001_AMBIENT_030,SKU_00009,BATCH_0001003,2024-09-15,2026-09-29,2024-09-27,1,0,good,125
INV_0001004,WH_002,WH_002_AMBIENT_107,SKU_00230,BATCH_0001004,2024-12-02,2026-12-10,2024-12-15,25,0,good,197
INV_0001005,WH_001,WH_001_COOL_195,SKU_00175,BATCH_0001005,2026-02-25,2027-02-11,2026-03-05,18,2,good,260
INV_0001006,WH_002,WH_002_COOL_197,SKU_00220,BATCH_0001006,2026-01-20,2026-09-20,2026-01-23,1,0,good,116
INV_0001007,WH_001,WH_001_COLD_082,SKU_00251,BATCH_0001007,2025-07-19,2026-07-19,2025-08-01,42,0,good,53
INV_0001008,WH_001,WH_001_AMBIENT_195,SKU_00102,BATCH_0001008,2026-01-18,2028-07-04,2026-01-26,21,0,good,769
INV_0001009,WH_003,WH_003_COLD_127,SKU_00082,BATCH_0001009,2025-08-30,2026-08-30,2025-09-02,43,3,good,95
INV_0001010,WH_002,WH_002_AMBIENT_172,SKU_00269,BATCH_0001010,2025-03-30,2026-07-30,2025-04-10,4,0,good,64
INV_0001011,WH_001,WH_001_COLD_044,SKU_00204,BATCH_0001011,2026-04-27,2027-04-22,2026-05-10,16,0,good,330
INV_0001012,WH_001,WH_001_AMBIENT_073,SKU_00075,BATCH_0001012,2025-10-19,2026-10-19,2025-10-27,40,0,good,145
INV_0001013,WH_003,WH_003_COOL_172,SKU_00220,BATCH_0001013,2026-04-23,2026-12-22,2026-04-24,3,0,good,209
INV_0001014,WH_003,WH_003_COLD_065,SKU_00047,BATCH_0001014,2025-08-24,2026-07-15,2025-09-03,2,0,good,49
INV_0001015,WH_002,WH_002_AMBIENT_093,SKU_00005,BATCH_0001015,2025-03-07,2027-04-18,2025-03-11,120,0,good,326
INV_0001016,WH_001,WH_001_AMBIENT_012,SKU_00159,BATCH_0001016,2025-12-03,2026-12-03,2025-12-08,21,0,good,190
INV_0001017,WH_001,WH_001_AMBIENT_193,SKU_00168,BATCH_0001017,2025-08-30,2026-08-30,2025-09-05,16,0,good,95
INV_0001018,WH_002,WH_002_COLD_030,SKU_00209,BATCH_0001018,2026-05-17,2026-12-26,2026-05-20,9,1,good,213
INV_0001019,WH_001,WH_001_FROZEN_018,SKU_00171,BATCH_0001019,2025-08-31,2027-08-11,2025-09-01,0,0,good,441
INV_0001020,WH_001,WH_001_COOL_066,SKU_00074,BATCH_0001020,2026-03-05,2028-03-04,2026-03-15,47,0,good,647
INV_0001021,WH_001,WH_001_AMBIENT_110,SKU_00215,BATCH_0001021,2025-03-16,2026-08-30,2025-03-17,21,0,good,95
INV_0001022,WH_002,WH_002_AMBIENT_061,SKU_00290,BATCH_0001022,2025-12-16,2027-05-05,2025-12-27,54,4,good,343
INV_0001023,WH_003,WH_003_AMBIENT_113,SKU_00008,BATCH_0001023,2025-12-25,2026-12-25,2025-12-31,34,0,good,212
INV_0001024,WH_001,WH_001_AMBIENT_062,SKU_00062,BATCH_0001024,2024-09-25,2026-09-16,2024-10-05,16,2,good,112
INV_0001025,WH_003,WH_003_AMBIENT_176,SKU_00115,BATCH_0001025,2024-11-24,2026-09-20,2024-11-30,102,0,good,116
INV_0001026,WH_001,WH_001_AMBIENT_019,SKU_00173,BATCH_0001026,2024-12-03,2026-11-15,2024-12-12,21,7,good,172
INV_0001027,WH_002,WH_002_AMBIENT_197,SKU_00067,BATCH_0001027,2024-09-14,2026-09-20,2024-09-15,12,0,good,116
INV_0001028,WH_001,WH_001_FROZEN_194,SKU_00296,BATCH_0001028,2026-03-02,2028-03-01,2026-03-07,18,0,good,644
INV_0001029,WH_003,WH_003_COLD_007,SKU_00029,BATCH_0001029,2026-02-12,2027-02-12,2026-02-19,42,0,good,261
INV_0001030,WH_003,WH_003_COOL_024,SKU_00117,BATCH_0001030,2025-08-16,2027-03-01,2025-08-29,17,3,good,278
INV_0001031,WH_002,WH_002_COOL_021,SKU_00006,BATCH_0001031,2025-09-06,2027-09-06,2025-09-18,83,1,good,467
INV_0001032,WH_003,WH_003_COOL_083,SKU_00093,BATCH_0001032,2025-06-23,2027-06-23,2025-07-02,2,0,good,392
INV_0001033,WH_002,WH_002_COOL_120,SKU_00021,BATCH_0001033,2026-04-21,2027-02-07,2026-04-28,8,0,good,256
INV_0001034,WH_001,WH_001_AMBIENT_142,SKU_00132,BATCH_0001034,2025-08-31,2026-08-31,2025-09-08,416,0,good,96
INV_0001035,WH_002,WH_002_COOL_175,SKU_00224,BATCH_0001035,2026-01-04,2027-02-24,2026-01-15,18,0,good,273
INV_0001036,WH_002,WH_002_AMBIENT_154,SKU_00213,BATCH_0001036,2025-03-24,2027-08-06,2025-03-28,35,0,good,436
INV_0001037,WH_003,WH_003_AMBIENT_104,SKU_00257,BATCH_0001037,2026-02-15,2027-08-14,2026-02-18,239,0,good,444
INV_0001038,WH_002,WH_002_COOL_046,SKU_00086,BATCH_0001038,2024-09-16,2026-09-16,2024-09-28,22,0,good,112
INV_0001039,WH_002,WH_002_AMBIENT_086,SKU_00018,BATCH_0001039,2025-05-16,2026-09-15,2025-05-20,17,0,good,111
INV_0001040,WH_001,WH_001_AMBIENT_071,SKU_00036,BATCH_0001040,2026-03-19,2027-06-20,2026-03-29,3,0,good,389
INV_0001041,WH_001,WH_001_AMBIENT_005,SKU_00050,BATCH_0001041,2026-02-22,2027-03-31,2026-02-25,44,0,good,308
INV_0001042,WH_003,WH_003_COOL_063,SKU_00003,BATCH_0001042,2025-07-23,2027-07-23,2025-08-03,1,0,good,422
INV_0001043,WH_002,WH_002_AMBIENT_171,SKU_00080,BATCH_0001043,2026-05-13,2028-09-26,2026-05-18,5,0,good,853
INV_0001044,WH_002,WH_002_AMBIENT_105,SKU_00205,BATCH_0001044,2025-07-03,2026-07-29,2025-07-08,50,8,good,63
INV_0001045,WH_003,WH_003_COLD_102,SKU_00196,BATCH_0001045,2026-04-09,2026-10-28,2026-04-13,35,14,good,154
INV_0001046,WH_001,WH_001_AMBIENT_008,SKU_00267,BATCH_0001046,2025-03-30,2027-04-11,2025-04-09,23,0,good,319
INV_0001047,WH_003,WH_003_COOL_113,SKU_00072,BATCH_0001047,2025-10-17,2027-10-17,2025-10-20,102,0,good,508
INV_0001048,WH_002,WH_002_AMBIENT_124,SKU_00103,BATCH_0001048,2026-01-16,2027-01-16,2026-01-25,12,0,good,234
INV_0001049,WH_001,WH_001_AMBIENT_121,SKU_00109,BATCH_0001049,2025-11-18,2026-12-13,2025-11-28,11,1,good,200
INV_0001050,WH_002,WH_002_FROZEN_045,SKU_00032,BATCH_0001050,2026-02-04,2026-10-17,2026-02-14,20,0,good,143
INV_0001051,WH_001,WH_001_COOL_063,SKU_00261,BATCH_0001051,2026-04-11,2027-04-26,2026-04-15,2,0,good,334
INV_0001052,WH_003,WH_003_AMBIENT_141,SKU_00135,BATCH_0001052,2025-07-07,2026-07-07,2025-07-14,10,3,good,41
INV_0001053,WH_003,WH_003_COOL_106,SKU_00128,BATCH_0001053,2024-10-28,2026-10-28,2024-11-07,17,3,good,154
INV_0001054,WH_001,WH_001_AMBIENT_016,SKU_00246,BATCH_0001054,2025-03-26,2026-07-17,2025-04-08,12,0,good,51
INV_0001055,WH_002,WH_002_AMBIENT_016,SKU_00172,BATCH_0001055,2025-09-08,2027-11-15,2025-09-09,54,0,good,537
INV_0001056,WH_002,WH_002_AMBIENT_013,SKU_00100,BATCH_0001056,2024-04-20,2026-12-04,2024-04-24,6,0,good,191
INV_0001057,WH_003,WH_003_COOL_186,SKU_00079,BATCH_0001057,2025-10-27,2027-05-27,2025-11-07,70,0,good,365
INV_0001058,WH_001,WH_001_COOL_183,SKU_00128,BATCH_0001058,2025-05-04,2027-05-04,2025-05-11,43,0,good,342
INV_0001059,WH_002,WH_002_COLD_140,SKU_00154,BATCH_0001059,2026-03-13,2026-08-07,2026-03-25,7,0,good,72
INV_0001060,WH_001,WH_001_COOL_198,SKU_00119,BATCH_0001060,2025-12-05,2027-03-31,2025-12-10,19,0,good,308
INV_0001061,WH_002,WH_002_COOL_126,SKU_00244,BATCH_0001061,2025-05-12,2026-12-13,2025-05-21,12,3,good,200
INV_0001062,WH_002,WH_002_AMBIENT_057,SKU_00018,BATCH_0001062,2026-02-01,2027-06-03,2026-02-04,18,0,good,372
INV_0001063,WH_001,WH_001_AMBIENT_025,SKU_00215,BATCH_0001063,2025-11-08,2027-04-24,2025-11-19,37,0,good,332
INV_0001064,WH_002,WH_002_COLD_069,SKU_00127,BATCH_0001064,2026-04-16,2026-11-12,2026-04-26,137,0,good,169
INV_0001065,WH_003,WH_003_AMBIENT_048,SKU_00063,BATCH_0001065,2026-01-16,2027-05-25,2026-01-26,51,13,good,363
INV_0001066,WH_001,WH_001_AMBIENT_028,SKU_00282,BATCH_0001066,2024-07-25,2026-12-07,2024-08-04,61,0,good,194
INV_0001067,WH_002,WH_002_AMBIENT_122,SKU_00076,BATCH_0001067,2024-08-04,2026-10-14,2024-08-10,36,7,good,140
INV_0001068,WH_001,WH_001_AMBIENT_078,SKU_00186,BATCH_0001068,2026-03-03,2028-04-14,2026-03-06,13,1,good,688
INV_0001069,WH_001,WH_001_AMBIENT_168,SKU_00113,BATCH_0001069,2025-12-07,2026-12-07,2025-12-16,33,0,good,194
INV_0001070,WH_001,WH_001_COOL_048,SKU_00041,BATCH_0001070,2025-03-14,2026-09-11,2025-03-25,3,0,good,107
INV_0001071,WH_003,WH_003_AMBIENT_030,SKU_00255,BATCH_0001071,2025-10-26,2026-11-12,2025-10-28,37,0,good,169
INV_0001072,WH_001,WH_001_COLD_068,SKU_00053,BATCH_0001072,2026-04-02,2026-11-16,2026-04-09,64,0,good,173
INV_0001073,WH_003,WH_003_AMBIENT_154,SKU_00094,BATCH_0001073,2025-05-04,2027-07-27,2025-05-09,14,0,good,426
INV_0001074,WH_002,WH_002_AMBIENT_052,SKU_00297,BATCH_0001074,2025-01-15,2026-08-03,2025-01-26,106,0,good,68
INV_0001075,WH_002,WH_002_AMBIENT_024,SKU_00066,BATCH_0001075,2025-10-04,2027-03-19,2025-10-12,9,0,good,296
INV_0001076,WH_001,WH_001_AMBIENT_075,SKU_00114,BATCH_0001076,2025-03-08,2027-07-28,2025-03-19,29,0,good,427
INV_0001077,WH_001,WH_001_AMBIENT_199,SKU_00165,BATCH_0001077,2026-03-16,2027-05-21,2026-03-23,3,0,good,359
INV_0001078,WH_002,WH_002_AMBIENT_118,SKU_00147,BATCH_0001078,2025-01-09,2027-10-08,2025-01-14,95,0,good,499
INV_0001079,WH_002,WH_002_AMBIENT_121,SKU_00103,BATCH_0001079,2025-11-17,2026-11-17,2025-11-30,59,0,good,174
INV_0001080,WH_002,WH_002_FROZEN_104,SKU_00189,BATCH_0001080,2025-03-02,2027-03-02,2025-03-12,14,5,good,279
INV_0001081,WH_003,WH_003_COLD_083,SKU_00123,BATCH_0001081,2025-08-16,2026-08-16,2025-08-17,90,0,good,81
INV_0001082,WH_003,WH_003_AMBIENT_132,SKU_00022,BATCH_0001082,2025-03-22,2027-06-01,2025-03-29,37,8,good,370
INV_0001083,WH_002,WH_002_AMBIENT_038,SKU_00056,BATCH_0001083,2025-12-07,2027-02-25,2025-12-20,114,0,good,274
INV_0001084,WH_003,WH_003_AMBIENT_144,SKU_00290,BATCH_0001084,2025-04-08,2026-08-26,2025-04-20,41,0,good,91
INV_0001085,WH_002,WH_002_AMBIENT_155,SKU_00241,BATCH_0001085,2024-06-09,2026-12-04,2024-06-21,4,0,good,191
INV_0001086,WH_001,WH_001_COOL_030,SKU_00212,BATCH_0001086,2025-02-05,2026-10-09,2025-02-12,94,0,good,135
INV_0001087,WH_001,WH_001_AMBIENT_174,SKU_00067,BATCH_0001087,2025-05-23,2027-05-29,2025-06-02,4,0,good,367
INV_0001088,WH_001,WH_001_COOL_179,SKU_00077,BATCH_0001088,2025-06-24,2026-08-13,2025-06-30,40,0,good,78
INV_0001089,WH_002,WH_002_AMBIENT_126,SKU_00109,BATCH_0001089,2025-08-28,2026-09-22,2025-09-04,5,0,good,118
INV_0001090,WH_003,WH_003_COOL_173,SKU_00207,BATCH_0001090,2025-10-21,2026-10-27,2025-10-30,7,0,good,153
INV_0001091,WH_002,WH_002_AMBIENT_173,SKU_00147,BATCH_0001091,2024-05-29,2027-02-25,2024-06-07,7,0,good,274
INV_0001092,WH_003,WH_003_AMBIENT_002,SKU_00225,BATCH_0001092,2025-11-14,2026-11-16,2025-11-22,9,0,good,173
INV_0001093,WH_003,WH_003_AMBIENT_142,SKU_00095,BATCH_0001093,2025-07-17,2027-11-04,2025-07-18,8,1,good,526
INV_0001094,WH_003,WH_003_AMBIENT_124,SKU_00288,BATCH_0001094,2025-07-03,2027-07-23,2025-07-16,24,0,good,422
INV_0001095,WH_003,WH_003_COOL_191,SKU_00074,BATCH_0001095,2025-02-08,2027-02-08,2025-02-12,25,0,good,257
INV_0001096,WH_002,WH_002_AMBIENT_086,SKU_00148,BATCH_0001096,2025-08-22,2028-02-16,2025-08-30,21,0,good,630
INV_0001097,WH_002,WH_002_COOL_046,SKU_00289,BATCH_0001097,2026-02-23,2027-03-25,2026-02-24,18,0,good,302
INV_0001098,WH_002,WH_002_COLD_198,SKU_00256,BATCH_0001098,2025-07-31,2026-07-31,2025-08-13,136,57,good,65
INV_0001099,WH_003,WH_003_AMBIENT_013,SKU_00239,BATCH_0001099,2026-04-10,2027-04-10,2026-04-21,3,0,good,318
INV_0001100,WH_001,WH_001_COLD_185,SKU_00260,BATCH_0001100,2026-04-18,2027-04-18,2026-04-27,14,0,good,326
INV_0001101,WH_003,WH_003_COLD_183,SKU_00136,BATCH_0001101,2025-10-27,2026-07-26,2025-11-01,16,2,good,60
INV_0001102,WH_001,WH_001_COLD_118,SKU_00252,BATCH_0001102,2026-03-12,2027-03-12,2026-03-24,86,0,good,289
INV_0001103,WH_001,WH_001_COOL_083,SKU_00140,BATCH_0001103,2026-02-17,2026-11-25,2026-03-01,15,0,good,182
INV_0001104,WH_002,WH_002_AMBIENT_194,SKU_00025,BATCH_0001104,2026-05-21,2027-05-21,2026-05-24,5,0,good,359
INV_0001105,WH_002,WH_002_COOL_179,SKU_00207,BATCH_0001105,2026-05-06,2027-05-12,2026-05-16,202,0,good,350
INV_0001106,WH_003,WH_003_COLD_108,SKU_00039,BATCH_0001106,2026-03-06,2027-03-06,2026-03-18,5,0,good,283
INV_0001107,WH_003,WH_003_COLD_036,SKU_00047,BATCH_0001107,2026-05-24,2027-04-14,2026-05-30,192,30,good,322
INV_0001108,WH_001,WH_001_COLD_155,SKU_00085,BATCH_0001108,2026-03-22,2027-03-22,2026-03-26,26,0,good,299
INV_0001109,WH_003,WH_003_AMBIENT_116,SKU_00104,BATCH_0001109,2024-10-07,2026-11-26,2024-10-13,98,0,good,183
INV_0001110,WH_003,WH_003_AMBIENT_166,SKU_00049,BATCH_0001110,2025-09-17,2026-11-03,2025-09-29,54,0,good,160
INV_0001111,WH_002,WH_002_AMBIENT_038,SKU_00157,BATCH_0001111,2025-12-13,2026-12-13,2025-12-16,5,0,good,200
INV_0001112,WH_001,WH_001_AMBIENT_008,SKU_00173,BATCH_0001112,2026-05-16,2028-04-27,2026-05-24,68,0,good,701
INV_0001113,WH_003,WH_003_AMBIENT_020,SKU_00108,BATCH_0001113,2025-02-04,2027-12-07,2025-02-09,18,0,good,559
INV_0001114,WH_001,WH_001_AMBIENT_146,SKU_00083,BATCH_0001114,2026-01-10,2027-01-10,2026-01-11,78,0,good,228
INV_0001115,WH_002,WH_002_COLD_107,SKU_00300,BATCH_0001115,2026-02-12,2027-02-12,2026-02-16,37,7,good,261
INV_0001116,WH_002,WH_002_COOL_081,SKU_00238,BATCH_0001116,2025-05-23,2027-01-16,2025-06-01,16,0,good,234
INV_0001117,WH_001,WH_001_COOL_070,SKU_00139,BATCH_0001117,2026-03-30,2028-03-29,2026-04-12,77,0,good,672
INV_0001118,WH_003,WH_003_COOL_105,SKU_00133,BATCH_0001118,2024-11-18,2026-09-18,2024-11-25,11,0,good,114
INV_0001119,WH_002,WH_002_AMBIENT_092,SKU_00001,BATCH_0001119,2025-07-27,2027-02-26,2025-08-09,141,0,good,275
INV_0001120,WH_001,WH_001_AMBIENT_072,SKU_00217,BATCH_0001120,2025-07-28,2027-09-25,2025-07-30,14,0,good,486
INV_0001121,WH_002,WH_002_COOL_011,SKU_00087,BATCH_0001121,2025-03-21,2027-03-21,2025-04-02,2,0,good,298
INV_0001122,WH_003,WH_003_AMBIENT_145,SKU_00036,BATCH_0001122,2025-12-30,2027-04-02,2025-12-31,65,0,good,310
INV_0001123,WH_003,WH_003_COOL_195,SKU_00280,BATCH_0001123,2025-09-28,2027-09-28,2025-09-30,4,1,good,489
INV_0001124,WH_001,WH_001_COLD_107,SKU_00040,BATCH_0001124,2026-04-05,2026-08-20,2026-04-13,136,42,good,85
INV_0001125,WH_001,WH_001_COLD_053,SKU_00054,BATCH_0001125,2026-03-05,2027-03-05,2026-03-18,10,1,good,282
INV_0001126,WH_001,WH_001_COLD_060,SKU_00146,BATCH_0001126,2025-11-18,2026-11-18,2025-11-20,3,0,good,175
INV_0001127,WH_003,WH_003_AMBIENT_111,SKU_00108,BATCH_0001127,2024-01-23,2026-11-24,2024-02-05,8,0,good,181
INV_0001128,WH_002,WH_002_AMBIENT_041,SKU_00094,BATCH_0001128,2026-02-12,2028-05-06,2026-02-22,62,0,good,710
INV_0001129,WH_002,WH_002_COOL_088,SKU_00016,BATCH_0001129,2026-02-09,2027-07-19,2026-02-10,864,80,good,418
INV_0001130,WH_002,WH_002_AMBIENT_153,SKU_00168,BATCH_0001130,2026-01-04,2027-01-04,2026-01-05,7,0,good,222
INV_0001131,WH_002,WH_002_FROZEN_038,SKU_00296,BATCH_0001131,2026-02-14,2028-02-14,2026-02-24,9,0,good,628
INV_0001132,WH_001,WH_001_COOL_078,SKU_00161,BATCH_0001132,2025-11-06,2027-06-21,2025-11-17,23,0,good,390
INV_0001133,WH_002,WH_002_AMBIENT_149,SKU_00124,BATCH_0001133,2025-09-27,2027-10-05,2025-10-09,0,0,good,496
INV_0001134,WH_003,WH_003_COOL_014,SKU_00099,BATCH_0001134,2026-05-02,2027-10-12,2026-05-06,28,0,good,503
INV_0001135,WH_002,WH_002_COOL_035,SKU_00145,BATCH_0001135,2025-07-27,2026-11-17,2025-07-31,13,0,good,174
INV_0001136,WH_003,WH_003_AMBIENT_117,SKU_00005,BATCH_0001136,2025-03-04,2027-04-15,2025-03-12,11,3,good,323
INV_0001137,WH_001,WH_001_COLD_024,SKU_00249,BATCH_0001137,2026-01-20,2026-12-20,2026-01-29,3,0,good,207
INV_0001138,WH_003,WH_003_COOL_023,SKU_00210,BATCH_0001138,2025-05-19,2027-05-19,2025-05-20,104,36,good,357
INV_0001139,WH_003,WH_003_COOL_109,SKU_00020,BATCH_0001139,2026-04-17,2027-12-26,2026-04-21,26,0,good,578
INV_0001140,WH_003,WH_003_COOL_164,SKU_00207,BATCH_0001140,2025-11-22,2026-11-28,2025-11-25,3,0,good,185
INV_0001141,WH_002,WH_002_AMBIENT_038,SKU_00254,BATCH_0001141,2026-02-03,2027-02-03,2026-02-13,9,3,good,252
INV_0001142,WH_001,WH_001_AMBIENT_157,SKU_00267,BATCH_0001142,2024-09-28,2026-10-10,2024-10-03,60,10,good,136
INV_0001143,WH_003,WH_003_AMBIENT_167,SKU_00292,BATCH_0001143,2025-05-17,2026-10-06,2025-05-30,3,0,good,132
INV_0001144,WH_003,WH_003_AMBIENT_174,SKU_00120,BATCH_0001144,2025-11-09,2027-02-17,2025-11-22,83,0,good,266
INV_0001145,WH_003,WH_003_AMBIENT_167,SKU_00109,BATCH_0001145,2025-07-15,2026-08-09,2025-07-26,2,0,good,74
INV_0001146,WH_001,WH_001_COLD_191,SKU_00137,BATCH_0001146,2025-12-13,2026-12-13,2025-12-20,14,0,good,200
INV_0001147,WH_003,WH_003_AMBIENT_054,SKU_00168,BATCH_0001147,2025-10-11,2026-10-11,2025-10-24,18,0,good,137
INV_0001148,WH_002,WH_002_COOL_185,SKU_00184,BATCH_0001148,2026-03-15,2027-11-24,2026-03-25,9,0,good,546
INV_0001149,WH_001,WH_001_AMBIENT_019,SKU_00156,BATCH_0001149,2025-05-04,2027-10-07,2025-05-09,54,0,good,498
INV_0001150,WH_003,WH_003_COLD_094,SKU_00069,BATCH_0001150,2025-11-28,2026-10-25,2025-11-30,5,0,good,151
INV_0001151,WH_002,WH_002_AMBIENT_154,SKU_00013,BATCH_0001151,2026-01-17,2028-11-11,2026-01-18,33,0,good,899
INV_0001152,WH_003,WH_003_COLD_098,SKU_00256,BATCH_0001152,2025-11-15,2026-11-15,2025-11-19,94,1,good,172
INV_0001153,WH_003,WH_003_AMBIENT_151,SKU_00057,BATCH_0001153,2026-04-07,2028-09-19,2026-04-17,42,0,good,846
INV_0001154,WH_003,WH_003_COOL_055,SKU_00184,BATCH_0001154,2025-03-03,2026-11-12,2025-03-06,30,0,good,169
INV_0001155,WH_003,WH_003_COOL_065,SKU_00167,BATCH_0001155,2026-04-03,2026-10-09,2026-04-11,12,0,good,135
INV_0001156,WH_003,WH_003_COLD_027,SKU_00134,BATCH_0001156,2025-08-14,2026-08-14,2025-08-20,36,0,good,79
INV_0001157,WH_002,WH_002_COOL_131,SKU_00099,BATCH_0001157,2025-10-28,2027-04-09,2025-11-07,76,0,good,317
INV_0001158,WH_001,WH_001_COOL_188,SKU_00112,BATCH_0001158,2025-10-19,2027-10-19,2025-10-20,26,0,good,510
INV_0001159,WH_003,WH_003_AMBIENT_140,SKU_00166,BATCH_0001159,2025-07-24,2027-02-02,2025-08-03,28,0,good,251
INV_0001160,WH_003,WH_003_COOL_137,SKU_00023,BATCH_0001160,2025-11-14,2027-11-14,2025-11-17,25,0,good,536
INV_0001161,WH_003,WH_003_COOL_167,SKU_00087,BATCH_0001161,2026-04-10,2028-04-09,2026-04-15,2,0,good,683
INV_0001162,WH_003,WH_003_COOL_173,SKU_00294,BATCH_0001162,2024-08-10,2026-08-10,2024-08-17,51,0,good,75
INV_0001163,WH_001,WH_001_AMBIENT_016,SKU_00278,BATCH_0001163,2025-12-06,2028-01-07,2025-12-11,3,0,good,590
INV_0001164,WH_003,WH_003_AMBIENT_046,SKU_00120,BATCH_0001164,2025-06-03,2026-09-11,2025-06-07,15,1,good,107
INV_0001165,WH_001,WH_001_AMBIENT_045,SKU_00052,BATCH_0001165,2025-03-28,2027-12-14,2025-03-31,5,0,good,566
INV_0001166,WH_002,WH_002_AMBIENT_068,SKU_00262,BATCH_0001166,2025-07-17,2027-01-27,2025-07-23,6,2,good,245
INV_0001167,WH_003,WH_003_AMBIENT_030,SKU_00214,BATCH_0001167,2025-03-01,2027-06-03,2025-03-03,3,0,good,372
INV_0001168,WH_001,WH_001_AMBIENT_032,SKU_00050,BATCH_0001168,2026-03-13,2027-04-19,2026-03-22,17,0,good,327
INV_0001169,WH_003,WH_003_COOL_176,SKU_00270,BATCH_0001169,2025-10-23,2026-10-19,2025-11-04,24,0,good,145
INV_0001170,WH_001,WH_001_FROZEN_028,SKU_00216,BATCH_0001170,2024-12-13,2026-10-18,2024-12-15,16,1,good,144
INV_0001171,WH_003,WH_003_COLD_008,SKU_00090,BATCH_0001171,2026-03-12,2026-08-07,2026-03-13,2,0,good,72
INV_0001172,WH_002,WH_002_COOL_012,SKU_00064,BATCH_0001172,2025-06-17,2027-06-17,2025-06-25,7,0,good,386
INV_0001173,WH_001,WH_001_COOL_197,SKU_00016,BATCH_0001173,2025-07-09,2026-12-16,2025-07-21,33,0,good,203
INV_0001174,WH_003,WH_003_COOL_065,SKU_00043,BATCH_0001174,2025-08-25,2027-08-25,2025-09-01,22,3,good,455
INV_0001175,WH_002,WH_002_AMBIENT_041,SKU_00278,BATCH_0001175,2025-07-09,2027-08-10,2025-07-15,19,0,good,440
INV_0001176,WH_002,WH_002_AMBIENT_007,SKU_00239,BATCH_0001176,2025-12-15,2026-12-15,2025-12-23,21,4,good,202
INV_0001177,WH_002,WH_002_AMBIENT_090,SKU_00218,BATCH_0001177,2025-01-12,2027-03-01,2025-01-22,184,0,good,278
INV_0001178,WH_003,WH_003_AMBIENT_118,SKU_00176,BATCH_0001178,2025-10-08,2026-10-08,2025-10-10,22,0,good,134
INV_0001179,WH_003,WH_003_AMBIENT_084,SKU_00081,BATCH_0001179,2026-02-06,2027-08-11,2026-02-16,165,0,good,441
INV_0001180,WH_003,WH_003_AMBIENT_059,SKU_00281,BATCH_0001180,2026-02-01,2027-02-01,2026-02-03,10,0,good,250
INV_0001181,WH_002,WH_002_AMBIENT_062,SKU_00098,BATCH_0001181,2025-11-16,2028-06-19,2025-11-28,43,0,good,754
INV_0001182,WH_003,WH_003_AMBIENT_004,SKU_00217,BATCH_0001182,2026-01-17,2028-03-16,2026-01-23,8,2,good,659
INV_0001183,WH_002,WH_002_COLD_147,SKU_00069,BATCH_0001183,2025-11-22,2026-10-19,2025-11-29,7,0,good,145
INV_0001184,WH_003,WH_003_AMBIENT_114,SKU_00230,BATCH_0001184,2025-01-06,2027-01-14,2025-01-19,27,2,good,232
INV_0001185,WH_003,WH_003_AMBIENT_082,SKU_00288,BATCH_0001185,2025-02-23,2027-03-15,2025-02-27,67,0,good,292
INV_0001186,WH_002,WH_002_COLD_193,SKU_00040,BATCH_0001186,2026-05-06,2026-09-20,2026-05-15,20,0,good,116
INV_0001187,WH_001,WH_001_AMBIENT_114,SKU_00299,BATCH_0001187,2025-11-12,2027-07-05,2025-11-15,17,1,good,404
INV_0001188,WH_002,WH_002_COLD_056,SKU_00264,BATCH_0001188,2026-04-01,2026-08-19,2026-04-09,127,0,good,84
INV_0001189,WH_003,WH_003_COOL_149,SKU_00169,BATCH_0001189,2026-05-22,2027-05-29,2026-05-28,78,0,good,367
INV_0001190,WH_001,WH_001_AMBIENT_026,SKU_00286,BATCH_0001190,2026-02-04,2027-12-22,2026-02-14,247,0,good,574
INV_0001191,WH_001,WH_001_AMBIENT_181,SKU_00213,BATCH_0001191,2024-04-27,2026-09-09,2024-05-07,7,0,good,105
INV_0001192,WH_001,WH_001_COLD_130,SKU_00154,BATCH_0001192,2026-03-09,2026-08-03,2026-03-16,7,0,good,68
INV_0001193,WH_001,WH_001_FROZEN_099,SKU_00287,BATCH_0001193,2026-01-07,2028-01-07,2026-01-08,70,0,good,590
INV_0001194,WH_002,WH_002_AMBIENT_095,SKU_00046,BATCH_0001194,2026-02-14,2027-02-14,2026-02-21,7,0,good,263
INV_0001195,WH_003,WH_003_COOL_174,SKU_00298,BATCH_0001195,2026-03-13,2027-03-09,2026-03-25,20,0,good,286
INV_0001196,WH_001,WH_001_AMBIENT_129,SKU_00168,BATCH_0001196,2026-04-01,2027-04-01,2026-04-06,78,0,good,309
INV_0001197,WH_003,WH_003_COOL_113,SKU_00261,BATCH_0001197,2025-10-19,2026-11-03,2025-10-25,44,0,good,160
INV_0001198,WH_003,WH_003_COOL_012,SKU_00031,BATCH_0001198,2026-03-05,2027-09-18,2026-03-09,21,0,good,479
INV_0001199,WH_001,WH_001_AMBIENT_035,SKU_00281,BATCH_0001199,2026-03-04,2027-03-04,2026-03-08,19,4,good,281
INV_0001200,WH_002,WH_002_AMBIENT_018,SKU_00004,BATCH_0001200,2025-11-16,2027-04-23,2025-11-18,35,0,good,331
INV_0001201,WH_002,WH_002_AMBIENT_196,SKU_00025,BATCH_0001201,2026-02-04,2027-02-04,2026-02-07,21,0,good,253
INV_0001202,WH_001,WH_001_AMBIENT_007,SKU_00239,BATCH_0001202,2025-08-08,2026-08-08,2025-08-17,38,0,good,73
INV_0001203,WH_002,WH_002_AMBIENT_096,SKU_00129,BATCH_0001203,2025-08-15,2026-08-15,2025-08-19,61,0,good,80
INV_0001204,WH_002,WH_002_FROZEN_050,SKU_00287,BATCH_0001204,2025-07-07,2027-07-07,2025-07-19,22,3,good,406
INV_0001205,WH_001,WH_001_AMBIENT_005,SKU_00203,BATCH_0001205,2025-04-25,2027-01-08,2025-04-27,32,0,good,226
INV_0001206,WH_001,WH_001_COLD_184,SKU_00204,BATCH_0001206,2025-12-14,2026-12-09,2025-12-16,86,0,good,196
INV_0001207,WH_003,WH_003_AMBIENT_056,SKU_00078,BATCH_0001207,2025-08-11,2028-01-02,2025-08-12,67,24,good,585
INV_0001208,WH_001,WH_001_AMBIENT_109,SKU_00083,BATCH_0001208,2025-11-30,2026-11-30,2025-12-02,175,0,good,187
INV_0001209,WH_003,WH_003_AMBIENT_093,SKU_00018,BATCH_0001209,2025-09-26,2027-01-26,2025-10-02,33,0,good,244
INV_0001210,WH_001,WH_001_AMBIENT_141,SKU_00066,BATCH_0001210,2026-04-19,2027-10-02,2026-05-01,3,1,good,493
INV_0001211,WH_002,WH_002_AMBIENT_033,SKU_00236,BATCH_0001211,2026-01-18,2027-05-07,2026-01-25,41,0,good,345
INV_0001212,WH_002,WH_002_COLD_005,SKU_00260,BATCH_0001212,2026-04-05,2027-04-05,2026-04-14,72,0,good,313
INV_0001213,WH_001,WH_001_AMBIENT_142,SKU_00013,BATCH_0001213,2024-05-10,2027-03-05,2024-05-14,45,0,good,282
INV_0001214,WH_002,WH_002_COLD_050,SKU_00199,BATCH_0001214,2025-10-28,2026-10-28,2025-11-04,3,0,good,154
INV_0001215,WH_002,WH_002_COLD_031,SKU_00082,BATCH_0001215,2026-05-19,2027-05-19,2026-05-29,38,0,good,357
INV_0001216,WH_002,WH_002_COOL_115,SKU_00227,BATCH_0001216,2025-12-10,2027-12-10,2025-12-11,10,1,good,562
INV_0001217,WH_001,WH_001_FROZEN_002,SKU_00007,BATCH_0001217,2025-12-21,2026-07-02,2025-12-24,123,0,good,36
INV_0001218,WH_002,WH_002_AMBIENT_130,SKU_00177,BATCH_0001218,2025-03-16,2027-02-28,2025-03-17,79,0,good,277
INV_0001219,WH_003,WH_003_AMBIENT_075,SKU_00235,BATCH_0001219,2026-02-02,2027-02-02,2026-02-06,3,1,good,251
INV_0001220,WH_001,WH_001_FROZEN_042,SKU_00197,BATCH_0001220,2025-05-27,2027-05-27,2025-06-08,25,0,good,365
INV_0001221,WH_003,WH_003_COOL_194,SKU_00276,BATCH_0001221,2025-11-05,2027-08-06,2025-11-17,14,0,good,436
INV_0001222,WH_003,WH_003_AMBIENT_074,SKU_00028,BATCH_0001222,2026-03-25,2027-08-10,2026-03-31,14,0,good,440
INV_0001223,WH_001,WH_001_COLD_122,SKU_00096,BATCH_0001223,2025-12-31,2026-12-31,2026-01-13,14,0,good,218
INV_0001224,WH_002,WH_002_COLD_021,SKU_00137,BATCH_0001224,2025-08-12,2026-08-12,2025-08-17,142,9,good,77
INV_0001225,WH_003,WH_003_AMBIENT_186,SKU_00155,BATCH_0001225,2025-06-06,2026-09-03,2025-06-15,77,0,good,99
INV_0001226,WH_001,WH_001_AMBIENT_007,SKU_00105,BATCH_0001226,2026-01-29,2027-01-29,2026-02-11,132,0,good,247
INV_0001227,WH_003,WH_003_COOL_134,SKU_00295,BATCH_0001227,2025-05-06,2027-05-06,2025-05-18,27,5,good,344
INV_0001228,WH_002,WH_002_AMBIENT_087,SKU_00107,BATCH_0001228,2025-08-12,2026-08-12,2025-08-21,782,0,good,77
INV_0001229,WH_002,WH_002_AMBIENT_121,SKU_00178,BATCH_0001229,2025-12-29,2027-10-17,2026-01-10,26,0,good,508
INV_0001230,WH_002,WH_002_AMBIENT_047,SKU_00013,BATCH_0001230,2024-02-18,2026-12-13,2024-02-19,39,0,good,200
INV_0001231,WH_001,WH_001_COLD_195,SKU_00252,BATCH_0001231,2025-12-27,2026-12-27,2026-01-04,17,0,good,214
INV_0001232,WH_003,WH_003_AMBIENT_063,SKU_00172,BATCH_0001232,2026-01-10,2028-03-18,2026-01-11,4,0,good,661
INV_0001233,WH_002,WH_002_COOL_142,SKU_00220,BATCH_0001233,2026-01-14,2026-09-14,2026-01-18,162,0,good,110
INV_0001234,WH_001,WH_001_COOL_039,SKU_00162,BATCH_0001234,2025-02-13,2027-02-13,2025-02-14,44,0,good,262
INV_0001235,WH_003,WH_003_AMBIENT_008,SKU_00160,BATCH_0001235,2025-01-30,2026-12-29,2025-02-09,62,13,good,216
INV_0001236,WH_002,WH_002_COLD_151,SKU_00164,BATCH_0001236,2026-03-06,2027-03-06,2026-03-11,22,1,good,283
INV_0001237,WH_002,WH_002_AMBIENT_022,SKU_00125,BATCH_0001237,2026-05-12,2027-05-12,2026-05-21,6,0,good,350
INV_0001238,WH_001,WH_001_AMBIENT_194,SKU_00083,BATCH_0001238,2026-05-13,2027-05-13,2026-05-17,8,0,good,351
INV_0001239,WH_003,WH_003_AMBIENT_199,SKU_00265,BATCH_0001239,2026-02-20,2028-05-18,2026-03-03,118,0,good,722
INV_0001240,WH_001,WH_001_AMBIENT_019,SKU_00259,BATCH_0001240,2025-08-09,2027-07-28,2025-08-18,3,0,good,427
INV_0001241,WH_001,WH_001_COLD_142,SKU_00204,BATCH_0001241,2026-02-09,2027-02-04,2026-02-16,79,0,good,253
INV_0001242,WH_002,WH_002_AMBIENT_063,SKU_00179,BATCH_0001242,2025-07-05,2026-07-05,2025-07-06,5,0,good,39
INV_0001243,WH_003,WH_003_COOL_157,SKU_00006,BATCH_0001243,2024-12-25,2026-12-25,2025-01-01,64,0,good,212
INV_0001244,WH_002,WH_002_COOL_195,SKU_00289,BATCH_0001244,2025-12-24,2027-01-23,2026-01-01,4,0,good,241
INV_0001245,WH_001,WH_001_AMBIENT_120,SKU_00109,BATCH_0001245,2025-09-08,2026-10-03,2025-09-11,88,24,good,129
INV_0001246,WH_002,WH_002_AMBIENT_193,SKU_00073,BATCH_0001246,2025-08-04,2026-08-04,2025-08-11,3,0,good,69
INV_0001247,WH_002,WH_002_AMBIENT_075,SKU_00056,BATCH_0001247,2026-01-18,2027-04-08,2026-01-27,4,0,good,316
INV_0001248,WH_003,WH_003_COLD_056,SKU_00090,BATCH_0001248,2026-04-09,2026-09-04,2026-04-20,26,0,good,100
INV_0001249,WH_002,WH_002_COOL_078,SKU_00128,BATCH_0001249,2026-05-14,2028-05-13,2026-05-23,1,0,good,717
INV_0001250,WH_003,WH_003_AMBIENT_149,SKU_00105,BATCH_0001250,2026-04-04,2027-04-04,2026-04-14,12,0,good,312
INV_0001251,WH_003,WH_003_COOL_197,SKU_00207,BATCH_0001251,2025-07-17,2026-07-23,2025-07-20,82,8,good,57
INV_0001252,WH_003,WH_003_COLD_168,SKU_00202,BATCH_0001252,2026-04-13,2026-09-02,2026-04-21,82,1,good,98
INV_0001253,WH_003,WH_003_COLD_065,SKU_00271,BATCH_0001253,2026-02-01,2026-07-29,2026-02-14,30,0,good,63
INV_0001254,WH_003,WH_003_AMBIENT_118,SKU_00267,BATCH_0001254,2025-11-26,2027-12-08,2025-11-29,24,0,good,560
INV_0001255,WH_003,WH_003_AMBIENT_090,SKU_00246,BATCH_0001255,2025-08-12,2026-12-03,2025-08-25,22,5,good,190
INV_0001256,WH_002,WH_002_AMBIENT_048,SKU_00108,BATCH_0001256,2026-03-30,2029-01-29,2026-04-08,8,1,good,978
INV_0001257,WH_001,WH_001_AMBIENT_005,SKU_00203,BATCH_0001257,2025-08-27,2027-05-12,2025-09-09,10,0,good,350
INV_0001258,WH_002,WH_002_COLD_031,SKU_00069,BATCH_0001258,2026-01-17,2026-12-14,2026-01-21,3,0,good,201
INV_0001259,WH_002,WH_002_COOL_082,SKU_00276,BATCH_0001259,2025-05-12,2027-02-10,2025-05-13,11,0,good,259
INV_0001260,WH_001,WH_001_AMBIENT_168,SKU_00178,BATCH_0001260,2024-11-23,2026-09-11,2024-11-27,44,0,good,107
INV_0001261,WH_002,WH_002_COLD_087,SKU_00090,BATCH_0001261,2026-01-26,2026-06-23,2026-02-01,156,0,good,27
INV_0001262,WH_003,WH_003_COOL_160,SKU_00111,BATCH_0001262,2025-09-02,2026-09-10,2025-09-10,8,1,good,106
INV_0001263,WH_003,WH_003_AMBIENT_101,SKU_00239,BATCH_0001263,2025-12-05,2026-12-05,2025-12-17,2,0,good,192
INV_0001264,WH_003,WH_003_AMBIENT_038,SKU_00205,BATCH_0001264,2025-12-12,2027-01-07,2025-12-17,14,0,good,225
INV_0001265,WH_002,WH_002_AMBIENT_049,SKU_00166,BATCH_0001265,2025-01-25,2026-08-06,2025-02-07,24,0,good,71
INV_0001266,WH_003,WH_003_COLD_136,SKU_00249,BATCH_0001266,2026-03-06,2027-02-03,2026-03-10,58,0,good,252
INV_0001267,WH_003,WH_003_AMBIENT_055,SKU_00036,BATCH_0001267,2026-03-03,2027-06-04,2026-03-08,56,0,good,373
INV_0001268,WH_001,WH_001_AMBIENT_144,SKU_00122,BATCH_0001268,2024-12-25,2027-10-13,2024-12-27,27,2,good,504
INV_0001269,WH_003,WH_003_AMBIENT_156,SKU_00291,BATCH_0001269,2025-04-17,2026-10-21,2025-04-27,6,0,good,147
INV_0001270,WH_002,WH_002_FROZEN_104,SKU_00189,BATCH_0001270,2026-01-01,2028-01-01,2026-01-02,7,0,good,584
INV_0001271,WH_002,WH_002_COOL_052,SKU_00207,BATCH_0001271,2025-10-03,2026-10-09,2025-10-11,39,0,good,135
INV_0001272,WH_003,WH_003_AMBIENT_064,SKU_00205,BATCH_0001272,2026-02-09,2027-03-07,2026-02-20,2,0,good,284
INV_0001273,WH_002,WH_002_COLD_002,SKU_00065,BATCH_0001273,2026-04-09,2026-08-11,2026-04-12,6,0,good,76
INV_0001274,WH_002,WH_002_AMBIENT_136,SKU_00049,BATCH_0001274,2025-05-26,2026-07-12,2025-06-02,23,0,good,46
INV_0001275,WH_003,WH_003_COOL_040,SKU_00016,BATCH_0001275,2025-03-04,2026-08-11,2025-03-17,36,0,good,76
INV_0001276,WH_001,WH_001_AMBIENT_104,SKU_00081,BATCH_0001276,2025-08-02,2027-02-04,2025-08-10,100,1,good,253
INV_0001277,WH_001,WH_001_AMBIENT_034,SKU_00098,BATCH_0001277,2024-12-02,2027-07-06,2024-12-04,10,0,good,405
INV_0001278,WH_001,WH_001_COOL_156,SKU_00145,BATCH_0001278,2025-09-26,2027-01-17,2025-10-01,37,12,good,235
INV_0001279,WH_003,WH_003_COOL_010,SKU_00272,BATCH_0001279,2026-04-12,2027-02-02,2026-04-17,13,0,good,251
INV_0001280,WH_003,WH_003_AMBIENT_030,SKU_00268,BATCH_0001280,2025-08-24,2026-08-24,2025-09-01,59,0,good,89
INV_0001281,WH_002,WH_002_COLD_192,SKU_00260,BATCH_0001281,2026-01-15,2027-01-15,2026-01-24,16,0,good,233
INV_0001282,WH_003,WH_003_AMBIENT_022,SKU_00235,BATCH_0001282,2025-09-22,2026-09-22,2025-10-05,15,3,good,118
INV_0001283,WH_001,WH_001_COOL_026,SKU_00117,BATCH_0001283,2026-02-06,2027-08-22,2026-02-14,16,1,good,452
INV_0001284,WH_002,WH_002_AMBIENT_163,SKU_00046,BATCH_0001284,2025-12-25,2026-12-25,2025-12-28,7,1,good,212
INV_0001285,WH_001,WH_001_AMBIENT_022,SKU_00274,BATCH_0001285,2025-10-13,2026-10-13,2025-10-17,9,0,good,139
INV_0001286,WH_003,WH_003_FROZEN_066,SKU_00287,BATCH_0001286,2026-05-20,2028-05-19,2026-05-23,19,0,good,723
INV_0001287,WH_001,WH_001_AMBIENT_023,SKU_00150,BATCH_0001287,2026-02-16,2027-05-04,2026-02-26,5,0,good,342
INV_0001288,WH_001,WH_001_COOL_120,SKU_00295,BATCH_0001288,2025-08-22,2027-08-22,2025-09-02,62,21,good,452
INV_0001289,WH_002,WH_002_COOL_073,SKU_00261,BATCH_0001289,2025-12-05,2026-12-20,2025-12-11,15,0,good,207
INV_0001290,WH_001,WH_001_AMBIENT_024,SKU_00109,BATCH_0001290,2025-09-30,2026-10-25,2025-10-08,6,0,good,151
INV_0001291,WH_001,WH_001_AMBIENT_079,SKU_00259,BATCH_0001291,2025-01-20,2027-01-08,2025-01-24,149,32,good,226
INV_0001292,WH_001,WH_001_COLD_068,SKU_00251,BATCH_0001292,2026-01-26,2027-01-26,2026-02-01,10,0,good,244
INV_0001293,WH_001,WH_001_AMBIENT_113,SKU_00215,BATCH_0001293,2025-05-01,2026-10-15,2025-05-08,50,0,good,141
INV_0001294,WH_001,WH_001_COOL_086,SKU_00064,BATCH_0001294,2025-06-03,2027-06-03,2025-06-06,19,0,good,372
INV_0001295,WH_002,WH_002_AMBIENT_131,SKU_00152,BATCH_0001295,2025-01-29,2026-09-21,2025-02-04,30,3,good,117
INV_0001296,WH_002,WH_002_COLD_192,SKU_00068,BATCH_0001296,2026-01-08,2027-01-08,2026-01-12,5,0,good,226
INV_0001297,WH_003,WH_003_COOL_028,SKU_00167,BATCH_0001297,2026-04-03,2026-10-09,2026-04-09,29,0,good,135
INV_0001298,WH_001,WH_001_COOL_080,SKU_00010,BATCH_0001298,2024-11-16,2026-11-16,2024-11-22,16,0,good,173
INV_0001299,WH_001,WH_001_COOL_079,SKU_00169,BATCH_0001299,2025-11-28,2026-12-05,2025-12-01,24,0,good,192
INV_0001300,WH_001,WH_001_COLD_036,SKU_00271,BATCH_0001300,2026-03-26,2026-09-20,2026-04-03,19,0,good,116
INV_0001301,WH_003,WH_003_AMBIENT_052,SKU_00132,BATCH_0001301,2026-03-06,2027-03-06,2026-03-14,22,0,good,283
INV_0001302,WH_001,WH_001_AMBIENT_021,SKU_00178,BATCH_0001302,2025-02-16,2026-12-05,2025-02-24,24,0,good,192
INV_0001303,WH_001,WH_001_COOL_146,SKU_00161,BATCH_0001303,2026-01-03,2027-08-18,2026-01-16,46,0,good,448
INV_0001304,WH_003,WH_003_AMBIENT_032,SKU_00214,BATCH_0001304,2026-03-07,2028-06-08,2026-03-20,13,0,good,743
INV_0001305,WH_003,WH_003_AMBIENT_171,SKU_00279,BATCH_0001305,2026-05-24,2029-03-22,2026-06-06,4,0,good,1030
INV_0001306,WH_003,WH_003_COLD_029,SKU_00164,BATCH_0001306,2025-10-06,2026-10-06,2025-10-18,2,0,good,132
INV_0001307,WH_001,WH_001_COOL_031,SKU_00016,BATCH_0001307,2026-04-25,2027-10-02,2026-05-03,11,0,good,493
INV_0001308,WH_003,WH_003_COLD_172,SKU_00209,BATCH_0001308,2026-05-08,2026-12-17,2026-05-10,28,0,good,204
INV_0001309,WH_001,WH_001_COOL_179,SKU_00224,BATCH_0001309,2025-07-13,2026-09-02,2025-07-25,442,0,good,98
INV_0001310,WH_002,WH_002_AMBIENT_036,SKU_00281,BATCH_0001310,2026-04-24,2027-04-24,2026-04-25,24,0,good,332
INV_0001311,WH_002,WH_002_COOL_133,SKU_00208,BATCH_0001311,2024-09-14,2026-09-14,2024-09-22,54,0,good,110
INV_0001312,WH_003,WH_003_COOL_037,SKU_00015,BATCH_0001312,2025-01-26,2026-10-16,2025-02-06,31,10,good,142
INV_0001313,WH_001,WH_001_AMBIENT_147,SKU_00105,BATCH_0001313,2026-04-17,2027-04-17,2026-04-19,51,18,good,325
INV_0001314,WH_002,WH_002_COOL_199,SKU_00058,BATCH_0001314,2025-11-14,2026-09-09,2025-11-19,2,0,good,105
INV_0001315,WH_002,WH_002_AMBIENT_118,SKU_00052,BATCH_0001315,2024-06-03,2027-02-19,2024-06-05,34,0,good,268
INV_0001316,WH_003,WH_003_AMBIENT_127,SKU_00242,BATCH_0001316,2026-01-11,2027-01-11,2026-01-12,14,0,good,229
INV_0001317,WH_001,WH_001_AMBIENT_072,SKU_00150,BATCH_0001317,2025-11-18,2027-02-03,2025-11-29,6,1,good,252
INV_0001318,WH_002,WH_002_COLD_181,SKU_00183,BATCH_0001318,2026-01-21,2027-01-21,2026-02-01,58,0,good,239
INV_0001319,WH_002,WH_002_AMBIENT_013,SKU_00283,BATCH_0001319,2025-08-08,2026-08-08,2025-08-17,26,0,good,73
INV_0001320,WH_003,WH_003_COOL_167,SKU_00086,BATCH_0001320,2025-10-28,2027-10-28,2025-10-29,27,0,good,519
INV_0001321,WH_003,WH_003_COOL_040,SKU_00087,BATCH_0001321,2024-12-05,2026-12-05,2024-12-06,34,0,good,192
INV_0001322,WH_002,WH_002_AMBIENT_097,SKU_00288,BATCH_0001322,2025-10-08,2027-10-28,2025-10-14,96,0,good,519
INV_0001323,WH_002,WH_002_AMBIENT_075,SKU_00247,BATCH_0001323,2025-01-20,2027-03-13,2025-01-21,33,0,good,290
INV_0001324,WH_002,WH_002_FROZEN_136,SKU_00032,BATCH_0001324,2025-11-20,2026-08-02,2025-11-26,52,0,good,67
INV_0001325,WH_002,WH_002_COOL_103,SKU_00111,BATCH_0001325,2026-01-29,2027-02-06,2026-02-04,68,3,good,255
INV_0001326,WH_001,WH_001_AMBIENT_029,SKU_00050,BATCH_0001326,2025-06-18,2026-07-25,2025-07-01,2,0,good,59
INV_0001327,WH_003,WH_003_AMBIENT_159,SKU_00236,BATCH_0001327,2025-03-27,2026-07-14,2025-04-05,42,0,good,48
INV_0001328,WH_003,WH_003_AMBIENT_051,SKU_00052,BATCH_0001328,2026-03-20,2028-12-05,2026-03-21,43,0,good,923
INV_0001329,WH_003,WH_003_AMBIENT_185,SKU_00257,BATCH_0001329,2025-03-09,2026-09-05,2025-03-10,8,0,good,101
INV_0001330,WH_002,WH_002_COLD_089,SKU_00040,BATCH_0001330,2026-05-18,2026-10-02,2026-05-30,4,1,good,128
INV_0001331,WH_001,WH_001_AMBIENT_102,SKU_00281,BATCH_0001331,2026-05-08,2027-05-08,2026-05-18,68,14,good,346
INV_0001332,WH_002,WH_002_COOL_137,SKU_00020,BATCH_0001332,2026-05-03,2028-01-11,2026-05-06,4,0,good,594
INV_0001333,WH_003,WH_003_COLD_163,SKU_00300,BATCH_0001333,2025-12-16,2026-12-16,2025-12-18,6,0,good,203
INV_0001334,WH_002,WH_002_AMBIENT_098,SKU_00097,BATCH_0001334,2026-01-02,2028-04-03,2026-01-03,12,0,good,677
INV_0001335,WH_002,WH_002_COOL_075,SKU_00112,BATCH_0001335,2026-01-12,2028-01-12,2026-01-18,24,2,good,595
INV_0001336,WH_002,WH_002_FROZEN_067,SKU_00189,BATCH_0001336,2026-04-18,2028-04-17,2026-04-19,11,0,good,691
INV_0001337,WH_001,WH_001_AMBIENT_031,SKU_00283,BATCH_0001337,2025-11-24,2026-11-24,2025-11-28,19,0,good,181
INV_0001338,WH_001,WH_001_AMBIENT_021,SKU_00274,BATCH_0001338,2025-09-05,2026-09-05,2025-09-09,5,0,good,101
INV_0001339,WH_001,WH_001_AMBIENT_191,SKU_00254,BATCH_0001339,2026-02-11,2027-02-11,2026-02-17,12,0,good,260
INV_0001340,WH_003,WH_003_COLD_108,SKU_00196,BATCH_0001340,2025-12-23,2026-07-13,2026-01-02,29,3,good,47
INV_0001341,WH_001,WH_001_COLD_054,SKU_00146,BATCH_0001341,2025-08-25,2026-08-25,2025-09-06,172,34,good,90
INV_0001342,WH_003,WH_003_AMBIENT_080,SKU_00153,BATCH_0001342,2025-10-18,2026-10-24,2025-10-28,22,0,good,150
INV_0001343,WH_001,WH_001_AMBIENT_042,SKU_00143,BATCH_0001343,2026-03-10,2027-03-10,2026-03-13,23,0,good,287
INV_0001344,WH_003,WH_003_AMBIENT_137,SKU_00013,BATCH_0001344,2023-12-06,2026-09-30,2023-12-16,5,0,good,126
INV_0001345,WH_001,WH_001_AMBIENT_108,SKU_00152,BATCH_0001345,2025-02-12,2026-10-05,2025-02-20,201,0,good,131
INV_0001346,WH_001,WH_001_COLD_019,SKU_00014,BATCH_0001346,2026-03-29,2027-03-25,2026-04-05,6,0,good,302
INV_0001347,WH_003,WH_003_COOL_106,SKU_00011,BATCH_0001347,2025-03-11,2027-03-11,2025-03-24,7,1,good,288
INV_0001348,WH_001,WH_001_COLD_166,SKU_00260,BATCH_0001348,2026-04-20,2027-04-20,2026-04-30,63,0,good,328
INV_0001349,WH_002,WH_002_AMBIENT_046,SKU_00279,BATCH_0001349,2025-11-28,2028-09-26,2025-12-01,22,0,good,853
INV_0001350,WH_001,WH_001_AMBIENT_176,SKU_00159,BATCH_0001350,2026-02-15,2027-02-15,2026-02-27,2,0,good,264
INV_0001351,WH_003,WH_003_COLD_085,SKU_00183,BATCH_0001351,2025-09-05,2026-09-05,2025-09-07,7,0,good,101
INV_0001352,WH_003,WH_003_COOL_030,SKU_00058,BATCH_0001352,2025-10-24,2026-08-19,2025-11-04,7,0,good,84
INV_0001353,WH_003,WH_003_COLD_071,SKU_00154,BATCH_0001353,2026-03-11,2026-08-05,2026-03-22,20,0,good,70
INV_0001354,WH_003,WH_003_COOL_176,SKU_00121,BATCH_0001354,2026-01-08,2027-03-13,2026-01-17,12,4,good,290
INV_0001355,WH_001,WH_001_COOL_112,SKU_00128,BATCH_0001355,2025-06-12,2027-06-12,2025-06-25,22,0,good,381
INV_0001356,WH_002,WH_002_COOL_062,SKU_00070,BATCH_0001356,2025-01-14,2027-01-14,2025-01-26,18,5,good,232
INV_0001357,WH_001,WH_001_COOL_032,SKU_00161,BATCH_0001357,2024-12-17,2026-08-01,2024-12-25,46,0,good,66
INV_0001358,WH_002,WH_002_AMBIENT_144,SKU_00148,BATCH_0001358,2025-07-06,2027-12-31,2025-07-11,57,0,good,583
INV_0001359,WH_001,WH_001_AMBIENT_187,SKU_00279,BATCH_0001359,2024-05-11,2027-03-10,2024-05-17,64,0,good,287
INV_0001360,WH_001,WH_001_AMBIENT_046,SKU_00135,BATCH_0001360,2025-10-04,2026-10-04,2025-10-06,29,2,good,130
INV_0001361,WH_002,WH_002_COLD_034,SKU_00106,BATCH_0001361,2025-12-27,2026-10-04,2026-01-01,8,0,good,130
INV_0001362,WH_001,WH_001_AMBIENT_141,SKU_00188,BATCH_0001362,2026-05-05,2027-05-05,2026-05-17,17,0,good,343
INV_0001363,WH_002,WH_002_AMBIENT_010,SKU_00024,BATCH_0001363,2025-07-28,2027-04-29,2025-07-30,36,0,good,337
INV_0001364,WH_002,WH_002_AMBIENT_046,SKU_00158,BATCH_0001364,2024-12-13,2026-09-10,2024-12-21,13,4,good,106
INV_0001365,WH_002,WH_002_AMBIENT_108,SKU_00274,BATCH_0001365,2026-04-20,2027-04-20,2026-04-21,3,0,good,328
INV_0001366,WH_002,WH_002_COOL_181,SKU_00087,BATCH_0001366,2026-03-24,2028-03-23,2026-04-06,24,8,good,666
INV_0001367,WH_001,WH_001_COOL_136,SKU_00175,BATCH_0001367,2025-11-21,2026-11-07,2025-11-28,49,0,good,164
INV_0001368,WH_001,WH_001_AMBIENT_112,SKU_00126,BATCH_0001368,2024-10-11,2027-02-12,2024-10-18,40,0,good,261
INV_0001369,WH_002,WH_002_AMBIENT_076,SKU_00282,BATCH_0001369,2026-02-16,2028-06-30,2026-02-20,9,1,good,765
INV_0001370,WH_001,WH_001_COOL_171,SKU_00093,BATCH_0001370,2026-04-25,2028-04-24,2026-05-05,66,0,good,698
INV_0001371,WH_002,WH_002_COOL_052,SKU_00138,BATCH_0001371,2025-03-23,2027-01-31,2025-03-28,27,0,good,249
INV_0001372,WH_001,WH_001_COOL_172,SKU_00088,BATCH_0001372,2024-10-28,2026-10-28,2024-10-30,4,1,good,154
INV_0001373,WH_001,WH_001_AMBIENT_194,SKU_00114,BATCH_0001373,2024-07-11,2026-11-30,2024-07-16,15,0,good,187
INV_0001374,WH_001,WH_001_AMBIENT_157,SKU_00084,BATCH_0001374,2025-09-04,2026-09-04,2025-09-13,80,2,good,100
INV_0001375,WH_003,WH_003_COLD_085,SKU_00264,BATCH_0001375,2026-04-03,2026-08-21,2026-04-16,9,0,good,86
INV_0001376,WH_003,WH_003_AMBIENT_015,SKU_00125,BATCH_0001376,2025-07-16,2026-07-16,2025-07-17,135,0,good,50
INV_0001377,WH_002,WH_002_COLD_178,SKU_00231,BATCH_0001377,2025-07-23,2026-07-23,2025-07-28,7,2,good,57
INV_0001378,WH_003,WH_003_AMBIENT_121,SKU_00168,BATCH_0001378,2026-04-16,2027-04-16,2026-04-28,26,0,good,324
INV_0001379,WH_003,WH_003_COOL_171,SKU_00077,BATCH_0001379,2025-06-15,2026-08-04,2025-06-26,31,2,good,69
INV_0001380,WH_003,WH_003_AMBIENT_173,SKU_00107,BATCH_0001380,2026-03-31,2027-03-31,2026-04-01,13,0,good,308
INV_0001381,WH_002,WH_002_COOL_127,SKU_00016,BATCH_0001381,2025-05-11,2026-10-18,2025-05-15,218,27,good,144
INV_0001382,WH_002,WH_002_AMBIENT_114,SKU_00195,BATCH_0001382,2025-05-21,2027-08-21,2025-05-26,23,0,good,451
INV_0001383,WH_003,WH_003_COLD_155,SKU_00037,BATCH_0001383,2026-05-11,2027-05-11,2026-05-15,43,2,good,349
INV_0001384,WH_001,WH_001_COLD_096,SKU_00039,BATCH_0001384,2025-09-09,2026-09-09,2025-09-10,51,0,good,105
INV_0001385,WH_003,WH_003_AMBIENT_074,SKU_00259,BATCH_0001385,2026-02-13,2028-02-01,2026-02-17,82,0,good,615
INV_0001386,WH_001,WH_001_AMBIENT_155,SKU_00282,BATCH_0001386,2025-03-14,2027-07-27,2025-03-27,4,0,good,426
INV_0001387,WH_002,WH_002_AMBIENT_115,SKU_00073,BATCH_0001387,2025-07-26,2026-07-26,2025-08-01,12,0,good,60
INV_0001388,WH_003,WH_003_AMBIENT_167,SKU_00115,BATCH_0001388,2024-10-31,2026-08-27,2024-11-06,54,0,good,92
INV_0001389,WH_002,WH_002_AMBIENT_104,SKU_00242,BATCH_0001389,2026-05-20,2027-05-20,2026-05-30,173,11,good,358
INV_0001390,WH_002,WH_002_COLD_161,SKU_00092,BATCH_0001390,2025-11-23,2026-11-23,2025-12-01,83,0,good,180
INV_0001391,WH_001,WH_001_AMBIENT_051,SKU_00262,BATCH_0001391,2026-03-20,2027-09-30,2026-04-01,3,1,good,491
INV_0001392,WH_002,WH_002_AMBIENT_096,SKU_00223,BATCH_0001392,2025-05-07,2028-03-25,2025-05-11,34,0,good,668
INV_0001393,WH_002,WH_002_COOL_188,SKU_00079,BATCH_0001393,2025-12-28,2027-07-28,2026-01-09,35,0,good,427
INV_0001394,WH_002,WH_002_COOL_100,SKU_00175,BATCH_0001394,2026-03-04,2027-02-18,2026-03-15,18,0,good,267
INV_0001395,WH_001,WH_001_AMBIENT_072,SKU_00120,BATCH_0001395,2025-06-26,2026-10-04,2025-07-07,8,0,good,130
INV_0001396,WH_002,WH_002_AMBIENT_147,SKU_00225,BATCH_0001396,2026-02-06,2027-02-08,2026-02-13,73,15,good,257
INV_0001397,WH_003,WH_003_COOL_152,SKU_00181,BATCH_0001397,2025-12-24,2026-12-30,2026-01-01,6,0,good,217
INV_0001398,WH_003,WH_003_COLD_062,SKU_00123,BATCH_0001398,2026-05-16,2027-05-16,2026-05-27,6,0,good,354
INV_0001399,WH_001,WH_001_COOL_106,SKU_00133,BATCH_0001399,2024-10-26,2026-08-26,2024-11-04,17,0,good,91
INV_0001400,WH_002,WH_002_AMBIENT_072,SKU_00177,BATCH_0001400,2026-03-05,2028-02-17,2026-03-09,4,0,good,631
INV_0001401,WH_001,WH_001_AMBIENT_007,SKU_00135,BATCH_0001401,2026-05-04,2027-05-04,2026-05-15,9,0,good,342
INV_0001402,WH_003,WH_003_AMBIENT_010,SKU_00242,BATCH_0001402,2026-01-24,2027-01-24,2026-02-02,5,0,good,242
INV_0001403,WH_002,WH_002_AMBIENT_164,SKU_00061,BATCH_0001403,2025-01-22,2027-06-28,2025-02-03,30,0,good,397
INV_0001404,WH_002,WH_002_AMBIENT_063,SKU_00056,BATCH_0001404,2026-05-12,2027-07-31,2026-05-25,135,0,good,430
INV_0001405,WH_001,WH_001_AMBIENT_127,SKU_00218,BATCH_0001405,2025-06-02,2027-07-20,2025-06-13,82,0,good,419
INV_0001406,WH_001,WH_001_COOL_049,SKU_00293,BATCH_0001406,2024-12-03,2026-12-03,2024-12-16,24,0,good,190
INV_0001407,WH_003,WH_003_AMBIENT_169,SKU_00180,BATCH_0001407,2026-01-05,2027-01-05,2026-01-13,2,0,good,223
INV_0001408,WH_001,WH_001_COOL_045,SKU_00128,BATCH_0001408,2025-03-07,2027-03-07,2025-03-12,52,0,good,284
INV_0001409,WH_001,WH_001_AMBIENT_156,SKU_00005,BATCH_0001409,2024-07-19,2026-08-30,2024-07-31,26,0,good,95
INV_0001410,WH_003,WH_003_COOL_051,SKU_00003,BATCH_0001410,2024-08-20,2026-08-20,2024-08-29,29,0,good,85
INV_0001411,WH_002,WH_002_AMBIENT_175,SKU_00122,BATCH_0001411,2024-09-11,2027-06-30,2024-09-19,6,0,good,399
INV_0001412,WH_001,WH_001_AMBIENT_184,SKU_00190,BATCH_0001412,2025-03-18,2026-11-25,2025-03-25,11,0,good,182
INV_0001413,WH_001,WH_001_FROZEN_089,SKU_00296,BATCH_0001413,2025-11-30,2027-11-30,2025-12-08,17,0,good,552
INV_0001414,WH_002,WH_002_COOL_189,SKU_00294,BATCH_0001414,2025-10-20,2027-10-20,2025-11-02,3,0,good,511
INV_0001415,WH_002,WH_002_AMBIENT_105,SKU_00281,BATCH_0001415,2026-04-28,2027-04-28,2026-04-30,77,0,good,336
INV_0001416,WH_001,WH_001_AMBIENT_033,SKU_00158,BATCH_0001416,2025-06-20,2027-03-18,2025-06-25,45,0,good,295
INV_0001417,WH_003,WH_003_AMBIENT_140,SKU_00217,BATCH_0001417,2025-03-04,2027-05-02,2025-03-08,139,0,good,340
INV_0001418,WH_001,WH_001_COOL_146,SKU_00010,BATCH_0001418,2024-12-24,2026-12-24,2025-01-02,12,0,good,211
INV_0001419,WH_002,WH_002_AMBIENT_137,SKU_00218,BATCH_0001419,2024-08-14,2026-10-01,2024-08-24,5,0,good,127
INV_0001420,WH_001,WH_001_AMBIENT_120,SKU_00075,BATCH_0001420,2026-01-20,2027-01-20,2026-01-27,2,0,good,238
INV_0001421,WH_002,WH_002_COOL_004,SKU_00167,BATCH_0001421,2026-02-15,2026-08-23,2026-02-26,5,0,good,88
INV_0001422,WH_002,WH_002_AMBIENT_117,SKU_00122,BATCH_0001422,2024-03-01,2026-12-18,2024-03-04,3,0,good,205
INV_0001423,WH_003,WH_003_COOL_018,SKU_00273,BATCH_0001423,2025-10-12,2027-05-22,2025-10-25,9,0,good,360
INV_0001424,WH_003,WH_003_AMBIENT_192,SKU_00084,BATCH_0001424,2025-07-17,2026-07-17,2025-07-20,5,0,good,51
INV_0001425,WH_002,WH_002_COLD_007,SKU_00106,BATCH_0001425,2026-02-28,2026-12-06,2026-03-05,5,0,good,193
INV_0001426,WH_001,WH_001_COOL_005,SKU_00074,BATCH_0001426,2024-10-09,2026-10-09,2024-10-21,45,0,good,135
INV_0001427,WH_001,WH_001_COOL_022,SKU_00002,BATCH_0001427,2025-05-07,2027-05-07,2025-05-10,32,11,good,345
INV_0001428,WH_001,WH_001_AMBIENT_087,SKU_00221,BATCH_0001428,2026-04-23,2027-04-23,2026-04-25,41,2,good,331
INV_0001429,WH_003,WH_003_AMBIENT_063,SKU_00001,BATCH_0001429,2025-10-26,2027-05-28,2025-11-05,64,0,good,366
INV_0001430,WH_003,WH_003_COOL_114,SKU_00059,BATCH_0001430,2024-12-29,2026-12-03,2025-01-01,12,0,good,190
INV_0001431,WH_001,WH_001_AMBIENT_119,SKU_00012,BATCH_0001431,2025-08-02,2026-08-02,2025-08-05,40,0,good,67
INV_0001432,WH_002,WH_002_AMBIENT_138,SKU_00288,BATCH_0001432,2026-02-18,2028-03-09,2026-02-25,21,0,good,652
INV_0001433,WH_001,WH_001_COLD_009,SKU_00127,BATCH_0001433,2026-02-01,2026-08-30,2026-02-03,9,2,good,95
INV_0001434,WH_001,WH_001_COOL_125,SKU_00261,BATCH_0001434,2025-07-06,2026-07-21,2025-07-14,51,19,good,55
INV_0001435,WH_002,WH_002_AMBIENT_116,SKU_00190,BATCH_0001435,2025-04-26,2027-01-03,2025-05-03,14,0,good,221
INV_0001436,WH_003,WH_003_AMBIENT_194,SKU_00262,BATCH_0001436,2025-10-10,2027-04-22,2025-10-13,42,0,good,330
INV_0001437,WH_001,WH_001_AMBIENT_051,SKU_00218,BATCH_0001437,2024-08-07,2026-09-24,2024-08-16,23,0,good,120
INV_0001438,WH_003,WH_003_AMBIENT_197,SKU_00081,BATCH_0001438,2025-09-04,2027-03-09,2025-09-07,24,0,good,286
INV_0001439,WH_003,WH_003_COOL_065,SKU_00119,BATCH_0001439,2026-01-16,2027-05-12,2026-01-24,10,0,good,350
INV_0001440,WH_003,WH_003_AMBIENT_039,SKU_00107,BATCH_0001440,2025-07-10,2026-07-10,2025-07-19,11,0,good,44
INV_0001441,WH_002,WH_002_AMBIENT_076,SKU_00063,BATCH_0001441,2026-03-25,2027-08-01,2026-03-27,24,0,good,431
INV_0001442,WH_001,WH_001_FROZEN_057,SKU_00189,BATCH_0001442,2025-02-21,2027-02-21,2025-03-06,6,0,good,270
INV_0001443,WH_003,WH_003_COOL_161,SKU_00294,BATCH_0001443,2025-08-10,2027-08-10,2025-08-18,79,0,good,440
INV_0001444,WH_003,WH_003_AMBIENT_021,SKU_00114,BATCH_0001444,2024-07-01,2026-11-20,2024-07-09,15,6,good,177
INV_0001445,WH_003,WH_003_AMBIENT_190,SKU_00232,BATCH_0001445,2026-01-10,2027-09-29,2026-01-21,48,1,good,490
INV_0001446,WH_002,WH_002_COOL_001,SKU_00220,BATCH_0001446,2025-11-28,2026-07-29,2025-11-29,25,0,good,63
INV_0001447,WH_002,WH_002_AMBIENT_079,SKU_00036,BATCH_0001447,2025-11-16,2027-02-17,2025-11-24,28,0,good,266
INV_0001448,WH_001,WH_001_AMBIENT_062,SKU_00143,BATCH_0001448,2026-01-08,2027-01-08,2026-01-12,85,24,good,226
INV_0001449,WH_003,WH_003_AMBIENT_199,SKU_00118,BATCH_0001449,2026-03-08,2027-03-08,2026-03-11,24,0,good,285
INV_0001450,WH_001,WH_001_COOL_061,SKU_00187,BATCH_0001450,2026-01-11,2027-06-14,2026-01-16,5,0,good,383
INV_0001451,WH_001,WH_001_AMBIENT_123,SKU_00297,BATCH_0001451,2025-11-18,2027-06-06,2025-11-22,10,2,good,375
INV_0001452,WH_002,WH_002_AMBIENT_066,SKU_00055,BATCH_0001452,2026-04-29,2027-09-02,2026-05-02,36,0,good,463
INV_0001453,WH_003,WH_003_COOL_190,SKU_00212,BATCH_0001453,2025-11-24,2027-07-28,2025-11-26,39,0,good,427
INV_0001454,WH_003,WH_003_COLD_112,SKU_00204,BATCH_0001454,2025-10-23,2026-10-18,2025-11-02,236,0,good,144
INV_0001455,WH_002,WH_002_AMBIENT_045,SKU_00166,BATCH_0001455,2026-04-17,2027-10-27,2026-04-23,3,0,good,518
INV_0001456,WH_003,WH_003_AMBIENT_151,SKU_00078,BATCH_0001456,2025-05-24,2027-10-15,2025-06-06,7,0,good,506
INV_0001457,WH_001,WH_001_COOL_078,SKU_00111,BATCH_0001457,2025-10-22,2026-10-30,2025-10-28,21,0,good,156
INV_0001458,WH_003,WH_003_AMBIENT_055,SKU_00030,BATCH_0001458,2025-09-13,2028-01-24,2025-09-26,15,0,good,607
INV_0001459,WH_003,WH_003_COOL_158,SKU_00208,BATCH_0001459,2026-02-18,2028-02-18,2026-02-26,88,2,good,632
INV_0001460,WH_003,WH_003_COOL_124,SKU_00133,BATCH_0001460,2026-01-16,2027-11-16,2026-01-20,50,10,good,538
INV_0001461,WH_001,WH_001_AMBIENT_020,SKU_00141,BATCH_0001461,2025-09-29,2026-09-29,2025-10-05,5,0,good,125
INV_0001462,WH_002,WH_002_COLD_170,SKU_00054,BATCH_0001462,2025-10-15,2026-10-15,2025-10-24,21,0,good,141
INV_0001463,WH_002,WH_002_AMBIENT_034,SKU_00083,BATCH_0001463,2026-01-22,2027-01-22,2026-01-28,74,0,good,240
INV_0001464,WH_002,WH_002_AMBIENT_182,SKU_00186,BATCH_0001464,2026-04-16,2028-05-28,2026-04-24,32,12,good,732
INV_0001465,WH_001,WH_001_AMBIENT_072,SKU_00008,BATCH_0001465,2026-04-18,2027-04-18,2026-04-26,14,0,good,326
INV_0001466,WH_003,WH_003_COLD_053,SKU_00154,BATCH_0001466,2026-05-06,2026-09-30,2026-05-08,18,0,good,126
INV_0001467,WH_002,WH_002_AMBIENT_096,SKU_00259,BATCH_0001467,2025-04-12,2027-03-31,2025-04-21,197,33,good,308
INV_0001468,WH_003,WH_003_COLD_146,SKU_00154,BATCH_0001468,2026-05-18,2026-10-12,2026-05-19,32,0,good,138
INV_0001469,WH_003,WH_003_COOL_115,SKU_00033,BATCH_0001469,2025-11-24,2027-01-29,2025-12-01,82,0,good,247
INV_0001470,WH_001,WH_001_AMBIENT_020,SKU_00097,BATCH_0001470,2024-08-25,2026-11-25,2024-09-06,12,0,good,182
INV_0001471,WH_002,WH_002_COOL_113,SKU_00138,BATCH_0001471,2025-04-26,2027-03-06,2025-04-28,104,0,good,283
INV_0001472,WH_003,WH_003_AMBIENT_036,SKU_00292,BATCH_0001472,2026-02-07,2027-06-29,2026-02-12,50,0,good,398
INV_0001473,WH_001,WH_001_COOL_072,SKU_00293,BATCH_0001473,2025-10-28,2027-10-28,2025-11-05,11,0,good,519
INV_0001474,WH_001,WH_001_AMBIENT_149,SKU_00221,BATCH_0001474,2025-09-24,2026-09-24,2025-09-30,14,0,good,120
INV_0001475,WH_001,WH_001_COLD_113,SKU_00014,BATCH_0001475,2026-03-10,2027-03-06,2026-03-19,16,0,good,283
INV_0001476,WH_002,WH_002_AMBIENT_057,SKU_00160,BATCH_0001476,2026-04-28,2028-03-26,2026-04-29,14,0,good,669
INV_0001477,WH_002,WH_002_AMBIENT_140,SKU_00163,BATCH_0001477,2025-05-20,2026-12-03,2025-05-21,92,20,good,190
INV_0001478,WH_001,WH_001_COOL_157,SKU_00224,BATCH_0001478,2025-06-13,2026-08-03,2025-06-15,25,0,good,68
INV_0001479,WH_001,WH_001_AMBIENT_081,SKU_00120,BATCH_0001479,2026-02-25,2027-06-05,2026-03-05,1,0,good,374
INV_0001480,WH_002,WH_002_AMBIENT_035,SKU_00012,BATCH_0001480,2026-02-20,2027-02-20,2026-03-02,67,0,good,269
INV_0001481,WH_002,WH_002_AMBIENT_048,SKU_00163,BATCH_0001481,2025-10-17,2027-05-02,2025-10-29,8,0,good,340
INV_0001482,WH_003,WH_003_AMBIENT_155,SKU_00022,BATCH_0001482,2025-01-20,2027-04-01,2025-01-26,3,0,good,309
INV_0001483,WH_002,WH_002_AMBIENT_009,SKU_00230,BATCH_0001483,2025-02-02,2027-02-10,2025-02-10,26,0,good,259
INV_0001484,WH_003,WH_003_COOL_016,SKU_00275,BATCH_0001484,2025-12-08,2027-12-08,2025-12-18,14,0,good,560
INV_0001485,WH_002,WH_002_COOL_050,SKU_00043,BATCH_0001485,2025-07-19,2027-07-19,2025-07-20,3,0,good,418
INV_0001486,WH_003,WH_003_COLD_159,SKU_00202,BATCH_0001486,2026-05-16,2026-10-05,2026-05-28,154,0,good,131
INV_0001487,WH_001,WH_001_COLD_025,SKU_00204,BATCH_0001487,2025-11-10,2026-11-05,2025-11-13,151,10,good,162
INV_0001488,WH_002,WH_002_AMBIENT_024,SKU_00203,BATCH_0001488,2025-11-25,2027-08-10,2025-12-04,20,1,good,440
INV_0001489,WH_003,WH_003_COOL_085,SKU_00015,BATCH_0001489,2024-12-22,2026-09-11,2025-01-01,58,0,good,107
INV_0001490,WH_002,WH_002_COOL_110,SKU_00145,BATCH_0001490,2026-02-10,2027-06-03,2026-02-12,170,0,good,372
INV_0001491,WH_002,WH_002_AMBIENT_111,SKU_00095,BATCH_0001491,2024-09-07,2026-12-26,2024-09-18,56,0,good,213
INV_0001492,WH_002,WH_002_AMBIENT_029,SKU_00122,BATCH_0001492,2025-11-12,2028-08-30,2025-11-17,36,8,good,826
INV_0001493,WH_001,WH_001_COLD_053,SKU_00069,BATCH_0001493,2026-01-18,2026-12-15,2026-01-22,7,0,good,202
INV_0001494,WH_001,WH_001_COOL_003,SKU_00187,BATCH_0001494,2026-03-05,2027-08-06,2026-03-10,11,0,good,436
INV_0001495,WH_002,WH_002_AMBIENT_069,SKU_00246,BATCH_0001495,2025-09-05,2026-12-27,2025-09-08,18,0,good,214
INV_0001496,WH_003,WH_003_COOL_059,SKU_00270,BATCH_0001496,2025-12-31,2026-12-27,2026-01-05,15,0,good,214
INV_0001497,WH_001,WH_001_AMBIENT_197,SKU_00118,BATCH_0001497,2025-12-17,2026-12-17,2025-12-20,7,0,good,204
INV_0001498,WH_003,WH_003_AMBIENT_017,SKU_00097,BATCH_0001498,2024-12-28,2027-03-30,2024-12-29,61,0,good,307
INV_0001499,WH_003,WH_003_COLD_029,SKU_00251,BATCH_0001499,2026-02-10,2027-02-10,2026-02-17,2,0,good,259
INV_0001500,WH_003,WH_003_COLD_189,SKU_00164,BATCH_0001500,2026-05-27,2027-05-27,2026-05-29,47,0,good,365
INV_0001501,WH_003,WH_003_AMBIENT_049,SKU_00052,BATCH_0001501,2025-11-30,2028-08-17,2025-12-06,3,1,good,813
INV_0001502,WH_003,WH_003_AMBIENT_186,SKU_00172,BATCH_0001502,2026-02-10,2028-04-18,2026-02-21,37,0,good,692
INV_0001503,WH_002,WH_002_COOL_172,SKU_00151,BATCH_0001503,2026-03-02,2027-09-06,2026-03-07,2,0,good,467
INV_0001504,WH_003,WH_003_COOL_018,SKU_00206,BATCH_0001504,2025-02-16,2026-08-09,2025-02-22,8,0,good,74
INV_0001505,WH_001,WH_001_COLD_073,SKU_00271,BATCH_0001505,2025-12-23,2026-06-19,2026-01-03,35,5,good,23
INV_0001506,WH_001,WH_001_COLD_007,SKU_00251,BATCH_0001506,2025-08-12,2026-08-12,2025-08-19,21,0,good,77
INV_0001507,WH_003,WH_003_COLD_199,SKU_00271,BATCH_0001507,2026-02-16,2026-08-13,2026-02-23,9,0,good,78
INV_0001508,WH_001,WH_001_AMBIENT_115,SKU_00026,BATCH_0001508,2026-03-16,2027-10-12,2026-03-28,5,0,good,503
INV_0001509,WH_001,WH_001_AMBIENT_021,SKU_00299,BATCH_0001509,2025-07-16,2027-03-08,2025-07-25,43,0,good,285
INV_0001510,WH_002,WH_002_COLD_043,SKU_00300,BATCH_0001510,2026-01-05,2027-01-05,2026-01-14,30,0,good,223
INV_0001511,WH_003,WH_003_AMBIENT_080,SKU_00034,BATCH_0001511,2025-08-14,2026-10-09,2025-08-25,9,0,good,135
INV_0001512,WH_002,WH_002_AMBIENT_031,SKU_00009,BATCH_0001512,2025-01-10,2027-01-24,2025-01-12,552,111,good,242
INV_0001513,WH_002,WH_002_AMBIENT_112,SKU_00230,BATCH_0001513,2025-09-20,2027-09-28,2025-09-22,73,0,good,489
INV_0001514,WH_002,WH_002_COOL_037,SKU_00021,BATCH_0001514,2026-04-06,2027-01-23,2026-04-18,14,5,good,241
INV_0001515,WH_003,WH_003_AMBIENT_056,SKU_00025,BATCH_0001515,2025-09-10,2026-09-10,2025-09-18,4,0,good,106
INV_0001516,WH_001,WH_001_COOL_010,SKU_00138,BATCH_0001516,2025-02-14,2026-12-25,2025-02-18,83,0,good,212
INV_0001517,WH_003,WH_003_AMBIENT_107,SKU_00147,BATCH_0001517,2026-04-07,2029-01-03,2026-04-14,13,0,good,952
INV_0001518,WH_002,WH_002_AMBIENT_023,SKU_00062,BATCH_0001518,2025-04-25,2027-04-16,2025-05-01,31,1,good,324
INV_0001519,WH_001,WH_001_COOL_174,SKU_00089,BATCH_0001519,2025-06-27,2026-09-25,2025-07-04,89,0,good,121
INV_0001520,WH_003,WH_003_COOL_185,SKU_00220,BATCH_0001520,2025-12-31,2026-08-31,2026-01-01,4,0,good,96
INV_0001521,WH_003,WH_003_AMBIENT_105,SKU_00236,BATCH_0001521,2025-06-08,2026-09-25,2025-06-18,4,0,good,121
INV_0001522,WH_002,WH_002_AMBIENT_021,SKU_00230,BATCH_0001522,2025-11-01,2027-11-09,2025-11-07,28,1,good,531
INV_0001523,WH_001,WH_001_COOL_151,SKU_00298,BATCH_0001523,2026-02-05,2027-02-01,2026-02-18,11,0,good,250
INV_0001524,WH_002,WH_002_AMBIENT_003,SKU_00191,BATCH_0001524,2024-03-04,2026-09-22,2024-03-16,37,0,good,118
INV_0001525,WH_001,WH_001_AMBIENT_142,SKU_00022,BATCH_0001525,2026-02-23,2028-05-04,2026-03-04,7,0,good,708
INV_0001526,WH_003,WH_003_AMBIENT_030,SKU_00113,BATCH_0001526,2025-07-29,2026-07-29,2025-08-01,32,4,good,63
INV_0001527,WH_002,WH_002_COLD_166,SKU_00271,BATCH_0001527,2026-04-01,2026-09-26,2026-04-13,13,0,good,122
INV_0001528,WH_002,WH_002_AMBIENT_014,SKU_00246,BATCH_0001528,2026-04-10,2027-08-01,2026-04-15,8,0,good,431
INV_0001529,WH_002,WH_002_COLD_164,SKU_00260,BATCH_0001529,2026-01-27,2027-01-27,2026-01-28,13,3,good,245
INV_0001530,WH_003,WH_003_AMBIENT_176,SKU_00234,BATCH_0001530,2026-03-29,2027-03-29,2026-04-06,36,0,good,306
INV_0001531,WH_002,WH_002_AMBIENT_021,SKU_00269,BATCH_0001531,2026-01-07,2027-05-09,2026-01-17,32,0,good,347
INV_0001532,WH_002,WH_002_AMBIENT_103,SKU_00107,BATCH_0001532,2025-10-18,2026-10-18,2025-10-26,3,0,good,144
INV_0001533,WH_002,WH_002_AMBIENT_074,SKU_00055,BATCH_0001533,2026-02-01,2027-06-07,2026-02-08,4,1,good,376
INV_0001534,WH_001,WH_001_COLD_191,SKU_00146,BATCH_0001534,2025-08-29,2026-08-29,2025-09-04,4,0,good,94
INV_0001535,WH_002,WH_002_AMBIENT_133,SKU_00232,BATCH_0001535,2024-12-29,2026-09-17,2025-01-01,14,0,good,113
INV_0001536,WH_001,WH_001_AMBIENT_061,SKU_00026,BATCH_0001536,2025-10-29,2027-05-27,2025-11-11,27,0,good,365
INV_0001537,WH_002,WH_002_AMBIENT_108,SKU_00083,BATCH_0001537,2026-02-26,2027-02-26,2026-02-27,10,0,good,275
INV_0001538,WH_003,WH_003_AMBIENT_152,SKU_00292,BATCH_0001538,2025-03-09,2026-07-29,2025-03-14,53,0,good,63
INV_0001539,WH_003,WH_003_COLD_171,SKU_00134,BATCH_0001539,2026-01-22,2027-01-22,2026-01-29,26,0,good,240
INV_0001540,WH_002,WH_002_COLD_031,SKU_00228,BATCH_0001540,2025-09-04,2026-07-02,2025-09-08,2,0,good,36
INV_0001541,WH_003,WH_003_COLD_147,SKU_00204,BATCH_0001541,2025-08-23,2026-08-18,2025-09-04,57,0,good,83
INV_0001542,WH_002,WH_002_COOL_124,SKU_00093,BATCH_0001542,2025-02-25,2027-02-25,2025-03-03,9,1,good,274
INV_0001543,WH_001,WH_001_AMBIENT_188,SKU_00091,BATCH_0001543,2024-07-08,2027-02-08,2024-07-10,7,0,good,257
INV_0001544,WH_001,WH_001_COLD_114,SKU_00068,BATCH_0001544,2026-02-17,2027-02-17,2026-02-20,45,0,good,266
INV_0001545,WH_001,WH_001_AMBIENT_129,SKU_00170,BATCH_0001545,2026-01-20,2027-01-20,2026-02-01,20,3,good,238
INV_0001546,WH_002,WH_002_AMBIENT_142,SKU_00269,BATCH_0001546,2025-10-02,2027-02-01,2025-10-15,3,0,good,250
INV_0001547,WH_002,WH_002_AMBIENT_079,SKU_00066,BATCH_0001547,2025-09-06,2027-02-19,2025-09-08,132,33,good,268
INV_0001548,WH_002,WH_002_COOL_162,SKU_00072,BATCH_0001548,2025-08-30,2027-08-30,2025-09-08,39,0,good,460
INV_0001549,WH_002,WH_002_AMBIENT_109,SKU_00107,BATCH_0001549,2025-12-27,2026-12-27,2026-01-03,31,0,good,214
INV_0001550,WH_002,WH_002_AMBIENT_121,SKU_00250,BATCH_0001550,2025-07-20,2028-02-06,2025-07-29,17,0,good,620
INV_0001551,WH_003,WH_003_AMBIENT_101,SKU_00172,BATCH_0001551,2025-07-20,2027-09-26,2025-07-22,18,0,good,487
INV_0001552,WH_002,WH_002_AMBIENT_015,SKU_00052,BATCH_0001552,2026-01-22,2028-10-09,2026-01-29,6,0,good,866
INV_0001553,WH_003,WH_003_AMBIENT_058,SKU_00051,BATCH_0001553,2025-11-21,2026-12-08,2025-12-02,48,10,good,195
INV_0001554,WH_002,WH_002_COOL_141,SKU_00119,BATCH_0001554,2025-12-11,2027-04-06,2025-12-22,18,4,good,314
INV_0001555,WH_001,WH_001_AMBIENT_019,SKU_00163,BATCH_0001555,2025-08-21,2027-03-06,2025-09-03,10,0,good,283
INV_0001556,WH_002,WH_002_COLD_125,SKU_00237,BATCH_0001556,2026-02-06,2027-02-06,2026-02-07,5,0,good,255
INV_0001557,WH_002,WH_002_COOL_175,SKU_00142,BATCH_0001557,2025-11-25,2027-03-14,2025-11-29,4,0,good,291
INV_0001558,WH_001,WH_001_AMBIENT_016,SKU_00281,BATCH_0001558,2025-07-04,2026-07-04,2025-07-11,2,0,good,38
INV_0001559,WH_001,WH_001_COLD_183,SKU_00209,BATCH_0001559,2026-01-31,2026-09-11,2026-02-02,17,3,good,107
INV_0001560,WH_002,WH_002_AMBIENT_107,SKU_00158,BATCH_0001560,2026-03-04,2027-11-30,2026-03-16,1,0,good,552
INV_0001561,WH_001,WH_001_COOL_048,SKU_00041,BATCH_0001561,2025-02-26,2026-08-26,2025-02-27,1,0,good,91
INV_0001562,WH_002,WH_002_COLD_145,SKU_00271,BATCH_0001562,2026-02-05,2026-08-02,2026-02-09,9,3,good,67
INV_0001563,WH_001,WH_001_AMBIENT_152,SKU_00156,BATCH_0001563,2025-11-22,2028-04-26,2025-11-28,9,0,good,700
INV_0001564,WH_002,WH_002_COOL_194,SKU_00298,BATCH_0001564,2025-10-03,2026-09-29,2025-10-06,29,0,good,125
INV_0001565,WH_001,WH_001_COOL_157,SKU_00145,BATCH_0001565,2025-12-13,2027-04-05,2025-12-23,19,2,good,313
INV_0001566,WH_002,WH_002_COOL_123,SKU_00261,BATCH_0001566,2025-12-29,2027-01-13,2026-01-07,44,3,good,231
INV_0001567,WH_003,WH_003_AMBIENT_096,SKU_00215,BATCH_0001567,2025-11-02,2027-04-18,2025-11-14,4,0,good,326
INV_0001568,WH_002,WH_002_AMBIENT_099,SKU_00259,BATCH_0001568,2026-05-14,2028-05-01,2026-05-24,12,0,good,705
INV_0001569,WH_002,WH_002_FROZEN_032,SKU_00216,BATCH_0001569,2026-02-12,2027-12-18,2026-02-20,6,0,good,570
INV_0001570,WH_001,WH_001_AMBIENT_166,SKU_00285,BATCH_0001570,2025-09-16,2026-09-16,2025-09-17,80,0,good,112
INV_0001571,WH_001,WH_001_AMBIENT_078,SKU_00148,BATCH_0001571,2024-08-10,2027-02-04,2024-08-20,21,0,good,253
INV_0001572,WH_002,WH_002_AMBIENT_051,SKU_00242,BATCH_0001572,2026-04-20,2027-04-20,2026-04-28,11,1,good,328
INV_0001573,WH_001,WH_001_AMBIENT_080,SKU_00120,BATCH_0001573,2026-01-16,2027-04-26,2026-01-24,101,0,good,334
INV_0001574,WH_003,WH_003_AMBIENT_194,SKU_00004,BATCH_0001574,2025-10-21,2027-03-28,2025-10-22,62,15,good,305
INV_0001575,WH_001,WH_001_COOL_085,SKU_00112,BATCH_0001575,2025-04-04,2027-04-04,2025-04-11,18,0,good,312
INV_0001576,WH_001,WH_001_COLD_112,SKU_00146,BATCH_0001576,2025-10-15,2026-10-15,2025-10-19,18,0,good,141
INV_0001577,WH_002,WH_002_COLD_042,SKU_00228,BATCH_0001577,2026-05-14,2027-03-11,2026-05-21,5,0,good,288
INV_0001578,WH_003,WH_003_COLD_147,SKU_00199,BATCH_0001578,2025-12-11,2026-12-11,2025-12-23,4,0,good,198
INV_0001579,WH_002,WH_002_COOL_056,SKU_00077,BATCH_0001579,2025-08-09,2026-09-28,2025-08-21,5,0,good,124
INV_0001580,WH_001,WH_001_AMBIENT_008,SKU_00265,BATCH_0001580,2024-06-02,2026-08-29,2024-06-13,7,0,good,94
INV_0001581,WH_002,WH_002_AMBIENT_100,SKU_00049,BATCH_0001581,2025-11-22,2027-01-08,2025-12-04,41,0,good,226
INV_0001582,WH_003,WH_003_COLD_121,SKU_00271,BATCH_0001582,2026-02-08,2026-08-05,2026-02-11,12,0,good,70
INV_0001583,WH_003,WH_003_COLD_114,SKU_00096,BATCH_0001583,2026-03-04,2027-03-04,2026-03-09,4,0,good,281
INV_0001584,WH_001,WH_001_AMBIENT_112,SKU_00024,BATCH_0001584,2025-01-25,2026-10-27,2025-02-05,3,0,good,153
INV_0001585,WH_001,WH_001_AMBIENT_002,SKU_00036,BATCH_0001585,2026-05-20,2027-08-21,2026-05-29,317,0,good,451
INV_0001586,WH_002,WH_002_AMBIENT_093,SKU_00198,BATCH_0001586,2025-05-30,2026-08-01,2025-06-04,3,0,good,66
INV_0001587,WH_002,WH_002_COLD_172,SKU_00251,BATCH_0001587,2026-01-29,2027-01-29,2026-02-10,31,0,good,247
INV_0001588,WH_002,WH_002_AMBIENT_095,SKU_00290,BATCH_0001588,2025-12-28,2027-05-17,2026-01-01,46,0,good,355
INV_0001589,WH_001,WH_001_AMBIENT_019,SKU_00076,BATCH_0001589,2025-04-25,2027-07-05,2025-05-06,106,0,good,404
INV_0001590,WH_003,WH_003_COOL_028,SKU_00015,BATCH_0001590,2025-11-02,2027-07-23,2025-11-09,7,0,good,422
INV_0001591,WH_003,WH_003_COLD_038,SKU_00039,BATCH_0001591,2026-03-28,2027-03-28,2026-04-08,14,0,good,305
INV_0001592,WH_002,WH_002_COOL_002,SKU_00293,BATCH_0001592,2025-02-04,2027-02-04,2025-02-11,12,0,good,253
INV_0001593,WH_001,WH_001_COOL_013,SKU_00175,BATCH_0001593,2026-03-19,2027-03-05,2026-03-30,50,0,good,282
INV_0001594,WH_001,WH_001_AMBIENT_130,SKU_00236,BATCH_0001594,2026-03-01,2027-06-18,2026-03-10,32,0,good,387
INV_0001595,WH_001,WH_001_COOL_136,SKU_00077,BATCH_0001595,2025-11-14,2027-01-03,2025-11-20,17,0,good,221
INV_0001596,WH_002,WH_002_AMBIENT_073,SKU_00190,BATCH_0001596,2025-10-21,2027-06-30,2025-10-31,25,3,good,399
INV_0001597,WH_002,WH_002_FROZEN_136,SKU_00032,BATCH_0001597,2025-11-05,2026-07-18,2025-11-11,65,20,good,52
INV_0001598,WH_003,WH_003_AMBIENT_077,SKU_00160,BATCH_0001598,2025-09-05,2027-08-04,2025-09-16,28,0,good,434
INV_0001599,WH_001,WH_001_COOL_035,SKU_00243,BATCH_0001599,2026-01-28,2028-01-28,2026-02-02,50,0,good,611
INV_0001600,WH_002,WH_002_COOL_144,SKU_00140,BATCH_0001600,2026-05-14,2027-02-19,2026-05-18,86,0,good,268
INV_0001601,WH_003,WH_003_AMBIENT_159,SKU_00205,BATCH_0001601,2026-02-28,2027-03-26,2026-03-05,9,2,good,303
INV_0001602,WH_002,WH_002_AMBIENT_072,SKU_00067,BATCH_0001602,2026-05-05,2028-05-10,2026-05-18,19,0,good,714
INV_0001603,WH_003,WH_003_AMBIENT_065,SKU_00176,BATCH_0001603,2025-07-06,2026-07-06,2025-07-13,5,0,good,40
INV_0001604,WH_003,WH_003_COLD_178,SKU_00229,BATCH_0001604,2026-03-01,2027-03-01,2026-03-07,50,0,good,278
INV_0001605,WH_001,WH_001_AMBIENT_134,SKU_00177,BATCH_0001605,2026-03-28,2028-03-11,2026-04-02,6,0,good,654
INV_0001606,WH_003,WH_003_AMBIENT_194,SKU_00160,BATCH_0001606,2025-06-13,2027-05-12,2025-06-22,48,0,good,350
INV_0001607,WH_002,WH_002_COOL_036,SKU_00044,BATCH_0001607,2024-10-24,2026-09-06,2024-11-03,2,0,good,102
INV_0001608,WH_002,WH_002_AMBIENT_064,SKU_00028,BATCH_0001608,2026-05-10,2027-09-25,2026-05-23,370,0,good,486
INV_0001609,WH_002,WH_002_COLD_167,SKU_00237,BATCH_0001609,2025-08-18,2026-08-18,2025-08-29,23,8,good,83
INV_0001610,WH_001,WH_001_COLD_042,SKU_00092,BATCH_0001610,2025-07-08,2026-07-08,2025-07-11,2,0,good,42
INV_0001611,WH_003,WH_003_COOL_021,SKU_00111,BATCH_0001611,2025-08-20,2026-08-28,2025-08-24,53,19,good,93
INV_0001612,WH_002,WH_002_AMBIENT_165,SKU_00180,BATCH_0001612,2026-04-14,2027-04-14,2026-04-27,18,0,good,322
INV_0001613,WH_002,WH_002_AMBIENT_145,SKU_00056,BATCH_0001613,2025-08-18,2026-11-06,2025-08-28,28,0,good,163
INV_0001614,WH_002,WH_002_COOL_154,SKU_00117,BATCH_0001614,2025-09-25,2027-04-10,2025-10-06,5,0,good,318
INV_0001615,WH_003,WH_003_COOL_192,SKU_00184,BATCH_0001615,2024-12-12,2026-08-23,2024-12-24,21,0,good,88
INV_0001616,WH_003,WH_003_COLD_040,SKU_00251,BATCH_0001616,2025-12-20,2026-12-20,2026-01-02,49,0,good,207
INV_0001617,WH_001,WH_001_COLD_082,SKU_00110,BATCH_0001617,2025-11-14,2026-06-24,2025-11-19,54,0,good,28
INV_0001618,WH_003,WH_003_AMBIENT_087,SKU_00286,BATCH_0001618,2026-02-20,2028-01-07,2026-02-22,15,0,good,590
INV_0001619,WH_003,WH_003_AMBIENT_093,SKU_00132,BATCH_0001619,2026-05-10,2027-05-10,2026-05-23,10,0,good,348
INV_0001620,WH_001,WH_001_AMBIENT_191,SKU_00083,BATCH_0001620,2025-09-25,2026-09-25,2025-10-07,10,0,good,121
INV_0001621,WH_002,WH_002_AMBIENT_169,SKU_00291,BATCH_0001621,2025-03-13,2026-09-16,2025-03-17,3,0,good,112
INV_0001622,WH_002,WH_002_AMBIENT_154,SKU_00100,BATCH_0001622,2025-05-01,2027-12-15,2025-05-07,8,0,good,567
INV_0001623,WH_003,WH_003_COLD_182,SKU_00136,BATCH_0001623,2026-01-10,2026-10-09,2026-01-11,315,0,good,135
INV_0001624,WH_003,WH_003_AMBIENT_093,SKU_00218,BATCH_0001624,2025-01-31,2027-03-20,2025-02-07,93,0,good,297
INV_0001625,WH_003,WH_003_AMBIENT_034,SKU_00235,BATCH_0001625,2026-03-28,2027-03-28,2026-04-02,19,0,good,305
INV_0001626,WH_001,WH_001_AMBIENT_073,SKU_00176,BATCH_0001626,2025-11-29,2026-11-29,2025-12-07,1,0,good,186
INV_0001627,WH_002,WH_002_AMBIENT_027,SKU_00279,BATCH_0001627,2024-03-26,2027-01-23,2024-03-29,22,0,good,241
INV_0001628,WH_002,WH_002_AMBIENT_053,SKU_00008,BATCH_0001628,2026-04-04,2027-04-04,2026-04-05,3,0,good,312
INV_0001629,WH_002,WH_002_AMBIENT_090,SKU_00046,BATCH_0001629,2026-01-25,2027-01-25,2026-02-06,2,0,good,243
INV_0001630,WH_002,WH_002_AMBIENT_039,SKU_00147,BATCH_0001630,2025-02-20,2027-11-19,2025-03-03,10,1,good,541
INV_0001631,WH_001,WH_001_COOL_111,SKU_00112,BATCH_0001631,2025-07-12,2027-07-12,2025-07-24,1,0,good,411
INV_0001632,WH_002,WH_002_COLD_187,SKU_00106,BATCH_0001632,2026-01-22,2026-10-30,2026-02-02,7,0,good,156
INV_0001633,WH_001,WH_001_AMBIENT_052,SKU_00143,BATCH_0001633,2026-05-04,2027-05-04,2026-05-16,192,0,good,342
INV_0001634,WH_002,WH_002_AMBIENT_087,SKU_00255,BATCH_0001634,2025-06-25,2026-07-12,2025-07-02,2,0,good,46
INV_0001635,WH_003,WH_003_COOL_047,SKU_00238,BATCH_0001635,2025-03-27,2026-11-20,2025-03-29,10,0,good,177
INV_0001636,WH_003,WH_003_COLD_091,SKU_00146,BATCH_0001636,2026-04-30,2027-04-30,2026-05-07,9,0,good,338
INV_0001637,WH_001,WH_001_AMBIENT_046,SKU_00100,BATCH_0001637,2025-06-02,2028-01-16,2025-06-05,40,14,good,599
INV_0001638,WH_002,WH_002_AMBIENT_190,SKU_00179,BATCH_0001638,2025-09-10,2026-09-10,2025-09-20,79,29,good,106
INV_0001639,WH_003,WH_003_AMBIENT_152,SKU_00158,BATCH_0001639,2025-01-14,2026-10-12,2025-01-18,26,0,good,138
INV_0001640,WH_003,WH_003_AMBIENT_180,SKU_00166,BATCH_0001640,2025-10-14,2027-04-25,2025-10-26,9,0,good,333
INV_0001641,WH_002,WH_002_AMBIENT_001,SKU_00230,BATCH_0001641,2025-10-28,2027-11-05,2025-10-30,19,0,good,527
INV_0001642,WH_001,WH_001_COOL_053,SKU_00087,BATCH_0001642,2026-04-21,2028-04-20,2026-05-04,6,0,good,694
INV_0001643,WH_002,WH_002_COOL_197,SKU_00031,BATCH_0001643,2025-09-22,2027-04-07,2025-09-23,7,0,good,315
INV_0001644,WH_002,WH_002_AMBIENT_003,SKU_00234,BATCH_0001644,2025-09-06,2026-09-06,2025-09-18,125,0,good,102
INV_0001645,WH_001,WH_001_AMBIENT_032,SKU_00200,BATCH_0001645,2025-05-14,2027-01-07,2025-05-17,7,0,good,225
INV_0001646,WH_003,WH_003_COOL_089,SKU_00033,BATCH_0001646,2026-04-25,2027-06-30,2026-05-05,5,0,good,399
INV_0001647,WH_002,WH_002_AMBIENT_153,SKU_00223,BATCH_0001647,2024-10-09,2027-08-28,2024-10-19,22,0,good,458
INV_0001648,WH_002,WH_002_AMBIENT_101,SKU_00290,BATCH_0001648,2026-05-22,2027-10-09,2026-06-04,35,0,good,500
INV_0001649,WH_002,WH_002_AMBIENT_031,SKU_00250,BATCH_0001649,2025-06-30,2028-01-17,2025-07-04,8,0,good,600
INV_0001650,WH_003,WH_003_AMBIENT_144,SKU_00066,BATCH_0001650,2025-11-06,2027-04-21,2025-11-18,12,0,good,329
INV_0001651,WH_002,WH_002_FROZEN_004,SKU_00284,BATCH_0001651,2025-07-11,2027-07-11,2025-07-20,13,5,good,410
INV_0001652,WH_001,WH_001_COOL_111,SKU_00064,BATCH_0001652,2025-12-20,2027-12-20,2025-12-27,18,0,good,572
INV_0001653,WH_003,WH_003_AMBIENT_031,SKU_00254,BATCH_0001653,2026-04-13,2027-04-13,2026-04-22,32,0,good,321
INV_0001654,WH_003,WH_003_COOL_121,SKU_00088,BATCH_0001654,2026-05-09,2028-05-08,2026-05-22,22,0,good,712
INV_0001655,WH_002,WH_002_FROZEN_007,SKU_00032,BATCH_0001655,2026-02-19,2026-11-01,2026-02-21,12,0,good,158
INV_0001656,WH_001,WH_001_AMBIENT_075,SKU_00165,BATCH_0001656,2025-05-10,2026-07-15,2025-05-12,137,48,good,49
INV_0001657,WH_001,WH_001_AMBIENT_034,SKU_00168,BATCH_0001657,2025-12-06,2026-12-06,2025-12-12,5,0,good,193
INV_0001658,WH_003,WH_003_AMBIENT_104,SKU_00247,BATCH_0001658,2025-02-10,2027-04-03,2025-02-21,5,0,good,311
INV_0001659,WH_003,WH_003_AMBIENT_086,SKU_00205,BATCH_0001659,2025-11-08,2026-12-04,2025-11-15,30,1,good,191
INV_0001660,WH_003,WH_003_AMBIENT_128,SKU_00235,BATCH_0001660,2026-02-24,2027-02-24,2026-03-02,217,38,good,273
INV_0001661,WH_003,WH_003_AMBIENT_005,SKU_00008,BATCH_0001661,2025-10-06,2026-10-06,2025-10-08,9,1,good,132
INV_0001662,WH_001,WH_001_AMBIENT_164,SKU_00025,BATCH_0001662,2025-11-27,2026-11-27,2025-12-07,18,0,good,184
INV_0001663,WH_002,WH_002_FROZEN_146,SKU_00192,BATCH_0001663,2026-05-01,2026-12-29,2026-05-05,34,0,good,216
INV_0001664,WH_002,WH_002_AMBIENT_067,SKU_00232,BATCH_0001664,2024-12-23,2026-09-11,2024-12-24,83,0,good,107
INV_0001665,WH_003,WH_003_COLD_190,SKU_00065,BATCH_0001665,2026-03-24,2026-07-26,2026-03-27,138,0,good,60
INV_0001666,WH_001,WH_001_AMBIENT_053,SKU_00213,BATCH_0001666,2025-06-14,2027-10-27,2025-06-17,23,1,good,518
INV_0001667,WH_002,WH_002_COOL_181,SKU_00138,BATCH_0001667,2026-05-04,2028-03-13,2026-05-05,29,0,good,656
INV_0001668,WH_001,WH_001_COOL_169,SKU_00294,BATCH_0001668,2025-04-18,2027-04-18,2025-04-21,82,0,good,326
INV_0001669,WH_001,WH_001_AMBIENT_144,SKU_00100,BATCH_0001669,2024-03-28,2026-11-11,2024-04-08,103,0,good,168
INV_0001670,WH_001,WH_001_AMBIENT_071,SKU_00288,BATCH_0001670,2025-08-12,2027-09-01,2025-08-19,4,0,good,462
INV_0001671,WH_003,WH_003_FROZEN_051,SKU_00287,BATCH_0001671,2026-04-01,2028-03-31,2026-04-03,12,0,good,674
INV_0001672,WH_003,WH_003_AMBIENT_085,SKU_00297,BATCH_0001672,2025-11-24,2027-06-12,2025-12-01,25,0,good,381
INV_0001673,WH_001,WH_001_COLD_104,SKU_00090,BATCH_0001673,2026-03-11,2026-08-06,2026-03-17,44,0,good,71
INV_0001674,WH_001,WH_001_COLD_163,SKU_00069,BATCH_0001674,2025-12-16,2026-11-12,2025-12-26,4,0,good,169
INV_0001675,WH_001,WH_001_AMBIENT_111,SKU_00234,BATCH_0001675,2026-02-07,2027-02-07,2026-02-08,15,0,good,256
INV_0001676,WH_003,WH_003_AMBIENT_087,SKU_00290,BATCH_0001676,2025-12-06,2027-04-25,2025-12-07,16,0,good,333
INV_0001677,WH_001,WH_001_COOL_003,SKU_00077,BATCH_0001677,2026-05-16,2027-07-05,2026-05-19,14,0,good,404
INV_0001678,WH_001,WH_001_AMBIENT_090,SKU_00242,BATCH_0001678,2026-03-19,2027-03-19,2026-03-23,16,0,good,296
INV_0001679,WH_002,WH_002_COOL_195,SKU_00059,BATCH_0001679,2025-04-09,2027-03-14,2025-04-16,113,0,good,291
INV_0001680,WH_003,WH_003_COLD_149,SKU_00146,BATCH_0001680,2025-07-25,2026-07-25,2025-08-04,2,0,good,59
INV_0001681,WH_001,WH_001_COLD_023,SKU_00137,BATCH_0001681,2025-07-21,2026-07-21,2025-07-22,10,0,good,55
INV_0001682,WH_003,WH_003_AMBIENT_156,SKU_00166,BATCH_0001682,2025-09-21,2027-04-02,2025-09-28,46,7,good,310
INV_0001683,WH_001,WH_001_AMBIENT_131,SKU_00234,BATCH_0001683,2025-12-18,2026-12-18,2025-12-20,10,0,good,205
INV_0001684,WH_001,WH_001_COLD_034,SKU_00106,BATCH_0001684,2026-04-23,2027-01-29,2026-04-24,5,1,good,247
INV_0001685,WH_003,WH_003_AMBIENT_195,SKU_00073,BATCH_0001685,2026-02-06,2027-02-06,2026-02-08,130,0,good,255
INV_0001686,WH_003,WH_003_AMBIENT_133,SKU_00278,BATCH_0001686,2025-05-07,2027-06-08,2025-05-14,5,0,good,377
INV_0001687,WH_002,WH_002_AMBIENT_118,SKU_00135,BATCH_0001687,2026-04-09,2027-04-09,2026-04-21,211,0,good,317
INV_0001688,WH_002,WH_002_COOL_105,SKU_00088,BATCH_0001688,2025-08-08,2027-08-08,2025-08-12,1,0,good,438
INV_0001689,WH_001,WH_001_COLD_191,SKU_00300,BATCH_0001689,2026-02-02,2027-02-02,2026-02-15,31,0,good,251
INV_0001690,WH_003,WH_003_COOL_146,SKU_00211,BATCH_0001690,2025-05-23,2027-05-23,2025-05-26,6,0,good,361
INV_0001691,WH_003,WH_003_COOL_090,SKU_00211,BATCH_0001691,2026-01-25,2028-01-25,2026-01-31,6,1,good,608
INV_0001692,WH_001,WH_001_AMBIENT_103,SKU_00050,BATCH_0001692,2025-06-11,2026-07-18,2025-06-21,64,0,good,52
INV_0001693,WH_001,WH_001_AMBIENT_193,SKU_00008,BATCH_0001693,2026-01-05,2027-01-05,2026-01-11,68,7,good,223
INV_0001694,WH_002,WH_002_COOL_131,SKU_00261,BATCH_0001694,2025-10-20,2026-11-04,2025-10-23,11,0,good,161
INV_0001695,WH_003,WH_003_AMBIENT_149,SKU_00028,BATCH_0001695,2026-03-04,2027-07-20,2026-03-12,6,0,good,419
INV_0001696,WH_001,WH_001_COOL_061,SKU_00139,BATCH_0001696,2026-02-01,2028-02-01,2026-02-03,4,0,good,615
INV_0001697,WH_003,WH_003_AMBIENT_023,SKU_00100,BATCH_0001697,2024-02-03,2026-09-18,2024-02-07,3,0,good,114
INV_0001698,WH_002,WH_002_COLD_022,SKU_00209,BATCH_0001698,2026-03-05,2026-10-14,2026-03-11,15,0,good,140
INV_0001699,WH_002,WH_002_AMBIENT_080,SKU_00094,BATCH_0001699,2025-11-20,2028-02-12,2025-11-22,29,0,good,626
INV_0001700,WH_001,WH_001_AMBIENT_038,SKU_00075,BATCH_0001700,2025-10-30,2026-10-30,2025-11-08,37,1,good,156
INV_0001701,WH_001,WH_001_FROZEN_185,SKU_00287,BATCH_0001701,2025-12-16,2027-12-16,2025-12-18,8,0,good,568
INV_0001702,WH_003,WH_003_AMBIENT_063,SKU_00234,BATCH_0001702,2026-05-22,2027-05-22,2026-05-24,59,15,good,360
INV_0001703,WH_001,WH_001_COLD_081,SKU_00146,BATCH_0001703,2026-02-07,2027-02-07,2026-02-20,11,0,good,256
INV_0001704,WH_001,WH_001_AMBIENT_185,SKU_00263,BATCH_0001704,2024-10-16,2026-08-04,2024-10-24,12,0,good,69
INV_0001705,WH_001,WH_001_AMBIENT_138,SKU_00286,BATCH_0001705,2025-06-15,2027-05-02,2025-06-21,29,6,good,340
INV_0001706,WH_003,WH_003_COLD_177,SKU_00231,BATCH_0001706,2025-12-16,2026-12-16,2025-12-22,19,0,good,203
INV_0001707,WH_003,WH_003_COLD_033,SKU_00204,BATCH_0001707,2025-11-09,2026-11-04,2025-11-13,3,0,good,161
INV_0001708,WH_002,WH_002_COOL_090,SKU_00151,BATCH_0001708,2025-12-02,2027-06-08,2025-12-06,23,3,good,377
INV_0001709,WH_001,WH_001_AMBIENT_172,SKU_00233,BATCH_0001709,2025-02-07,2026-09-19,2025-02-14,25,0,good,115
INV_0001710,WH_003,WH_003_COOL_061,SKU_00184,BATCH_0001710,2024-11-24,2026-08-05,2024-11-30,5,0,good,70
INV_0001711,WH_003,WH_003_COLD_185,SKU_00039,BATCH_0001711,2025-11-12,2026-11-12,2025-11-21,77,0,good,169
INV_0001712,WH_001,WH_001_FROZEN_155,SKU_00287,BATCH_0001712,2025-11-01,2027-11-01,2025-11-06,69,0,good,523
INV_0001713,WH_002,WH_002_COOL_187,SKU_00266,BATCH_0001713,2025-08-22,2027-04-20,2025-08-25,24,0,good,328
INV_0001714,WH_001,WH_001_AMBIENT_199,SKU_00200,BATCH_0001714,2025-09-30,2027-05-26,2025-10-09,20,3,good,364
INV_0001715,WH_002,WH_002_COOL_127,SKU_00227,BATCH_0001715,2025-08-18,2027-08-18,2025-08-25,14,4,good,448
INV_0001716,WH_002,WH_002_COLD_087,SKU_00199,BATCH_0001716,2025-08-04,2026-08-04,2025-08-12,23,0,good,69
INV_0001717,WH_003,WH_003_COLD_007,SKU_00251,BATCH_0001717,2026-05-08,2027-05-08,2026-05-20,20,0,good,346
INV_0001718,WH_001,WH_001_AMBIENT_071,SKU_00268,BATCH_0001718,2025-10-10,2026-10-10,2025-10-19,1,0,good,136
INV_0001719,WH_003,WH_003_COOL_043,SKU_00064,BATCH_0001719,2024-12-19,2026-12-19,2024-12-27,28,0,good,206
INV_0001720,WH_001,WH_001_COOL_098,SKU_00088,BATCH_0001720,2025-03-01,2027-03-01,2025-03-02,53,0,good,278
INV_0001721,WH_003,WH_003_COLD_191,SKU_00137,BATCH_0001721,2025-09-17,2026-09-17,2025-09-18,46,0,good,113
INV_0001722,WH_001,WH_001_AMBIENT_177,SKU_00067,BATCH_0001722,2024-12-31,2027-01-06,2025-01-01,50,0,good,224
INV_0001723,WH_001,WH_001_AMBIENT_016,SKU_00018,BATCH_0001723,2025-11-18,2027-03-20,2025-11-25,22,0,good,297
INV_0001724,WH_003,WH_003_AMBIENT_159,SKU_00225,BATCH_0001724,2026-03-14,2027-03-16,2026-03-20,23,0,good,293
INV_0001725,WH_002,WH_002_AMBIENT_190,SKU_00267,BATCH_0001725,2026-03-04,2028-03-15,2026-03-05,82,0,good,658
INV_0001726,WH_002,WH_002_COOL_176,SKU_00145,BATCH_0001726,2025-05-29,2026-09-19,2025-06-03,181,0,good,115
INV_0001727,WH_002,WH_002_COLD_108,SKU_00085,BATCH_0001727,2026-04-20,2027-04-20,2026-04-24,26,0,good,328
INV_0001728,WH_002,WH_002_COOL_078,SKU_00207,BATCH_0001728,2026-03-25,2027-03-31,2026-04-07,20,0,good,308
INV_0001729,WH_001,WH_001_COLD_088,SKU_00228,BATCH_0001729,2025-12-19,2026-10-16,2025-12-29,79,0,good,142
INV_0001730,WH_002,WH_002_AMBIENT_175,SKU_00071,BATCH_0001730,2025-09-22,2028-07-02,2025-09-27,13,1,good,767
INV_0001731,WH_001,WH_001_AMBIENT_085,SKU_00268,BATCH_0001731,2026-05-20,2027-05-20,2026-05-21,31,0,good,358
INV_0001732,WH_002,WH_002_COLD_115,SKU_00047,BATCH_0001732,2025-08-11,2026-07-02,2025-08-22,80,0,good,36
INV_0001733,WH_003,WH_003_AMBIENT_190,SKU_00160,BATCH_0001733,2024-10-15,2026-09-13,2024-10-16,32,0,good,109
INV_0001734,WH_001,WH_001_AMBIENT_179,SKU_00066,BATCH_0001734,2025-07-10,2026-12-23,2025-07-14,9,3,good,210
INV_0001735,WH_003,WH_003_AMBIENT_007,SKU_00168,BATCH_0001735,2026-03-21,2027-03-21,2026-03-26,47,0,good,298
INV_0001736,WH_002,WH_002_AMBIENT_003,SKU_00297,BATCH_0001736,2025-12-24,2027-07-12,2025-12-25,24,0,good,411
INV_0001737,WH_003,WH_003_COLD_199,SKU_00252,BATCH_0001737,2025-09-19,2026-09-19,2025-09-21,27,0,good,115
INV_0001738,WH_003,WH_003_COLD_189,SKU_00068,BATCH_0001738,2026-05-15,2027-05-15,2026-05-21,5,1,good,353
INV_0001739,WH_002,WH_002_FROZEN_040,SKU_00171,BATCH_0001739,2025-05-01,2027-04-11,2025-05-12,167,0,good,319
INV_0001740,WH_001,WH_001_AMBIENT_080,SKU_00279,BATCH_0001740,2026-04-04,2029-01-31,2026-04-12,1,0,good,980
INV_0001741,WH_003,WH_003_COOL_135,SKU_00138,BATCH_0001741,2024-10-23,2026-09-02,2024-10-30,8,0,good,98
INV_0001742,WH_001,WH_001_COOL_061,SKU_00220,BATCH_0001742,2026-05-19,2027-01-17,2026-05-27,20,8,good,235
INV_0001743,WH_002,WH_002_COLD_167,SKU_00204,BATCH_0001743,2025-08-22,2026-08-17,2025-09-03,99,0,good,82
INV_0001744,WH_002,WH_002_AMBIENT_196,SKU_00153,BATCH_0001744,2026-02-09,2027-02-15,2026-02-15,5,1,good,264
INV_0001745,WH_001,WH_001_AMBIENT_184,SKU_00232,BATCH_0001745,2025-07-24,2027-04-12,2025-08-06,35,0,good,320
INV_0001746,WH_001,WH_001_AMBIENT_133,SKU_00066,BATCH_0001746,2026-04-03,2027-09-16,2026-04-13,19,0,good,477
INV_0001747,WH_002,WH_002_AMBIENT_073,SKU_00098,BATCH_0001747,2025-11-01,2028-06-04,2025-11-02,41,0,good,739
INV_0001748,WH_002,WH_002_AMBIENT_163,SKU_00083,BATCH_0001748,2026-05-11,2027-05-11,2026-05-19,14,0,good,349
INV_0001749,WH_003,WH_003_COOL_045,SKU_00162,BATCH_0001749,2024-10-03,2026-10-03,2024-10-16,6,1,good,129
INV_0001750,WH_002,WH_002_AMBIENT_023,SKU_00180,BATCH_0001750,2026-05-03,2027-05-03,2026-05-09,6,2,good,341
INV_0001751,WH_002,WH_002_COLD_040,SKU_00037,BATCH_0001751,2026-03-27,2027-03-27,2026-04-01,7,0,good,304
INV_0001752,WH_001,WH_001_COOL_154,SKU_00261,BATCH_0001752,2025-07-07,2026-07-22,2025-07-16,7,0,good,56
INV_0001753,WH_003,WH_003_AMBIENT_184,SKU_00018,BATCH_0001753,2026-05-21,2027-09-20,2026-05-22,64,0,good,481
INV_0001754,WH_003,WH_003_FROZEN_136,SKU_00007,BATCH_0001754,2025-12-17,2026-06-28,2025-12-26,5,0,good,32
INV_0001755,WH_003,WH_003_COOL_190,SKU_00041,BATCH_0001755,2026-02-03,2027-08-03,2026-02-09,19,0,good,433
INV_0001756,WH_001,WH_001_AMBIENT_150,SKU_00116,BATCH_0001756,2024-09-13,2027-04-21,2024-09-18,4,0,good,329
INV_0001757,WH_001,WH_001_COOL_077,SKU_00181,BATCH_0001757,2026-01-31,2027-02-06,2026-02-06,73,0,good,255
INV_0001758,WH_001,WH_001_COOL_048,SKU_00273,BATCH_0001758,2025-06-23,2027-01-31,2025-07-04,11,0,good,249
INV_0001759,WH_001,WH_001_COLD_077,SKU_00137,BATCH_0001759,2025-10-28,2026-10-28,2025-11-02,23,3,good,154
INV_0001760,WH_003,WH_003_COLD_034,SKU_00134,BATCH_0001760,2026-01-31,2027-01-31,2026-02-07,42,0,good,249
INV_0001761,WH_002,WH_002_COLD_024,SKU_00136,BATCH_0001761,2026-01-09,2026-10-08,2026-01-21,21,0,good,134
INV_0001762,WH_002,WH_002_COOL_118,SKU_00044,BATCH_0001762,2025-06-23,2027-05-06,2025-06-25,25,0,good,344
INV_0001763,WH_001,WH_001_AMBIENT_095,SKU_00234,BATCH_0001763,2025-12-25,2026-12-25,2026-01-05,4,0,good,212
INV_0001764,WH_003,WH_003_COOL_006,SKU_00089,BATCH_0001764,2025-12-20,2027-03-20,2025-12-30,16,0,good,297
INV_0001765,WH_001,WH_001_AMBIENT_150,SKU_00239,BATCH_0001765,2026-04-10,2027-04-10,2026-04-13,17,1,good,318
INV_0001766,WH_002,WH_002_COOL_103,SKU_00139,BATCH_0001766,2025-08-25,2027-08-25,2025-09-05,18,0,good,455
INV_0001767,WH_002,WH_002_COLD_114,SKU_00134,BATCH_0001767,2025-08-22,2026-08-22,2025-08-30,77,2,good,87
INV_0001768,WH_001,WH_001_COOL_152,SKU_00093,BATCH_0001768,2024-08-14,2026-08-14,2024-08-17,92,2,good,79
INV_0001769,WH_003,WH_003_COOL_031,SKU_00059,BATCH_0001769,2024-12-03,2026-11-07,2024-12-14,26,0,good,164
INV_0001770,WH_002,WH_002_AMBIENT_012,SKU_00098,BATCH_0001770,2024-10-10,2027-05-14,2024-10-17,315,0,good,352
INV_0001771,WH_003,WH_003_COOL_141,SKU_00140,BATCH_0001771,2025-11-12,2026-08-20,2025-11-19,13,0,good,85
INV_0001772,WH_003,WH_003_AMBIENT_161,SKU_00258,BATCH_0001772,2026-05-02,2027-09-11,2026-05-13,42,9,good,472
INV_0001773,WH_001,WH_001_AMBIENT_038,SKU_00288,BATCH_0001773,2024-12-18,2027-01-07,2024-12-21,51,4,good,225
INV_0001774,WH_002,WH_002_AMBIENT_092,SKU_00107,BATCH_0001774,2025-10-30,2026-10-30,2025-11-06,137,0,good,156
INV_0001775,WH_002,WH_002_AMBIENT_112,SKU_00179,BATCH_0001775,2025-08-11,2026-08-11,2025-08-24,18,0,good,76
INV_0001776,WH_002,WH_002_AMBIENT_133,SKU_00159,BATCH_0001776,2026-03-17,2027-03-17,2026-03-25,180,0,good,294
INV_0001777,WH_003,WH_003_FROZEN_037,SKU_00296,BATCH_0001777,2026-05-08,2028-05-07,2026-05-09,1,0,good,711
INV_0001778,WH_001,WH_001_COOL_044,SKU_00227,BATCH_0001778,2025-11-30,2027-11-30,2025-12-07,424,0,good,552
INV_0001779,WH_003,WH_003_AMBIENT_083,SKU_00262,BATCH_0001779,2025-11-12,2027-05-25,2025-11-19,10,0,good,363
INV_0001780,WH_002,WH_002_AMBIENT_164,SKU_00180,BATCH_0001780,2026-04-19,2027-04-19,2026-04-25,28,7,good,327
INV_0001781,WH_003,WH_003_COLD_142,SKU_00202,BATCH_0001781,2026-01-28,2026-06-19,2026-02-01,23,0,near_expiry,23
INV_0001782,WH_003,WH_003_COOL_062,SKU_00275,BATCH_0001782,2024-12-13,2026-12-13,2024-12-22,12,1,good,200
INV_0001783,WH_001,WH_001_AMBIENT_007,SKU_00071,BATCH_0001783,2025-11-23,2028-09-02,2025-12-02,330,0,good,829
INV_0001784,WH_001,WH_001_AMBIENT_020,SKU_00062,BATCH_0001784,2025-07-25,2027-07-16,2025-07-29,84,11,good,415
INV_0001785,WH_001,WH_001_AMBIENT_200,SKU_00267,BATCH_0001785,2025-11-03,2027-11-15,2025-11-10,71,8,good,537
INV_0001786,WH_001,WH_001_AMBIENT_180,SKU_00285,BATCH_0001786,2025-11-18,2026-11-18,2025-11-25,3,0,good,175
INV_0001787,WH_002,WH_002_COOL_034,SKU_00245,BATCH_0001787,2026-03-31,2027-08-26,2026-04-03,34,0,good,456
INV_0001788,WH_003,WH_003_AMBIENT_102,SKU_00274,BATCH_0001788,2026-01-30,2027-01-30,2026-02-11,211,0,good,248
INV_0001789,WH_001,WH_001_COOL_106,SKU_00138,BATCH_0001789,2025-12-27,2027-11-06,2026-01-08,2,0,good,528
INV_0001790,WH_003,WH_003_COOL_126,SKU_00128,BATCH_0001790,2024-11-30,2026-11-30,2024-12-10,149,0,good,187
INV_0001791,WH_001,WH_001_COOL_145,SKU_00175,BATCH_0001791,2025-08-21,2026-08-07,2025-08-22,47,0,good,72
INV_0001792,WH_001,WH_001_AMBIENT_109,SKU_00095,BATCH_0001792,2025-05-26,2027-09-13,2025-05-29,16,0,good,474
INV_0001793,WH_001,WH_001_COLD_028,SKU_00199,BATCH_0001793,2025-08-26,2026-08-26,2025-09-05,79,0,good,91
INV_0001794,WH_003,WH_003_AMBIENT_097,SKU_00165,BATCH_0001794,2025-12-29,2027-03-05,2025-12-31,18,0,good,282
INV_0001795,WH_002,WH_002_COOL_081,SKU_00138,BATCH_0001795,2026-04-04,2028-02-12,2026-04-17,1,0,good,626
INV_0001796,WH_003,WH_003_AMBIENT_171,SKU_00030,BATCH_0001796,2025-04-02,2027-08-13,2025-04-05,8,0,good,443
INV_0001797,WH_003,WH_003_COOL_031,SKU_00087,BATCH_0001797,2024-08-31,2026-08-31,2024-09-11,17,5,good,96
INV_0001798,WH_001,WH_001_COOL_016,SKU_00086,BATCH_0001798,2025-03-10,2027-03-10,2025-03-12,8,0,good,287
INV_0001799,WH_001,WH_001_COOL_044,SKU_00167,BATCH_0001799,2026-03-13,2026-09-18,2026-03-18,20,0,good,114
INV_0001800,WH_001,WH_001_AMBIENT_164,SKU_00049,BATCH_0001800,2026-03-10,2027-04-26,2026-03-17,12,0,good,334
INV_0001801,WH_002,WH_002_AMBIENT_069,SKU_00073,BATCH_0001801,2025-07-26,2026-07-26,2025-08-01,4,0,good,60
INV_0001802,WH_002,WH_002_AMBIENT_095,SKU_00075,BATCH_0001802,2025-09-20,2026-09-20,2025-09-23,57,0,good,116
INV_0001803,WH_003,WH_003_COOL_112,SKU_00273,BATCH_0001803,2026-01-26,2027-09-05,2026-02-03,41,0,good,466
INV_0001804,WH_001,WH_001_AMBIENT_187,SKU_00195,BATCH_0001804,2025-08-05,2027-11-05,2025-08-16,42,0,good,527
INV_0001805,WH_002,WH_002_COOL_200,SKU_00041,BATCH_0001805,2025-10-09,2027-04-08,2025-10-21,221,0,good,316
INV_0001806,WH_003,WH_003_COLD_163,SKU_00209,BATCH_0001806,2026-03-10,2026-10-19,2026-03-15,20,1,good,145
INV_0001807,WH_003,WH_003_AMBIENT_049,SKU_00236,BATCH_0001807,2025-12-02,2027-03-21,2025-12-04,4,0,good,298
INV_0001808,WH_001,WH_001_AMBIENT_167,SKU_00028,BATCH_0001808,2025-06-11,2026-10-27,2025-06-19,10,3,good,153
INV_0001809,WH_002,WH_002_AMBIENT_097,SKU_00120,BATCH_0001809,2025-06-19,2026-09-27,2025-06-22,5,0,good,123
INV_0001810,WH_003,WH_003_COOL_071,SKU_00220,BATCH_0001810,2026-05-11,2027-01-09,2026-05-24,378,0,good,227
INV_0001811,WH_001,WH_001_AMBIENT_184,SKU_00013,BATCH_0001811,2026-03-03,2028-12-26,2026-03-14,4,0,good,944
INV_0001812,WH_001,WH_001_AMBIENT_100,SKU_00214,BATCH_0001812,2026-01-07,2028-04-10,2026-01-16,21,2,good,684
INV_0001813,WH_001,WH_001_COLD_158,SKU_00196,BATCH_0001813,2026-02-16,2026-09-06,2026-02-18,17,0,good,102
INV_0001814,WH_003,WH_003_AMBIENT_097,SKU_00143,BATCH_0001814,2025-09-13,2026-09-13,2025-09-18,27,0,good,109
INV_0001815,WH_001,WH_001_FROZEN_037,SKU_00216,BATCH_0001815,2026-04-18,2028-02-21,2026-04-22,13,0,good,635
INV_0001816,WH_003,WH_003_AMBIENT_153,SKU_00157,BATCH_0001816,2025-08-02,2026-08-02,2025-08-08,21,0,good,67
INV_0001817,WH_003,WH_003_AMBIENT_146,SKU_00158,BATCH_0001817,2025-03-11,2026-12-07,2025-03-22,95,0,good,194
INV_0001818,WH_003,WH_003_COOL_193,SKU_00064,BATCH_0001818,2024-09-05,2026-09-05,2024-09-15,9,0,good,101
INV_0001819,WH_001,WH_001_AMBIENT_197,SKU_00081,BATCH_0001819,2025-10-21,2027-04-25,2025-10-27,33,9,good,333
INV_0001820,WH_003,WH_003_COLD_134,SKU_00085,BATCH_0001820,2025-10-04,2026-10-04,2025-10-16,2,0,good,130
INV_0001821,WH_002,WH_002_AMBIENT_178,SKU_00078,BATCH_0001821,2025-04-27,2027-09-18,2025-05-07,98,0,good,479
INV_0001822,WH_001,WH_001_COOL_171,SKU_00161,BATCH_0001822,2025-03-05,2026-10-18,2025-03-09,10,0,good,144
INV_0001823,WH_001,WH_001_AMBIENT_136,SKU_00221,BATCH_0001823,2026-04-04,2027-04-04,2026-04-05,118,31,good,312
INV_0001824,WH_003,WH_003_AMBIENT_151,SKU_00190,BATCH_0001824,2025-09-17,2027-05-27,2025-09-24,283,0,good,365
INV_0001825,WH_001,WH_001_AMBIENT_073,SKU_00076,BATCH_0001825,2024-11-02,2027-01-12,2024-11-12,58,0,good,230
INV_0001826,WH_003,WH_003_AMBIENT_046,SKU_00097,BATCH_0001826,2025-04-18,2027-07-19,2025-05-01,33,0,good,418
INV_0001827,WH_002,WH_002_COLD_054,SKU_00204,BATCH_0001827,2026-01-19,2027-01-14,2026-01-21,13,0,good,232
INV_0001828,WH_002,WH_002_COOL_078,SKU_00087,BATCH_0001828,2025-06-02,2027-06-02,2025-06-06,31,0,good,371
INV_0001829,WH_001,WH_001_COOL_115,SKU_00033,BATCH_0001829,2026-03-22,2027-05-27,2026-04-04,75,0,good,365
INV_0001830,WH_003,WH_003_AMBIENT_023,SKU_00075,BATCH_0001830,2025-08-03,2026-08-03,2025-08-13,17,0,good,68
INV_0001831,WH_003,WH_003_AMBIENT_146,SKU_00098,BATCH_0001831,2026-02-28,2028-10-01,2026-03-08,5,0,good,858
INV_0001832,WH_002,WH_002_AMBIENT_069,SKU_00235,BATCH_0001832,2025-10-27,2026-10-27,2025-11-09,5,1,good,153
INV_0001833,WH_003,WH_003_AMBIENT_123,SKU_00225,BATCH_0001833,2026-03-12,2027-03-14,2026-03-14,35,5,good,291
INV_0001834,WH_003,WH_003_AMBIENT_100,SKU_00055,BATCH_0001834,2025-06-19,2026-10-23,2025-06-21,6,0,good,149
INV_0001835,WH_002,WH_002_COLD_107,SKU_00068,BATCH_0001835,2025-12-30,2026-12-30,2026-01-11,14,0,good,217
INV_0001836,WH_002,WH_002_AMBIENT_173,SKU_00160,BATCH_0001836,2025-03-16,2027-02-12,2025-03-23,7,0,good,261
INV_0001837,WH_003,WH_003_COLD_028,SKU_00196,BATCH_0001837,2026-04-17,2026-11-05,2026-04-25,9,0,good,162
INV_0001838,WH_001,WH_001_COOL_025,SKU_00041,BATCH_0001838,2025-10-09,2027-04-08,2025-10-14,19,1,good,316
INV_0001839,WH_002,WH_002_AMBIENT_198,SKU_00176,BATCH_0001839,2026-01-01,2027-01-01,2026-01-09,2,0,good,219
INV_0001840,WH_001,WH_001_AMBIENT_088,SKU_00061,BATCH_0001840,2025-04-30,2027-10-04,2025-05-04,93,0,good,495
INV_0001841,WH_003,WH_003_COLD_086,SKU_00256,BATCH_0001841,2025-12-25,2026-12-25,2025-12-26,27,0,good,212
INV_0001842,WH_003,WH_003_AMBIENT_194,SKU_00285,BATCH_0001842,2026-04-15,2027-04-15,2026-04-22,4,0,good,323
INV_0001843,WH_003,WH_003_COLD_067,SKU_00209,BATCH_0001843,2026-02-22,2026-10-03,2026-02-26,16,0,good,129
INV_0001844,WH_002,WH_002_AMBIENT_126,SKU_00265,BATCH_0001844,2026-01-18,2028-04-15,2026-01-24,44,6,good,689
INV_0001845,WH_002,WH_002_COLD_113,SKU_00256,BATCH_0001845,2025-10-29,2026-10-29,2025-11-11,44,0,good,155
INV_0001846,WH_001,WH_001_COLD_174,SKU_00136,BATCH_0001846,2025-10-16,2026-07-15,2025-10-17,6,0,good,49
INV_0001847,WH_001,WH_001_COLD_021,SKU_00054,BATCH_0001847,2026-01-15,2027-01-15,2026-01-20,5,0,good,233
INV_0001848,WH_002,WH_002_COLD_070,SKU_00037,BATCH_0001848,2025-11-13,2026-11-13,2025-11-22,48,0,good,170
INV_0001849,WH_003,WH_003_AMBIENT_175,SKU_00297,BATCH_0001849,2025-10-21,2027-05-09,2025-10-27,35,0,good,347
INV_0001850,WH_002,WH_002_COLD_158,SKU_00136,BATCH_0001850,2026-02-06,2026-11-05,2026-02-13,18,0,good,162
INV_0001851,WH_001,WH_001_AMBIENT_050,SKU_00083,BATCH_0001851,2026-01-20,2027-01-20,2026-01-25,19,0,good,238
INV_0001852,WH_003,WH_003_AMBIENT_186,SKU_00122,BATCH_0001852,2025-07-31,2028-05-18,2025-08-04,22,0,good,722
INV_0001853,WH_001,WH_001_COOL_019,SKU_00220,BATCH_0001853,2026-02-02,2026-10-03,2026-02-06,34,0,good,129
INV_0001854,WH_003,WH_003_AMBIENT_126,SKU_00277,BATCH_0001854,2025-06-02,2027-05-16,2025-06-07,10,0,good,354
INV_0001855,WH_001,WH_001_COOL_131,SKU_00089,BATCH_0001855,2025-06-26,2026-09-24,2025-07-08,25,0,good,120
INV_0001856,WH_002,WH_002_AMBIENT_029,SKU_00159,BATCH_0001856,2025-12-18,2026-12-18,2025-12-24,3,0,good,205
INV_0001857,WH_001,WH_001_AMBIENT_089,SKU_00195,BATCH_0001857,2026-03-23,2028-06-22,2026-04-04,67,12,good,757
INV_0001858,WH_002,WH_002_COOL_036,SKU_00031,BATCH_0001858,2026-01-14,2027-07-30,2026-01-25,23,0,good,429
INV_0001859,WH_001,WH_001_AMBIENT_071,SKU_00009,BATCH_0001859,2025-07-20,2027-08-03,2025-08-02,20,0,good,433
INV_0001860,WH_003,WH_003_COLD_020,SKU_00053,BATCH_0001860,2026-02-21,2026-10-07,2026-02-23,13,0,good,133
INV_0001861,WH_002,WH_002_AMBIENT_070,SKU_00233,BATCH_0001861,2025-10-07,2027-05-19,2025-10-08,20,0,good,357
INV_0001862,WH_003,WH_003_COOL_014,SKU_00015,BATCH_0001862,2025-10-01,2027-06-21,2025-10-02,24,0,good,390
INV_0001863,WH_001,WH_001_AMBIENT_180,SKU_00107,BATCH_0001863,2026-05-17,2027-05-17,2026-05-24,42,0,good,355
INV_0001864,WH_002,WH_002_COOL_143,SKU_00219,BATCH_0001864,2026-02-12,2027-11-16,2026-02-23,8,0,good,538
INV_0001865,WH_003,WH_003_AMBIENT_062,SKU_00005,BATCH_0001865,2025-02-27,2027-04-10,2025-03-10,16,0,good,318
INV_0001866,WH_003,WH_003_AMBIENT_019,SKU_00156,BATCH_0001866,2025-07-05,2027-12-08,2025-07-11,33,0,good,560
INV_0001867,WH_003,WH_003_AMBIENT_121,SKU_00098,BATCH_0001867,2024-08-01,2027-03-05,2024-08-10,11,1,good,282
INV_0001868,WH_002,WH_002_AMBIENT_171,SKU_00107,BATCH_0001868,2025-12-31,2026-12-31,2026-01-07,6,0,good,218
INV_0001869,WH_001,WH_001_COOL_073,SKU_00087,BATCH_0001869,2025-10-13,2027-10-13,2025-10-22,56,0,good,504
INV_0001870,WH_003,WH_003_COOL_036,SKU_00244,BATCH_0001870,2025-02-12,2026-09-15,2025-02-15,15,0,good,111
INV_0001871,WH_003,WH_003_AMBIENT_144,SKU_00153,BATCH_0001871,2025-10-28,2026-11-03,2025-11-10,1,0,good,160
INV_0001872,WH_002,WH_002_COOL_157,SKU_00208,BATCH_0001872,2025-06-05,2027-06-05,2025-06-08,43,0,good,374
INV_0001873,WH_002,WH_002_AMBIENT_113,SKU_00132,BATCH_0001873,2025-09-27,2026-09-27,2025-09-28,4,0,good,123
INV_0001874,WH_001,WH_001_AMBIENT_010,SKU_00036,BATCH_0001874,2026-05-07,2027-08-08,2026-05-19,2,0,good,438
INV_0001875,WH_003,WH_003_AMBIENT_140,SKU_00102,BATCH_0001875,2024-03-30,2026-09-14,2024-04-06,150,0,good,110
INV_0001876,WH_002,WH_002_COLD_067,SKU_00137,BATCH_0001876,2026-05-22,2027-05-22,2026-05-28,48,0,good,360
INV_0001877,WH_003,WH_003_AMBIENT_026,SKU_00168,BATCH_0001877,2026-01-18,2027-01-18,2026-01-22,13,0,good,236
INV_0001878,WH_003,WH_003_AMBIENT_066,SKU_00147,BATCH_0001878,2025-04-16,2028-01-13,2025-04-18,78,0,good,596
INV_0001879,WH_002,WH_002_AMBIENT_096,SKU_00152,BATCH_0001879,2024-12-15,2026-08-07,2024-12-22,38,0,good,72
INV_0001880,WH_003,WH_003_COLD_151,SKU_00252,BATCH_0001880,2026-05-11,2027-05-11,2026-05-13,3,1,good,349
INV_0001881,WH_002,WH_002_AMBIENT_070,SKU_00034,BATCH_0001881,2026-03-07,2027-05-02,2026-03-18,18,0,good,340
INV_0001882,WH_002,WH_002_COOL_144,SKU_00117,BATCH_0001882,2025-06-30,2027-01-13,2025-07-11,4,0,good,231
INV_0001883,WH_003,WH_003_COLD_132,SKU_00164,BATCH_0001883,2025-10-12,2026-10-12,2025-10-22,25,0,good,138
INV_0001884,WH_002,WH_002_AMBIENT_125,SKU_00091,BATCH_0001884,2025-10-25,2028-05-27,2025-11-01,33,0,good,731
INV_0001885,WH_001,WH_001_COOL_157,SKU_00184,BATCH_0001885,2025-12-16,2027-08-27,2025-12-27,17,0,good,457
INV_0001886,WH_001,WH_001_AMBIENT_131,SKU_00173,BATCH_0001886,2025-03-15,2027-02-25,2025-03-24,39,12,good,274
INV_0001887,WH_002,WH_002_COLD_161,SKU_00231,BATCH_0001887,2026-01-04,2027-01-04,2026-01-16,23,0,good,222
INV_0001888,WH_003,WH_003_COLD_021,SKU_00202,BATCH_0001888,2026-03-17,2026-08-06,2026-03-18,4,0,good,71
INV_0001889,WH_003,WH_003_AMBIENT_006,SKU_00036,BATCH_0001889,2025-11-09,2027-02-10,2025-11-14,65,17,good,259
INV_0001890,WH_002,WH_002_COOL_076,SKU_00059,BATCH_0001890,2026-04-09,2028-03-13,2026-04-18,5,0,good,656
INV_0001891,WH_002,WH_002_AMBIENT_049,SKU_00081,BATCH_0001891,2025-01-27,2026-08-01,2025-02-04,10,2,good,66
INV_0001892,WH_003,WH_003_AMBIENT_057,SKU_00080,BATCH_0001892,2025-05-26,2027-10-10,2025-06-05,155,0,good,501
INV_0001893,WH_002,WH_002_AMBIENT_048,SKU_00084,BATCH_0001893,2026-05-16,2027-05-16,2026-05-21,20,0,good,354
INV_0001894,WH_001,WH_001_AMBIENT_167,SKU_00262,BATCH_0001894,2025-09-29,2027-04-11,2025-10-11,21,5,good,319
INV_0001895,WH_001,WH_001_AMBIENT_044,SKU_00104,BATCH_0001895,2025-11-02,2027-12-22,2025-11-13,51,0,good,574
INV_0001896,WH_001,WH_001_COOL_119,SKU_00272,BATCH_0001896,2025-10-29,2026-08-21,2025-11-06,22,5,good,86
INV_0001897,WH_002,WH_002_COOL_051,SKU_00226,BATCH_0001897,2025-01-29,2027-01-29,2025-02-06,4,0,good,247
INV_0001898,WH_001,WH_001_COLD_194,SKU_00182,BATCH_0001898,2026-05-26,2027-02-02,2026-05-29,35,0,good,251
INV_0001899,WH_002,WH_002_COOL_131,SKU_00072,BATCH_0001899,2025-07-04,2027-07-04,2025-07-07,1,0,good,403
INV_0001900,WH_003,WH_003_AMBIENT_173,SKU_00255,BATCH_0001900,2026-05-08,2027-05-25,2026-05-20,87,0,good,363
INV_0001901,WH_001,WH_001_AMBIENT_046,SKU_00067,BATCH_0001901,2024-10-18,2026-10-24,2024-10-23,4,0,good,150
INV_0001902,WH_003,WH_003_AMBIENT_184,SKU_00118,BATCH_0001902,2026-04-23,2027-04-23,2026-04-28,45,0,good,331
INV_0001903,WH_003,WH_003_AMBIENT_166,SKU_00113,BATCH_0001903,2025-12-05,2026-12-05,2025-12-09,9,0,good,192
INV_0001904,WH_001,WH_001_AMBIENT_200,SKU_00188,BATCH_0001904,2026-01-28,2027-01-28,2026-02-09,57,0,good,246
INV_0001905,WH_001,WH_001_AMBIENT_063,SKU_00114,BATCH_0001905,2025-10-29,2028-03-19,2025-11-11,15,0,good,662
INV_0001906,WH_001,WH_001_COOL_007,SKU_00064,BATCH_0001906,2025-06-10,2027-06-10,2025-06-18,114,0,good,379
INV_0001907,WH_001,WH_001_COLD_046,SKU_00110,BATCH_0001907,2026-02-19,2026-09-29,2026-02-28,38,0,good,125
INV_0001908,WH_003,WH_003_AMBIENT_186,SKU_00232,BATCH_0001908,2025-08-23,2027-05-12,2025-08-27,16,0,good,350
INV_0001909,WH_001,WH_001_COOL_017,SKU_00043,BATCH_0001909,2024-10-15,2026-10-15,2024-10-27,16,5,good,141
INV_0001910,WH_002,WH_002_COLD_046,SKU_00054,BATCH_0001910,2026-04-18,2027-04-18,2026-04-21,58,0,good,326
INV_0001911,WH_002,WH_002_AMBIENT_166,SKU_00061,BATCH_0001911,2024-06-29,2026-12-03,2024-07-07,13,2,good,190
INV_0001912,WH_003,WH_003_AMBIENT_156,SKU_00265,BATCH_0001912,2024-10-19,2027-01-15,2024-10-29,27,0,good,233
INV_0001913,WH_002,WH_002_COOL_089,SKU_00161,BATCH_0001913,2025-02-23,2026-10-08,2025-03-08,0,0,good,134
INV_0001914,WH_003,WH_003_COOL_142,SKU_00227,BATCH_0001914,2025-02-16,2027-02-16,2025-02-25,25,2,good,265
INV_0001915,WH_001,WH_001_AMBIENT_130,SKU_00001,BATCH_0001915,2025-05-03,2026-12-03,2025-05-06,26,0,good,190
INV_0001916,WH_001,WH_001_COLD_114,SKU_00256,BATCH_0001916,2026-03-19,2027-03-19,2026-03-30,18,0,good,296
INV_0001917,WH_001,WH_001_AMBIENT_102,SKU_00057,BATCH_0001917,2025-08-16,2028-01-29,2025-08-28,34,0,good,612
INV_0001918,WH_002,WH_002_COLD_179,SKU_00202,BATCH_0001918,2026-03-21,2026-08-10,2026-03-25,2,0,good,75
INV_0001919,WH_003,WH_003_COOL_165,SKU_00227,BATCH_0001919,2025-07-19,2027-07-19,2025-07-29,79,0,good,418
INV_0001920,WH_001,WH_001_AMBIENT_054,SKU_00185,BATCH_0001920,2025-07-10,2026-07-10,2025-07-19,3,0,good,44
INV_0001921,WH_002,WH_002_COOL_042,SKU_00211,BATCH_0001921,2025-09-03,2027-09-03,2025-09-15,31,4,good,464
INV_0001922,WH_001,WH_001_COLD_115,SKU_00047,BATCH_0001922,2025-10-03,2026-08-24,2025-10-14,6,0,good,89
INV_0001923,WH_003,WH_003_COOL_193,SKU_00133,BATCH_0001923,2025-02-15,2026-12-16,2025-02-19,6,0,good,203
INV_0001924,WH_001,WH_001_AMBIENT_193,SKU_00173,BATCH_0001924,2026-03-18,2028-02-28,2026-03-25,55,0,good,642
INV_0001925,WH_003,WH_003_AMBIENT_080,SKU_00286,BATCH_0001925,2026-05-08,2028-03-24,2026-05-17,23,0,good,667
INV_0001926,WH_002,WH_002_AMBIENT_101,SKU_00009,BATCH_0001926,2024-11-29,2026-12-13,2024-12-03,10,0,good,200
INV_0001927,WH_002,WH_002_COOL_117,SKU_00266,BATCH_0001927,2026-05-26,2028-01-22,2026-05-29,5,0,good,605
INV_0001928,WH_003,WH_003_AMBIENT_013,SKU_00176,BATCH_0001928,2025-07-26,2026-07-26,2025-07-28,22,7,good,60
INV_0001929,WH_001,WH_001_AMBIENT_076,SKU_00290,BATCH_0001929,2025-08-03,2026-12-21,2025-08-07,138,27,good,208
INV_0001930,WH_001,WH_001_AMBIENT_187,SKU_00277,BATCH_0001930,2025-03-06,2027-02-17,2025-03-07,114,0,good,266
INV_0001931,WH_002,WH_002_COLD_003,SKU_00146,BATCH_0001931,2026-04-22,2027-04-22,2026-05-05,17,0,good,330
INV_0001932,WH_001,WH_001_COLD_028,SKU_00085,BATCH_0001932,2025-08-20,2026-08-20,2025-08-21,6,0,good,85
INV_0001933,WH_001,WH_001_AMBIENT_034,SKU_00017,BATCH_0001933,2026-02-08,2028-01-14,2026-02-21,58,20,good,597
INV_0001934,WH_002,WH_002_AMBIENT_105,SKU_00107,BATCH_0001934,2026-02-27,2027-02-27,2026-03-09,68,0,good,276
INV_0001935,WH_002,WH_002_AMBIENT_164,SKU_00232,BATCH_0001935,2025-03-25,2026-12-12,2025-04-05,15,0,good,199
INV_0001936,WH_003,WH_003_AMBIENT_064,SKU_00050,BATCH_0001936,2026-01-25,2027-03-03,2026-01-31,45,0,good,280
INV_0001937,WH_002,WH_002_COOL_100,SKU_00222,BATCH_0001937,2025-12-08,2026-09-03,2025-12-17,5,0,good,99
INV_0001938,WH_003,WH_003_AMBIENT_079,SKU_00186,BATCH_0001938,2026-05-01,2028-06-12,2026-05-07,29,0,good,747
INV_0001939,WH_001,WH_001_AMBIENT_019,SKU_00067,BATCH_0001939,2024-10-02,2026-10-08,2024-10-13,4,0,good,134
INV_0001940,WH_002,WH_002_AMBIENT_190,SKU_00017,BATCH_0001940,2024-11-13,2026-10-19,2024-11-22,56,0,good,145
INV_0001941,WH_002,WH_002_FROZEN_142,SKU_00007,BATCH_0001941,2026-02-07,2026-08-19,2026-02-16,2,0,good,84
INV_0001942,WH_003,WH_003_AMBIENT_127,SKU_00097,BATCH_0001942,2024-07-23,2026-10-23,2024-07-28,27,2,good,149
INV_0001943,WH_003,WH_003_AMBIENT_014,SKU_00150,BATCH_0001943,2025-04-26,2026-07-12,2025-04-28,5,0,good,46
INV_0001944,WH_003,WH_003_AMBIENT_137,SKU_00156,BATCH_0001944,2025-11-09,2028-04-13,2025-11-14,54,0,good,687
INV_0001945,WH_001,WH_001_COOL_008,SKU_00087,BATCH_0001945,2025-06-01,2027-06-01,2025-06-05,20,4,good,370
INV_0001946,WH_002,WH_002_AMBIENT_029,SKU_00148,BATCH_0001946,2025-01-07,2027-07-04,2025-01-18,27,6,good,403
INV_0001947,WH_003,WH_003_AMBIENT_119,SKU_00190,BATCH_0001947,2026-03-10,2027-11-17,2026-03-21,14,0,good,539
INV_0001948,WH_003,WH_003_AMBIENT_068,SKU_00080,BATCH_0001948,2024-06-25,2026-11-09,2024-07-05,33,0,good,166
INV_0001949,WH_002,WH_002_AMBIENT_027,SKU_00097,BATCH_0001949,2025-11-03,2028-02-03,2025-11-06,109,0,good,617
INV_0001950,WH_003,WH_003_COOL_123,SKU_00261,BATCH_0001950,2025-08-23,2026-09-07,2025-08-31,4,0,good,103
INV_0001951,WH_002,WH_002_COLD_132,SKU_00228,BATCH_0001951,2026-03-07,2027-01-02,2026-03-13,27,0,good,220
INV_0001952,WH_003,WH_003_COLD_125,SKU_00209,BATCH_0001952,2026-02-20,2026-10-01,2026-03-02,13,0,good,127
INV_0001953,WH_001,WH_001_COLD_152,SKU_00300,BATCH_0001953,2026-02-05,2027-02-05,2026-02-09,26,0,good,254
INV_0001954,WH_001,WH_001_AMBIENT_103,SKU_00194,BATCH_0001954,2026-03-06,2027-03-06,2026-03-12,2,0,good,283
INV_0001955,WH_001,WH_001_AMBIENT_044,SKU_00024,BATCH_0001955,2025-11-20,2027-08-22,2025-12-03,4,0,good,452
INV_0001956,WH_001,WH_001_AMBIENT_108,SKU_00004,BATCH_0001956,2025-05-16,2026-10-21,2025-05-29,1,0,good,147
INV_0001957,WH_002,WH_002_COLD_014,SKU_00251,BATCH_0001957,2025-08-14,2026-08-14,2025-08-20,30,0,good,79
INV_0001958,WH_002,WH_002_COOL_180,SKU_00144,BATCH_0001958,2026-05-21,2028-05-11,2026-05-22,13,0,good,715
INV_0001959,WH_001,WH_001_COLD_116,SKU_00123,BATCH_0001959,2025-09-23,2026-09-23,2025-09-26,5,0,good,119
INV_0001960,WH_001,WH_001_COLD_103,SKU_00037,BATCH_0001960,2025-11-24,2026-11-24,2025-12-02,99,0,good,181
INV_0001961,WH_001,WH_001_AMBIENT_053,SKU_00125,BATCH_0001961,2026-01-17,2027-01-17,2026-01-26,14,1,good,235
INV_0001962,WH_002,WH_002_COOL_160,SKU_00253,BATCH_0001962,2026-04-21,2028-04-20,2026-04-30,10,0,good,694
INV_0001963,WH_002,WH_002_AMBIENT_119,SKU_00004,BATCH_0001963,2025-06-06,2026-11-11,2025-06-17,3,0,good,168
INV_0001964,WH_001,WH_001_COLD_024,SKU_00134,BATCH_0001964,2026-05-15,2027-05-15,2026-05-19,9,0,good,353
INV_0001965,WH_001,WH_001_AMBIENT_029,SKU_00063,BATCH_0001965,2025-05-02,2026-09-08,2025-05-05,12,0,good,104
INV_0001966,WH_003,WH_003_AMBIENT_004,SKU_00012,BATCH_0001966,2025-08-09,2026-08-09,2025-08-10,56,0,good,74
INV_0001967,WH_001,WH_001_COLD_105,SKU_00082,BATCH_0001967,2026-01-23,2027-01-23,2026-01-31,69,0,good,241
INV_0001968,WH_001,WH_001_COOL_054,SKU_00298,BATCH_0001968,2026-03-04,2027-02-28,2026-03-12,46,11,good,277
INV_0001969,WH_001,WH_001_COOL_103,SKU_00245,BATCH_0001969,2026-03-09,2027-08-04,2026-03-11,6,0,good,434
INV_0001970,WH_002,WH_002_FROZEN_068,SKU_00296,BATCH_0001970,2025-06-08,2027-06-08,2025-06-09,9,0,good,377
INV_0001971,WH_003,WH_003_COOL_162,SKU_00298,BATCH_0001971,2026-03-02,2027-02-26,2026-03-11,45,0,good,275
INV_0001972,WH_003,WH_003_COOL_059,SKU_00240,BATCH_0001972,2026-03-27,2027-01-07,2026-04-04,1,0,good,225
INV_0001973,WH_002,WH_002_AMBIENT_023,SKU_00108,BATCH_0001973,2024-01-21,2026-11-22,2024-01-25,11,0,good,179
INV_0001974,WH_001,WH_001_COOL_145,SKU_00294,BATCH_0001974,2024-11-02,2026-11-02,2024-11-14,15,0,good,159
INV_0001975,WH_001,WH_001_COOL_191,SKU_00086,BATCH_0001975,2026-01-02,2028-01-02,2026-01-12,270,49,good,585
INV_0001976,WH_002,WH_002_COOL_023,SKU_00224,BATCH_0001976,2025-10-25,2026-12-15,2025-11-04,374,0,good,202
INV_0001977,WH_003,WH_003_COLD_177,SKU_00228,BATCH_0001977,2025-09-09,2026-07-07,2025-09-12,25,1,good,41
INV_0001978,WH_003,WH_003_AMBIENT_022,SKU_00235,BATCH_0001978,2026-02-10,2027-02-10,2026-02-22,165,0,good,259
INV_0001979,WH_001,WH_001_AMBIENT_119,SKU_00186,BATCH_0001979,2024-07-08,2026-08-20,2024-07-11,28,0,good,85
INV_0001980,WH_001,WH_001_COOL_167,SKU_00077,BATCH_0001980,2026-04-18,2027-06-07,2026-04-24,20,0,good,376
INV_0001981,WH_002,WH_002_AMBIENT_067,SKU_00217,BATCH_0001981,2025-06-03,2027-08-01,2025-06-13,7,0,good,431
INV_0001982,WH_002,WH_002_AMBIENT_039,SKU_00290,BATCH_0001982,2025-11-14,2027-04-03,2025-11-26,55,0,good,311
INV_0001983,WH_002,WH_002_COOL_100,SKU_00208,BATCH_0001983,2024-12-11,2026-12-11,2024-12-19,6,0,good,198
INV_0001984,WH_003,WH_003_COOL_069,SKU_00142,BATCH_0001984,2025-12-25,2027-04-13,2026-01-03,14,0,good,321
INV_0001985,WH_003,WH_003_COOL_148,SKU_00011,BATCH_0001985,2025-02-03,2027-02-03,2025-02-16,9,0,good,252
INV_0001986,WH_001,WH_001_AMBIENT_125,SKU_00001,BATCH_0001986,2026-02-26,2027-09-28,2026-03-11,76,0,good,489
INV_0001987,WH_001,WH_001_FROZEN_033,SKU_00032,BATCH_0001987,2025-11-16,2026-07-29,2025-11-29,171,0,good,63
INV_0001988,WH_002,WH_002_AMBIENT_031,SKU_00198,BATCH_0001988,2026-04-22,2027-06-24,2026-04-23,1,0,good,393
INV_0001989,WH_002,WH_002_AMBIENT_002,SKU_00048,BATCH_0001989,2025-06-09,2026-08-27,2025-06-14,234,0,good,92
INV_0001990,WH_001,WH_001_COOL_164,SKU_00298,BATCH_0001990,2025-11-28,2026-11-24,2025-12-02,35,14,good,181
INV_0001991,WH_003,WH_003_COOL_029,SKU_00101,BATCH_0001991,2025-07-15,2027-07-15,2025-07-25,37,0,good,414
INV_0001992,WH_002,WH_002_COOL_011,SKU_00184,BATCH_0001992,2025-11-26,2027-08-07,2025-12-06,23,0,good,437
INV_0001993,WH_003,WH_003_COOL_062,SKU_00187,BATCH_0001993,2025-10-19,2027-03-22,2025-10-31,12,0,good,299
INV_0001994,WH_001,WH_001_COLD_030,SKU_00029,BATCH_0001994,2025-12-23,2026-12-23,2026-01-03,22,1,good,210
INV_0001995,WH_002,WH_002_AMBIENT_163,SKU_00055,BATCH_0001995,2025-12-29,2027-05-04,2026-01-11,15,1,good,342
INV_0001996,WH_001,WH_001_AMBIENT_070,SKU_00113,BATCH_0001996,2025-08-03,2026-08-03,2025-08-06,36,0,good,68
INV_0001997,WH_001,WH_001_COLD_001,SKU_00054,BATCH_0001997,2025-08-02,2026-08-02,2025-08-08,24,0,good,67
INV_0001998,WH_001,WH_001_AMBIENT_138,SKU_00299,BATCH_0001998,2025-12-13,2027-08-05,2025-12-15,22,0,good,435
INV_0001999,WH_003,WH_003_AMBIENT_162,SKU_00109,BATCH_0001999,2026-03-21,2027-04-15,2026-04-02,15,4,good,323
INV_0002000,WH_001,WH_001_COOL_032,SKU_00121,BATCH_0002000,2025-11-02,2027-01-05,2025-11-15,36,2,good,223
INV_0002001,WH_001,WH_001_COLD_012,SKU_00082,BATCH_0002001,2025-11-16,2026-11-16,2025-11-22,12,0,good,173
INV_0002002,WH_002,WH_002_COLD_096,SKU_00068,BATCH_0002002,2026-04-04,2027-04-04,2026-04-05,16,0,good,312
INV_0002003,WH_003,WH_003_AMBIENT_155,SKU_00194,BATCH_0002003,2026-01-10,2027-01-10,2026-01-21,2,0,good,228
INV_0002004,WH_001,WH_001_COOL_006,SKU_00220,BATCH_0002004,2025-12-23,2026-08-23,2026-01-04,30,0,good,88
INV_0002005,WH_001,WH_001_AMBIENT_012,SKU_00073,BATCH_0002005,2025-08-19,2026-08-19,2025-08-31,2,0,good,84
INV_0002006,WH_003,WH_003_COLD_138,SKU_00264,BATCH_0002006,2026-03-04,2026-07-22,2026-03-13,12,0,good,56
INV_0002007,WH_001,WH_001_COOL_091,SKU_00270,BATCH_0002007,2025-11-04,2026-10-31,2025-11-17,144,33,good,157
INV_0002008,WH_003,WH_003_AMBIENT_135,SKU_00125,BATCH_0002008,2026-02-28,2027-02-28,2026-03-02,29,0,good,277
INV_0002009,WH_003,WH_003_COLD_040,SKU_00090,BATCH_0002009,2026-01-23,2026-06-20,2026-01-27,5,0,good,24
INV_0002010,WH_002,WH_002_AMBIENT_096,SKU_00235,BATCH_0002010,2026-04-21,2027-04-21,2026-04-22,92,0,good,329
INV_0002011,WH_002,WH_002_AMBIENT_120,SKU_00005,BATCH_0002011,2025-09-20,2027-11-01,2025-09-25,9,0,good,523
INV_0002012,WH_002,WH_002_AMBIENT_026,SKU_00218,BATCH_0002012,2026-03-30,2028-05-16,2026-04-10,20,0,good,720
INV_0002013,WH_001,WH_001_COOL_103,SKU_00038,BATCH_0002013,2025-02-08,2026-11-06,2025-02-12,37,0,good,163
INV_0002014,WH_001,WH_001_COOL_018,SKU_00074,BATCH_0002014,2025-04-25,2027-04-25,2025-04-29,6,1,good,333
INV_0002015,WH_002,WH_002_COOL_017,SKU_00015,BATCH_0002015,2025-01-30,2026-10-20,2025-02-04,2,0,good,146
INV_0002016,WH_001,WH_001_COLD_145,SKU_00082,BATCH_0002016,2025-10-12,2026-10-12,2025-10-13,117,0,good,138
INV_0002017,WH_003,WH_003_COOL_179,SKU_00211,BATCH_0002017,2025-08-12,2027-08-12,2025-08-23,19,5,good,442
INV_0002018,WH_002,WH_002_FROZEN_181,SKU_00192,BATCH_0002018,2026-05-14,2027-01-11,2026-05-26,48,0,good,229
INV_0002019,WH_002,WH_002_COOL_025,SKU_00224,BATCH_0002019,2025-06-12,2026-08-02,2025-06-16,13,0,good,67
INV_0002020,WH_003,WH_003_COOL_104,SKU_00222,BATCH_0002020,2025-10-20,2026-07-16,2025-10-30,25,0,good,50
INV_0002021,WH_002,WH_002_AMBIENT_168,SKU_00258,BATCH_0002021,2025-08-11,2026-12-21,2025-08-24,11,1,good,208
INV_0002022,WH_002,WH_002_COOL_165,SKU_00111,BATCH_0002022,2025-09-11,2026-09-19,2025-09-15,22,0,good,115
INV_0002023,WH_002,WH_002_COOL_043,SKU_00033,BATCH_0002023,2025-09-12,2026-11-17,2025-09-21,78,0,good,174
INV_0002024,WH_003,WH_003_COOL_041,SKU_00151,BATCH_0002024,2025-07-16,2027-01-20,2025-07-24,5,0,good,238
INV_0002025,WH_003,WH_003_COOL_057,SKU_00101,BATCH_0002025,2025-04-09,2027-04-09,2025-04-21,20,0,good,317
INV_0002026,WH_003,WH_003_COOL_050,SKU_00121,BATCH_0002026,2026-05-23,2027-07-26,2026-06-05,3,0,good,425
INV_0002027,WH_003,WH_003_AMBIENT_068,SKU_00100,BATCH_0002027,2024-07-30,2027-03-15,2024-08-11,7,1,good,292
INV_0002028,WH_002,WH_002_AMBIENT_162,SKU_00265,BATCH_0002028,2025-10-23,2028-01-19,2025-10-31,9,0,good,602
INV_0002029,WH_001,WH_001_COLD_176,SKU_00068,BATCH_0002029,2025-08-08,2026-08-08,2025-08-18,5,0,good,73
INV_0002030,WH_003,WH_003_AMBIENT_081,SKU_00062,BATCH_0002030,2025-07-29,2027-07-20,2025-08-08,12,0,good,419
INV_0002031,WH_001,WH_001_COOL_177,SKU_00130,BATCH_0002031,2025-01-16,2027-01-16,2025-01-17,20,0,good,234
INV_0002032,WH_002,WH_002_COLD_050,SKU_00106,BATCH_0002032,2026-05-03,2027-02-08,2026-05-14,40,0,good,257
INV_0002033,WH_002,WH_002_AMBIENT_177,SKU_00012,BATCH_0002033,2026-01-24,2027-01-24,2026-01-25,121,17,good,242
INV_0002034,WH_001,WH_001_AMBIENT_072,SKU_00084,BATCH_0002034,2026-01-23,2027-01-23,2026-02-05,5,0,good,241
INV_0002035,WH_003,WH_003_AMBIENT_011,SKU_00225,BATCH_0002035,2025-12-19,2026-12-21,2025-12-26,43,0,good,208
INV_0002036,WH_002,WH_002_AMBIENT_066,SKU_00180,BATCH_0002036,2025-11-27,2026-11-27,2025-12-01,369,0,good,184
INV_0002037,WH_002,WH_002_COOL_015,SKU_00006,BATCH_0002037,2026-02-27,2028-02-27,2026-03-10,3,1,good,641
INV_0002038,WH_002,WH_002_COLD_100,SKU_00149,BATCH_0002038,2026-04-04,2026-08-27,2026-04-10,17,0,good,92
INV_0002039,WH_002,WH_002_COOL_060,SKU_00244,BATCH_0002039,2025-12-21,2027-07-24,2026-01-02,1,0,good,423
INV_0002040,WH_001,WH_001_AMBIENT_143,SKU_00288,BATCH_0002040,2025-03-13,2027-04-02,2025-03-23,35,0,good,310
INV_0002041,WH_001,WH_001_COOL_001,SKU_00294,BATCH_0002041,2024-09-06,2026-09-06,2024-09-16,119,0,good,102
INV_0002042,WH_001,WH_001_COOL_150,SKU_00210,BATCH_0002042,2025-06-19,2027-06-19,2025-06-28,9,1,good,388
INV_0002043,WH_003,WH_003_AMBIENT_172,SKU_00257,BATCH_0002043,2025-11-09,2027-05-08,2025-11-20,16,0,good,346
INV_0002044,WH_001,WH_001_AMBIENT_150,SKU_00170,BATCH_0002044,2025-10-08,2026-10-08,2025-10-17,88,0,good,134
INV_0002045,WH_003,WH_003_AMBIENT_090,SKU_00084,BATCH_0002045,2025-10-12,2026-10-12,2025-10-14,76,0,good,138
INV_0002046,WH_001,WH_001_AMBIENT_017,SKU_00299,BATCH_0002046,2025-05-28,2027-01-18,2025-06-07,12,2,good,236
INV_0002047,WH_001,WH_001_AMBIENT_104,SKU_00259,BATCH_0002047,2026-02-07,2028-01-26,2026-02-17,4,0,good,609
INV_0002048,WH_003,WH_003_AMBIENT_028,SKU_00046,BATCH_0002048,2026-01-16,2027-01-16,2026-01-18,18,0,good,234
INV_0002049,WH_002,WH_002_AMBIENT_068,SKU_00186,BATCH_0002049,2024-10-18,2026-11-30,2024-10-26,19,0,good,187
INV_0002050,WH_003,WH_003_COOL_139,SKU_00038,BATCH_0002050,2025-12-06,2027-09-03,2025-12-07,65,0,good,464
INV_0002051,WH_003,WH_003_COLD_100,SKU_00014,BATCH_0002051,2025-12-14,2026-12-10,2025-12-17,25,0,good,197
INV_0002052,WH_003,WH_003_AMBIENT_017,SKU_00025,BATCH_0002052,2025-07-18,2026-07-18,2025-07-27,8,0,good,52
INV_0002053,WH_002,WH_002_AMBIENT_039,SKU_00250,BATCH_0002053,2025-07-24,2028-02-10,2025-07-31,12,4,good,624
INV_0002054,WH_003,WH_003_AMBIENT_139,SKU_00148,BATCH_0002054,2025-08-14,2028-02-08,2025-08-17,79,28,good,622
INV_0002055,WH_002,WH_002_COOL_159,SKU_00175,BATCH_0002055,2026-01-02,2026-12-19,2026-01-11,33,4,good,206
INV_0002056,WH_001,WH_001_AMBIENT_088,SKU_00055,BATCH_0002056,2025-06-14,2026-10-18,2025-06-25,3,0,good,144
INV_0002057,WH_003,WH_003_COOL_016,SKU_00044,BATCH_0002057,2025-04-05,2027-02-16,2025-04-07,3,0,good,265
INV_0002058,WH_002,WH_002_AMBIENT_044,SKU_00158,BATCH_0002058,2024-11-16,2026-08-14,2024-11-23,69,0,good,79
INV_0002059,WH_002,WH_002_COOL_167,SKU_00253,BATCH_0002059,2025-12-19,2027-12-19,2025-12-24,84,0,good,571
INV_0002060,WH_002,WH_002_AMBIENT_094,SKU_00297,BATCH_0002060,2026-03-07,2027-09-23,2026-03-12,16,6,good,484
INV_0002061,WH_001,WH_001_COOL_051,SKU_00207,BATCH_0002061,2026-05-03,2027-05-09,2026-05-09,15,5,good,347
INV_0002062,WH_002,WH_002_AMBIENT_166,SKU_00143,BATCH_0002062,2026-04-06,2027-04-06,2026-04-16,16,0,good,314
INV_0002063,WH_002,WH_002_COOL_142,SKU_00003,BATCH_0002063,2025-11-12,2027-11-12,2025-11-17,11,0,good,534
INV_0002064,WH_002,WH_002_AMBIENT_199,SKU_00297,BATCH_0002064,2026-05-03,2027-11-19,2026-05-10,28,0,good,541
INV_0002065,WH_003,WH_003_COLD_138,SKU_00039,BATCH_0002065,2026-03-15,2027-03-15,2026-03-23,18,0,good,292
INV_0002066,WH_003,WH_003_AMBIENT_081,SKU_00198,BATCH_0002066,2025-09-23,2026-11-25,2025-10-06,6,0,good,182
INV_0002067,WH_003,WH_003_COOL_028,SKU_00169,BATCH_0002067,2025-10-21,2026-10-28,2025-10-22,34,0,good,154
INV_0002068,WH_002,WH_002_COOL_119,SKU_00023,BATCH_0002068,2025-02-07,2027-02-07,2025-02-16,5,0,good,256
INV_0002069,WH_002,WH_002_AMBIENT_017,SKU_00153,BATCH_0002069,2026-03-18,2027-03-24,2026-03-21,66,0,good,301
INV_0002070,WH_001,WH_001_COLD_036,SKU_00300,BATCH_0002070,2026-03-04,2027-03-04,2026-03-09,15,3,good,281
INV_0002071,WH_002,WH_002_AMBIENT_153,SKU_00180,BATCH_0002071,2025-11-18,2026-11-18,2025-11-29,57,0,good,175
INV_0002072,WH_002,WH_002_AMBIENT_120,SKU_00297,BATCH_0002072,2025-05-20,2026-12-06,2025-05-28,16,0,good,193
INV_0002073,WH_001,WH_001_AMBIENT_010,SKU_00030,BATCH_0002073,2026-03-14,2028-07-24,2026-03-20,86,9,good,789
INV_0002074,WH_003,WH_003_AMBIENT_089,SKU_00091,BATCH_0002074,2024-04-19,2026-11-20,2024-04-22,21,0,good,177
INV_0002075,WH_001,WH_001_COOL_185,SKU_00059,BATCH_0002075,2024-11-28,2026-11-02,2024-12-01,10,0,good,159
INV_0002076,WH_001,WH_001_COOL_040,SKU_00077,BATCH_0002076,2025-06-10,2026-07-30,2025-06-22,8,0,good,64
INV_0002077,WH_002,WH_002_COOL_105,SKU_00043,BATCH_0002077,2025-06-22,2027-06-22,2025-06-23,42,0,good,391
INV_0002078,WH_003,WH_003_AMBIENT_059,SKU_00034,BATCH_0002078,2025-12-29,2027-02-23,2026-01-09,36,0,good,272
INV_0002079,WH_003,WH_003_AMBIENT_082,SKU_00017,BATCH_0002079,2024-09-01,2026-08-07,2024-09-11,4,0,good,72
INV_0002080,WH_002,WH_002_COOL_162,SKU_00144,BATCH_0002080,2026-02-05,2028-01-27,2026-02-16,193,0,good,610
INV_0002081,WH_003,WH_003_AMBIENT_196,SKU_00274,BATCH_0002081,2026-02-28,2027-02-28,2026-03-04,43,0,good,277
INV_0002082,WH_001,WH_001_COOL_106,SKU_00226,BATCH_0002082,2025-12-24,2027-12-24,2025-12-29,2,0,good,576
INV_0002083,WH_002,WH_002_AMBIENT_064,SKU_00095,BATCH_0002083,2026-03-28,2028-07-15,2026-04-09,97,36,good,780
INV_0002084,WH_002,WH_002_COOL_144,SKU_00226,BATCH_0002084,2025-07-15,2027-07-15,2025-07-25,36,0,good,414
INV_0002085,WH_002,WH_002_COOL_019,SKU_00210,BATCH_0002085,2025-12-06,2027-12-06,2025-12-10,10,0,good,558
INV_0002086,WH_002,WH_002_COOL_063,SKU_00151,BATCH_0002086,2025-07-20,2027-01-24,2025-08-01,2,0,good,242
INV_0002087,WH_002,WH_002_AMBIENT_098,SKU_00025,BATCH_0002087,2025-12-12,2026-12-12,2025-12-17,41,0,good,199
INV_0002088,WH_002,WH_002_AMBIENT_133,SKU_00055,BATCH_0002088,2026-03-07,2027-07-11,2026-03-18,22,6,good,410
INV_0002089,WH_002,WH_002_AMBIENT_087,SKU_00258,BATCH_0002089,2025-04-18,2026-08-28,2025-04-29,17,0,good,93
INV_0002090,WH_002,WH_002_AMBIENT_013,SKU_00268,BATCH_0002090,2025-09-08,2026-09-08,2025-09-11,23,0,good,104
INV_0002091,WH_003,WH_003_COOL_043,SKU_00243,BATCH_0002091,2025-07-21,2027-07-21,2025-07-30,5,0,good,420
INV_0002092,WH_001,WH_001_AMBIENT_111,SKU_00233,BATCH_0002092,2026-04-25,2027-12-05,2026-05-07,169,31,good,557
INV_0002093,WH_003,WH_003_COOL_048,SKU_00041,BATCH_0002093,2025-12-20,2027-06-19,2025-12-31,50,0,good,388
INV_0002094,WH_003,WH_003_COLD_107,SKU_00196,BATCH_0002094,2026-01-30,2026-08-20,2026-02-09,169,0,good,85
INV_0002095,WH_003,WH_003_COLD_126,SKU_00251,BATCH_0002095,2026-04-23,2027-04-23,2026-04-29,17,0,good,331
INV_0002096,WH_001,WH_001_COLD_107,SKU_00154,BATCH_0002096,2026-04-09,2026-09-03,2026-04-13,34,0,good,99
INV_0002097,WH_001,WH_001_COLD_118,SKU_00137,BATCH_0002097,2025-08-12,2026-08-12,2025-08-25,10,0,good,77
INV_0002098,WH_002,WH_002_FROZEN_030,SKU_00192,BATCH_0002098,2026-04-25,2026-12-23,2026-04-27,22,0,good,210
INV_0002099,WH_001,WH_001_AMBIENT_114,SKU_00118,BATCH_0002099,2025-11-16,2026-11-16,2025-11-17,16,0,good,173
INV_0002100,WH_001,WH_001_AMBIENT_179,SKU_00259,BATCH_0002100,2025-06-05,2027-05-24,2025-06-18,273,0,good,362
INV_0002101,WH_002,WH_002_COOL_093,SKU_00070,BATCH_0002101,2025-09-24,2027-09-24,2025-10-02,20,0,good,485
INV_0002102,WH_002,WH_002_COOL_085,SKU_00144,BATCH_0002102,2025-01-01,2026-12-23,2025-01-10,8,0,good,210
INV_0002103,WH_001,WH_001_AMBIENT_080,SKU_00028,BATCH_0002103,2025-06-11,2026-10-27,2025-06-12,14,0,good,153
INV_0002104,WH_003,WH_003_AMBIENT_041,SKU_00132,BATCH_0002104,2026-04-14,2027-04-14,2026-04-22,36,0,good,322
INV_0002105,WH_001,WH_001_COOL_195,SKU_00130,BATCH_0002105,2024-10-09,2026-10-09,2024-10-21,38,0,good,135
INV_0002106,WH_003,WH_003_COOL_168,SKU_00016,BATCH_0002106,2025-04-04,2026-09-11,2025-04-11,47,0,good,107
INV_0002107,WH_001,WH_001_AMBIENT_058,SKU_00241,BATCH_0002107,2024-11-02,2027-04-29,2024-11-15,10,0,good,337
INV_0002108,WH_002,WH_002_COOL_158,SKU_00064,BATCH_0002108,2025-08-17,2027-08-17,2025-08-22,54,0,good,447
INV_0002109,WH_003,WH_003_COOL_155,SKU_00058,BATCH_0002109,2026-05-15,2027-03-10,2026-05-23,16,0,good,287
INV_0002110,WH_003,WH_003_COOL_185,SKU_00128,BATCH_0002110,2025-08-16,2027-08-16,2025-08-19,12,2,good,446
INV_0002111,WH_003,WH_003_AMBIENT_131,SKU_00049,BATCH_0002111,2026-02-15,2027-04-03,2026-02-19,56,0,good,311
INV_0002112,WH_002,WH_002_COLD_076,SKU_00047,BATCH_0002112,2025-09-20,2026-08-11,2025-09-29,30,0,good,76
INV_0002113,WH_003,WH_003_COOL_038,SKU_00087,BATCH_0002113,2024-11-17,2026-11-17,2024-11-20,58,23,good,174
INV_0002114,WH_001,WH_001_COOL_127,SKU_00227,BATCH_0002114,2026-04-05,2028-04-04,2026-04-16,2,0,good,678
INV_0002115,WH_003,WH_003_COLD_096,SKU_00096,BATCH_0002115,2026-05-11,2027-05-11,2026-05-12,23,5,good,349
INV_0002116,WH_003,WH_003_AMBIENT_087,SKU_00170,BATCH_0002116,2025-09-28,2026-09-28,2025-10-08,32,0,good,124
INV_0002117,WH_003,WH_003_AMBIENT_003,SKU_00282,BATCH_0002117,2025-11-25,2028-04-08,2025-11-28,5,1,good,682
INV_0002118,WH_003,WH_003_AMBIENT_124,SKU_00098,BATCH_0002118,2025-07-18,2028-02-19,2025-07-21,11,0,good,633
INV_0002119,WH_002,WH_002_AMBIENT_165,SKU_00027,BATCH_0002119,2025-04-15,2026-12-27,2025-04-16,13,0,good,214
INV_0002120,WH_003,WH_003_AMBIENT_061,SKU_00233,BATCH_0002120,2025-11-23,2027-07-05,2025-12-06,1,0,good,404
INV_0002121,WH_003,WH_003_COLD_145,SKU_00271,BATCH_0002121,2026-01-11,2026-07-08,2026-01-18,8,0,good,42
INV_0002122,WH_003,WH_003_AMBIENT_103,SKU_00143,BATCH_0002122,2025-12-31,2026-12-31,2026-01-03,25,0,good,218
INV_0002123,WH_002,WH_002_FROZEN_095,SKU_00032,BATCH_0002123,2026-02-08,2026-10-21,2026-02-12,42,0,good,147
INV_0002124,WH_003,WH_003_COLD_077,SKU_00252,BATCH_0002124,2025-12-16,2026-12-16,2025-12-21,63,0,good,203
INV_0002125,WH_002,WH_002_AMBIENT_186,SKU_00124,BATCH_0002125,2026-01-06,2028-01-14,2026-01-15,10,0,good,597
INV_0002126,WH_003,WH_003_AMBIENT_045,SKU_00241,BATCH_0002126,2026-03-31,2028-09-24,2026-04-07,69,0,good,851
INV_0002127,WH_001,WH_001_AMBIENT_156,SKU_00241,BATCH_0002127,2024-07-05,2026-12-30,2024-07-14,15,2,good,217
INV_0002128,WH_003,WH_003_AMBIENT_006,SKU_00050,BATCH_0002128,2025-07-10,2026-08-16,2025-07-16,29,0,good,81
INV_0002129,WH_003,WH_003_AMBIENT_169,SKU_00290,BATCH_0002129,2026-01-11,2027-05-31,2026-01-22,7,0,good,369
INV_0002130,WH_003,WH_003_AMBIENT_074,SKU_00048,BATCH_0002130,2025-09-01,2026-11-19,2025-09-06,16,0,good,176
INV_0002131,WH_003,WH_003_COOL_096,SKU_00273,BATCH_0002131,2026-05-16,2027-12-24,2026-05-27,55,0,good,576
INV_0002132,WH_001,WH_001_COLD_040,SKU_00047,BATCH_0002132,2025-12-27,2026-11-17,2026-01-02,11,0,good,174
INV_0002133,WH_003,WH_003_COOL_175,SKU_00077,BATCH_0002133,2026-05-19,2027-07-08,2026-05-23,167,0,good,407
INV_0002134,WH_001,WH_001_COLD_071,SKU_00069,BATCH_0002134,2026-04-02,2027-02-27,2026-04-12,24,6,good,276
INV_0002135,WH_001,WH_001_AMBIENT_182,SKU_00001,BATCH_0002135,2026-01-17,2027-08-19,2026-01-21,5,0,good,449
INV_0002136,WH_001,WH_001_AMBIENT_141,SKU_00225,BATCH_0002136,2025-07-23,2026-07-25,2025-08-02,31,2,good,59
INV_0002137,WH_001,WH_001_AMBIENT_121,SKU_00190,BATCH_0002137,2026-05-14,2028-01-21,2026-05-27,20,0,good,604
INV_0002138,WH_002,WH_002_COLD_034,SKU_00237,BATCH_0002138,2026-05-06,2027-05-06,2026-05-07,16,0,good,344
INV_0002139,WH_003,WH_003_COOL_116,SKU_00093,BATCH_0002139,2025-10-08,2027-10-08,2025-10-19,2,0,good,499
INV_0002140,WH_002,WH_002_COOL_061,SKU_00298,BATCH_0002140,2025-11-07,2026-11-03,2025-11-17,31,0,good,160
INV_0002141,WH_001,WH_001_AMBIENT_077,SKU_00028,BATCH_0002141,2026-05-07,2027-09-22,2026-05-20,2,0,good,483
INV_0002142,WH_001,WH_001_COOL_040,SKU_00087,BATCH_0002142,2025-01-22,2027-01-22,2025-01-26,9,0,good,240
INV_0002143,WH_002,WH_002_AMBIENT_145,SKU_00124,BATCH_0002143,2026-05-02,2028-05-09,2026-05-04,6,0,good,713
INV_0002144,WH_002,WH_002_COOL_179,SKU_00227,BATCH_0002144,2026-05-05,2028-05-04,2026-05-07,7,0,good,708
INV_0002145,WH_002,WH_002_COOL_107,SKU_00280,BATCH_0002145,2025-10-03,2027-10-03,2025-10-11,6,0,good,494
INV_0002146,WH_003,WH_003_COLD_067,SKU_00035,BATCH_0002146,2026-04-26,2026-09-30,2026-05-03,42,13,good,126
INV_0002147,WH_002,WH_002_COLD_135,SKU_00252,BATCH_0002147,2026-02-10,2027-02-10,2026-02-16,33,7,good,259
INV_0002148,WH_001,WH_001_COLD_084,SKU_00229,BATCH_0002148,2025-11-23,2026-11-23,2025-12-03,44,0,good,180
INV_0002149,WH_001,WH_001_AMBIENT_027,SKU_00246,BATCH_0002149,2025-05-03,2026-08-24,2025-05-05,44,4,good,89
INV_0002150,WH_003,WH_003_AMBIENT_102,SKU_00177,BATCH_0002150,2026-05-04,2028-04-17,2026-05-17,17,0,good,691
INV_0002151,WH_003,WH_003_AMBIENT_130,SKU_00147,BATCH_0002151,2024-08-21,2027-05-20,2024-08-26,13,0,good,358
INV_0002152,WH_002,WH_002_COLD_017,SKU_00199,BATCH_0002152,2025-11-28,2026-11-28,2025-12-07,15,0,good,185
INV_0002153,WH_002,WH_002_AMBIENT_088,SKU_00153,BATCH_0002153,2025-07-07,2026-07-13,2025-07-16,10,0,good,47
INV_0002154,WH_002,WH_002_COOL_077,SKU_00006,BATCH_0002154,2025-03-16,2027-03-16,2025-03-27,2,0,good,293
INV_0002155,WH_003,WH_003_COOL_002,SKU_00128,BATCH_0002155,2026-01-18,2028-01-18,2026-01-27,15,1,good,601
INV_0002156,WH_003,WH_003_COLD_123,SKU_00149,BATCH_0002156,2026-04-19,2026-09-11,2026-04-23,29,3,good,107
INV_0002157,WH_002,WH_002_AMBIENT_180,SKU_00122,BATCH_0002157,2026-02-26,2028-12-14,2026-03-09,149,0,good,932
INV_0002158,WH_003,WH_003_COOL_167,SKU_00086,BATCH_0002158,2025-09-22,2027-09-22,2025-10-01,36,0,good,483
INV_0002159,WH_002,WH_002_AMBIENT_141,SKU_00257,BATCH_0002159,2025-11-23,2027-05-22,2025-11-25,15,1,good,360
INV_0002160,WH_001,WH_001_AMBIENT_030,SKU_00166,BATCH_0002160,2025-08-01,2027-02-10,2025-08-14,59,12,good,259
INV_0002161,WH_003,WH_003_COOL_194,SKU_00079,BATCH_0002161,2026-04-10,2027-11-08,2026-04-18,118,0,good,530
INV_0002162,WH_003,WH_003_COOL_013,SKU_00272,BATCH_0002162,2026-03-31,2027-01-21,2026-04-06,47,0,good,239
INV_0002163,WH_002,WH_002_AMBIENT_094,SKU_00081,BATCH_0002163,2025-09-04,2027-03-09,2025-09-09,20,0,good,286
INV_0002164,WH_003,WH_003_COOL_037,SKU_00295,BATCH_0002164,2025-07-09,2027-07-09,2025-07-21,3,0,good,408
INV_0002165,WH_002,WH_002_COLD_192,SKU_00014,BATCH_0002165,2026-02-08,2027-02-04,2026-02-16,53,0,good,253
INV_0002166,WH_002,WH_002_AMBIENT_151,SKU_00178,BATCH_0002166,2025-02-06,2026-11-25,2025-02-15,46,5,good,182
INV_0002167,WH_003,WH_003_AMBIENT_003,SKU_00104,BATCH_0002167,2024-10-13,2026-12-02,2024-10-21,8,0,good,189
INV_0002168,WH_003,WH_003_AMBIENT_109,SKU_00263,BATCH_0002168,2025-03-31,2027-01-17,2025-04-10,15,0,good,235
INV_0002169,WH_001,WH_001_AMBIENT_030,SKU_00076,BATCH_0002169,2024-11-01,2027-01-11,2024-11-06,268,73,good,229
INV_0002170,WH_002,WH_002_COOL_142,SKU_00002,BATCH_0002170,2024-12-11,2026-12-11,2024-12-15,20,0,good,198
INV_0002171,WH_001,WH_001_AMBIENT_084,SKU_00159,BATCH_0002171,2026-05-15,2027-05-15,2026-05-26,13,0,good,353
INV_0002172,WH_003,WH_003_COOL_045,SKU_00298,BATCH_0002172,2026-05-08,2027-05-04,2026-05-11,6,0,good,342
INV_0002173,WH_003,WH_003_COOL_097,SKU_00038,BATCH_0002173,2025-10-13,2027-07-11,2025-10-23,24,0,good,410
INV_0002174,WH_001,WH_001_AMBIENT_087,SKU_00062,BATCH_0002174,2025-07-08,2027-06-29,2025-07-16,37,0,good,398
INV_0002175,WH_003,WH_003_COOL_138,SKU_00093,BATCH_0002175,2026-05-18,2028-05-17,2026-05-27,28,0,good,721
INV_0002176,WH_003,WH_003_COLD_129,SKU_00134,BATCH_0002176,2026-02-28,2027-02-28,2026-03-11,10,2,good,277
INV_0002177,WH_003,WH_003_COOL_101,SKU_00144,BATCH_0002177,2024-10-17,2026-10-08,2024-10-20,6,1,good,134
INV_0002178,WH_003,WH_003_AMBIENT_069,SKU_00166,BATCH_0002178,2026-02-09,2027-08-21,2026-02-18,9,0,good,451
INV_0002179,WH_001,WH_001_COLD_052,SKU_00300,BATCH_0002179,2025-10-10,2026-10-10,2025-10-19,27,0,good,136
INV_0002180,WH_001,WH_001_AMBIENT_099,SKU_00052,BATCH_0002180,2025-09-30,2028-06-17,2025-10-06,13,0,good,752
INV_0002181,WH_003,WH_003_AMBIENT_005,SKU_00081,BATCH_0002181,2025-08-20,2027-02-22,2025-08-23,4,0,good,271
INV_0002182,WH_002,WH_002_AMBIENT_142,SKU_00103,BATCH_0002182,2026-02-28,2027-02-28,2026-03-11,42,0,good,277
INV_0002183,WH_001,WH_001_AMBIENT_016,SKU_00178,BATCH_0002183,2026-03-06,2027-12-23,2026-03-10,18,5,good,575
INV_0002184,WH_003,WH_003_COOL_108,SKU_00276,BATCH_0002184,2025-08-27,2027-05-28,2025-09-07,7,2,good,366
INV_0002185,WH_002,WH_002_COLD_196,SKU_00085,BATCH_0002185,2025-09-12,2026-09-12,2025-09-18,19,0,good,108
INV_0002186,WH_002,WH_002_AMBIENT_098,SKU_00126,BATCH_0002186,2024-10-18,2027-02-19,2024-10-29,24,0,good,268
INV_0002187,WH_001,WH_001_AMBIENT_131,SKU_00190,BATCH_0002187,2025-01-22,2026-10-01,2025-01-28,40,0,good,127
INV_0002188,WH_003,WH_003_COOL_169,SKU_00119,BATCH_0002188,2026-03-27,2027-07-21,2026-04-02,330,0,good,420
INV_0002189,WH_001,WH_001_AMBIENT_046,SKU_00160,BATCH_0002189,2025-04-18,2027-03-17,2025-04-20,6,0,good,294
INV_0002190,WH_002,WH_002_AMBIENT_108,SKU_00009,BATCH_0002190,2026-04-10,2028-04-23,2026-04-20,79,0,good,697
INV_0002191,WH_001,WH_001_COLD_174,SKU_00090,BATCH_0002191,2026-01-16,2026-06-13,2026-01-20,41,0,near_expiry,17
INV_0002192,WH_001,WH_001_AMBIENT_018,SKU_00120,BATCH_0002192,2025-11-08,2027-02-16,2025-11-15,49,0,good,265
INV_0002193,WH_003,WH_003_COOL_024,SKU_00033,BATCH_0002193,2025-05-11,2026-07-16,2025-05-14,6,0,good,50
INV_0002194,WH_002,WH_002_AMBIENT_096,SKU_00153,BATCH_0002194,2025-07-01,2026-07-07,2025-07-05,22,0,good,41
INV_0002195,WH_003,WH_003_COOL_073,SKU_00253,BATCH_0002195,2026-04-13,2028-04-12,2026-04-20,3,1,good,686
INV_0002196,WH_003,WH_003_COOL_189,SKU_00070,BATCH_0002196,2026-03-21,2028-03-20,2026-03-26,188,0,good,663
INV_0002197,WH_003,WH_003_AMBIENT_035,SKU_00185,BATCH_0002197,2026-05-20,2027-05-20,2026-05-25,24,5,good,358
INV_0002198,WH_001,WH_001_AMBIENT_034,SKU_00084,BATCH_0002198,2026-02-08,2027-02-08,2026-02-21,45,0,good,257
INV_0002199,WH_002,WH_002_COOL_009,SKU_00033,BATCH_0002199,2026-04-23,2027-06-28,2026-04-29,84,0,good,397
INV_0002200,WH_003,WH_003_AMBIENT_131,SKU_00235,BATCH_0002200,2025-07-25,2026-07-25,2025-07-29,8,3,good,59
INV_0002201,WH_002,WH_002_AMBIENT_135,SKU_00185,BATCH_0002201,2025-11-13,2026-11-13,2025-11-21,2,0,good,170
INV_0002202,WH_001,WH_001_COOL_133,SKU_00272,BATCH_0002202,2026-01-02,2026-10-25,2026-01-11,515,0,good,151
INV_0002203,WH_001,WH_001_AMBIENT_141,SKU_00235,BATCH_0002203,2026-05-08,2027-05-08,2026-05-10,119,13,good,346
INV_0002204,WH_003,WH_003_COOL_060,SKU_00175,BATCH_0002204,2025-12-03,2026-11-19,2025-12-13,7,0,good,176
INV_0002205,WH_001,WH_001_COLD_132,SKU_00249,BATCH_0002205,2025-10-25,2026-09-24,2025-10-29,109,0,good,120
INV_0002206,WH_003,WH_003_COOL_019,SKU_00289,BATCH_0002206,2025-06-24,2026-07-24,2025-06-29,98,0,good,58
INV_0002207,WH_001,WH_001_COOL_096,SKU_00240,BATCH_0002207,2025-12-29,2026-10-11,2025-12-31,326,21,good,137
INV_0002208,WH_003,WH_003_AMBIENT_176,SKU_00071,BATCH_0002208,2026-02-18,2028-11-28,2026-02-24,16,0,good,916
INV_0002209,WH_002,WH_002_COOL_180,SKU_00117,BATCH_0002209,2025-05-03,2026-11-16,2025-05-04,24,0,good,173
INV_0002210,WH_001,WH_001_AMBIENT_014,SKU_00005,BATCH_0002210,2026-03-27,2028-05-07,2026-04-06,92,0,good,711
INV_0002211,WH_003,WH_003_COOL_119,SKU_00003,BATCH_0002211,2025-03-06,2027-03-06,2025-03-18,6,0,good,283
INV_0002212,WH_002,WH_002_COLD_146,SKU_00202,BATCH_0002212,2026-05-19,2026-10-08,2026-05-29,28,0,good,134
INV_0002213,WH_003,WH_003_AMBIENT_143,SKU_00213,BATCH_0002213,2025-09-20,2028-02-02,2025-09-24,50,0,good,616
INV_0002214,WH_002,WH_002_COOL_013,SKU_00112,BATCH_0002214,2025-12-14,2027-12-14,2025-12-26,214,0,good,566
INV_0002215,WH_001,WH_001_COLD_033,SKU_00231,BATCH_0002215,2025-10-07,2026-10-07,2025-10-10,8,0,good,133
INV_0002216,WH_001,WH_001_AMBIENT_018,SKU_00061,BATCH_0002216,2024-09-08,2027-02-12,2024-09-12,76,0,good,261
INV_0002217,WH_001,WH_001_AMBIENT_063,SKU_00215,BATCH_0002217,2025-11-07,2027-04-23,2025-11-13,17,0,good,331
INV_0002218,WH_001,WH_001_AMBIENT_067,SKU_00081,BATCH_0002218,2025-04-11,2026-10-14,2025-04-15,9,2,good,140
INV_0002219,WH_002,WH_002_COOL_198,SKU_00077,BATCH_0002219,2025-06-07,2026-07-27,2025-06-20,0,0,good,61
INV_0002220,WH_002,WH_002_AMBIENT_058,SKU_00084,BATCH_0002220,2025-08-13,2026-08-13,2025-08-23,3,0,good,78
INV_0002221,WH_001,WH_001_AMBIENT_181,SKU_00165,BATCH_0002221,2025-12-02,2027-02-06,2025-12-08,83,15,good,255
INV_0002222,WH_002,WH_002_COOL_130,SKU_00162,BATCH_0002222,2024-11-12,2026-11-12,2024-11-14,18,0,good,169
INV_0002223,WH_002,WH_002_FROZEN_155,SKU_00007,BATCH_0002223,2026-04-05,2026-10-15,2026-04-09,67,18,good,141
INV_0002224,WH_002,WH_002_AMBIENT_004,SKU_00166,BATCH_0002224,2026-04-17,2027-10-27,2026-04-29,26,0,good,518
INV_0002225,WH_002,WH_002_AMBIENT_065,SKU_00279,BATCH_0002225,2025-12-13,2028-10-11,2025-12-25,54,16,good,868
INV_0002226,WH_001,WH_001_AMBIENT_173,SKU_00170,BATCH_0002226,2025-09-03,2026-09-03,2025-09-12,22,0,good,99
INV_0002227,WH_001,WH_001_AMBIENT_123,SKU_00030,BATCH_0002227,2026-03-22,2028-08-01,2026-03-31,21,0,good,797
INV_0002228,WH_001,WH_001_COOL_084,SKU_00210,BATCH_0002228,2024-09-10,2026-09-10,2024-09-20,2,0,good,106
INV_0002229,WH_001,WH_001_AMBIENT_029,SKU_00217,BATCH_0002229,2024-09-11,2026-11-09,2024-09-22,23,0,good,166
INV_0002230,WH_002,WH_002_COLD_164,SKU_00249,BATCH_0002230,2026-02-02,2027-01-02,2026-02-13,32,0,good,220
INV_0002231,WH_003,WH_003_AMBIENT_175,SKU_00104,BATCH_0002231,2026-05-17,2028-07-05,2026-05-29,42,0,good,770
INV_0002232,WH_002,WH_002_AMBIENT_196,SKU_00116,BATCH_0002232,2025-09-17,2028-04-24,2025-09-28,32,0,good,698
INV_0002233,WH_002,WH_002_AMBIENT_060,SKU_00156,BATCH_0002233,2025-12-30,2028-06-03,2026-01-10,24,1,good,738
INV_0002234,WH_001,WH_001_AMBIENT_045,SKU_00075,BATCH_0002234,2026-04-05,2027-04-05,2026-04-11,18,4,good,313
INV_0002235,WH_001,WH_001_COOL_151,SKU_00270,BATCH_0002235,2025-12-13,2026-12-09,2025-12-23,101,0,good,196
INV_0002236,WH_001,WH_001_AMBIENT_166,SKU_00178,BATCH_0002236,2026-02-02,2027-11-21,2026-02-03,29,0,good,543
INV_0002237,WH_002,WH_002_AMBIENT_156,SKU_00046,BATCH_0002237,2025-10-02,2026-10-02,2025-10-06,26,0,good,128
INV_0002238,WH_002,WH_002_COOL_145,SKU_00181,BATCH_0002238,2026-01-12,2027-01-18,2026-01-17,20,0,good,236
INV_0002239,WH_003,WH_003_COLD_013,SKU_00237,BATCH_0002239,2025-08-28,2026-08-28,2025-09-08,113,0,good,93
INV_0002240,WH_002,WH_002_AMBIENT_095,SKU_00103,BATCH_0002240,2025-07-31,2026-07-31,2025-08-04,27,3,good,65
INV_0002241,WH_002,WH_002_COOL_149,SKU_00244,BATCH_0002241,2025-08-10,2027-03-13,2025-08-21,37,0,good,290
INV_0002242,WH_001,WH_001_COOL_123,SKU_00224,BATCH_0002242,2025-10-27,2026-12-17,2025-11-02,3,0,good,204
INV_0002243,WH_002,WH_002_AMBIENT_104,SKU_00076,BATCH_0002243,2024-09-20,2026-11-30,2024-09-23,18,0,good,187
INV_0002244,WH_002,WH_002_COLD_036,SKU_00149,BATCH_0002244,2026-02-22,2026-07-17,2026-03-06,3,0,good,51
INV_0002245,WH_001,WH_001_COLD_048,SKU_00251,BATCH_0002245,2025-11-27,2026-11-27,2025-11-30,6,0,good,184
INV_0002246,WH_001,WH_001_FROZEN_058,SKU_00296,BATCH_0002246,2026-01-11,2028-01-11,2026-01-21,27,2,good,594
INV_0002247,WH_002,WH_002_AMBIENT_088,SKU_00049,BATCH_0002247,2025-05-31,2026-07-17,2025-06-06,229,0,good,51
INV_0002248,WH_001,WH_001_AMBIENT_108,SKU_00269,BATCH_0002248,2025-08-04,2026-12-04,2025-08-10,7,1,good,191
INV_0002249,WH_002,WH_002_AMBIENT_081,SKU_00036,BATCH_0002249,2025-04-30,2026-08-01,2025-05-05,106,0,good,66
INV_0002250,WH_001,WH_001_AMBIENT_142,SKU_00026,BATCH_0002250,2025-10-18,2027-05-16,2025-10-22,7,1,good,354
INV_0002251,WH_003,WH_003_AMBIENT_076,SKU_00205,BATCH_0002251,2025-07-29,2026-08-24,2025-07-30,18,0,good,89
INV_0002252,WH_003,WH_003_AMBIENT_004,SKU_00160,BATCH_0002252,2025-04-29,2027-03-28,2025-05-11,26,0,good,305
INV_0002253,WH_003,WH_003_COOL_086,SKU_00244,BATCH_0002253,2025-03-31,2026-11-01,2025-04-12,23,3,good,158
INV_0002254,WH_002,WH_002_AMBIENT_050,SKU_00180,BATCH_0002254,2025-07-22,2026-07-22,2025-07-25,3,0,good,56
INV_0002255,WH_003,WH_003_AMBIENT_180,SKU_00019,BATCH_0002255,2024-03-05,2026-12-19,2024-03-13,5,0,good,206
INV_0002256,WH_003,WH_003_COOL_130,SKU_00169,BATCH_0002256,2025-07-12,2026-07-19,2025-07-16,163,0,good,53
INV_0002257,WH_003,WH_003_COOL_020,SKU_00253,BATCH_0002257,2025-07-09,2027-07-09,2025-07-15,59,0,good,408
INV_0002258,WH_001,WH_001_AMBIENT_080,SKU_00107,BATCH_0002258,2026-02-07,2027-02-07,2026-02-19,9,0,good,256
INV_0002259,WH_003,WH_003_AMBIENT_009,SKU_00286,BATCH_0002259,2025-10-21,2027-09-07,2025-10-31,20,4,good,468
INV_0002260,WH_002,WH_002_AMBIENT_162,SKU_00157,BATCH_0002260,2025-10-31,2026-10-31,2025-11-12,39,0,good,157
INV_0002261,WH_001,WH_001_AMBIENT_075,SKU_00120,BATCH_0002261,2026-04-21,2027-07-30,2026-04-26,52,0,good,429
INV_0002262,WH_001,WH_001_COOL_086,SKU_00245,BATCH_0002262,2026-05-19,2027-10-14,2026-05-27,15,0,good,505
INV_0002263,WH_002,WH_002_AMBIENT_076,SKU_00148,BATCH_0002263,2024-11-07,2027-05-04,2024-11-13,54,1,good,342
INV_0002264,WH_003,WH_003_COLD_025,SKU_00209,BATCH_0002264,2026-01-15,2026-08-26,2026-01-20,20,0,good,91
INV_0002265,WH_003,WH_003_AMBIENT_087,SKU_00050,BATCH_0002265,2026-05-05,2027-06-11,2026-05-12,26,0,good,380
INV_0002266,WH_002,WH_002_AMBIENT_072,SKU_00019,BATCH_0002266,2026-04-04,2029-01-17,2026-04-13,14,0,good,966
INV_0002267,WH_002,WH_002_COOL_189,SKU_00145,BATCH_0002267,2026-03-10,2027-07-01,2026-03-12,33,0,good,400
INV_0002268,WH_003,WH_003_AMBIENT_001,SKU_00013,BATCH_0002268,2025-09-25,2028-07-20,2025-10-05,28,0,good,785
INV_0002269,WH_002,WH_002_COLD_144,SKU_00196,BATCH_0002269,2026-02-13,2026-09-03,2026-02-23,34,3,good,99
INV_0002270,WH_002,WH_002_AMBIENT_044,SKU_00263,BATCH_0002270,2026-04-28,2028-02-14,2026-05-05,15,0,good,628
INV_0002271,WH_003,WH_003_AMBIENT_090,SKU_00233,BATCH_0002271,2025-01-07,2026-08-19,2025-01-09,34,0,good,84
INV_0002272,WH_003,WH_003_AMBIENT_009,SKU_00103,BATCH_0002272,2026-03-28,2027-03-28,2026-04-03,7,0,good,305
INV_0002273,WH_002,WH_002_AMBIENT_147,SKU_00152,BATCH_0002273,2025-05-02,2026-12-23,2025-05-05,16,0,good,210
INV_0002274,WH_003,WH_003_AMBIENT_033,SKU_00108,BATCH_0002274,2026-04-27,2029-02-26,2026-05-01,156,0,good,1006
INV_0002275,WH_003,WH_003_AMBIENT_098,SKU_00203,BATCH_0002275,2025-04-14,2026-12-28,2025-04-23,52,0,good,215
INV_0002276,WH_002,WH_002_AMBIENT_021,SKU_00012,BATCH_0002276,2026-05-26,2027-05-26,2026-06-03,60,0,good,364
INV_0002277,WH_001,WH_001_AMBIENT_077,SKU_00170,BATCH_0002277,2026-01-30,2027-01-30,2026-02-01,17,0,good,248
INV_0002278,WH_002,WH_002_AMBIENT_093,SKU_00067,BATCH_0002278,2025-01-19,2027-01-25,2025-01-22,0,0,good,243
INV_0002279,WH_002,WH_002_COLD_182,SKU_00209,BATCH_0002279,2025-11-29,2026-07-10,2025-12-03,11,4,good,44
INV_0002280,WH_003,WH_003_AMBIENT_092,SKU_00019,BATCH_0002280,2025-04-07,2028-01-21,2025-04-18,12,0,good,604
INV_0002281,WH_003,WH_003_COOL_060,SKU_00142,BATCH_0002281,2025-08-16,2026-12-03,2025-08-20,124,20,good,190
INV_0002282,WH_003,WH_003_AMBIENT_110,SKU_00221,BATCH_0002282,2025-10-22,2026-10-22,2025-10-30,2,0,good,148
INV_0002283,WH_003,WH_003_AMBIENT_104,SKU_00190,BATCH_0002283,2026-04-10,2027-12-18,2026-04-15,23,0,good,570
INV_0002284,WH_003,WH_003_COLD_180,SKU_00127,BATCH_0002284,2026-01-21,2026-08-19,2026-02-02,54,0,good,84
INV_0002285,WH_001,WH_001_AMBIENT_138,SKU_00247,BATCH_0002285,2026-02-20,2028-04-12,2026-02-24,10,0,good,686
INV_0002286,WH_001,WH_001_COOL_078,SKU_00272,BATCH_0002286,2025-10-28,2026-08-20,2025-11-02,9,0,good,85
INV_0002287,WH_001,WH_001_COOL_022,SKU_00253,BATCH_0002287,2024-09-18,2026-09-18,2024-09-30,30,0,good,114
INV_0002288,WH_003,WH_003_AMBIENT_081,SKU_00173,BATCH_0002288,2025-09-29,2027-09-11,2025-10-03,73,0,good,472
INV_0002289,WH_001,WH_001_COLD_124,SKU_00134,BATCH_0002289,2025-08-29,2026-08-29,2025-09-04,3,0,good,94
INV_0002290,WH_001,WH_001_COOL_085,SKU_00208,BATCH_0002290,2025-05-15,2027-05-15,2025-05-17,9,0,good,353
INV_0002291,WH_003,WH_003_FROZEN_112,SKU_00201,BATCH_0002291,2025-08-16,2027-08-15,2025-08-23,5,0,good,445
INV_0002292,WH_003,WH_003_AMBIENT_109,SKU_00036,BATCH_0002292,2025-12-22,2027-03-25,2025-12-31,5,0,good,302
INV_0002293,WH_003,WH_003_COOL_154,SKU_00087,BATCH_0002293,2026-05-07,2028-05-06,2026-05-19,18,0,good,710
INV_0002294,WH_003,WH_003_AMBIENT_031,SKU_00262,BATCH_0002294,2025-04-12,2026-10-23,2025-04-24,56,0,good,149
INV_0002295,WH_001,WH_001_AMBIENT_018,SKU_00236,BATCH_0002295,2025-04-04,2026-07-22,2025-04-10,3,0,good,56
INV_0002296,WH_001,WH_001_AMBIENT_106,SKU_00274,BATCH_0002296,2025-12-16,2026-12-16,2025-12-22,22,0,good,203
INV_0002297,WH_001,WH_001_AMBIENT_072,SKU_00063,BATCH_0002297,2025-06-29,2026-11-05,2025-07-11,14,0,good,162
INV_0002298,WH_002,WH_002_AMBIENT_136,SKU_00174,BATCH_0002298,2026-02-28,2028-07-07,2026-03-11,32,0,good,772
INV_0002299,WH_001,WH_001_COLD_041,SKU_00029,BATCH_0002299,2025-10-02,2026-10-02,2025-10-07,116,0,good,128
INV_0002300,WH_001,WH_001_COLD_023,SKU_00069,BATCH_0002300,2026-02-26,2027-01-23,2026-03-01,83,0,good,241
INV_0002301,WH_001,WH_001_AMBIENT_195,SKU_00177,BATCH_0002301,2025-11-06,2027-10-21,2025-11-17,84,0,good,512
INV_0002302,WH_001,WH_001_COOL_082,SKU_00206,BATCH_0002302,2025-07-21,2027-01-11,2025-08-03,57,0,good,229
INV_0002303,WH_001,WH_001_COLD_035,SKU_00196,BATCH_0002303,2026-04-04,2026-10-23,2026-04-14,15,0,good,149
INV_0002304,WH_002,WH_002_COOL_038,SKU_00187,BATCH_0002304,2025-05-20,2026-10-21,2025-06-01,30,3,good,147
INV_0002305,WH_003,WH_003_COOL_021,SKU_00111,BATCH_0002305,2026-05-05,2027-05-13,2026-05-15,106,8,good,351
INV_0002306,WH_003,WH_003_COLD_089,SKU_00029,BATCH_0002306,2026-01-06,2027-01-06,2026-01-08,5,0,good,224
INV_0002307,WH_002,WH_002_AMBIENT_028,SKU_00036,BATCH_0002307,2025-09-13,2026-12-15,2025-09-26,47,0,good,202
INV_0002308,WH_001,WH_001_AMBIENT_050,SKU_00076,BATCH_0002308,2025-01-31,2027-04-12,2025-02-11,2,0,good,320
INV_0002309,WH_003,WH_003_COOL_198,SKU_00121,BATCH_0002309,2026-05-07,2027-07-10,2026-05-09,6,0,good,409
INV_0002310,WH_001,WH_001_AMBIENT_021,SKU_00213,BATCH_0002310,2026-01-13,2028-05-27,2026-01-20,111,0,good,731
INV_0002311,WH_003,WH_003_AMBIENT_119,SKU_00057,BATCH_0002311,2025-08-19,2028-02-01,2025-08-22,12,3,good,615
INV_0002312,WH_002,WH_002_COOL_071,SKU_00031,BATCH_0002312,2025-04-29,2026-11-12,2025-05-12,17,0,good,169
INV_0002313,WH_002,WH_002_AMBIENT_008,SKU_00179,BATCH_0002313,2025-11-24,2026-11-24,2025-11-26,8,2,good,181
INV_0002314,WH_003,WH_003_AMBIENT_191,SKU_00279,BATCH_0002314,2026-02-25,2028-12-24,2026-02-27,11,0,good,942
INV_0002315,WH_001,WH_001_AMBIENT_197,SKU_00235,BATCH_0002315,2025-11-25,2026-11-25,2025-12-08,4,0,good,182
INV_0002316,WH_001,WH_001_AMBIENT_064,SKU_00160,BATCH_0002316,2026-03-09,2028-02-05,2026-03-22,14,0,good,619
INV_0002317,WH_002,WH_002_COOL_079,SKU_00021,BATCH_0002317,2026-02-08,2026-11-27,2026-02-17,45,0,good,184
INV_0002318,WH_001,WH_001_COLD_083,SKU_00035,BATCH_0002318,2026-04-23,2026-09-27,2026-05-03,70,0,good,123
INV_0002319,WH_001,WH_001_AMBIENT_181,SKU_00262,BATCH_0002319,2026-04-29,2027-11-09,2026-05-02,16,0,good,531
INV_0002320,WH_001,WH_001_AMBIENT_068,SKU_00150,BATCH_0002320,2026-05-12,2027-07-28,2026-05-20,7,0,good,427
INV_0002321,WH_001,WH_001_AMBIENT_170,SKU_00286,BATCH_0002321,2026-04-21,2028-03-07,2026-05-04,34,0,good,650
INV_0002322,WH_002,WH_002_AMBIENT_006,SKU_00052,BATCH_0002322,2025-10-23,2028-07-10,2025-10-25,9,0,good,775
INV_0002323,WH_002,WH_002_AMBIENT_133,SKU_00282,BATCH_0002323,2025-05-19,2027-10-01,2025-05-23,63,0,good,492
INV_0002324,WH_001,WH_001_COOL_062,SKU_00244,BATCH_0002324,2024-12-22,2026-07-25,2025-01-01,12,0,good,59
INV_0002325,WH_001,WH_001_AMBIENT_059,SKU_00285,BATCH_0002325,2025-08-09,2026-08-09,2025-08-12,14,0,good,74
INV_0002326,WH_003,WH_003_COOL_145,SKU_00294,BATCH_0002326,2025-09-14,2027-09-14,2025-09-27,10,0,good,475
INV_0002327,WH_003,WH_003_COOL_115,SKU_00130,BATCH_0002327,2026-03-16,2028-03-15,2026-03-26,60,0,good,658
INV_0002328,WH_001,WH_001_AMBIENT_125,SKU_00105,BATCH_0002328,2025-09-23,2026-09-23,2025-10-04,41,0,good,119
INV_0002329,WH_003,WH_003_COOL_027,SKU_00161,BATCH_0002329,2026-01-11,2027-08-26,2026-01-12,11,0,good,456
INV_0002330,WH_003,WH_003_AMBIENT_063,SKU_00013,BATCH_0002330,2026-02-24,2028-12-19,2026-03-01,1,0,good,937
INV_0002331,WH_001,WH_001_COOL_017,SKU_00031,BATCH_0002331,2026-04-04,2027-10-18,2026-04-09,5,0,good,509
INV_0002332,WH_001,WH_001_AMBIENT_170,SKU_00100,BATCH_0002332,2024-11-25,2027-07-11,2024-12-08,3,1,good,410
INV_0002333,WH_002,WH_002_COOL_090,SKU_00111,BATCH_0002333,2025-09-23,2026-10-01,2025-09-30,17,3,good,127
INV_0002334,WH_002,WH_002_COLD_160,SKU_00053,BATCH_0002334,2025-12-19,2026-08-04,2025-12-23,13,0,good,69
INV_0002335,WH_002,WH_002_AMBIENT_149,SKU_00257,BATCH_0002335,2026-02-07,2027-08-06,2026-02-13,26,0,good,436
INV_0002336,WH_002,WH_002_COOL_070,SKU_00238,BATCH_0002336,2025-06-07,2027-01-31,2025-06-10,5,1,good,249
INV_0002337,WH_003,WH_003_FROZEN_148,SKU_00171,BATCH_0002337,2026-04-05,2028-03-15,2026-04-17,7,0,good,658
INV_0002338,WH_001,WH_001_COOL_030,SKU_00033,BATCH_0002338,2026-05-16,2027-07-21,2026-05-19,19,5,good,420
INV_0002339,WH_002,WH_002_COLD_152,SKU_00040,BATCH_0002339,2026-04-27,2026-09-11,2026-05-09,14,3,good,107
INV_0002340,WH_001,WH_001_AMBIENT_060,SKU_00242,BATCH_0002340,2025-09-23,2026-09-23,2025-09-24,55,0,good,119
INV_0002341,WH_002,WH_002_AMBIENT_080,SKU_00103,BATCH_0002341,2026-01-26,2027-01-26,2026-02-03,120,0,good,244
INV_0002342,WH_003,WH_003_AMBIENT_044,SKU_00098,BATCH_0002342,2024-04-08,2026-11-10,2024-04-13,14,0,good,167
INV_0002343,WH_003,WH_003_COOL_045,SKU_00181,BATCH_0002343,2026-03-24,2027-03-30,2026-03-30,25,0,good,307
INV_0002344,WH_002,WH_002_AMBIENT_198,SKU_00168,BATCH_0002344,2026-05-01,2027-05-01,2026-05-14,4,0,good,339
INV_0002345,WH_001,WH_001_AMBIENT_186,SKU_00050,BATCH_0002345,2026-04-11,2027-05-18,2026-04-22,6,0,good,356
INV_0002346,WH_003,WH_003_AMBIENT_004,SKU_00265,BATCH_0002346,2025-10-30,2028-01-26,2025-11-01,29,0,good,609
INV_0002347,WH_003,WH_003_AMBIENT_137,SKU_00141,BATCH_0002347,2026-01-05,2027-01-05,2026-01-17,121,26,good,223
INV_0002348,WH_001,WH_001_COOL_007,SKU_00211,BATCH_0002348,2024-08-15,2026-08-15,2024-08-27,198,0,good,80
INV_0002349,WH_003,WH_003_COOL_002,SKU_00142,BATCH_0002349,2025-06-16,2026-10-03,2025-06-20,4,0,good,129
INV_0002350,WH_001,WH_001_AMBIENT_168,SKU_00242,BATCH_0002350,2026-04-19,2027-04-19,2026-04-21,44,11,good,327
INV_0002351,WH_003,WH_003_AMBIENT_061,SKU_00100,BATCH_0002351,2025-06-12,2028-01-26,2025-06-21,27,0,good,609
INV_0002352,WH_001,WH_001_AMBIENT_045,SKU_00013,BATCH_0002352,2025-02-18,2027-12-14,2025-03-01,125,0,good,566
INV_0002353,WH_003,WH_003_AMBIENT_109,SKU_00214,BATCH_0002353,2025-08-07,2027-11-09,2025-08-11,10,0,good,531
INV_0002354,WH_003,WH_003_COOL_025,SKU_00289,BATCH_0002354,2025-08-11,2026-09-10,2025-08-20,15,0,good,106
INV_0002355,WH_001,WH_001_AMBIENT_067,SKU_00248,BATCH_0002355,2025-01-14,2027-04-18,2025-01-15,15,0,good,326
INV_0002356,WH_003,WH_003_COOL_187,SKU_00208,BATCH_0002356,2025-11-16,2027-11-16,2025-11-26,3,0,good,538
INV_0002357,WH_002,WH_002_AMBIENT_098,SKU_00225,BATCH_0002357,2025-11-28,2026-11-30,2025-12-08,25,0,good,187
INV_0002358,WH_002,WH_002_COLD_131,SKU_00039,BATCH_0002358,2025-08-21,2026-08-21,2025-08-28,17,0,good,86
INV_0002359,WH_003,WH_003_COLD_097,SKU_00193,BATCH_0002359,2025-12-11,2026-11-10,2025-12-15,27,0,good,167
INV_0002360,WH_001,WH_001_COOL_041,SKU_00212,BATCH_0002360,2025-03-06,2026-11-07,2025-03-17,35,0,good,164
INV_0002361,WH_001,WH_001_AMBIENT_098,SKU_00104,BATCH_0002361,2025-06-06,2027-07-26,2025-06-08,7,0,good,425
INV_0002362,WH_002,WH_002_COLD_181,SKU_00092,BATCH_0002362,2025-12-14,2026-12-14,2025-12-22,12,0,good,201
INV_0002363,WH_001,WH_001_AMBIENT_037,SKU_00018,BATCH_0002363,2025-05-21,2026-09-20,2025-05-25,11,0,good,116
INV_0002364,WH_003,WH_003_COLD_139,SKU_00092,BATCH_0002364,2026-03-26,2027-03-26,2026-03-29,21,2,good,303
INV_0002365,WH_003,WH_003_FROZEN_076,SKU_00287,BATCH_0002365,2026-03-30,2028-03-29,2026-04-02,8,0,good,672
INV_0002366,WH_002,WH_002_COOL_110,SKU_00270,BATCH_0002366,2025-10-31,2026-10-27,2025-11-05,59,0,good,153
INV_0002367,WH_001,WH_001_COOL_081,SKU_00151,BATCH_0002367,2025-09-05,2027-03-12,2025-09-17,35,0,good,289
INV_0002368,WH_002,WH_002_COOL_176,SKU_00117,BATCH_0002368,2026-04-10,2027-10-24,2026-04-23,4,0,good,515
INV_0002369,WH_002,WH_002_AMBIENT_100,SKU_00239,BATCH_0002369,2025-11-04,2026-11-04,2025-11-10,40,0,good,161
INV_0002370,WH_001,WH_001_AMBIENT_008,SKU_00288,BATCH_0002370,2026-02-13,2028-03-04,2026-02-18,15,4,good,647
INV_0002371,WH_002,WH_002_AMBIENT_158,SKU_00143,BATCH_0002371,2025-10-05,2026-10-05,2025-10-09,253,0,good,131
INV_0002372,WH_002,WH_002_FROZEN_074,SKU_00296,BATCH_0002372,2024-12-16,2026-12-16,2024-12-23,55,0,good,203
INV_0002373,WH_002,WH_002_AMBIENT_168,SKU_00061,BATCH_0002373,2025-04-17,2027-09-21,2025-04-19,4,1,good,482
INV_0002374,WH_001,WH_001_AMBIENT_015,SKU_00291,BATCH_0002374,2025-10-24,2027-04-29,2025-11-02,80,10,good,337
INV_0002375,WH_003,WH_003_COOL_067,SKU_00167,BATCH_0002375,2025-12-18,2026-06-25,2025-12-24,5,0,good,29
INV_0002376,WH_001,WH_001_AMBIENT_163,SKU_00286,BATCH_0002376,2025-02-02,2026-12-20,2025-02-14,22,0,good,207
INV_0002377,WH_003,WH_003_AMBIENT_126,SKU_00255,BATCH_0002377,2026-03-14,2027-03-31,2026-03-21,54,14,good,308
INV_0002378,WH_003,WH_003_COOL_047,SKU_00119,BATCH_0002378,2025-04-04,2026-07-29,2025-04-14,42,0,good,63
INV_0002379,WH_001,WH_001_COOL_128,SKU_00151,BATCH_0002379,2025-08-27,2027-03-03,2025-09-06,24,0,good,280
INV_0002380,WH_001,WH_001_COLD_109,SKU_00127,BATCH_0002380,2026-05-27,2026-12-23,2026-06-04,169,48,good,210
INV_0002381,WH_002,WH_002_COLD_030,SKU_00110,BATCH_0002381,2026-03-23,2026-10-31,2026-04-02,17,0,good,157
INV_0002382,WH_001,WH_001_FROZEN_182,SKU_00287,BATCH_0002382,2024-11-25,2026-11-25,2024-11-27,10,1,good,182
INV_0002383,WH_001,WH_001_COOL_147,SKU_00064,BATCH_0002383,2026-01-15,2028-01-15,2026-01-17,3,0,good,598
INV_0002384,WH_002,WH_002_AMBIENT_077,SKU_00103,BATCH_0002384,2025-09-05,2026-09-05,2025-09-06,4,0,good,101
INV_0002385,WH_003,WH_003_AMBIENT_103,SKU_00158,BATCH_0002385,2024-12-21,2026-09-18,2024-12-30,154,0,good,114
INV_0002386,WH_002,WH_002_COLD_118,SKU_00251,BATCH_0002386,2026-02-25,2027-02-25,2026-03-09,12,0,good,274
INV_0002387,WH_002,WH_002_AMBIENT_148,SKU_00292,BATCH_0002387,2025-06-22,2026-11-11,2025-06-27,55,0,good,168
INV_0002388,WH_002,WH_002_AMBIENT_003,SKU_00198,BATCH_0002388,2025-08-09,2026-10-11,2025-08-10,23,0,good,137
INV_0002389,WH_003,WH_003_AMBIENT_036,SKU_00180,BATCH_0002389,2025-09-16,2026-09-16,2025-09-19,8,0,good,112
INV_0002390,WH_002,WH_002_FROZEN_088,SKU_00192,BATCH_0002390,2025-12-18,2026-08-17,2025-12-19,6,0,good,82
INV_0002391,WH_003,WH_003_AMBIENT_086,SKU_00017,BATCH_0002391,2025-01-13,2026-12-19,2025-01-22,91,0,good,206
INV_0002392,WH_003,WH_003_COLD_126,SKU_00054,BATCH_0002392,2025-09-10,2026-09-10,2025-09-23,5,0,good,106
INV_0002393,WH_001,WH_001_COOL_027,SKU_00077,BATCH_0002393,2026-03-11,2027-04-30,2026-03-22,36,0,good,338
INV_0002394,WH_003,WH_003_AMBIENT_095,SKU_00105,BATCH_0002394,2026-04-17,2027-04-17,2026-04-23,35,0,good,325
INV_0002395,WH_001,WH_001_COLD_098,SKU_00035,BATCH_0002395,2026-03-27,2026-08-31,2026-04-04,48,0,good,96
INV_0002396,WH_002,WH_002_AMBIENT_136,SKU_00084,BATCH_0002396,2026-04-16,2027-04-16,2026-04-18,52,4,good,324
INV_0002397,WH_002,WH_002_AMBIENT_179,SKU_00200,BATCH_0002397,2025-03-03,2026-10-27,2025-03-09,3,0,good,153
INV_0002398,WH_003,WH_003_AMBIENT_195,SKU_00152,BATCH_0002398,2025-03-13,2026-11-03,2025-03-22,11,0,good,160
INV_0002399,WH_003,WH_003_COLD_126,SKU_00068,BATCH_0002399,2025-12-17,2026-12-17,2025-12-19,9,0,good,204
INV_0002400,WH_001,WH_001_AMBIENT_161,SKU_00200,BATCH_0002400,2025-09-29,2027-05-25,2025-10-11,12,0,good,363
INV_0002401,WH_001,WH_001_AMBIENT_073,SKU_00009,BATCH_0002401,2024-11-19,2026-12-03,2024-12-01,53,0,good,190
INV_0002402,WH_003,WH_003_AMBIENT_025,SKU_00221,BATCH_0002402,2026-02-07,2027-02-07,2026-02-16,22,6,good,256
INV_0002403,WH_003,WH_003_COOL_143,SKU_00266,BATCH_0002403,2026-01-14,2027-09-12,2026-01-25,30,0,good,473
INV_0002404,WH_003,WH_003_AMBIENT_024,SKU_00008,BATCH_0002404,2026-05-09,2027-05-09,2026-05-11,126,0,good,347
INV_0002405,WH_001,WH_001_COLD_147,SKU_00037,BATCH_0002405,2025-07-11,2026-07-11,2025-07-16,2,0,good,45
INV_0002406,WH_002,WH_002_FROZEN_152,SKU_00296,BATCH_0002406,2025-05-15,2027-05-15,2025-05-23,10,0,good,353
INV_0002407,WH_002,WH_002_COLD_162,SKU_00183,BATCH_0002407,2026-03-26,2027-03-26,2026-04-06,1,0,good,303
INV_0002408,WH_002,WH_002_COOL_171,SKU_00294,BATCH_0002408,2026-05-24,2028-05-23,2026-05-30,17,0,good,727
INV_0002409,WH_002,WH_002_AMBIENT_040,SKU_00071,BATCH_0002409,2024-08-12,2027-05-23,2024-08-17,20,2,good,361
INV_0002410,WH_003,WH_003_AMBIENT_119,SKU_00166,BATCH_0002410,2025-08-05,2027-02-14,2025-08-10,21,0,good,263
INV_0002411,WH_002,WH_002_COLD_188,SKU_00035,BATCH_0002411,2026-05-11,2026-10-15,2026-05-18,17,0,good,141
INV_0002412,WH_001,WH_001_AMBIENT_026,SKU_00217,BATCH_0002412,2025-07-20,2027-09-17,2025-07-31,1,0,good,478
INV_0002413,WH_002,WH_002_AMBIENT_167,SKU_00173,BATCH_0002413,2025-08-02,2027-07-15,2025-08-10,18,0,good,414
INV_0002414,WH_001,WH_001_AMBIENT_136,SKU_00263,BATCH_0002414,2026-04-06,2028-01-23,2026-04-11,206,0,good,606
INV_0002415,WH_003,WH_003_COOL_009,SKU_00219,BATCH_0002415,2026-05-01,2028-02-02,2026-05-05,95,0,good,616
INV_0002416,WH_003,WH_003_AMBIENT_041,SKU_00067,BATCH_0002416,2025-05-25,2027-05-31,2025-05-26,7,0,good,369
INV_0002417,WH_002,WH_002_AMBIENT_199,SKU_00241,BATCH_0002417,2024-05-22,2026-11-16,2024-06-01,43,10,good,173
INV_0002418,WH_003,WH_003_AMBIENT_126,SKU_00246,BATCH_0002418,2025-10-24,2027-02-14,2025-11-06,15,5,good,263
INV_0002419,WH_003,WH_003_AMBIENT_020,SKU_00278,BATCH_0002419,2026-02-24,2028-03-27,2026-03-03,60,0,good,670
INV_0002420,WH_001,WH_001_AMBIENT_079,SKU_00104,BATCH_0002420,2026-01-28,2028-03-18,2026-01-29,11,1,good,661
INV_0002421,WH_001,WH_001_AMBIENT_104,SKU_00259,BATCH_0002421,2025-12-18,2027-12-06,2025-12-27,6,0,good,558
INV_0002422,WH_003,WH_003_COLD_156,SKU_00092,BATCH_0002422,2025-12-07,2026-12-07,2025-12-12,104,0,good,194
INV_0002423,WH_001,WH_001_AMBIENT_004,SKU_00124,BATCH_0002423,2025-03-20,2027-03-28,2025-04-01,14,1,good,305
INV_0002424,WH_002,WH_002_AMBIENT_047,SKU_00239,BATCH_0002424,2025-07-28,2026-07-28,2025-08-08,5,0,good,62
INV_0002425,WH_002,WH_002_COOL_005,SKU_00044,BATCH_0002425,2025-10-02,2027-08-15,2025-10-13,4,0,good,445
INV_0002426,WH_003,WH_003_COLD_072,SKU_00106,BATCH_0002426,2025-11-25,2026-09-02,2025-12-04,11,0,good,98
INV_0002427,WH_001,WH_001_AMBIENT_081,SKU_00188,BATCH_0002427,2026-01-23,2027-01-23,2026-01-25,5,1,good,241
INV_0002428,WH_001,WH_001_COOL_042,SKU_00206,BATCH_0002428,2025-02-03,2026-07-27,2025-02-04,15,0,good,61
INV_0002429,WH_001,WH_001_AMBIENT_058,SKU_00190,BATCH_0002429,2024-12-19,2026-08-28,2024-12-25,49,0,good,93
INV_0002430,WH_001,WH_001_COLD_125,SKU_00300,BATCH_0002430,2025-07-20,2026-07-20,2025-07-31,93,0,good,54
INV_0002431,WH_003,WH_003_AMBIENT_021,SKU_00173,BATCH_0002431,2025-09-08,2027-08-21,2025-09-13,25,0,good,451
INV_0002432,WH_001,WH_001_AMBIENT_170,SKU_00259,BATCH_0002432,2026-01-02,2027-12-21,2026-01-03,16,3,good,573
INV_0002433,WH_001,WH_001_COOL_070,SKU_00072,BATCH_0002433,2024-08-28,2026-08-28,2024-09-06,2,0,good,93
INV_0002434,WH_003,WH_003_AMBIENT_066,SKU_00080,BATCH_0002434,2024-12-11,2027-04-27,2024-12-13,23,0,good,335
INV_0002435,WH_003,WH_003_COOL_007,SKU_00266,BATCH_0002435,2025-01-01,2026-08-30,2025-01-03,101,33,good,95
INV_0002436,WH_002,WH_002_AMBIENT_197,SKU_00061,BATCH_0002436,2025-03-31,2027-09-04,2025-04-10,21,0,good,465
INV_0002437,WH_003,WH_003_AMBIENT_107,SKU_00205,BATCH_0002437,2025-08-19,2026-09-14,2025-08-21,26,6,good,110
INV_0002438,WH_003,WH_003_AMBIENT_076,SKU_00080,BATCH_0002438,2024-06-06,2026-10-21,2024-06-09,3,0,good,147
INV_0002439,WH_003,WH_003_AMBIENT_110,SKU_00214,BATCH_0002439,2025-09-07,2027-12-10,2025-09-08,20,0,good,562
INV_0002440,WH_001,WH_001_AMBIENT_115,SKU_00091,BATCH_0002440,2025-02-16,2027-09-19,2025-02-21,23,0,good,480
INV_0002441,WH_002,WH_002_COOL_061,SKU_00031,BATCH_0002441,2025-08-19,2027-03-04,2025-08-30,30,0,good,281
INV_0002442,WH_002,WH_002_AMBIENT_014,SKU_00267,BATCH_0002442,2025-11-11,2027-11-23,2025-11-15,82,0,good,545
INV_0002443,WH_001,WH_001_AMBIENT_171,SKU_00242,BATCH_0002443,2025-12-09,2026-12-09,2025-12-16,3,0,good,196
INV_0002444,WH_002,WH_002_AMBIENT_044,SKU_00081,BATCH_0002444,2025-07-13,2027-01-15,2025-07-18,32,12,good,233
INV_0002445,WH_002,WH_002_AMBIENT_164,SKU_00267,BATCH_0002445,2024-09-18,2026-09-30,2024-09-25,7,2,good,126
INV_0002446,WH_003,WH_003_COOL_059,SKU_00240,BATCH_0002446,2026-04-07,2027-01-18,2026-04-09,24,5,good,236
INV_0002447,WH_002,WH_002_COOL_081,SKU_00011,BATCH_0002447,2026-01-03,2028-01-03,2026-01-07,12,0,good,586
INV_0002448,WH_001,WH_001_AMBIENT_174,SKU_00225,BATCH_0002448,2025-09-08,2026-09-10,2025-09-18,8,2,good,106
INV_0002449,WH_003,WH_003_AMBIENT_165,SKU_00176,BATCH_0002449,2025-12-07,2026-12-07,2025-12-08,30,0,good,194
INV_0002450,WH_002,WH_002_AMBIENT_084,SKU_00290,BATCH_0002450,2025-04-05,2026-08-23,2025-04-16,170,0,good,88
INV_0002451,WH_003,WH_003_AMBIENT_145,SKU_00102,BATCH_0002451,2024-11-26,2027-05-13,2024-12-06,16,4,good,351
INV_0002452,WH_003,WH_003_COOL_171,SKU_00031,BATCH_0002452,2025-12-14,2027-06-29,2025-12-22,29,0,good,398
INV_0002453,WH_003,WH_003_COLD_126,SKU_00196,BATCH_0002453,2026-05-20,2026-12-08,2026-05-26,19,0,good,195
INV_0002454,WH_002,WH_002_AMBIENT_191,SKU_00285,BATCH_0002454,2026-03-07,2027-03-07,2026-03-14,20,7,good,284
INV_0002455,WH_002,WH_002_AMBIENT_018,SKU_00105,BATCH_0002455,2026-01-14,2027-01-14,2026-01-15,66,0,good,232
INV_0002456,WH_001,WH_001_AMBIENT_083,SKU_00034,BATCH_0002456,2026-03-14,2027-05-09,2026-03-27,12,0,good,347
INV_0002457,WH_002,WH_002_AMBIENT_036,SKU_00258,BATCH_0002457,2025-09-17,2027-01-27,2025-09-27,380,143,good,245
INV_0002458,WH_003,WH_003_COLD_147,SKU_00300,BATCH_0002458,2026-03-16,2027-03-16,2026-03-25,2,0,good,293
INV_0002459,WH_002,WH_002_AMBIENT_143,SKU_00122,BATCH_0002459,2026-03-30,2029-01-15,2026-04-12,89,0,good,964
INV_0002460,WH_001,WH_001_COOL_102,SKU_00266,BATCH_0002460,2025-10-04,2027-06-02,2025-10-16,35,0,good,371
INV_0002461,WH_001,WH_001_COOL_073,SKU_00131,BATCH_0002461,2025-09-27,2027-07-27,2025-10-10,14,0,good,426
INV_0002462,WH_001,WH_001_COLD_090,SKU_00228,BATCH_0002462,2026-05-01,2027-02-26,2026-05-05,10,4,good,275
INV_0002463,WH_002,WH_002_AMBIENT_147,SKU_00239,BATCH_0002463,2026-03-12,2027-03-12,2026-03-18,52,0,good,289
INV_0002464,WH_002,WH_002_FROZEN_139,SKU_00287,BATCH_0002464,2024-10-25,2026-10-25,2024-10-28,15,2,good,151
INV_0002465,WH_001,WH_001_COOL_172,SKU_00244,BATCH_0002465,2026-01-24,2027-08-27,2026-02-05,60,0,good,457
INV_0002466,WH_002,WH_002_AMBIENT_047,SKU_00143,BATCH_0002466,2025-12-14,2026-12-14,2025-12-24,47,10,good,201
INV_0002467,WH_003,WH_003_COOL_121,SKU_00010,BATCH_0002467,2024-11-22,2026-11-22,2024-12-02,57,0,good,179
INV_0002468,WH_003,WH_003_AMBIENT_146,SKU_00084,BATCH_0002468,2025-07-24,2026-07-24,2025-07-27,6,0,good,58
INV_0002469,WH_001,WH_001_COLD_057,SKU_00251,BATCH_0002469,2026-02-06,2027-02-06,2026-02-11,19,0,good,255
INV_0002470,WH_003,WH_003_AMBIENT_034,SKU_00285,BATCH_0002470,2025-10-30,2026-10-30,2025-11-03,24,0,good,156
INV_0002471,WH_001,WH_001_COLD_047,SKU_00045,BATCH_0002471,2026-02-22,2027-02-22,2026-02-24,27,0,good,271
INV_0002472,WH_003,WH_003_COOL_103,SKU_00145,BATCH_0002472,2025-06-10,2026-10-01,2025-06-15,62,9,good,127
INV_0002473,WH_002,WH_002_FROZEN_163,SKU_00287,BATCH_0002473,2025-03-30,2027-03-30,2025-04-10,9,0,good,307
INV_0002474,WH_002,WH_002_AMBIENT_002,SKU_00283,BATCH_0002474,2026-03-18,2027-03-18,2026-03-26,39,0,good,295
INV_0002475,WH_003,WH_003_AMBIENT_097,SKU_00279,BATCH_0002475,2025-10-26,2028-08-24,2025-10-30,44,0,good,820
INV_0002476,WH_002,WH_002_AMBIENT_124,SKU_00120,BATCH_0002476,2026-02-03,2027-05-14,2026-02-04,2,0,good,352
INV_0002477,WH_002,WH_002_COOL_067,SKU_00293,BATCH_0002477,2025-01-25,2027-01-25,2025-01-30,63,0,good,243
INV_0002478,WH_002,WH_002_COOL_101,SKU_00041,BATCH_0002478,2025-05-23,2026-11-20,2025-05-25,69,0,good,177
INV_0002479,WH_002,WH_002_AMBIENT_055,SKU_00078,BATCH_0002479,2026-05-24,2028-10-14,2026-06-03,5,0,good,871
INV_0002480,WH_003,WH_003_AMBIENT_136,SKU_00073,BATCH_0002480,2026-04-16,2027-04-16,2026-04-24,81,0,good,324
INV_0002481,WH_002,WH_002_COOL_012,SKU_00031,BATCH_0002481,2025-05-04,2026-11-17,2025-05-09,109,0,good,174
INV_0002482,WH_001,WH_001_AMBIENT_193,SKU_00100,BATCH_0002482,2024-07-26,2027-03-11,2024-07-30,7,0,good,288
INV_0002483,WH_002,WH_002_COOL_004,SKU_00162,BATCH_0002483,2025-05-19,2027-05-19,2025-05-20,1,0,good,357
INV_0002484,WH_002,WH_002_AMBIENT_086,SKU_00107,BATCH_0002484,2025-08-04,2026-08-04,2025-08-07,24,0,good,69
INV_0002485,WH_002,WH_002_AMBIENT_133,SKU_00067,BATCH_0002485,2026-02-26,2028-03-03,2026-03-09,31,0,good,646
INV_0002486,WH_003,WH_003_COLD_035,SKU_00068,BATCH_0002486,2025-07-23,2026-07-23,2025-07-25,35,0,good,57
INV_0002487,WH_003,WH_003_FROZEN_107,SKU_00287,BATCH_0002487,2025-12-09,2027-12-09,2025-12-14,17,1,good,561
INV_0002488,WH_001,WH_001_COOL_168,SKU_00072,BATCH_0002488,2025-09-15,2027-09-15,2025-09-18,17,5,good,476
INV_0002489,WH_003,WH_003_COOL_123,SKU_00220,BATCH_0002489,2026-03-10,2026-11-08,2026-03-21,14,0,good,165
INV_0002490,WH_003,WH_003_COOL_033,SKU_00087,BATCH_0002490,2024-08-23,2026-08-23,2024-09-04,18,4,good,88
INV_0002491,WH_002,WH_002_AMBIENT_179,SKU_00218,BATCH_0002491,2025-03-21,2027-05-08,2025-03-28,34,0,good,346
INV_0002492,WH_003,WH_003_AMBIENT_137,SKU_00173,BATCH_0002492,2025-04-24,2027-04-06,2025-05-07,50,0,good,314
INV_0002493,WH_003,WH_003_AMBIENT_197,SKU_00105,BATCH_0002493,2026-05-03,2027-05-03,2026-05-05,10,2,good,341
INV_0002494,WH_003,WH_003_AMBIENT_197,SKU_00290,BATCH_0002494,2026-03-07,2027-07-25,2026-03-14,41,15,good,424
INV_0002495,WH_001,WH_001_AMBIENT_176,SKU_00186,BATCH_0002495,2024-08-31,2026-10-13,2024-09-08,9,0,good,139
INV_0002496,WH_002,WH_002_AMBIENT_135,SKU_00259,BATCH_0002496,2026-02-10,2028-01-29,2026-02-16,5,0,good,612
INV_0002497,WH_003,WH_003_COOL_122,SKU_00038,BATCH_0002497,2025-01-14,2026-10-12,2025-01-21,100,0,good,138
INV_0002498,WH_002,WH_002_FROZEN_182,SKU_00296,BATCH_0002498,2025-12-02,2027-12-02,2025-12-15,6,0,good,554
INV_0002499,WH_003,WH_003_AMBIENT_144,SKU_00217,BATCH_0002499,2025-03-06,2027-05-04,2025-03-14,10,2,good,342
INV_0002500,WH_003,WH_003_COOL_172,SKU_00244,BATCH_0002500,2025-07-15,2027-02-15,2025-07-19,18,0,good,264
INV_0002501,WH_003,WH_003_FROZEN_172,SKU_00287,BATCH_0002501,2026-01-07,2028-01-07,2026-01-12,0,0,good,590
INV_0002502,WH_003,WH_003_COLD_115,SKU_00229,BATCH_0002502,2026-04-21,2027-04-21,2026-04-27,214,0,good,329
INV_0002503,WH_003,WH_003_COLD_109,SKU_00136,BATCH_0002503,2026-05-14,2027-02-10,2026-05-16,12,0,good,259
INV_0002504,WH_003,WH_003_AMBIENT_071,SKU_00062,BATCH_0002504,2024-11-03,2026-10-25,2024-11-09,3,0,good,151
INV_0002505,WH_001,WH_001_AMBIENT_035,SKU_00012,BATCH_0002505,2025-10-23,2026-10-23,2025-11-05,17,0,good,149
INV_0002506,WH_003,WH_003_AMBIENT_112,SKU_00026,BATCH_0002506,2026-02-20,2027-09-18,2026-02-25,38,0,good,479
INV_0002507,WH_002,WH_002_AMBIENT_056,SKU_00170,BATCH_0002507,2025-08-17,2026-08-17,2025-08-20,6,0,good,82
INV_0002508,WH_002,WH_002_AMBIENT_026,SKU_00283,BATCH_0002508,2026-03-12,2027-03-12,2026-03-14,50,17,good,289
INV_0002509,WH_001,WH_001_AMBIENT_136,SKU_00046,BATCH_0002509,2026-04-29,2027-04-29,2026-05-09,127,0,good,337
INV_0002510,WH_003,WH_003_FROZEN_120,SKU_00197,BATCH_0002510,2025-06-08,2027-06-08,2025-06-12,33,0,good,377
INV_0002511,WH_001,WH_001_COLD_165,SKU_00110,BATCH_0002511,2026-01-02,2026-08-12,2026-01-12,182,0,good,77
INV_0002512,WH_003,WH_003_AMBIENT_139,SKU_00257,BATCH_0002512,2025-11-21,2027-05-20,2025-11-30,33,0,good,358
INV_0002513,WH_003,WH_003_AMBIENT_159,SKU_00262,BATCH_0002513,2025-12-28,2027-07-10,2026-01-01,55,0,good,409
INV_0002514,WH_001,WH_001_AMBIENT_200,SKU_00148,BATCH_0002514,2025-05-19,2027-11-13,2025-05-30,17,2,good,535
INV_0002515,WH_003,WH_003_AMBIENT_133,SKU_00120,BATCH_0002515,2025-08-18,2026-11-26,2025-08-27,5,1,good,183
INV_0002516,WH_003,WH_003_COOL_089,SKU_00117,BATCH_0002516,2025-08-03,2027-02-16,2025-08-06,152,21,good,265
INV_0002517,WH_002,WH_002_AMBIENT_024,SKU_00013,BATCH_0002517,2025-01-21,2027-11-16,2025-01-28,21,6,good,538
INV_0002518,WH_002,WH_002_AMBIENT_175,SKU_00078,BATCH_0002518,2025-07-23,2027-12-14,2025-08-05,22,0,good,566
INV_0002519,WH_002,WH_002_AMBIENT_152,SKU_00279,BATCH_0002519,2026-04-21,2029-02-17,2026-05-01,77,0,good,997
INV_0002520,WH_001,WH_001_AMBIENT_165,SKU_00026,BATCH_0002520,2025-09-16,2027-04-14,2025-09-28,11,0,good,322
INV_0002521,WH_001,WH_001_AMBIENT_190,SKU_00076,BATCH_0002521,2026-01-25,2028-04-05,2026-02-06,31,0,good,679
INV_0002522,WH_002,WH_002_FROZEN_137,SKU_00296,BATCH_0002522,2026-05-25,2028-05-24,2026-05-26,53,0,good,728
INV_0002523,WH_001,WH_001_AMBIENT_167,SKU_00001,BATCH_0002523,2025-06-05,2027-01-05,2025-06-12,69,0,good,223
INV_0002524,WH_001,WH_001_AMBIENT_004,SKU_00247,BATCH_0002524,2026-01-28,2028-03-20,2026-02-10,11,0,good,663
INV_0002525,WH_002,WH_002_COLD_012,SKU_00249,BATCH_0002525,2026-05-17,2027-04-16,2026-05-26,9,0,good,324
INV_0002526,WH_002,WH_002_AMBIENT_199,SKU_00282,BATCH_0002526,2025-01-30,2027-06-14,2025-02-12,12,0,good,383
INV_0002527,WH_002,WH_002_COOL_023,SKU_00112,BATCH_0002527,2024-11-29,2026-11-29,2024-12-07,27,0,good,186
INV_0002528,WH_003,WH_003_AMBIENT_109,SKU_00124,BATCH_0002528,2025-08-15,2027-08-23,2025-08-21,374,0,good,453
INV_0002529,WH_002,WH_002_COOL_114,SKU_00117,BATCH_0002529,2025-06-14,2026-12-28,2025-06-19,70,0,good,215
INV_0002530,WH_002,WH_002_COOL_160,SKU_00041,BATCH_0002530,2026-01-29,2027-07-29,2026-02-05,14,0,good,428
INV_0002531,WH_003,WH_003_AMBIENT_025,SKU_00017,BATCH_0002531,2025-07-16,2027-06-21,2025-07-22,19,0,good,390
INV_0002532,WH_001,WH_001_COLD_073,SKU_00053,BATCH_0002532,2026-03-11,2026-10-25,2026-03-17,1,0,good,151
INV_0002533,WH_001,WH_001_FROZEN_008,SKU_00287,BATCH_0002533,2026-03-10,2028-03-09,2026-03-12,3,0,good,652
INV_0002534,WH_001,WH_001_COOL_076,SKU_00273,BATCH_0002534,2025-12-14,2027-07-24,2025-12-19,5,0,good,423
INV_0002535,WH_001,WH_001_AMBIENT_181,SKU_00194,BATCH_0002535,2025-10-18,2026-10-18,2025-10-22,6,1,good,144
INV_0002536,WH_002,WH_002_AMBIENT_167,SKU_00066,BATCH_0002536,2025-03-18,2026-08-31,2025-03-23,1,0,good,96
INV_0002537,WH_002,WH_002_AMBIENT_184,SKU_00153,BATCH_0002537,2025-08-17,2026-08-23,2025-08-21,154,0,good,88
INV_0002538,WH_003,WH_003_AMBIENT_032,SKU_00049,BATCH_0002538,2025-10-27,2026-12-13,2025-10-30,53,0,good,200
INV_0002539,WH_002,WH_002_COOL_158,SKU_00244,BATCH_0002539,2025-10-17,2027-05-20,2025-10-18,23,3,good,358
INV_0002540,WH_001,WH_001_AMBIENT_055,SKU_00083,BATCH_0002540,2025-09-04,2026-09-04,2025-09-14,42,14,good,100
INV_0002541,WH_002,WH_002_AMBIENT_033,SKU_00281,BATCH_0002541,2025-12-19,2026-12-19,2025-12-27,52,0,good,206
INV_0002542,WH_002,WH_002_FROZEN_089,SKU_00287,BATCH_0002542,2026-05-08,2028-05-07,2026-05-21,7,1,good,711
INV_0002543,WH_001,WH_001_AMBIENT_165,SKU_00223,BATCH_0002543,2024-12-31,2027-11-19,2025-01-05,79,0,good,541
INV_0002544,WH_003,WH_003_AMBIENT_089,SKU_00028,BATCH_0002544,2025-10-08,2027-02-23,2025-10-15,10,0,good,272
INV_0002545,WH_003,WH_003_COLD_094,SKU_00053,BATCH_0002545,2025-11-17,2026-07-03,2025-11-26,10,0,good,37
INV_0002546,WH_003,WH_003_COLD_142,SKU_00037,BATCH_0002546,2026-04-05,2027-04-05,2026-04-12,51,0,good,313
INV_0002547,WH_003,WH_003_AMBIENT_120,SKU_00263,BATCH_0002547,2025-02-10,2026-11-29,2025-02-15,112,7,good,186
INV_0002548,WH_003,WH_003_COOL_174,SKU_00238,BATCH_0002548,2026-05-22,2028-01-15,2026-05-26,17,0,good,598
INV_0002549,WH_003,WH_003_COOL_055,SKU_00253,BATCH_0002549,2026-04-02,2028-04-01,2026-04-05,12,0,good,675
INV_0002550,WH_003,WH_003_COOL_012,SKU_00184,BATCH_0002550,2025-04-24,2027-01-03,2025-05-04,7,0,good,221
INV_0002551,WH_003,WH_003_AMBIENT_170,SKU_00051,BATCH_0002551,2025-09-28,2026-10-15,2025-09-30,3,0,good,141
INV_0002552,WH_002,WH_002_COOL_017,SKU_00011,BATCH_0002552,2026-01-09,2028-01-09,2026-01-10,1,0,good,592
INV_0002553,WH_002,WH_002_COLD_127,SKU_00256,BATCH_0002553,2025-09-18,2026-09-18,2025-09-28,31,0,good,114
INV_0002554,WH_001,WH_001_AMBIENT_114,SKU_00223,BATCH_0002554,2024-11-28,2027-10-17,2024-12-10,4,0,good,508
INV_0002555,WH_002,WH_002_COOL_014,SKU_00133,BATCH_0002555,2026-03-19,2028-01-17,2026-03-29,51,0,good,600
INV_0002556,WH_003,WH_003_AMBIENT_065,SKU_00118,BATCH_0002556,2026-04-22,2027-04-22,2026-04-24,3,0,good,330
INV_0002557,WH_002,WH_002_AMBIENT_125,SKU_00055,BATCH_0002557,2026-03-04,2027-07-08,2026-03-07,14,1,good,407
INV_0002558,WH_001,WH_001_COLD_196,SKU_00196,BATCH_0002558,2026-03-27,2026-10-15,2026-04-01,12,0,good,141
INV_0002559,WH_003,WH_003_COOL_093,SKU_00002,BATCH_0002559,2025-05-03,2027-05-03,2025-05-16,32,0,good,341
INV_0002560,WH_003,WH_003_AMBIENT_143,SKU_00005,BATCH_0002560,2024-09-14,2026-10-26,2024-09-16,12,3,good,152
INV_0002561,WH_002,WH_002_COOL_081,SKU_00058,BATCH_0002561,2026-04-29,2027-02-22,2026-05-06,2,0,good,271
INV_0002562,WH_003,WH_003_COLD_121,SKU_00196,BATCH_0002562,2026-04-07,2026-10-26,2026-04-10,39,0,good,152
INV_0002563,WH_002,WH_002_AMBIENT_009,SKU_00083,BATCH_0002563,2025-11-10,2026-11-10,2025-11-12,15,0,good,167
INV_0002564,WH_001,WH_001_AMBIENT_026,SKU_00230,BATCH_0002564,2026-04-04,2028-04-11,2026-04-05,47,18,good,685
INV_0002565,WH_003,WH_003_AMBIENT_071,SKU_00026,BATCH_0002565,2026-01-06,2027-08-04,2026-01-15,5,0,good,434
INV_0002566,WH_003,WH_003_AMBIENT_117,SKU_00200,BATCH_0002566,2025-04-08,2026-12-02,2025-04-20,77,5,good,189
INV_0002567,WH_001,WH_001_AMBIENT_026,SKU_00105,BATCH_0002567,2025-08-21,2026-08-21,2025-08-26,48,0,good,86
INV_0002568,WH_003,WH_003_AMBIENT_165,SKU_00230,BATCH_0002568,2024-09-04,2026-09-12,2024-09-12,14,0,good,108
INV_0002569,WH_003,WH_003_AMBIENT_161,SKU_00055,BATCH_0002569,2025-04-24,2026-08-28,2025-05-06,18,0,good,93
INV_0002570,WH_002,WH_002_AMBIENT_132,SKU_00258,BATCH_0002570,2025-05-18,2026-09-27,2025-05-21,13,2,good,123
INV_0002571,WH_003,WH_003_COOL_198,SKU_00145,BATCH_0002571,2026-04-07,2027-07-29,2026-04-17,11,0,good,428
INV_0002572,WH_003,WH_003_AMBIENT_184,SKU_00061,BATCH_0002572,2024-09-01,2027-02-05,2024-09-13,3,0,good,254
INV_0002573,WH_001,WH_001_COOL_081,SKU_00087,BATCH_0002573,2025-03-11,2027-03-11,2025-03-18,5,0,good,288
INV_0002574,WH_003,WH_003_AMBIENT_150,SKU_00168,BATCH_0002574,2026-04-21,2027-04-21,2026-05-01,13,0,good,329
INV_0002575,WH_003,WH_003_AMBIENT_130,SKU_00105,BATCH_0002575,2025-10-06,2026-10-06,2025-10-09,21,1,good,132
INV_0002576,WH_002,WH_002_AMBIENT_086,SKU_00194,BATCH_0002576,2026-02-21,2027-02-21,2026-02-22,396,0,good,270
INV_0002577,WH_002,WH_002_FROZEN_039,SKU_00296,BATCH_0002577,2024-10-19,2026-10-19,2024-10-23,92,0,good,145
INV_0002578,WH_003,WH_003_COLD_084,SKU_00209,BATCH_0002578,2026-01-16,2026-08-27,2026-01-28,52,0,good,92
INV_0002579,WH_001,WH_001_AMBIENT_112,SKU_00052,BATCH_0002579,2024-10-08,2027-06-26,2024-10-14,131,0,good,395
INV_0002580,WH_002,WH_002_AMBIENT_184,SKU_00078,BATCH_0002580,2025-09-03,2028-01-25,2025-09-13,35,0,good,608
INV_0002581,WH_001,WH_001_AMBIENT_126,SKU_00267,BATCH_0002581,2025-03-12,2027-03-24,2025-03-24,15,0,good,301
INV_0002582,WH_002,WH_002_AMBIENT_072,SKU_00094,BATCH_0002582,2025-12-18,2028-03-11,2025-12-27,10,2,good,654
INV_0002583,WH_001,WH_001_COOL_199,SKU_00117,BATCH_0002583,2025-04-20,2026-11-03,2025-04-22,3,0,good,160
INV_0002584,WH_003,WH_003_COLD_012,SKU_00260,BATCH_0002584,2025-09-25,2026-09-25,2025-10-05,23,0,good,121
INV_0002585,WH_002,WH_002_AMBIENT_035,SKU_00247,BATCH_0002585,2025-08-04,2027-09-25,2025-08-12,5,0,good,486
INV_0002586,WH_002,WH_002_AMBIENT_126,SKU_00026,BATCH_0002586,2025-04-25,2026-11-21,2025-05-03,6,0,good,178
INV_0002587,WH_003,WH_003_AMBIENT_139,SKU_00283,BATCH_0002587,2025-08-28,2026-08-28,2025-09-04,40,0,good,93
INV_0002588,WH_003,WH_003_AMBIENT_039,SKU_00291,BATCH_0002588,2026-04-19,2027-10-23,2026-04-24,165,0,good,514
INV_0002589,WH_003,WH_003_AMBIENT_180,SKU_00026,BATCH_0002589,2026-03-19,2027-10-15,2026-03-31,79,0,good,506
INV_0002590,WH_001,WH_001_COOL_060,SKU_00072,BATCH_0002590,2024-09-10,2026-09-10,2024-09-21,1,0,good,106
INV_0002591,WH_002,WH_002_COOL_103,SKU_00087,BATCH_0002591,2025-10-28,2027-10-28,2025-11-08,19,0,good,519
INV_0002592,WH_002,WH_002_COLD_161,SKU_00082,BATCH_0002592,2025-08-07,2026-08-07,2025-08-16,4,0,good,72
INV_0002593,WH_003,WH_003_COOL_189,SKU_00139,BATCH_0002593,2026-05-17,2028-05-16,2026-05-30,113,0,good,720
INV_0002594,WH_002,WH_002_AMBIENT_179,SKU_00063,BATCH_0002594,2025-08-14,2026-12-21,2025-08-20,6,0,good,208
INV_0002595,WH_003,WH_003_COOL_141,SKU_00002,BATCH_0002595,2024-12-13,2026-12-13,2024-12-19,10,3,good,200
INV_0002596,WH_002,WH_002_COOL_159,SKU_00072,BATCH_0002596,2024-10-10,2026-10-10,2024-10-18,5,0,good,136
INV_0002597,WH_001,WH_001_AMBIENT_020,SKU_00135,BATCH_0002597,2025-07-12,2026-07-12,2025-07-19,7,1,good,46
INV_0002598,WH_001,WH_001_COLD_197,SKU_00047,BATCH_0002598,2026-02-08,2026-12-30,2026-02-19,9,0,good,217
INV_0002599,WH_002,WH_002_COOL_033,SKU_00042,BATCH_0002599,2025-03-02,2026-07-24,2025-03-14,311,0,good,58
INV_0002600,WH_003,WH_003_COOL_120,SKU_00128,BATCH_0002600,2025-11-22,2027-11-22,2025-12-03,272,0,good,544
INV_0002601,WH_003,WH_003_COOL_011,SKU_00023,BATCH_0002601,2026-01-02,2028-01-02,2026-01-03,8,0,good,585
INV_0002602,WH_003,WH_003_FROZEN_114,SKU_00192,BATCH_0002602,2026-02-21,2026-10-21,2026-03-04,4,0,good,147
INV_0002603,WH_001,WH_001_AMBIENT_002,SKU_00195,BATCH_0002603,2026-03-30,2028-06-29,2026-04-11,113,36,good,764
INV_0002604,WH_001,WH_001_COLD_124,SKU_00204,BATCH_0002604,2025-09-30,2026-09-25,2025-10-05,5,0,good,121
INV_0002605,WH_003,WH_003_AMBIENT_147,SKU_00286,BATCH_0002605,2025-11-19,2027-10-06,2025-11-30,28,0,good,497
INV_0002606,WH_001,WH_001_AMBIENT_058,SKU_00248,BATCH_0002606,2026-01-14,2028-04-17,2026-01-23,59,0,good,691
INV_0002607,WH_001,WH_001_AMBIENT_072,SKU_00263,BATCH_0002607,2025-07-18,2027-05-06,2025-07-20,5,0,good,344
INV_0002608,WH_001,WH_001_COOL_037,SKU_00041,BATCH_0002608,2026-04-23,2027-10-21,2026-05-06,8,0,good,512
INV_0002609,WH_003,WH_003_AMBIENT_146,SKU_00190,BATCH_0002609,2025-02-01,2026-10-11,2025-02-08,26,0,good,137
INV_0002610,WH_002,WH_002_FROZEN_128,SKU_00007,BATCH_0002610,2026-02-02,2026-08-14,2026-02-05,6,0,good,79
INV_0002611,WH_003,WH_003_AMBIENT_035,SKU_00120,BATCH_0002611,2026-05-16,2027-08-24,2026-05-19,26,1,good,454
INV_0002612,WH_003,WH_003_AMBIENT_169,SKU_00217,BATCH_0002612,2026-03-18,2028-05-15,2026-03-30,48,0,good,719
INV_0002613,WH_001,WH_001_COOL_139,SKU_00087,BATCH_0002613,2025-06-21,2027-06-21,2025-07-03,6,0,good,390
INV_0002614,WH_003,WH_003_AMBIENT_095,SKU_00012,BATCH_0002614,2026-05-20,2027-05-20,2026-05-27,11,0,good,358
INV_0002615,WH_002,WH_002_COLD_021,SKU_00035,BATCH_0002615,2026-03-20,2026-08-24,2026-04-02,54,0,good,89
INV_0002616,WH_002,WH_002_AMBIENT_092,SKU_00239,BATCH_0002616,2025-07-20,2026-07-20,2025-07-25,14,3,good,54
INV_0002617,WH_003,WH_003_AMBIENT_075,SKU_00257,BATCH_0002617,2025-07-29,2027-01-25,2025-08-04,202,0,good,243
INV_0002618,WH_001,WH_001_AMBIENT_123,SKU_00141,BATCH_0002618,2026-04-17,2027-04-17,2026-04-27,20,0,good,325
INV_0002619,WH_001,WH_001_FROZEN_159,SKU_00287,BATCH_0002619,2024-10-22,2026-10-22,2024-11-01,12,1,good,148
INV_0002620,WH_003,WH_003_COLD_135,SKU_00300,BATCH_0002620,2025-11-23,2026-11-23,2025-11-26,233,0,good,180
INV_0002621,WH_002,WH_002_AMBIENT_031,SKU_00105,BATCH_0002621,2025-08-14,2026-08-14,2025-08-22,6,0,good,79
INV_0002622,WH_003,WH_003_AMBIENT_064,SKU_00234,BATCH_0002622,2026-02-01,2027-02-01,2026-02-05,14,0,good,250
INV_0002623,WH_002,WH_002_AMBIENT_073,SKU_00234,BATCH_0002623,2025-12-27,2026-12-27,2026-01-07,3,0,good,214
INV_0002624,WH_003,WH_003_COLD_011,SKU_00137,BATCH_0002624,2026-04-14,2027-04-14,2026-04-26,11,0,good,322
INV_0002625,WH_002,WH_002_COOL_094,SKU_00294,BATCH_0002625,2026-05-26,2028-05-25,2026-05-31,15,0,good,729
INV_0002626,WH_001,WH_001_AMBIENT_018,SKU_00186,BATCH_0002626,2025-07-16,2027-08-28,2025-07-24,6,0,good,458
INV_0002627,WH_002,WH_002_AMBIENT_134,SKU_00095,BATCH_0002627,2025-03-26,2027-07-14,2025-03-30,6,0,good,413
INV_0002628,WH_002,WH_002_COOL_167,SKU_00295,BATCH_0002628,2025-05-15,2027-05-15,2025-05-27,3,0,good,353
INV_0002629,WH_002,WH_002_AMBIENT_136,SKU_00004,BATCH_0002629,2026-04-26,2027-10-01,2026-04-29,18,0,good,492
INV_0002630,WH_001,WH_001_COOL_042,SKU_00261,BATCH_0002630,2026-03-16,2027-03-31,2026-03-29,17,0,good,308
INV_0002631,WH_002,WH_002_COOL_016,SKU_00010,BATCH_0002631,2025-10-02,2027-10-02,2025-10-11,66,17,good,493
INV_0002632,WH_002,WH_002_AMBIENT_019,SKU_00024,BATCH_0002632,2026-01-28,2027-10-30,2026-02-08,4,0,good,521
INV_0002633,WH_003,WH_003_COOL_018,SKU_00245,BATCH_0002633,2025-11-21,2027-04-18,2025-12-02,76,0,good,326
INV_0002634,WH_002,WH_002_COOL_118,SKU_00033,BATCH_0002634,2026-05-01,2027-07-06,2026-05-02,288,0,good,405
INV_0002635,WH_001,WH_001_AMBIENT_122,SKU_00269,BATCH_0002635,2026-01-01,2027-05-03,2026-01-07,8,0,good,341
INV_0002636,WH_001,WH_001_AMBIENT_023,SKU_00036,BATCH_0002636,2026-03-10,2027-06-11,2026-03-14,391,98,good,380
INV_0002637,WH_001,WH_001_AMBIENT_064,SKU_00001,BATCH_0002637,2026-01-23,2027-08-25,2026-02-04,28,0,good,455
INV_0002638,WH_001,WH_001_AMBIENT_197,SKU_00179,BATCH_0002638,2026-01-21,2027-01-21,2026-01-27,16,0,good,239
INV_0002639,WH_002,WH_002_COOL_192,SKU_00245,BATCH_0002639,2026-04-03,2027-08-29,2026-04-07,17,2,good,459
INV_0002640,WH_002,WH_002_COOL_028,SKU_00033,BATCH_0002640,2026-02-24,2027-05-01,2026-03-07,65,0,good,339
INV_0002641,WH_001,WH_001_COOL_035,SKU_00139,BATCH_0002641,2025-11-21,2027-11-21,2025-12-02,69,0,good,543
INV_0002642,WH_003,WH_003_FROZEN_016,SKU_00032,BATCH_0002642,2025-11-16,2026-07-29,2025-11-21,9,0,good,63
INV_0002643,WH_002,WH_002_AMBIENT_060,SKU_00076,BATCH_0002643,2025-12-13,2028-02-22,2025-12-26,131,0,good,636
INV_0002644,WH_001,WH_001_AMBIENT_070,SKU_00009,BATCH_0002644,2025-11-15,2027-11-29,2025-11-21,44,0,good,551
INV_0002645,WH_002,WH_002_COOL_064,SKU_00289,BATCH_0002645,2026-04-29,2027-05-29,2026-05-05,54,0,good,367
INV_0002646,WH_001,WH_001_AMBIENT_060,SKU_00013,BATCH_0002646,2024-10-01,2027-07-27,2024-10-09,29,0,good,426
INV_0002647,WH_002,WH_002_COLD_185,SKU_00256,BATCH_0002647,2025-07-11,2026-07-11,2025-07-19,71,17,good,45
INV_0002648,WH_003,WH_003_AMBIENT_200,SKU_00153,BATCH_0002648,2025-07-19,2026-07-25,2025-07-26,19,3,good,59
INV_0002649,WH_002,WH_002_AMBIENT_162,SKU_00036,BATCH_0002649,2026-04-14,2027-07-16,2026-04-20,274,0,good,415
INV_0002650,WH_001,WH_001_AMBIENT_147,SKU_00120,BATCH_0002650,2025-04-19,2026-07-28,2025-04-20,8,0,good,62
INV_0002651,WH_002,WH_002_AMBIENT_171,SKU_00250,BATCH_0002651,2026-04-27,2028-11-13,2026-04-28,60,0,good,901
INV_0002652,WH_003,WH_003_AMBIENT_012,SKU_00274,BATCH_0002652,2025-11-24,2026-11-24,2025-11-30,78,0,good,181
INV_0002653,WH_003,WH_003_AMBIENT_084,SKU_00012,BATCH_0002653,2026-01-31,2027-01-31,2026-02-13,6,1,good,249
INV_0002654,WH_003,WH_003_AMBIENT_108,SKU_00147,BATCH_0002654,2024-12-25,2027-09-23,2025-01-03,108,0,good,484
INV_0002655,WH_003,WH_003_COOL_084,SKU_00224,BATCH_0002655,2025-10-29,2026-12-19,2025-10-30,44,0,good,206
INV_0002656,WH_001,WH_001_AMBIENT_041,SKU_00095,BATCH_0002656,2024-10-13,2027-01-31,2024-10-22,341,0,good,249
INV_0002657,WH_001,WH_001_COOL_093,SKU_00270,BATCH_0002657,2025-10-15,2026-10-11,2025-10-21,106,31,good,137
INV_0002658,WH_001,WH_001_AMBIENT_011,SKU_00225,BATCH_0002658,2025-12-08,2026-12-10,2025-12-15,21,0,good,197
INV_0002659,WH_002,WH_002_COOL_112,SKU_00261,BATCH_0002659,2026-03-27,2027-04-11,2026-04-02,38,0,good,319
INV_0002660,WH_001,WH_001_COOL_137,SKU_00021,BATCH_0002660,2025-12-01,2026-09-19,2025-12-04,18,1,good,115
INV_0002661,WH_002,WH_002_COOL_102,SKU_00128,BATCH_0002661,2025-03-29,2027-03-29,2025-04-03,60,0,good,306
INV_0002662,WH_001,WH_001_COLD_009,SKU_00065,BATCH_0002662,2026-04-25,2026-08-27,2026-05-08,20,0,good,92
INV_0002663,WH_003,WH_003_AMBIENT_156,SKU_00242,BATCH_0002663,2025-08-10,2026-08-10,2025-08-18,5,1,good,75
INV_0002664,WH_003,WH_003_AMBIENT_045,SKU_00009,BATCH_0002664,2026-03-21,2028-04-03,2026-03-27,130,0,good,677
INV_0002665,WH_002,WH_002_AMBIENT_141,SKU_00027,BATCH_0002665,2025-10-21,2027-07-04,2025-11-03,53,5,good,403
INV_0002666,WH_003,WH_003_AMBIENT_150,SKU_00285,BATCH_0002666,2026-04-18,2027-04-18,2026-04-21,13,0,good,326
INV_0002667,WH_001,WH_001_COLD_143,SKU_00039,BATCH_0002667,2026-02-08,2027-02-08,2026-02-18,0,0,good,257
INV_0002668,WH_001,WH_001_AMBIENT_162,SKU_00052,BATCH_0002668,2024-08-23,2027-05-11,2024-09-03,39,6,good,349
INV_0002669,WH_001,WH_001_AMBIENT_019,SKU_00009,BATCH_0002669,2024-08-14,2026-08-28,2024-08-17,23,0,good,93
INV_0002670,WH_001,WH_001_COLD_150,SKU_00065,BATCH_0002670,2026-03-19,2026-07-21,2026-03-24,3,0,good,55
INV_0002671,WH_001,WH_001_AMBIENT_004,SKU_00203,BATCH_0002671,2026-04-21,2028-01-04,2026-04-25,3,0,good,587
INV_0002672,WH_001,WH_001_AMBIENT_058,SKU_00268,BATCH_0002672,2025-07-17,2026-07-17,2025-07-26,9,0,good,51
INV_0002673,WH_001,WH_001_AMBIENT_065,SKU_00278,BATCH_0002673,2026-02-03,2028-03-06,2026-02-08,59,0,good,649
INV_0002674,WH_003,WH_003_AMBIENT_141,SKU_00004,BATCH_0002674,2025-07-19,2026-12-24,2025-08-01,58,0,good,211
INV_0002675,WH_003,WH_003_AMBIENT_174,SKU_00062,BATCH_0002675,2024-08-29,2026-08-20,2024-09-09,122,0,good,85
INV_0002676,WH_002,WH_002_COOL_077,SKU_00253,BATCH_0002676,2025-08-14,2027-08-14,2025-08-21,1,0,good,444
INV_0002677,WH_003,WH_003_COOL_100,SKU_00151,BATCH_0002677,2025-10-07,2027-04-13,2025-10-18,30,0,good,321
INV_0002678,WH_002,WH_002_AMBIENT_029,SKU_00214,BATCH_0002678,2024-05-27,2026-08-29,2024-06-03,17,0,good,94
INV_0002679,WH_002,WH_002_COOL_196,SKU_00220,BATCH_0002679,2025-11-03,2026-07-04,2025-11-04,8,0,good,38
INV_0002680,WH_003,WH_003_COLD_050,SKU_00039,BATCH_0002680,2026-03-18,2027-03-18,2026-03-30,114,0,good,295
INV_0002681,WH_003,WH_003_AMBIENT_198,SKU_00051,BATCH_0002681,2025-06-24,2026-07-11,2025-06-29,12,0,good,45
INV_0002682,WH_001,WH_001_COLD_193,SKU_00065,BATCH_0002682,2026-05-07,2026-09-08,2026-05-12,4,0,good,104
INV_0002683,WH_003,WH_003_AMBIENT_180,SKU_00257,BATCH_0002683,2026-01-11,2027-07-10,2026-01-15,12,0,good,409
INV_0002684,WH_003,WH_003_COOL_130,SKU_00003,BATCH_0002684,2025-12-24,2027-12-24,2026-01-06,59,0,good,576
INV_0002685,WH_003,WH_003_AMBIENT_186,SKU_00012,BATCH_0002685,2025-10-26,2026-10-26,2025-10-31,17,0,good,152
INV_0002686,WH_001,WH_001_COOL_177,SKU_00072,BATCH_0002686,2025-09-29,2027-09-29,2025-10-05,10,0,good,490
INV_0002687,WH_001,WH_001_COOL_074,SKU_00072,BATCH_0002687,2026-04-20,2028-04-19,2026-04-23,45,7,good,693
INV_0002688,WH_003,WH_003_AMBIENT_055,SKU_00194,BATCH_0002688,2025-08-14,2026-08-14,2025-08-15,73,0,good,79
INV_0002689,WH_001,WH_001_COOL_143,SKU_00112,BATCH_0002689,2026-02-02,2028-02-02,2026-02-11,6,0,good,616
INV_0002690,WH_003,WH_003_COLD_162,SKU_00229,BATCH_0002690,2026-01-25,2027-01-25,2026-01-27,19,0,good,243
INV_0002691,WH_002,WH_002_AMBIENT_141,SKU_00024,BATCH_0002691,2025-08-16,2027-05-18,2025-08-23,76,4,good,356
INV_0002692,WH_002,WH_002_AMBIENT_110,SKU_00030,BATCH_0002692,2025-08-16,2027-12-27,2025-08-18,9,0,good,579
INV_0002693,WH_002,WH_002_AMBIENT_188,SKU_00084,BATCH_0002693,2025-09-26,2026-09-26,2025-10-05,13,0,good,122
INV_0002694,WH_002,WH_002_AMBIENT_178,SKU_00022,BATCH_0002694,2024-11-05,2027-01-15,2024-11-09,11,0,good,233
INV_0002695,WH_001,WH_001_AMBIENT_165,SKU_00179,BATCH_0002695,2026-02-08,2027-02-08,2026-02-17,11,0,good,257
INV_0002696,WH_002,WH_002_AMBIENT_178,SKU_00098,BATCH_0002696,2025-12-06,2028-07-09,2025-12-18,57,0,good,774
INV_0002697,WH_002,WH_002_COLD_063,SKU_00228,BATCH_0002697,2025-10-20,2026-08-17,2025-10-23,3,0,good,82
INV_0002698,WH_003,WH_003_COOL_050,SKU_00099,BATCH_0002698,2025-03-17,2026-08-27,2025-03-22,24,0,good,92
INV_0002699,WH_001,WH_001_COOL_156,SKU_00033,BATCH_0002699,2025-09-02,2026-11-07,2025-09-06,1,0,good,164
INV_0002700,WH_002,WH_002_COLD_157,SKU_00196,BATCH_0002700,2026-03-02,2026-09-20,2026-03-14,3,0,good,116
INV_0002701,WH_001,WH_001_COOL_165,SKU_00207,BATCH_0002701,2025-11-20,2026-11-26,2025-11-21,16,0,good,183
INV_0002702,WH_002,WH_002_COOL_179,SKU_00293,BATCH_0002702,2024-09-17,2026-09-17,2024-09-21,20,0,good,113
INV_0002703,WH_002,WH_002_COLD_191,SKU_00054,BATCH_0002703,2025-12-14,2026-12-14,2025-12-26,26,0,good,201
INV_0002704,WH_002,WH_002_AMBIENT_060,SKU_00094,BATCH_0002704,2024-07-24,2026-10-16,2024-07-28,13,3,good,142
INV_0002705,WH_002,WH_002_AMBIENT_109,SKU_00091,BATCH_0002705,2025-02-14,2027-09-17,2025-02-27,62,0,good,478
INV_0002706,WH_002,WH_002_AMBIENT_199,SKU_00286,BATCH_0002706,2025-04-11,2027-02-26,2025-04-14,8,0,good,275
INV_0002707,WH_001,WH_001_AMBIENT_199,SKU_00234,BATCH_0002707,2025-09-23,2026-09-23,2025-09-30,8,0,good,119
INV_0002708,WH_001,WH_001_COOL_084,SKU_00006,BATCH_0002708,2025-02-24,2027-02-24,2025-02-28,2,0,good,273
INV_0002709,WH_003,WH_003_COOL_100,SKU_00162,BATCH_0002709,2025-09-03,2027-09-03,2025-09-04,83,0,good,464
INV_0002710,WH_002,WH_002_AMBIENT_054,SKU_00217,BATCH_0002710,2024-10-11,2026-12-09,2024-10-22,176,1,good,196
INV_0002711,WH_003,WH_003_AMBIENT_192,SKU_00005,BATCH_0002711,2024-11-07,2026-12-19,2024-11-17,38,0,good,206
INV_0002712,WH_002,WH_002_COLD_094,SKU_00082,BATCH_0002712,2026-03-28,2027-03-28,2026-03-31,49,19,good,305
INV_0002713,WH_001,WH_001_AMBIENT_044,SKU_00116,BATCH_0002713,2026-03-14,2028-10-19,2026-03-23,47,6,good,876
INV_0002714,WH_002,WH_002_AMBIENT_036,SKU_00103,BATCH_0002714,2026-04-28,2027-04-28,2026-05-11,4,0,good,336
INV_0002715,WH_001,WH_001_COOL_090,SKU_00142,BATCH_0002715,2025-05-04,2026-08-21,2025-05-10,8,2,good,86
INV_0002716,WH_003,WH_003_AMBIENT_042,SKU_00132,BATCH_0002716,2025-10-19,2026-10-19,2025-10-25,26,7,good,145
INV_0002717,WH_001,WH_001_COOL_118,SKU_00298,BATCH_0002717,2026-03-04,2027-02-28,2026-03-16,12,0,good,277
INV_0002718,WH_001,WH_001_COOL_166,SKU_00206,BATCH_0002718,2025-12-18,2027-06-10,2025-12-28,29,0,good,379
INV_0002719,WH_001,WH_001_COOL_014,SKU_00298,BATCH_0002719,2025-10-29,2026-10-25,2025-11-05,1,0,good,151
INV_0002720,WH_003,WH_003_FROZEN_101,SKU_00032,BATCH_0002720,2025-11-12,2026-07-25,2025-11-17,31,0,good,59
INV_0002721,WH_002,WH_002_AMBIENT_101,SKU_00019,BATCH_0002721,2025-12-28,2028-10-12,2026-01-02,41,12,good,869
INV_0002722,WH_002,WH_002_COOL_145,SKU_00128,BATCH_0002722,2025-07-16,2027-07-16,2025-07-23,25,0,good,415
INV_0002723,WH_001,WH_001_COOL_006,SKU_00253,BATCH_0002723,2024-08-26,2026-08-26,2024-08-27,64,5,good,91
INV_0002724,WH_001,WH_001_AMBIENT_197,SKU_00132,BATCH_0002724,2025-09-08,2026-09-08,2025-09-19,11,0,good,104
INV_0002725,WH_002,WH_002_AMBIENT_005,SKU_00185,BATCH_0002725,2025-07-06,2026-07-06,2025-07-13,41,16,good,40
INV_0002726,WH_003,WH_003_AMBIENT_038,SKU_00236,BATCH_0002726,2025-07-07,2026-10-24,2025-07-13,29,0,good,150
INV_0002727,WH_003,WH_003_COLD_022,SKU_00182,BATCH_0002727,2026-01-26,2026-10-05,2026-01-29,3,0,good,131
INV_0002728,WH_003,WH_003_COOL_155,SKU_00212,BATCH_0002728,2026-01-22,2027-09-25,2026-01-26,270,111,good,486
INV_0002729,WH_002,WH_002_AMBIENT_125,SKU_00153,BATCH_0002729,2026-01-13,2027-01-19,2026-01-26,63,0,good,237
INV_0002730,WH_002,WH_002_COOL_184,SKU_00208,BATCH_0002730,2026-04-30,2028-04-29,2026-05-01,5,0,good,703
INV_0002731,WH_001,WH_001_COOL_169,SKU_00273,BATCH_0002731,2026-01-22,2027-09-01,2026-01-31,3,0,good,462
INV_0002732,WH_001,WH_001_COOL_199,SKU_00273,BATCH_0002732,2025-02-02,2026-09-12,2025-02-10,36,7,good,108
INV_0002733,WH_001,WH_001_COLD_011,SKU_00252,BATCH_0002733,2025-08-01,2026-08-01,2025-08-02,292,0,good,66
INV_0002734,WH_003,WH_003_COOL_083,SKU_00130,BATCH_0002734,2026-04-14,2028-04-13,2026-04-16,13,0,good,687
INV_0002735,WH_001,WH_001_COOL_133,SKU_00112,BATCH_0002735,2024-10-05,2026-10-05,2024-10-06,9,0,good,131
INV_0002736,WH_003,WH_003_COLD_060,SKU_00149,BATCH_0002736,2026-05-10,2026-10-02,2026-05-11,25,0,good,128
INV_0002737,WH_001,WH_001_AMBIENT_178,SKU_00255,BATCH_0002737,2025-08-26,2026-09-12,2025-09-06,11,0,good,108
INV_0002738,WH_003,WH_003_AMBIENT_069,SKU_00299,BATCH_0002738,2024-12-22,2026-08-14,2024-12-26,62,0,good,79
INV_0002739,WH_002,WH_002_COOL_143,SKU_00093,BATCH_0002739,2024-08-27,2026-08-27,2024-09-04,26,0,good,92
INV_0002740,WH_003,WH_003_COLD_095,SKU_00300,BATCH_0002740,2025-07-11,2026-07-11,2025-07-15,5,0,good,45
INV_0002741,WH_001,WH_001_COOL_053,SKU_00212,BATCH_0002741,2025-10-05,2027-06-08,2025-10-16,10,0,good,377
INV_0002742,WH_003,WH_003_COLD_127,SKU_00271,BATCH_0002742,2026-03-27,2026-09-21,2026-04-04,9,0,good,117
INV_0002743,WH_002,WH_002_COLD_114,SKU_00228,BATCH_0002743,2026-03-01,2026-12-27,2026-03-13,9,0,good,214
INV_0002744,WH_001,WH_001_COOL_078,SKU_00016,BATCH_0002744,2026-05-04,2027-10-11,2026-05-14,40,0,good,502
INV_0002745,WH_002,WH_002_AMBIENT_041,SKU_00052,BATCH_0002745,2024-09-03,2027-05-22,2024-09-10,11,0,good,360
INV_0002746,WH_003,WH_003_AMBIENT_099,SKU_00012,BATCH_0002746,2025-07-09,2026-07-09,2025-07-21,45,0,good,43
INV_0002747,WH_001,WH_001_COOL_022,SKU_00041,BATCH_0002747,2025-08-03,2027-01-31,2025-08-15,16,0,good,249
INV_0002748,WH_003,WH_003_AMBIENT_146,SKU_00283,BATCH_0002748,2026-03-09,2027-03-09,2026-03-11,16,0,good,286
INV_0002749,WH_001,WH_001_AMBIENT_001,SKU_00051,BATCH_0002749,2025-09-21,2026-10-08,2025-09-24,18,0,good,134
INV_0002750,WH_001,WH_001_COLD_063,SKU_00068,BATCH_0002750,2025-11-08,2026-11-08,2025-11-10,12,0,good,165
INV_0002751,WH_003,WH_003_AMBIENT_059,SKU_00094,BATCH_0002751,2025-06-27,2027-09-19,2025-07-05,2,0,good,480
INV_0002752,WH_001,WH_001_COOL_008,SKU_00169,BATCH_0002752,2025-07-12,2026-07-19,2025-07-18,13,0,good,53
INV_0002753,WH_001,WH_001_AMBIENT_152,SKU_00115,BATCH_0002753,2025-03-10,2027-01-04,2025-03-21,7,0,good,222
INV_0002754,WH_003,WH_003_COOL_078,SKU_00002,BATCH_0002754,2026-02-03,2028-02-03,2026-02-14,43,0,good,617
INV_0002755,WH_001,WH_001_AMBIENT_199,SKU_00297,BATCH_0002755,2025-03-14,2026-09-30,2025-03-27,5,0,good,126
INV_0002756,WH_002,WH_002_AMBIENT_139,SKU_00278,BATCH_0002756,2026-03-01,2028-04-01,2026-03-08,8,0,good,675
INV_0002757,WH_003,WH_003_AMBIENT_073,SKU_00034,BATCH_0002757,2025-11-15,2027-01-10,2025-11-28,13,0,good,228
INV_0002758,WH_002,WH_002_COLD_069,SKU_00035,BATCH_0002758,2026-03-17,2026-08-21,2026-03-19,6,0,good,86
INV_0002759,WH_003,WH_003_COOL_068,SKU_00077,BATCH_0002759,2025-11-08,2026-12-28,2025-11-15,36,0,good,215
INV_0002760,WH_001,WH_001_COOL_157,SKU_00220,BATCH_0002760,2026-01-27,2026-09-27,2026-02-04,5,0,good,123
INV_0002761,WH_002,WH_002_COOL_165,SKU_00240,BATCH_0002761,2025-12-21,2026-10-03,2026-01-01,46,0,good,129
INV_0002762,WH_003,WH_003_AMBIENT_015,SKU_00113,BATCH_0002762,2026-02-06,2027-02-06,2026-02-09,45,0,good,255
INV_0002763,WH_001,WH_001_COOL_115,SKU_00208,BATCH_0002763,2025-11-27,2027-11-27,2025-12-02,3,0,good,549
INV_0002764,WH_002,WH_002_COOL_142,SKU_00112,BATCH_0002764,2026-03-04,2028-03-03,2026-03-14,1,0,good,646
INV_0002765,WH_001,WH_001_COLD_189,SKU_00068,BATCH_0002765,2026-05-13,2027-05-13,2026-05-22,19,0,good,351
INV_0002766,WH_001,WH_001_FROZEN_042,SKU_00296,BATCH_0002766,2025-12-26,2027-12-26,2025-12-29,57,0,good,578
INV_0002767,WH_001,WH_001_AMBIENT_132,SKU_00094,BATCH_0002767,2025-09-18,2027-12-11,2025-10-01,5,0,good,563
INV_0002768,WH_003,WH_003_AMBIENT_096,SKU_00159,BATCH_0002768,2025-12-10,2026-12-10,2025-12-22,343,0,good,197
INV_0002769,WH_002,WH_002_AMBIENT_093,SKU_00157,BATCH_0002769,2025-12-14,2026-12-14,2025-12-23,18,3,good,201
INV_0002770,WH_003,WH_003_COLD_030,SKU_00068,BATCH_0002770,2025-12-30,2026-12-30,2026-01-11,9,0,good,217
INV_0002771,WH_002,WH_002_AMBIENT_176,SKU_00279,BATCH_0002771,2024-04-08,2027-02-05,2024-04-16,40,0,good,254
INV_0002772,WH_001,WH_001_AMBIENT_160,SKU_00232,BATCH_0002772,2026-03-04,2027-11-21,2026-03-07,6,0,good,543
INV_0002773,WH_002,WH_002_COOL_024,SKU_00003,BATCH_0002773,2025-10-22,2027-10-22,2025-10-27,12,0,good,513
INV_0002774,WH_002,WH_002_AMBIENT_006,SKU_00148,BATCH_0002774,2026-01-10,2028-07-06,2026-01-12,2,0,good,771
INV_0002775,WH_003,WH_003_AMBIENT_083,SKU_00057,BATCH_0002775,2025-03-05,2027-08-18,2025-03-14,45,0,good,448
INV_0002776,WH_002,WH_002_COOL_198,SKU_00295,BATCH_0002776,2025-01-19,2027-01-19,2025-01-21,7,0,good,237
INV_0002777,WH_001,WH_001_AMBIENT_126,SKU_00157,BATCH_0002777,2025-08-23,2026-08-23,2025-08-24,3,0,good,88
INV_0002778,WH_002,WH_002_COOL_149,SKU_00238,BATCH_0002778,2024-12-25,2026-08-20,2025-01-01,22,0,good,85
INV_0002779,WH_003,WH_003_AMBIENT_077,SKU_00250,BATCH_0002779,2025-09-12,2028-03-31,2025-09-18,27,0,good,674
INV_0002780,WH_002,WH_002_AMBIENT_109,SKU_00172,BATCH_0002780,2025-09-20,2027-11-27,2025-10-02,23,0,good,549
INV_0002781,WH_001,WH_001_COOL_129,SKU_00294,BATCH_0002781,2025-09-23,2027-09-23,2025-09-25,42,3,good,484
INV_0002782,WH_001,WH_001_AMBIENT_061,SKU_00186,BATCH_0002782,2024-12-02,2027-01-14,2024-12-06,6,1,good,232
INV_0002783,WH_003,WH_003_COOL_004,SKU_00031,BATCH_0002783,2025-03-08,2026-09-21,2025-03-15,3,0,good,117
INV_0002784,WH_002,WH_002_AMBIENT_144,SKU_00250,BATCH_0002784,2026-01-08,2028-07-27,2026-01-16,5,0,good,792
INV_0002785,WH_001,WH_001_COOL_075,SKU_00270,BATCH_0002785,2025-08-07,2026-08-03,2025-08-09,13,0,good,68
INV_0002786,WH_003,WH_003_FROZEN_143,SKU_00296,BATCH_0002786,2025-03-05,2027-03-05,2025-03-06,51,11,good,282
INV_0002787,WH_001,WH_001_COLD_001,SKU_00082,BATCH_0002787,2025-10-03,2026-10-03,2025-10-12,24,9,good,129
INV_0002788,WH_001,WH_001_AMBIENT_076,SKU_00299,BATCH_0002788,2025-04-20,2026-12-11,2025-04-25,118,0,good,198
INV_0002789,WH_003,WH_003_AMBIENT_078,SKU_00083,BATCH_0002789,2025-07-09,2026-07-09,2025-07-21,16,6,good,43
INV_0002790,WH_001,WH_001_AMBIENT_107,SKU_00177,BATCH_0002790,2024-10-02,2026-09-16,2024-10-14,9,1,good,112
INV_0002791,WH_003,WH_003_AMBIENT_126,SKU_00176,BATCH_0002791,2025-10-19,2026-10-19,2025-10-30,42,15,good,145
INV_0002792,WH_001,WH_001_COOL_031,SKU_00121,BATCH_0002792,2026-03-12,2027-05-15,2026-03-23,73,0,good,353
INV_0002793,WH_002,WH_002_AMBIENT_122,SKU_00024,BATCH_0002793,2025-09-01,2027-06-03,2025-09-03,10,0,good,372
INV_0002794,WH_003,WH_003_COOL_057,SKU_00169,BATCH_0002794,2025-08-05,2026-08-12,2025-08-07,60,23,good,77
INV_0002795,WH_001,WH_001_COLD_165,SKU_00182,BATCH_0002795,2025-12-05,2026-08-14,2025-12-06,42,10,good,79
INV_0002796,WH_001,WH_001_COOL_042,SKU_00087,BATCH_0002796,2025-09-10,2027-09-10,2025-09-13,193,73,good,471
INV_0002797,WH_001,WH_001_COOL_161,SKU_00021,BATCH_0002797,2026-01-04,2026-10-23,2026-01-05,99,0,good,149
INV_0002798,WH_003,WH_003_COOL_156,SKU_00224,BATCH_0002798,2025-07-25,2026-09-14,2025-08-06,16,0,good,110
INV_0002799,WH_001,WH_001_COOL_039,SKU_00058,BATCH_0002799,2025-11-27,2026-09-22,2025-12-05,53,7,good,118
INV_0002800,WH_001,WH_001_COLD_155,SKU_00228,BATCH_0002800,2025-11-16,2026-09-13,2025-11-19,1,0,good,109
INV_0002801,WH_001,WH_001_AMBIENT_152,SKU_00288,BATCH_0002801,2026-02-23,2028-03-14,2026-03-04,4,0,good,657
INV_0002802,WH_003,WH_003_COOL_077,SKU_00222,BATCH_0002802,2025-12-07,2026-09-02,2025-12-09,36,0,good,98
INV_0002803,WH_001,WH_001_COOL_095,SKU_00275,BATCH_0002803,2025-04-22,2027-04-22,2025-04-29,130,49,good,330
INV_0002804,WH_002,WH_002_COLD_098,SKU_00249,BATCH_0002804,2025-12-09,2026-11-08,2025-12-11,2,0,good,165
INV_0002805,WH_001,WH_001_AMBIENT_168,SKU_00239,BATCH_0002805,2026-03-28,2027-03-28,2026-04-08,7,0,good,305
INV_0002806,WH_002,WH_002_COLD_178,SKU_00260,BATCH_0002806,2026-02-23,2027-02-23,2026-03-07,26,0,good,272
INV_0002807,WH_002,WH_002_COLD_059,SKU_00068,BATCH_0002807,2025-07-17,2026-07-17,2025-07-29,10,3,good,51
INV_0002808,WH_002,WH_002_AMBIENT_144,SKU_00066,BATCH_0002808,2025-12-29,2027-06-13,2026-01-04,24,0,good,382
INV_0002809,WH_003,WH_003_COLD_177,SKU_00037,BATCH_0002809,2025-09-09,2026-09-09,2025-09-14,11,1,good,105
INV_0002810,WH_003,WH_003_COOL_058,SKU_00089,BATCH_0002810,2025-08-28,2026-11-26,2025-09-01,13,4,good,183
INV_0002811,WH_001,WH_001_COLD_189,SKU_00035,BATCH_0002811,2026-03-15,2026-08-19,2026-03-27,35,0,good,84
INV_0002812,WH_003,WH_003_AMBIENT_049,SKU_00174,BATCH_0002812,2026-04-06,2028-08-13,2026-04-07,35,12,good,809
INV_0002813,WH_002,WH_002_FROZEN_026,SKU_00032,BATCH_0002813,2025-10-29,2026-07-11,2025-11-01,18,0,good,45
INV_0002814,WH_001,WH_001_AMBIENT_101,SKU_00292,BATCH_0002814,2025-07-02,2026-11-21,2025-07-04,24,0,good,178
INV_0002815,WH_001,WH_001_COLD_007,SKU_00014,BATCH_0002815,2026-04-29,2027-04-25,2026-05-06,9,0,good,333
INV_0002816,WH_001,WH_001_AMBIENT_043,SKU_00214,BATCH_0002816,2026-04-14,2028-07-16,2026-04-25,35,0,good,781
INV_0002817,WH_002,WH_002_COOL_073,SKU_00144,BATCH_0002817,2025-06-14,2027-06-05,2025-06-24,46,0,good,374
INV_0002818,WH_001,WH_001_COOL_036,SKU_00161,BATCH_0002818,2026-04-02,2027-11-15,2026-04-06,6,0,good,537
INV_0002819,WH_001,WH_001_COLD_158,SKU_00040,BATCH_0002819,2026-03-07,2026-07-22,2026-03-08,8,2,good,56
INV_0002820,WH_003,WH_003_AMBIENT_177,SKU_00061,BATCH_0002820,2024-03-22,2026-08-26,2024-04-02,5,0,good,91
INV_0002821,WH_001,WH_001_COLD_167,SKU_00271,BATCH_0002821,2025-12-23,2026-06-19,2025-12-30,14,0,good,23
INV_0002822,WH_003,WH_003_COOL_093,SKU_00042,BATCH_0002822,2026-05-04,2027-09-25,2026-05-16,49,0,good,486
INV_0002823,WH_001,WH_001_COLD_172,SKU_00035,BATCH_0002823,2026-04-01,2026-09-05,2026-04-02,14,0,good,101
INV_0002824,WH_003,WH_003_COOL_165,SKU_00003,BATCH_0002824,2025-08-05,2027-08-05,2025-08-12,2,0,good,435
INV_0002825,WH_001,WH_001_AMBIENT_039,SKU_00025,BATCH_0002825,2025-07-08,2026-07-08,2025-07-12,8,0,good,42
INV_0002826,WH_002,WH_002_AMBIENT_019,SKU_00078,BATCH_0002826,2024-04-09,2026-08-31,2024-04-16,48,0,good,96
INV_0002827,WH_003,WH_003_COOL_196,SKU_00272,BATCH_0002827,2025-11-17,2026-09-09,2025-11-25,202,0,good,105
INV_0002828,WH_002,WH_002_COOL_190,SKU_00079,BATCH_0002828,2025-02-13,2026-09-13,2025-02-25,13,0,good,109
INV_0002829,WH_001,WH_001_COOL_070,SKU_00130,BATCH_0002829,2025-01-26,2027-01-26,2025-01-30,27,0,good,244
INV_0002830,WH_001,WH_001_AMBIENT_082,SKU_00102,BATCH_0002830,2026-01-02,2028-06-18,2026-01-05,19,0,good,753
INV_0002831,WH_001,WH_001_COOL_149,SKU_00145,BATCH_0002831,2025-12-22,2027-04-14,2026-01-04,40,0,good,322
INV_0002832,WH_003,WH_003_AMBIENT_040,SKU_00076,BATCH_0002832,2025-06-19,2027-08-29,2025-06-28,1,0,good,459
INV_0002833,WH_002,WH_002_AMBIENT_126,SKU_00129,BATCH_0002833,2025-11-11,2026-11-11,2025-11-14,14,0,good,168
INV_0002834,WH_001,WH_001_COLD_161,SKU_00252,BATCH_0002834,2026-05-20,2027-05-20,2026-05-25,22,0,good,358
INV_0002835,WH_002,WH_002_AMBIENT_100,SKU_00163,BATCH_0002835,2025-08-18,2027-03-03,2025-08-26,179,0,good,280
INV_0002836,WH_002,WH_002_AMBIENT_187,SKU_00129,BATCH_0002836,2025-09-18,2026-09-18,2025-09-24,30,0,good,114
INV_0002837,WH_003,WH_003_AMBIENT_150,SKU_00213,BATCH_0002837,2024-12-25,2027-05-09,2025-01-02,3,0,good,347
INV_0002838,WH_002,WH_002_AMBIENT_048,SKU_00129,BATCH_0002838,2025-10-30,2026-10-30,2025-11-10,46,0,good,156
INV_0002839,WH_003,WH_003_COOL_081,SKU_00151,BATCH_0002839,2026-02-07,2027-08-14,2026-02-08,7,1,good,444
INV_0002840,WH_003,WH_003_COLD_062,SKU_00092,BATCH_0002840,2025-10-01,2026-10-01,2025-10-08,5,0,good,127
INV_0002841,WH_002,WH_002_COLD_087,SKU_00029,BATCH_0002841,2025-12-24,2026-12-24,2025-12-28,162,0,good,211
INV_0002842,WH_002,WH_002_AMBIENT_018,SKU_00194,BATCH_0002842,2025-07-03,2026-07-03,2025-07-14,7,0,good,37
INV_0002843,WH_002,WH_002_AMBIENT_083,SKU_00084,BATCH_0002843,2025-12-18,2026-12-18,2025-12-24,14,3,good,205
INV_0002844,WH_001,WH_001_COOL_140,SKU_00167,BATCH_0002844,2026-05-17,2026-11-22,2026-05-24,93,0,good,179
INV_0002845,WH_001,WH_001_AMBIENT_044,SKU_00174,BATCH_0002845,2026-02-09,2028-06-18,2026-02-19,6,0,good,753
INV_0002846,WH_002,WH_002_AMBIENT_169,SKU_00254,BATCH_0002846,2025-07-27,2026-07-27,2025-08-03,21,0,good,61
INV_0002847,WH_002,WH_002_COOL_180,SKU_00101,BATCH_0002847,2025-09-30,2027-09-30,2025-10-06,57,0,good,491
INV_0002848,WH_001,WH_001_AMBIENT_155,SKU_00259,BATCH_0002848,2026-04-05,2028-03-23,2026-04-14,5,0,good,666
INV_0002849,WH_003,WH_003_COOL_004,SKU_00167,BATCH_0002849,2026-01-22,2026-07-30,2026-02-02,20,0,good,64
INV_0002850,WH_001,WH_001_AMBIENT_093,SKU_00104,BATCH_0002850,2024-07-26,2026-09-14,2024-08-01,10,1,good,110
INV_0002851,WH_001,WH_001_AMBIENT_167,SKU_00176,BATCH_0002851,2025-08-19,2026-08-19,2025-08-28,14,0,good,84
INV_0002852,WH_001,WH_001_AMBIENT_100,SKU_00297,BATCH_0002852,2026-02-07,2027-08-26,2026-02-19,24,0,good,456
INV_0002853,WH_002,WH_002_AMBIENT_184,SKU_00248,BATCH_0002853,2025-10-02,2028-01-04,2025-10-06,76,0,good,587
INV_0002854,WH_001,WH_001_COOL_109,SKU_00031,BATCH_0002854,2025-10-17,2027-05-02,2025-10-23,8,1,good,340
INV_0002855,WH_002,WH_002_AMBIENT_041,SKU_00049,BATCH_0002855,2025-08-22,2026-10-08,2025-08-28,30,0,good,134
INV_0002856,WH_003,WH_003_FROZEN_177,SKU_00032,BATCH_0002856,2025-11-26,2026-08-08,2025-12-07,12,0,good,73
INV_0002857,WH_003,WH_003_COOL_060,SKU_00089,BATCH_0002857,2025-08-07,2026-11-05,2025-08-19,8,0,good,162
INV_0002858,WH_003,WH_003_COLD_190,SKU_00029,BATCH_0002858,2025-08-22,2026-08-22,2025-08-24,44,0,good,87
INV_0002859,WH_001,WH_001_AMBIENT_080,SKU_00157,BATCH_0002859,2026-05-27,2027-05-27,2026-06-09,261,0,good,365
INV_0002860,WH_001,WH_001_AMBIENT_070,SKU_00205,BATCH_0002860,2025-10-04,2026-10-30,2025-10-12,47,11,good,156
INV_0002861,WH_002,WH_002_COOL_184,SKU_00270,BATCH_0002861,2026-04-05,2027-04-01,2026-04-13,28,0,good,309
INV_0002862,WH_003,WH_003_AMBIENT_028,SKU_00214,BATCH_0002862,2025-02-12,2027-05-17,2025-02-21,22,0,good,355
INV_0002863,WH_003,WH_003_COOL_109,SKU_00119,BATCH_0002863,2025-04-03,2026-07-28,2025-04-16,50,3,good,62
INV_0002864,WH_003,WH_003_AMBIENT_035,SKU_00268,BATCH_0002864,2026-03-26,2027-03-26,2026-04-01,28,0,good,303
INV_0002865,WH_001,WH_001_AMBIENT_101,SKU_00155,BATCH_0002865,2025-05-16,2026-08-13,2025-05-28,4,0,good,78
INV_0002866,WH_003,WH_003_AMBIENT_160,SKU_00234,BATCH_0002866,2025-09-17,2026-09-17,2025-09-21,1,0,good,113
INV_0002867,WH_002,WH_002_COOL_108,SKU_00117,BATCH_0002867,2025-10-03,2027-04-18,2025-10-09,39,0,good,326
INV_0002868,WH_003,WH_003_COLD_101,SKU_00228,BATCH_0002868,2025-10-23,2026-08-20,2025-11-05,35,0,good,85
INV_0002869,WH_001,WH_001_COOL_153,SKU_00111,BATCH_0002869,2025-10-08,2026-10-16,2025-10-09,19,0,good,142
INV_0002870,WH_003,WH_003_COOL_135,SKU_00089,BATCH_0002870,2025-07-20,2026-10-18,2025-07-28,110,0,good,144
INV_0002871,WH_003,WH_003_COOL_062,SKU_00206,BATCH_0002871,2025-09-17,2027-03-10,2025-09-24,23,0,good,287
INV_0002872,WH_001,WH_001_COOL_186,SKU_00070,BATCH_0002872,2025-06-19,2027-06-19,2025-06-22,9,0,good,388
INV_0002873,WH_002,WH_002_AMBIENT_158,SKU_00125,BATCH_0002873,2025-07-11,2026-07-11,2025-07-24,29,0,good,45
INV_0002874,WH_003,WH_003_AMBIENT_186,SKU_00257,BATCH_0002874,2025-04-29,2026-10-26,2025-05-03,11,0,good,152
INV_0002875,WH_003,WH_003_AMBIENT_157,SKU_00022,BATCH_0002875,2025-11-04,2028-01-14,2025-11-16,188,0,good,597
INV_0002876,WH_001,WH_001_COOL_039,SKU_00079,BATCH_0002876,2026-03-23,2027-10-21,2026-03-26,3,0,good,512
INV_0002877,WH_001,WH_001_AMBIENT_176,SKU_00052,BATCH_0002877,2026-01-04,2028-09-21,2026-01-08,10,3,good,848
INV_0002878,WH_003,WH_003_COOL_078,SKU_00021,BATCH_0002878,2025-10-13,2026-08-01,2025-10-22,31,0,good,66
INV_0002879,WH_003,WH_003_AMBIENT_051,SKU_00292,BATCH_0002879,2025-09-29,2027-02-18,2025-10-04,44,0,good,267
INV_0002880,WH_001,WH_001_AMBIENT_080,SKU_00225,BATCH_0002880,2026-01-10,2027-01-12,2026-01-21,3,0,good,230
INV_0002881,WH_001,WH_001_COOL_047,SKU_00070,BATCH_0002881,2025-08-29,2027-08-29,2025-09-10,35,0,good,459
INV_0002882,WH_002,WH_002_AMBIENT_144,SKU_00157,BATCH_0002882,2026-04-15,2027-04-15,2026-04-25,28,3,good,323
INV_0002883,WH_003,WH_003_AMBIENT_101,SKU_00024,BATCH_0002883,2026-02-18,2027-11-20,2026-02-23,17,0,good,542
INV_0002884,WH_002,WH_002_AMBIENT_096,SKU_00291,BATCH_0002884,2025-02-27,2026-09-02,2025-03-06,38,11,good,98
INV_0002885,WH_001,WH_001_COLD_198,SKU_00110,BATCH_0002885,2025-11-18,2026-06-28,2025-11-29,13,4,good,32
INV_0002886,WH_003,WH_003_COOL_122,SKU_00151,BATCH_0002886,2026-04-14,2027-10-19,2026-04-20,22,0,good,510
INV_0002887,WH_003,WH_003_AMBIENT_048,SKU_00050,BATCH_0002887,2025-07-18,2026-08-24,2025-07-24,63,0,good,89
INV_0002888,WH_003,WH_003_COOL_167,SKU_00139,BATCH_0002888,2024-08-27,2026-08-27,2024-09-01,55,11,good,92
INV_0002889,WH_002,WH_002_AMBIENT_196,SKU_00292,BATCH_0002889,2025-08-13,2027-01-02,2025-08-23,38,0,good,220
INV_0002890,WH_003,WH_003_AMBIENT_103,SKU_00290,BATCH_0002890,2026-03-10,2027-07-28,2026-03-12,146,0,good,427
INV_0002891,WH_002,WH_002_AMBIENT_013,SKU_00027,BATCH_0002891,2025-09-08,2027-05-22,2025-09-20,54,0,good,360
INV_0002892,WH_003,WH_003_COOL_010,SKU_00145,BATCH_0002892,2026-05-04,2027-08-25,2026-05-15,491,0,good,455
INV_0002893,WH_002,WH_002_COOL_151,SKU_00128,BATCH_0002893,2024-11-05,2026-11-05,2024-11-08,19,0,good,162
INV_0002894,WH_003,WH_003_COOL_152,SKU_00021,BATCH_0002894,2026-03-22,2027-01-08,2026-04-04,39,11,good,226
INV_0002895,WH_001,WH_001_AMBIENT_125,SKU_00108,BATCH_0002895,2025-12-06,2028-10-07,2025-12-09,7,0,good,864
INV_0002896,WH_003,WH_003_COOL_044,SKU_00272,BATCH_0002896,2025-12-12,2026-10-04,2025-12-16,8,0,good,130
INV_0002897,WH_001,WH_001_AMBIENT_026,SKU_00024,BATCH_0002897,2025-05-14,2027-02-13,2025-05-15,3,0,good,262
INV_0002898,WH_002,WH_002_AMBIENT_165,SKU_00191,BATCH_0002898,2025-09-15,2028-04-04,2025-09-26,8,0,good,678
INV_0002899,WH_003,WH_003_AMBIENT_164,SKU_00262,BATCH_0002899,2025-02-06,2026-08-19,2025-02-07,58,0,good,84
INV_0002900,WH_001,WH_001_AMBIENT_017,SKU_00116,BATCH_0002900,2025-09-22,2028-04-29,2025-09-27,61,0,good,703
INV_0002901,WH_002,WH_002_AMBIENT_044,SKU_00126,BATCH_0002901,2025-08-20,2027-12-22,2025-08-27,15,0,good,574
INV_0002902,WH_002,WH_002_COOL_014,SKU_00295,BATCH_0002902,2025-01-13,2027-01-13,2025-01-16,6,0,good,231
INV_0002903,WH_001,WH_001_AMBIENT_109,SKU_00001,BATCH_0002903,2025-03-28,2026-10-28,2025-04-01,26,0,good,154
INV_0002904,WH_002,WH_002_AMBIENT_046,SKU_00052,BATCH_0002904,2024-04-19,2027-01-05,2024-04-20,33,0,good,223
INV_0002905,WH_001,WH_001_COOL_133,SKU_00181,BATCH_0002905,2025-06-28,2026-07-04,2025-07-06,20,1,good,38
INV_0002906,WH_001,WH_001_AMBIENT_069,SKU_00190,BATCH_0002906,2025-02-10,2026-10-20,2025-02-18,6,0,good,146
INV_0002907,WH_002,WH_002_COLD_063,SKU_00209,BATCH_0002907,2026-04-10,2026-11-19,2026-04-20,30,0,good,176
INV_0002908,WH_001,WH_001_AMBIENT_109,SKU_00107,BATCH_0002908,2025-11-06,2026-11-06,2025-11-19,53,0,good,163
INV_0002909,WH_001,WH_001_COOL_046,SKU_00169,BATCH_0002909,2026-03-04,2027-03-11,2026-03-11,13,0,good,288
INV_0002910,WH_002,WH_002_AMBIENT_174,SKU_00291,BATCH_0002910,2025-09-27,2027-04-02,2025-10-07,154,0,good,310
INV_0002911,WH_002,WH_002_AMBIENT_019,SKU_00036,BATCH_0002911,2025-11-03,2027-02-04,2025-11-05,41,13,good,253
INV_0002912,WH_002,WH_002_AMBIENT_166,SKU_00115,BATCH_0002912,2025-08-08,2027-06-04,2025-08-18,66,0,good,373
INV_0002913,WH_003,WH_003_COLD_167,SKU_00127,BATCH_0002913,2025-12-27,2026-07-25,2026-01-02,249,0,good,59
INV_0002914,WH_001,WH_001_AMBIENT_103,SKU_00277,BATCH_0002914,2026-05-24,2028-05-06,2026-05-30,9,0,good,710
INV_0002915,WH_002,WH_002_COOL_191,SKU_00210,BATCH_0002915,2026-04-11,2028-04-10,2026-04-15,55,1,good,684
INV_0002916,WH_003,WH_003_COOL_183,SKU_00244,BATCH_0002916,2026-05-19,2027-12-20,2026-05-31,106,0,good,572
INV_0002917,WH_003,WH_003_COOL_077,SKU_00245,BATCH_0002917,2025-04-02,2026-08-28,2025-04-09,8,0,good,93
INV_0002918,WH_003,WH_003_AMBIENT_152,SKU_00114,BATCH_0002918,2024-07-07,2026-11-26,2024-07-12,3,0,good,183
INV_0002919,WH_002,WH_002_AMBIENT_091,SKU_00098,BATCH_0002919,2025-07-27,2028-02-28,2025-08-06,13,0,good,642
INV_0002920,WH_001,WH_001_COOL_074,SKU_00077,BATCH_0002920,2025-06-27,2026-08-16,2025-07-09,13,0,good,81
INV_0002921,WH_003,WH_003_AMBIENT_150,SKU_00174,BATCH_0002921,2026-02-15,2028-06-24,2026-02-28,59,0,good,759
INV_0002922,WH_003,WH_003_COOL_126,SKU_00273,BATCH_0002922,2026-03-05,2027-10-13,2026-03-15,2,0,good,504
INV_0002923,WH_001,WH_001_AMBIENT_042,SKU_00105,BATCH_0002923,2025-07-29,2026-07-29,2025-08-05,37,0,good,63
INV_0002924,WH_003,WH_003_COOL_057,SKU_00224,BATCH_0002924,2025-06-02,2026-07-23,2025-06-13,13,0,good,57
INV_0002925,WH_002,WH_002_AMBIENT_146,SKU_00170,BATCH_0002925,2026-03-09,2027-03-09,2026-03-22,0,0,good,286
INV_0002926,WH_003,WH_003_AMBIENT_065,SKU_00225,BATCH_0002926,2026-05-24,2027-05-26,2026-06-06,113,0,good,364
INV_0002927,WH_002,WH_002_COOL_200,SKU_00208,BATCH_0002927,2024-10-03,2026-10-03,2024-10-09,13,0,good,129
INV_0002928,WH_002,WH_002_AMBIENT_006,SKU_00114,BATCH_0002928,2025-02-28,2027-07-20,2025-03-13,8,3,good,419
INV_0002929,WH_001,WH_001_COLD_115,SKU_00196,BATCH_0002929,2026-02-23,2026-09-13,2026-02-24,24,0,good,109
INV_0002930,WH_001,WH_001_COLD_064,SKU_00082,BATCH_0002930,2025-11-07,2026-11-07,2025-11-14,37,0,good,164
INV_0002931,WH_002,WH_002_COLD_064,SKU_00106,BATCH_0002931,2026-02-25,2026-12-03,2026-03-02,84,0,good,190
INV_0002932,WH_001,WH_001_AMBIENT_081,SKU_00148,BATCH_0002932,2024-06-09,2026-12-04,2024-06-17,5,0,good,191
INV_0002933,WH_003,WH_003_AMBIENT_193,SKU_00185,BATCH_0002933,2025-09-07,2026-09-07,2025-09-09,2,0,good,103
INV_0002934,WH_002,WH_002_AMBIENT_099,SKU_00163,BATCH_0002934,2026-01-04,2027-07-20,2026-01-10,36,0,good,419
INV_0002935,WH_003,WH_003_AMBIENT_087,SKU_00046,BATCH_0002935,2025-11-15,2026-11-15,2025-11-19,24,0,good,172
INV_0002936,WH_001,WH_001_COLD_023,SKU_00096,BATCH_0002936,2025-09-02,2026-09-02,2025-09-07,37,0,good,98
INV_0002937,WH_002,WH_002_COOL_021,SKU_00245,BATCH_0002937,2025-03-08,2026-08-03,2025-03-13,54,0,good,68
INV_0002938,WH_001,WH_001_COLD_113,SKU_00090,BATCH_0002938,2026-02-03,2026-07-01,2026-02-10,212,0,good,35
INV_0002939,WH_003,WH_003_COLD_029,SKU_00137,BATCH_0002939,2025-10-16,2026-10-16,2025-10-22,83,0,good,142
INV_0002940,WH_002,WH_002_AMBIENT_071,SKU_00246,BATCH_0002940,2025-05-03,2026-08-24,2025-05-12,74,25,good,89
INV_0002941,WH_002,WH_002_COLD_095,SKU_00204,BATCH_0002941,2025-08-13,2026-08-08,2025-08-17,6,1,good,73
INV_0002942,WH_003,WH_003_COOL_064,SKU_00016,BATCH_0002942,2026-01-27,2027-07-06,2026-02-09,92,38,good,405
INV_0002943,WH_002,WH_002_COLD_184,SKU_00090,BATCH_0002943,2026-05-10,2026-10-05,2026-05-15,35,0,good,131
INV_0002944,WH_002,WH_002_AMBIENT_152,SKU_00282,BATCH_0002944,2025-11-29,2028-04-12,2025-12-07,4,0,good,686
INV_0002945,WH_002,WH_002_COOL_033,SKU_00087,BATCH_0002945,2025-01-20,2027-01-20,2025-01-21,92,0,good,238
INV_0002946,WH_002,WH_002_AMBIENT_091,SKU_00030,BATCH_0002946,2025-02-07,2027-06-20,2025-02-15,61,0,good,389
INV_0002947,WH_001,WH_001_COOL_118,SKU_00253,BATCH_0002947,2026-05-20,2028-05-19,2026-06-01,15,0,good,723
INV_0002948,WH_001,WH_001_COOL_156,SKU_00244,BATCH_0002948,2025-06-19,2027-01-20,2025-06-25,3,0,good,238
INV_0002949,WH_003,WH_003_AMBIENT_200,SKU_00114,BATCH_0002949,2025-03-28,2027-08-17,2025-04-08,410,65,good,447
INV_0002950,WH_002,WH_002_AMBIENT_174,SKU_00292,BATCH_0002950,2026-05-22,2027-10-11,2026-05-24,113,0,good,502
INV_0002951,WH_001,WH_001_COLD_070,SKU_00092,BATCH_0002951,2026-05-19,2027-05-19,2026-05-21,3,0,good,357
INV_0002952,WH_003,WH_003_COOL_101,SKU_00031,BATCH_0002952,2026-01-06,2027-07-22,2026-01-11,13,0,good,421
INV_0002953,WH_003,WH_003_AMBIENT_128,SKU_00067,BATCH_0002953,2025-03-13,2027-03-19,2025-03-17,8,0,good,296
INV_0002954,WH_001,WH_001_COOL_120,SKU_00206,BATCH_0002954,2025-12-20,2027-06-12,2025-12-26,56,22,good,381
INV_0002955,WH_002,WH_002_AMBIENT_111,SKU_00141,BATCH_0002955,2026-01-06,2027-01-06,2026-01-16,8,0,good,224
INV_0002956,WH_002,WH_002_AMBIENT_072,SKU_00157,BATCH_0002956,2025-11-18,2026-11-18,2025-12-01,23,6,good,175
INV_0002957,WH_001,WH_001_COOL_164,SKU_00111,BATCH_0002957,2026-01-19,2027-01-27,2026-01-26,31,0,good,245
INV_0002958,WH_002,WH_002_COLD_107,SKU_00037,BATCH_0002958,2025-12-13,2026-12-13,2025-12-17,2,0,good,200
INV_0002959,WH_002,WH_002_AMBIENT_111,SKU_00248,BATCH_0002959,2025-02-15,2027-05-20,2025-02-24,9,3,good,358
INV_0002960,WH_003,WH_003_AMBIENT_200,SKU_00163,BATCH_0002960,2025-07-07,2027-01-20,2025-07-12,18,0,good,238
INV_0002961,WH_003,WH_003_FROZEN_139,SKU_00216,BATCH_0002961,2026-02-09,2027-12-15,2026-02-18,83,30,good,567
INV_0002962,WH_003,WH_003_COLD_141,SKU_00231,BATCH_0002962,2025-07-14,2026-07-14,2025-07-18,19,0,good,48
INV_0002963,WH_003,WH_003_AMBIENT_101,SKU_00205,BATCH_0002963,2026-05-18,2027-06-13,2026-05-28,44,0,good,382
INV_0002964,WH_002,WH_002_COOL_114,SKU_00074,BATCH_0002964,2025-06-22,2027-06-22,2025-07-04,5,0,good,391
INV_0002965,WH_003,WH_003_FROZEN_074,SKU_00287,BATCH_0002965,2025-07-31,2027-07-31,2025-08-13,154,0,good,430
INV_0002966,WH_002,WH_002_AMBIENT_034,SKU_00018,BATCH_0002966,2025-05-06,2026-09-05,2025-05-09,22,0,good,101
INV_0002967,WH_002,WH_002_FROZEN_067,SKU_00192,BATCH_0002967,2025-12-18,2026-08-17,2025-12-25,22,0,good,82
INV_0002968,WH_001,WH_001_FROZEN_142,SKU_00197,BATCH_0002968,2025-03-10,2027-03-10,2025-03-21,10,0,good,287
INV_0002969,WH_003,WH_003_AMBIENT_005,SKU_00213,BATCH_0002969,2025-11-10,2028-03-24,2025-11-16,17,0,good,667
INV_0002970,WH_001,WH_001_AMBIENT_171,SKU_00001,BATCH_0002970,2025-04-12,2026-11-12,2025-04-24,60,0,good,169
INV_0002971,WH_002,WH_002_AMBIENT_191,SKU_00027,BATCH_0002971,2025-12-01,2027-08-14,2025-12-03,124,0,good,444
INV_0002972,WH_002,WH_002_AMBIENT_143,SKU_00232,BATCH_0002972,2025-10-24,2027-07-13,2025-11-01,5,0,good,412
INV_0002973,WH_001,WH_001_COOL_182,SKU_00064,BATCH_0002973,2025-07-01,2027-07-01,2025-07-11,10,0,good,400
INV_0002974,WH_001,WH_001_COLD_156,SKU_00202,BATCH_0002974,2026-04-30,2026-09-19,2026-05-07,17,5,good,115
INV_0002975,WH_003,WH_003_AMBIENT_029,SKU_00292,BATCH_0002975,2026-01-13,2027-06-04,2026-01-14,8,0,good,373
INV_0002976,WH_003,WH_003_AMBIENT_191,SKU_00067,BATCH_0002976,2026-02-13,2028-02-19,2026-02-20,53,15,good,633
INV_0002977,WH_002,WH_002_AMBIENT_040,SKU_00157,BATCH_0002977,2026-04-02,2027-04-02,2026-04-03,25,6,good,310
INV_0002978,WH_002,WH_002_COOL_025,SKU_00261,BATCH_0002978,2026-03-05,2027-03-20,2026-03-11,53,0,good,297
INV_0002979,WH_003,WH_003_COOL_020,SKU_00128,BATCH_0002979,2024-11-15,2026-11-15,2024-11-26,30,0,good,172
INV_0002980,WH_001,WH_001_COLD_069,SKU_00106,BATCH_0002980,2026-01-12,2026-10-20,2026-01-13,21,4,good,146
INV_0002981,WH_001,WH_001_FROZEN_014,SKU_00216,BATCH_0002981,2024-11-17,2026-09-22,2024-11-22,0,0,good,118
INV_0002982,WH_003,WH_003_COLD_010,SKU_00149,BATCH_0002982,2026-03-27,2026-08-19,2026-04-02,19,0,good,84
INV_0002983,WH_002,WH_002_AMBIENT_080,SKU_00232,BATCH_0002983,2025-06-02,2027-02-19,2025-06-15,36,0,good,268
INV_0002984,WH_001,WH_001_AMBIENT_172,SKU_00156,BATCH_0002984,2025-09-11,2028-02-14,2025-09-23,25,0,good,628
INV_0002985,WH_001,WH_001_COOL_136,SKU_00021,BATCH_0002985,2026-01-30,2026-11-18,2026-02-01,23,0,good,175
INV_0002986,WH_001,WH_001_COLD_179,SKU_00137,BATCH_0002986,2025-11-05,2026-11-05,2025-11-18,14,2,good,162
INV_0002987,WH_003,WH_003_COOL_132,SKU_00181,BATCH_0002987,2026-04-03,2027-04-09,2026-04-05,1,0,good,317
INV_0002988,WH_001,WH_001_AMBIENT_157,SKU_00254,BATCH_0002988,2025-12-12,2026-12-12,2025-12-24,2,0,good,199
INV_0002989,WH_003,WH_003_AMBIENT_017,SKU_00225,BATCH_0002989,2025-07-04,2026-07-06,2025-07-06,86,20,good,40
INV_0002990,WH_003,WH_003_COOL_144,SKU_00016,BATCH_0002990,2025-07-21,2026-12-28,2025-07-23,411,0,good,215
INV_0002991,WH_003,WH_003_COOL_068,SKU_00181,BATCH_0002991,2025-10-18,2026-10-24,2025-10-20,78,0,good,150
INV_0002992,WH_003,WH_003_AMBIENT_112,SKU_00118,BATCH_0002992,2026-05-05,2027-05-05,2026-05-13,34,0,good,343
INV_0002993,WH_002,WH_002_AMBIENT_048,SKU_00150,BATCH_0002993,2026-01-10,2027-03-28,2026-01-21,530,49,good,305
INV_0002994,WH_002,WH_002_AMBIENT_053,SKU_00198,BATCH_0002994,2026-01-22,2027-03-26,2026-01-26,42,8,good,303
INV_0002995,WH_003,WH_003_COOL_142,SKU_00088,BATCH_0002995,2024-12-01,2026-12-01,2024-12-03,226,0,good,188
INV_0002996,WH_003,WH_003_COOL_189,SKU_00128,BATCH_0002996,2025-10-13,2027-10-13,2025-10-14,4,0,good,504
INV_0002997,WH_003,WH_003_COOL_089,SKU_00016,BATCH_0002997,2025-03-12,2026-08-19,2025-03-16,17,2,good,84
INV_0002998,WH_002,WH_002_COOL_053,SKU_00119,BATCH_0002998,2025-06-26,2026-10-20,2025-06-28,46,0,good,146
INV_0002999,WH_003,WH_003_AMBIENT_184,SKU_00269,BATCH_0002999,2025-03-24,2026-07-24,2025-03-25,23,0,good,58
INV_0003000,WH_001,WH_001_AMBIENT_128,SKU_00257,BATCH_0003000,2026-03-09,2027-09-05,2026-03-19,5,0,good,466
INV_0003001,WH_003,WH_003_AMBIENT_076,SKU_00141,BATCH_0003001,2026-05-03,2027-05-03,2026-05-09,77,0,good,341
INV_0003002,WH_001,WH_001_COLD_102,SKU_00134,BATCH_0003002,2026-02-27,2027-02-27,2026-03-02,9,0,good,276
INV_0003003,WH_002,WH_002_COOL_099,SKU_00119,BATCH_0003003,2026-04-28,2027-08-22,2026-05-02,7,1,good,452
INV_0003004,WH_002,WH_002_FROZEN_138,SKU_00189,BATCH_0003004,2025-03-16,2027-03-16,2025-03-17,2,0,good,293
INV_0003005,WH_003,WH_003_AMBIENT_082,SKU_00071,BATCH_0003005,2024-12-15,2027-09-25,2024-12-20,6,0,good,486
INV_0003006,WH_002,WH_002_AMBIENT_088,SKU_00152,BATCH_0003006,2025-12-16,2027-08-08,2025-12-25,54,0,good,438
INV_0003007,WH_001,WH_001_COOL_001,SKU_00011,BATCH_0003007,2025-11-06,2027-11-06,2025-11-11,7,0,good,528
INV_0003008,WH_003,WH_003_COLD_179,SKU_00106,BATCH_0003008,2026-03-17,2026-12-23,2026-03-18,7,0,good,210
INV_0003009,WH_001,WH_001_COOL_059,SKU_00210,BATCH_0003009,2024-12-26,2026-12-26,2024-12-27,4,0,good,213
INV_0003010,WH_001,WH_001_AMBIENT_113,SKU_00076,BATCH_0003010,2026-04-14,2028-06-23,2026-04-22,35,0,good,758
INV_0003011,WH_001,WH_001_AMBIENT_069,SKU_00265,BATCH_0003011,2025-07-09,2027-10-05,2025-07-13,86,0,good,496
INV_0003012,WH_001,WH_001_AMBIENT_096,SKU_00178,BATCH_0003012,2025-12-29,2027-10-17,2025-12-30,24,0,good,508
INV_0003013,WH_001,WH_001_COOL_060,SKU_00162,BATCH_0003013,2025-03-12,2027-03-12,2025-03-13,10,3,good,289
INV_0003014,WH_001,WH_001_AMBIENT_182,SKU_00225,BATCH_0003014,2026-03-08,2027-03-10,2026-03-15,7,0,good,287
INV_0003015,WH_002,WH_002_COOL_100,SKU_00227,BATCH_0003015,2025-08-24,2027-08-24,2025-09-05,7,0,good,454
INV_0003016,WH_003,WH_003_AMBIENT_057,SKU_00269,BATCH_0003016,2025-10-09,2027-02-08,2025-10-13,30,0,good,257
INV_0003017,WH_003,WH_003_AMBIENT_130,SKU_00173,BATCH_0003017,2024-11-26,2026-11-08,2024-11-29,14,0,good,165
INV_0003018,WH_003,WH_003_COLD_058,SKU_00260,BATCH_0003018,2026-03-09,2027-03-09,2026-03-14,13,0,good,286
INV_0003019,WH_003,WH_003_COLD_052,SKU_00260,BATCH_0003019,2025-10-07,2026-10-07,2025-10-18,13,0,good,133
INV_0003020,WH_001,WH_001_AMBIENT_085,SKU_00004,BATCH_0003020,2025-12-16,2027-05-23,2025-12-27,25,0,good,361
INV_0003021,WH_001,WH_001_COLD_123,SKU_00193,BATCH_0003021,2025-11-21,2026-10-21,2025-11-23,79,0,good,147
INV_0003022,WH_002,WH_002_COOL_072,SKU_00222,BATCH_0003022,2026-01-06,2026-10-02,2026-01-15,15,1,good,128
INV_0003023,WH_003,WH_003_COOL_080,SKU_00016,BATCH_0003023,2026-03-30,2027-09-06,2026-04-06,1,0,good,467
INV_0003024,WH_002,WH_002_AMBIENT_048,SKU_00030,BATCH_0003024,2024-04-24,2026-09-04,2024-04-25,39,0,good,100
INV_0003025,WH_002,WH_002_COLD_117,SKU_00134,BATCH_0003025,2026-04-06,2027-04-06,2026-04-16,30,0,good,314
INV_0003026,WH_002,WH_002_COOL_031,SKU_00145,BATCH_0003026,2025-09-05,2026-12-27,2025-09-16,59,0,good,214
INV_0003027,WH_003,WH_003_COOL_054,SKU_00038,BATCH_0003027,2025-05-22,2027-02-17,2025-06-03,11,0,good,266
INV_0003028,WH_002,WH_002_COOL_164,SKU_00244,BATCH_0003028,2026-05-11,2027-12-12,2026-05-17,23,0,good,564
INV_0003029,WH_001,WH_001_COLD_049,SKU_00271,BATCH_0003029,2026-01-27,2026-07-24,2026-01-29,144,0,good,58
INV_0003030,WH_001,WH_001_COOL_048,SKU_00077,BATCH_0003030,2025-12-03,2027-01-22,2025-12-13,5,0,good,240
INV_0003031,WH_002,WH_002_FROZEN_149,SKU_00287,BATCH_0003031,2026-04-08,2028-04-07,2026-04-15,99,0,good,681
INV_0003032,WH_002,WH_002_COOL_110,SKU_00117,BATCH_0003032,2026-02-13,2027-08-29,2026-02-14,61,0,good,459
INV_0003033,WH_003,WH_003_COLD_132,SKU_00037,BATCH_0003033,2026-01-27,2027-01-27,2026-01-28,96,0,good,245
INV_0003034,WH_002,WH_002_FROZEN_055,SKU_00007,BATCH_0003034,2026-01-21,2026-08-02,2026-01-31,63,0,good,67
INV_0003035,WH_002,WH_002_AMBIENT_167,SKU_00114,BATCH_0003035,2025-07-23,2027-12-12,2025-07-30,3,0,good,564
INV_0003036,WH_002,WH_002_AMBIENT_189,SKU_00159,BATCH_0003036,2026-03-07,2027-03-07,2026-03-08,31,0,good,284
INV_0003037,WH_001,WH_001_COOL_029,SKU_00042,BATCH_0003037,2025-03-22,2026-08-13,2025-03-23,17,0,good,78
INV_0003038,WH_001,WH_001_COOL_172,SKU_00294,BATCH_0003038,2026-04-12,2028-04-11,2026-04-25,133,0,good,685
INV_0003039,WH_003,WH_003_AMBIENT_163,SKU_00218,BATCH_0003039,2026-01-30,2028-03-18,2026-02-08,8,0,good,661
INV_0003040,WH_001,WH_001_COLD_197,SKU_00251,BATCH_0003040,2025-07-04,2026-07-04,2025-07-13,58,0,good,38
INV_0003041,WH_001,WH_001_COOL_082,SKU_00064,BATCH_0003041,2025-07-27,2027-07-27,2025-08-04,4,0,good,426
INV_0003042,WH_003,WH_003_AMBIENT_195,SKU_00081,BATCH_0003042,2026-04-25,2027-10-28,2026-05-01,14,0,good,519
INV_0003043,WH_003,WH_003_AMBIENT_162,SKU_00200,BATCH_0003043,2026-01-22,2027-09-17,2026-01-28,9,0,good,478
INV_0003044,WH_001,WH_001_COLD_002,SKU_00164,BATCH_0003044,2026-05-10,2027-05-10,2026-05-15,4,0,good,348
INV_0003045,WH_002,WH_002_COOL_051,SKU_00243,BATCH_0003045,2025-02-01,2027-02-01,2025-02-04,19,0,good,250
INV_0003046,WH_002,WH_002_COOL_140,SKU_00011,BATCH_0003046,2025-05-07,2027-05-07,2025-05-12,61,0,good,345
INV_0003047,WH_002,WH_002_AMBIENT_114,SKU_00215,BATCH_0003047,2026-01-29,2027-07-15,2026-02-09,37,2,good,414
INV_0003048,WH_001,WH_001_COOL_152,SKU_00133,BATCH_0003048,2025-01-30,2026-11-30,2025-02-05,15,0,good,187
INV_0003049,WH_001,WH_001_COOL_018,SKU_00238,BATCH_0003049,2026-02-15,2027-10-11,2026-02-22,83,0,good,502
INV_0003050,WH_002,WH_002_AMBIENT_025,SKU_00019,BATCH_0003050,2024-05-30,2027-03-15,2024-06-08,10,0,good,292
INV_0003051,WH_001,WH_001_COOL_043,SKU_00244,BATCH_0003051,2025-02-09,2026-09-12,2025-02-12,58,0,good,108
INV_0003052,WH_002,WH_002_COOL_121,SKU_00021,BATCH_0003052,2025-10-02,2026-07-21,2025-10-08,14,5,good,55
INV_0003053,WH_003,WH_003_AMBIENT_116,SKU_00027,BATCH_0003053,2026-03-05,2027-11-16,2026-03-12,18,0,good,538
INV_0003054,WH_003,WH_003_AMBIENT_118,SKU_00147,BATCH_0003054,2025-12-01,2028-08-29,2025-12-09,5,0,good,825
INV_0003055,WH_001,WH_001_AMBIENT_160,SKU_00242,BATCH_0003055,2025-11-23,2026-11-23,2025-12-04,40,0,good,180
INV_0003056,WH_003,WH_003_AMBIENT_076,SKU_00017,BATCH_0003056,2025-10-29,2027-10-04,2025-11-11,6,2,good,495
INV_0003057,WH_003,WH_003_AMBIENT_116,SKU_00174,BATCH_0003057,2024-05-23,2026-09-30,2024-05-29,12,0,good,126
INV_0003058,WH_003,WH_003_AMBIENT_196,SKU_00218,BATCH_0003058,2025-06-21,2027-08-08,2025-06-30,38,3,good,438
INV_0003059,WH_002,WH_002_AMBIENT_110,SKU_00024,BATCH_0003059,2025-06-11,2027-03-13,2025-06-14,67,0,good,290
INV_0003060,WH_002,WH_002_COOL_044,SKU_00275,BATCH_0003060,2026-02-16,2028-02-16,2026-02-23,43,0,good,630
INV_0003061,WH_001,WH_001_AMBIENT_164,SKU_00163,BATCH_0003061,2025-06-02,2026-12-16,2025-06-05,25,5,good,203
INV_0003062,WH_002,WH_002_AMBIENT_104,SKU_00098,BATCH_0003062,2025-09-20,2028-04-23,2025-09-29,147,0,good,697
INV_0003063,WH_001,WH_001_COLD_187,SKU_00106,BATCH_0003063,2026-01-10,2026-10-18,2026-01-13,48,0,good,144
INV_0003064,WH_001,WH_001_COOL_162,SKU_00226,BATCH_0003064,2025-01-26,2027-01-26,2025-02-02,38,0,good,244
INV_0003065,WH_003,WH_003_AMBIENT_173,SKU_00191,BATCH_0003065,2025-02-26,2027-09-16,2025-03-05,22,0,good,477
INV_0003066,WH_001,WH_001_COOL_155,SKU_00139,BATCH_0003066,2026-02-11,2028-02-11,2026-02-16,9,0,good,625
INV_0003067,WH_003,WH_003_AMBIENT_170,SKU_00198,BATCH_0003067,2025-10-24,2026-12-26,2025-10-30,10,0,good,213
INV_0003068,WH_001,WH_001_AMBIENT_070,SKU_00036,BATCH_0003068,2026-03-28,2027-06-29,2026-04-06,14,0,good,398
INV_0003069,WH_001,WH_001_AMBIENT_051,SKU_00225,BATCH_0003069,2025-07-11,2026-07-13,2025-07-22,3,0,good,47
INV_0003070,WH_002,WH_002_COOL_129,SKU_00006,BATCH_0003070,2026-03-09,2028-03-08,2026-03-16,31,0,good,651
INV_0003071,WH_002,WH_002_AMBIENT_170,SKU_00241,BATCH_0003071,2024-09-08,2027-03-05,2024-09-16,52,0,good,282
INV_0003072,WH_002,WH_002_COOL_140,SKU_00266,BATCH_0003072,2026-03-23,2027-11-19,2026-04-05,22,0,good,541
INV_0003073,WH_002,WH_002_COOL_083,SKU_00140,BATCH_0003073,2025-09-25,2026-07-03,2025-10-08,102,0,good,37
INV_0003074,WH_001,WH_001_AMBIENT_083,SKU_00299,BATCH_0003074,2025-04-19,2026-12-10,2025-05-01,12,0,good,197
INV_0003075,WH_002,WH_002_AMBIENT_170,SKU_00297,BATCH_0003075,2025-09-26,2027-04-14,2025-10-08,46,0,good,322
INV_0003076,WH_002,WH_002_COLD_005,SKU_00106,BATCH_0003076,2026-03-02,2026-12-08,2026-03-14,25,0,good,195
INV_0003077,WH_002,WH_002_AMBIENT_035,SKU_00155,BATCH_0003077,2026-01-11,2027-04-10,2026-01-21,133,21,good,318
INV_0003078,WH_002,WH_002_AMBIENT_131,SKU_00103,BATCH_0003078,2025-08-25,2026-08-25,2025-08-29,15,0,good,90
INV_0003079,WH_001,WH_001_COLD_168,SKU_00237,BATCH_0003079,2025-10-23,2026-10-23,2025-11-05,15,0,good,149
INV_0003080,WH_002,WH_002_AMBIENT_056,SKU_00241,BATCH_0003080,2026-04-05,2028-09-29,2026-04-14,69,0,good,856
INV_0003081,WH_002,WH_002_COOL_137,SKU_00093,BATCH_0003081,2025-09-11,2027-09-11,2025-09-16,39,3,good,472
INV_0003082,WH_001,WH_001_COOL_099,SKU_00211,BATCH_0003082,2025-08-15,2027-08-15,2025-08-18,94,0,good,445
INV_0003083,WH_003,WH_003_AMBIENT_158,SKU_00062,BATCH_0003083,2024-12-13,2026-12-04,2024-12-17,45,0,good,191
INV_0003084,WH_001,WH_001_AMBIENT_189,SKU_00048,BATCH_0003084,2026-05-01,2027-07-19,2026-05-11,41,0,good,418
INV_0003085,WH_003,WH_003_COLD_018,SKU_00264,BATCH_0003085,2026-03-08,2026-07-26,2026-03-20,1,0,good,60
INV_0003086,WH_001,WH_001_AMBIENT_193,SKU_00150,BATCH_0003086,2025-12-01,2027-02-16,2025-12-12,29,5,good,265
INV_0003087,WH_002,WH_002_AMBIENT_176,SKU_00179,BATCH_0003087,2025-08-24,2026-08-24,2025-09-05,30,8,good,89
INV_0003088,WH_003,WH_003_AMBIENT_157,SKU_00046,BATCH_0003088,2025-08-31,2026-08-31,2025-09-12,28,0,good,96
INV_0003089,WH_001,WH_001_COOL_111,SKU_00020,BATCH_0003089,2025-04-25,2027-01-03,2025-05-02,17,0,good,221
INV_0003090,WH_003,WH_003_AMBIENT_008,SKU_00036,BATCH_0003090,2025-09-10,2026-12-12,2025-09-21,100,0,good,199
INV_0003091,WH_002,WH_002_AMBIENT_186,SKU_00080,BATCH_0003091,2024-12-03,2027-04-19,2024-12-11,11,0,good,327
INV_0003092,WH_001,WH_001_AMBIENT_197,SKU_00223,BATCH_0003092,2024-01-12,2026-11-30,2024-01-22,17,0,good,187
INV_0003093,WH_002,WH_002_AMBIENT_107,SKU_00018,BATCH_0003093,2025-04-28,2026-08-28,2025-05-05,411,0,good,93
INV_0003094,WH_002,WH_002_AMBIENT_177,SKU_00282,BATCH_0003094,2024-06-04,2026-10-17,2024-06-16,6,2,good,143
INV_0003095,WH_003,WH_003_COOL_099,SKU_00020,BATCH_0003095,2026-01-17,2027-09-27,2026-01-30,31,0,good,488
INV_0003096,WH_003,WH_003_COLD_101,SKU_00251,BATCH_0003096,2025-12-31,2026-12-31,2026-01-09,47,6,good,218
INV_0003097,WH_002,WH_002_COOL_182,SKU_00119,BATCH_0003097,2026-01-17,2027-05-13,2026-01-22,11,0,good,351
INV_0003098,WH_003,WH_003_COOL_033,SKU_00121,BATCH_0003098,2026-03-11,2027-05-14,2026-03-15,9,1,good,352
INV_0003099,WH_003,WH_003_AMBIENT_124,SKU_00235,BATCH_0003099,2025-07-31,2026-07-31,2025-08-05,24,0,good,65
INV_0003100,WH_003,WH_003_COLD_061,SKU_00037,BATCH_0003100,2025-07-23,2026-07-23,2025-07-27,21,0,good,57
INV_0003101,WH_003,WH_003_COLD_067,SKU_00251,BATCH_0003101,2026-03-05,2027-03-05,2026-03-09,68,0,good,282
INV_0003102,WH_001,WH_001_AMBIENT_013,SKU_00242,BATCH_0003102,2025-11-22,2026-11-22,2025-12-01,28,0,good,179
INV_0003103,WH_003,WH_003_AMBIENT_101,SKU_00230,BATCH_0003103,2025-08-25,2027-09-02,2025-08-27,5,0,good,463
INV_0003104,WH_003,WH_003_COOL_165,SKU_00145,BATCH_0003104,2025-10-29,2027-02-19,2025-11-01,6,1,good,268
INV_0003105,WH_003,WH_003_COOL_180,SKU_00086,BATCH_0003105,2025-01-10,2027-01-10,2025-01-16,131,0,good,228
INV_0003106,WH_003,WH_003_COOL_051,SKU_00211,BATCH_0003106,2025-10-28,2027-10-28,2025-11-04,6,0,good,519
INV_0003107,WH_001,WH_001_AMBIENT_019,SKU_00129,BATCH_0003107,2025-12-27,2026-12-27,2026-01-02,35,0,good,214
INV_0003108,WH_002,WH_002_AMBIENT_107,SKU_00279,BATCH_0003108,2025-12-13,2028-10-11,2025-12-21,34,0,good,868
INV_0003109,WH_002,WH_002_COLD_067,SKU_00229,BATCH_0003109,2025-11-01,2026-11-01,2025-11-09,17,0,good,158
INV_0003110,WH_002,WH_002_AMBIENT_106,SKU_00247,BATCH_0003110,2024-07-07,2026-08-28,2024-07-15,4,0,good,93
INV_0003111,WH_001,WH_001_AMBIENT_141,SKU_00143,BATCH_0003111,2025-08-30,2026-08-30,2025-09-07,12,0,good,95
INV_0003112,WH_001,WH_001_AMBIENT_130,SKU_00215,BATCH_0003112,2025-03-25,2026-09-08,2025-03-28,28,0,good,104
INV_0003113,WH_003,WH_003_AMBIENT_113,SKU_00115,BATCH_0003113,2025-01-16,2026-11-12,2025-01-20,89,0,good,169
INV_0003114,WH_003,WH_003_AMBIENT_177,SKU_00239,BATCH_0003114,2025-10-07,2026-10-07,2025-10-09,10,0,good,133
INV_0003115,WH_001,WH_001_AMBIENT_091,SKU_00230,BATCH_0003115,2025-08-23,2027-08-31,2025-09-05,8,0,good,461
INV_0003116,WH_001,WH_001_COOL_166,SKU_00212,BATCH_0003116,2025-04-22,2026-12-24,2025-05-01,3,0,good,211
INV_0003117,WH_002,WH_002_AMBIENT_026,SKU_00084,BATCH_0003117,2025-07-05,2026-07-05,2025-07-13,5,0,good,39
INV_0003118,WH_001,WH_001_AMBIENT_093,SKU_00274,BATCH_0003118,2026-01-25,2027-01-25,2026-01-28,8,0,good,243
INV_0003119,WH_001,WH_001_COOL_127,SKU_00161,BATCH_0003119,2025-09-07,2027-04-22,2025-09-18,27,9,good,330
INV_0003120,WH_003,WH_003_COLD_070,SKU_00237,BATCH_0003120,2026-04-10,2027-04-10,2026-04-20,29,0,good,318
INV_0003121,WH_001,WH_001_AMBIENT_003,SKU_00185,BATCH_0003121,2026-03-01,2027-03-01,2026-03-02,47,0,good,278
INV_0003122,WH_002,WH_002_COOL_192,SKU_00011,BATCH_0003122,2025-02-25,2027-02-25,2025-03-10,113,0,good,274
INV_0003123,WH_002,WH_002_AMBIENT_094,SKU_00203,BATCH_0003123,2025-11-30,2027-08-15,2025-12-07,12,0,good,445
INV_0003124,WH_001,WH_001_AMBIENT_127,SKU_00153,BATCH_0003124,2025-11-19,2026-11-25,2025-11-25,8,0,good,182
INV_0003125,WH_003,WH_003_AMBIENT_007,SKU_00291,BATCH_0003125,2025-12-17,2027-06-22,2025-12-22,46,0,good,391
INV_0003126,WH_001,WH_001_AMBIENT_053,SKU_00265,BATCH_0003126,2025-07-31,2027-10-27,2025-08-11,49,0,good,518
INV_0003127,WH_002,WH_002_AMBIENT_007,SKU_00109,BATCH_0003127,2025-10-09,2026-11-03,2025-10-20,47,0,good,160
INV_0003128,WH_002,WH_002_AMBIENT_145,SKU_00278,BATCH_0003128,2025-04-20,2027-05-22,2025-05-01,11,4,good,360
INV_0003129,WH_003,WH_003_COOL_136,SKU_00117,BATCH_0003129,2025-06-03,2026-12-17,2025-06-10,6,0,good,204
INV_0003130,WH_003,WH_003_AMBIENT_183,SKU_00234,BATCH_0003130,2025-07-05,2026-07-05,2025-07-09,341,88,good,39
INV_0003131,WH_002,WH_002_COOL_082,SKU_00270,BATCH_0003131,2026-04-28,2027-04-24,2026-05-02,47,0,good,332
INV_0003132,WH_001,WH_001_AMBIENT_102,SKU_00173,BATCH_0003132,2025-12-27,2027-12-09,2026-01-06,7,0,good,561
INV_0003133,WH_001,WH_001_FROZEN_187,SKU_00171,BATCH_0003133,2025-03-15,2027-02-23,2025-03-19,27,10,good,272
INV_0003134,WH_003,WH_003_AMBIENT_144,SKU_00191,BATCH_0003134,2025-03-06,2027-09-24,2025-03-09,51,0,good,485
INV_0003135,WH_003,WH_003_AMBIENT_189,SKU_00073,BATCH_0003135,2026-03-25,2027-03-25,2026-04-05,9,0,good,302
INV_0003136,WH_003,WH_003_COLD_168,SKU_00256,BATCH_0003136,2026-01-21,2027-01-21,2026-01-25,2,0,good,239
INV_0003137,WH_002,WH_002_AMBIENT_186,SKU_00080,BATCH_0003137,2025-03-01,2027-07-16,2025-03-03,5,0,good,415
INV_0003138,WH_003,WH_003_AMBIENT_191,SKU_00174,BATCH_0003138,2025-02-24,2027-07-04,2025-03-06,8,0,good,403
INV_0003139,WH_003,WH_003_AMBIENT_020,SKU_00258,BATCH_0003139,2025-06-01,2026-10-11,2025-06-06,36,0,good,137
INV_0003140,WH_003,WH_003_COLD_038,SKU_00035,BATCH_0003140,2026-02-07,2026-07-14,2026-02-16,29,0,good,48
INV_0003141,WH_001,WH_001_COOL_012,SKU_00111,BATCH_0003141,2026-02-11,2027-02-19,2026-02-23,126,10,good,268
INV_0003142,WH_003,WH_003_AMBIENT_035,SKU_00019,BATCH_0003142,2025-07-11,2028-04-25,2025-07-17,39,0,good,699
INV_0003143,WH_003,WH_003_AMBIENT_163,SKU_00259,BATCH_0003143,2026-04-17,2028-04-04,2026-04-20,7,0,good,678
INV_0003144,WH_002,WH_002_COLD_082,SKU_00231,BATCH_0003144,2026-05-05,2027-05-05,2026-05-11,40,2,good,343
INV_0003145,WH_002,WH_002_FROZEN_157,SKU_00287,BATCH_0003145,2026-04-08,2028-04-07,2026-04-16,51,0,good,681
INV_0003146,WH_001,WH_001_AMBIENT_139,SKU_00075,BATCH_0003146,2026-02-18,2027-02-18,2026-02-20,5,0,good,267
INV_0003147,WH_003,WH_003_AMBIENT_168,SKU_00094,BATCH_0003147,2024-09-10,2026-12-03,2024-09-21,154,0,good,190
INV_0003148,WH_003,WH_003_AMBIENT_023,SKU_00190,BATCH_0003148,2025-05-13,2027-01-20,2025-05-22,11,0,good,238
INV_0003149,WH_003,WH_003_FROZEN_080,SKU_00189,BATCH_0003149,2026-02-10,2028-02-10,2026-02-22,7,0,good,624
INV_0003150,WH_003,WH_003_COOL_087,SKU_00266,BATCH_0003150,2025-10-05,2027-06-03,2025-10-14,13,0,good,372
INV_0003151,WH_002,WH_002_COLD_177,SKU_00123,BATCH_0003151,2025-11-09,2026-11-09,2025-11-18,25,0,good,166
INV_0003152,WH_003,WH_003_COOL_036,SKU_00169,BATCH_0003152,2026-05-07,2027-05-14,2026-05-12,17,3,good,352
INV_0003153,WH_002,WH_002_AMBIENT_040,SKU_00155,BATCH_0003153,2026-05-24,2027-08-21,2026-05-31,10,0,good,451
INV_0003154,WH_002,WH_002_AMBIENT_141,SKU_00214,BATCH_0003154,2026-04-18,2028-07-20,2026-04-22,10,0,good,785
INV_0003155,WH_003,WH_003_COOL_181,SKU_00130,BATCH_0003155,2025-02-22,2027-02-22,2025-03-04,43,0,good,271
INV_0003156,WH_001,WH_001_AMBIENT_071,SKU_00080,BATCH_0003156,2026-03-28,2028-08-11,2026-04-05,37,0,good,807
INV_0003157,WH_001,WH_001_AMBIENT_173,SKU_00166,BATCH_0003157,2026-01-09,2027-07-21,2026-01-20,19,0,good,420
INV_0003158,WH_002,WH_002_AMBIENT_069,SKU_00009,BATCH_0003158,2024-09-27,2026-10-11,2024-10-09,23,0,good,137
INV_0003159,WH_003,WH_003_AMBIENT_082,SKU_00232,BATCH_0003159,2025-11-02,2027-07-22,2025-11-08,203,0,good,421
INV_0003160,WH_001,WH_001_COOL_054,SKU_00089,BATCH_0003160,2025-09-16,2026-12-15,2025-09-20,5,0,good,202
INV_0003161,WH_003,WH_003_AMBIENT_182,SKU_00022,BATCH_0003161,2025-07-10,2027-09-19,2025-07-21,38,12,good,480
INV_0003162,WH_002,WH_002_AMBIENT_194,SKU_00104,BATCH_0003162,2025-11-06,2027-12-26,2025-11-15,0,0,good,578
INV_0003163,WH_002,WH_002_AMBIENT_154,SKU_00195,BATCH_0003163,2024-09-10,2026-12-11,2024-09-11,92,0,good,198
INV_0003164,WH_002,WH_002_AMBIENT_130,SKU_00225,BATCH_0003164,2026-05-14,2027-05-16,2026-05-22,7,0,good,354
INV_0003165,WH_003,WH_003_COOL_183,SKU_00093,BATCH_0003165,2026-01-19,2028-01-19,2026-02-01,1,0,good,602
INV_0003166,WH_002,WH_002_COOL_130,SKU_00266,BATCH_0003166,2024-12-12,2026-08-10,2024-12-20,5,0,good,75
INV_0003167,WH_003,WH_003_COOL_097,SKU_00021,BATCH_0003167,2026-02-03,2026-11-22,2026-02-13,83,21,good,179
INV_0003168,WH_003,WH_003_COOL_131,SKU_00033,BATCH_0003168,2026-03-14,2027-05-19,2026-03-19,33,0,good,357
INV_0003169,WH_002,WH_002_COOL_181,SKU_00144,BATCH_0003169,2025-02-28,2027-02-19,2025-03-05,3,0,good,268
INV_0003170,WH_001,WH_001_COLD_179,SKU_00040,BATCH_0003170,2026-05-06,2026-09-20,2026-05-08,13,0,good,116
INV_0003171,WH_002,WH_002_COOL_108,SKU_00003,BATCH_0003171,2026-04-07,2028-04-06,2026-04-08,40,0,good,680
INV_0003172,WH_002,WH_002_COLD_086,SKU_00085,BATCH_0003172,2025-07-04,2026-07-04,2025-07-08,16,3,good,38
INV_0003173,WH_003,WH_003_COLD_100,SKU_00202,BATCH_0003173,2026-04-01,2026-08-21,2026-04-05,11,0,good,86
INV_0003174,WH_001,WH_001_AMBIENT_162,SKU_00213,BATCH_0003174,2024-05-20,2026-10-02,2024-05-28,6,1,good,128
INV_0003175,WH_003,WH_003_AMBIENT_153,SKU_00008,BATCH_0003175,2026-05-17,2027-05-17,2026-05-25,13,2,good,355
INV_0003176,WH_002,WH_002_COOL_011,SKU_00276,BATCH_0003176,2025-08-11,2027-05-12,2025-08-24,57,9,good,350
INV_0003177,WH_001,WH_001_AMBIENT_095,SKU_00195,BATCH_0003177,2024-07-30,2026-10-30,2024-07-31,26,5,good,156
INV_0003178,WH_003,WH_003_AMBIENT_193,SKU_00081,BATCH_0003178,2026-04-03,2027-10-06,2026-04-05,5,0,good,497
INV_0003179,WH_002,WH_002_COLD_195,SKU_00182,BATCH_0003179,2025-11-06,2026-07-16,2025-11-17,7,0,good,50
INV_0003180,WH_001,WH_001_COOL_124,SKU_00293,BATCH_0003180,2025-05-25,2027-05-25,2025-06-02,30,0,good,363
INV_0003181,WH_002,WH_002_AMBIENT_091,SKU_00103,BATCH_0003181,2026-02-11,2027-02-11,2026-02-19,7,0,good,260
INV_0003182,WH_002,WH_002_COOL_010,SKU_00227,BATCH_0003182,2025-12-15,2027-12-15,2025-12-22,10,0,good,567
INV_0003183,WH_002,WH_002_AMBIENT_073,SKU_00239,BATCH_0003183,2026-02-01,2027-02-01,2026-02-13,81,1,good,250
INV_0003184,WH_001,WH_001_COOL_043,SKU_00058,BATCH_0003184,2025-12-18,2026-10-13,2025-12-21,12,0,good,139
INV_0003185,WH_003,WH_003_COLD_127,SKU_00237,BATCH_0003185,2026-04-18,2027-04-18,2026-05-01,24,3,good,326
INV_0003186,WH_003,WH_003_COOL_052,SKU_00139,BATCH_0003186,2025-05-03,2027-05-03,2025-05-14,2,0,good,341
INV_0003187,WH_001,WH_001_COOL_198,SKU_00121,BATCH_0003187,2025-11-27,2027-01-30,2025-12-09,13,0,good,248
INV_0003188,WH_001,WH_001_COOL_070,SKU_00099,BATCH_0003188,2025-06-17,2026-11-27,2025-06-20,45,3,good,184
INV_0003189,WH_002,WH_002_AMBIENT_194,SKU_00114,BATCH_0003189,2024-05-24,2026-10-13,2024-05-29,7,0,good,139
INV_0003190,WH_001,WH_001_COLD_195,SKU_00136,BATCH_0003190,2025-12-30,2026-09-28,2026-01-06,22,0,good,124
INV_0003191,WH_001,WH_001_AMBIENT_114,SKU_00217,BATCH_0003191,2024-07-15,2026-09-12,2024-07-19,5,0,good,108
INV_0003192,WH_003,WH_003_AMBIENT_192,SKU_00281,BATCH_0003192,2026-01-01,2027-01-01,2026-01-03,1,0,good,219
INV_0003193,WH_001,WH_001_COOL_017,SKU_00059,BATCH_0003193,2024-09-16,2026-08-21,2024-09-18,27,2,good,86
INV_0003194,WH_003,WH_003_AMBIENT_069,SKU_00215,BATCH_0003194,2025-11-02,2027-04-18,2025-11-11,28,0,good,326
INV_0003195,WH_002,WH_002_AMBIENT_149,SKU_00051,BATCH_0003195,2026-04-06,2027-04-23,2026-04-19,15,0,good,331
INV_0003196,WH_002,WH_002_COOL_107,SKU_00227,BATCH_0003196,2026-04-09,2028-04-08,2026-04-17,156,0,good,682
INV_0003197,WH_001,WH_001_COOL_085,SKU_00093,BATCH_0003197,2025-12-15,2027-12-15,2025-12-27,149,51,good,567
INV_0003198,WH_002,WH_002_AMBIENT_032,SKU_00269,BATCH_0003198,2026-01-15,2027-05-17,2026-01-27,97,0,good,355
INV_0003199,WH_003,WH_003_COOL_025,SKU_00006,BATCH_0003199,2025-03-04,2027-03-04,2025-03-08,5,0,good,281
INV_0003200,WH_001,WH_001_COLD_186,SKU_00134,BATCH_0003200,2026-02-11,2027-02-11,2026-02-24,13,0,good,260
INV_0003201,WH_001,WH_001_FROZEN_157,SKU_00007,BATCH_0003201,2026-01-21,2026-08-02,2026-01-25,15,1,good,67
INV_0003202,WH_002,WH_002_FROZEN_089,SKU_00296,BATCH_0003202,2024-09-25,2026-09-25,2024-09-28,45,0,good,121
INV_0003203,WH_002,WH_002_COOL_133,SKU_00042,BATCH_0003203,2025-07-25,2026-12-16,2025-08-06,11,4,good,203
INV_0003204,WH_003,WH_003_COOL_095,SKU_00033,BATCH_0003204,2025-06-09,2026-08-14,2025-06-15,268,0,good,79
INV_0003205,WH_003,WH_003_AMBIENT_039,SKU_00097,BATCH_0003205,2025-08-02,2027-11-02,2025-08-14,14,0,good,524
INV_0003206,WH_002,WH_002_AMBIENT_152,SKU_00160,BATCH_0003206,2025-08-12,2027-07-11,2025-08-15,4,0,good,410
INV_0003207,WH_001,WH_001_COOL_192,SKU_00064,BATCH_0003207,2024-10-13,2026-10-13,2024-10-15,4,0,good,139
INV_0003208,WH_001,WH_001_AMBIENT_064,SKU_00125,BATCH_0003208,2025-09-08,2026-09-08,2025-09-11,0,0,good,104
INV_0003209,WH_003,WH_003_COOL_197,SKU_00142,BATCH_0003209,2025-07-21,2026-11-07,2025-07-29,238,0,good,164
INV_0003210,WH_003,WH_003_AMBIENT_023,SKU_00158,BATCH_0003210,2025-07-11,2027-04-08,2025-07-13,10,4,good,316
INV_0003211,WH_002,WH_002_AMBIENT_161,SKU_00049,BATCH_0003211,2026-02-16,2027-04-04,2026-02-28,7,0,good,312
INV_0003212,WH_002,WH_002_COLD_056,SKU_00090,BATCH_0003212,2026-04-07,2026-09-02,2026-04-12,3,0,good,98
INV_0003213,WH_002,WH_002_AMBIENT_094,SKU_00115,BATCH_0003213,2024-11-14,2026-09-10,2024-11-21,33,0,good,106
INV_0003214,WH_001,WH_001_AMBIENT_169,SKU_00098,BATCH_0003214,2024-04-30,2026-12-02,2024-05-10,104,26,good,189
INV_0003215,WH_002,WH_002_COOL_005,SKU_00044,BATCH_0003215,2024-10-22,2026-09-04,2024-11-01,19,7,good,100
INV_0003216,WH_001,WH_001_AMBIENT_166,SKU_00155,BATCH_0003216,2025-05-12,2026-08-09,2025-05-14,13,4,good,74
INV_0003217,WH_001,WH_001_COLD_143,SKU_00127,BATCH_0003217,2025-11-29,2026-06-27,2025-12-02,50,1,good,31
INV_0003218,WH_003,WH_003_COOL_042,SKU_00275,BATCH_0003218,2024-08-23,2026-08-23,2024-09-02,143,30,good,88
INV_0003219,WH_002,WH_002_AMBIENT_109,SKU_00221,BATCH_0003219,2026-02-11,2027-02-11,2026-02-21,37,7,good,260
INV_0003220,WH_002,WH_002_COOL_085,SKU_00038,BATCH_0003220,2025-04-25,2027-01-21,2025-04-29,65,0,good,239
INV_0003221,WH_001,WH_001_COLD_137,SKU_00209,BATCH_0003221,2025-11-22,2026-07-03,2025-12-02,3,0,good,37
INV_0003222,WH_002,WH_002_AMBIENT_137,SKU_00118,BATCH_0003222,2025-09-11,2026-09-11,2025-09-17,33,0,good,107
INV_0003223,WH_001,WH_001_COLD_082,SKU_00228,BATCH_0003223,2026-04-18,2027-02-13,2026-04-23,23,1,good,262
INV_0003224,WH_001,WH_001_AMBIENT_102,SKU_00257,BATCH_0003224,2026-03-17,2027-09-13,2026-03-29,66,0,good,474
INV_0003225,WH_003,WH_003_AMBIENT_152,SKU_00299,BATCH_0003225,2025-03-11,2026-11-01,2025-03-22,14,4,good,158
INV_0003226,WH_002,WH_002_AMBIENT_073,SKU_00259,BATCH_0003226,2025-06-16,2027-06-04,2025-06-27,26,4,good,373
INV_0003227,WH_003,WH_003_COLD_055,SKU_00123,BATCH_0003227,2026-05-10,2027-05-10,2026-05-15,10,0,good,348
INV_0003228,WH_001,WH_001_COLD_081,SKU_00123,BATCH_0003228,2026-03-18,2027-03-18,2026-03-26,31,0,good,295
INV_0003229,WH_003,WH_003_AMBIENT_131,SKU_00120,BATCH_0003229,2025-06-11,2026-09-19,2025-06-24,34,10,good,115
INV_0003230,WH_002,WH_002_AMBIENT_180,SKU_00200,BATCH_0003230,2025-01-22,2026-09-17,2025-02-03,25,3,good,113
INV_0003231,WH_002,WH_002_COOL_168,SKU_00270,BATCH_0003231,2026-02-20,2027-02-16,2026-03-03,5,0,good,265
INV_0003232,WH_001,WH_001_COOL_049,SKU_00289,BATCH_0003232,2025-07-07,2026-08-06,2025-07-15,12,0,good,71
INV_0003233,WH_003,WH_003_AMBIENT_070,SKU_00026,BATCH_0003233,2025-05-24,2026-12-20,2025-06-02,32,0,good,207
INV_0003234,WH_002,WH_002_AMBIENT_194,SKU_00024,BATCH_0003234,2025-04-18,2027-01-18,2025-04-21,1,0,good,236
INV_0003235,WH_001,WH_001_AMBIENT_174,SKU_00292,BATCH_0003235,2026-03-09,2027-07-29,2026-03-21,153,0,good,428
INV_0003236,WH_003,WH_003_AMBIENT_121,SKU_00118,BATCH_0003236,2025-11-30,2026-11-30,2025-12-11,11,0,good,187
INV_0003237,WH_001,WH_001_COOL_178,SKU_00020,BATCH_0003237,2025-02-03,2026-10-14,2025-02-16,25,10,good,140
INV_0003238,WH_002,WH_002_COOL_078,SKU_00293,BATCH_0003238,2026-05-05,2028-05-04,2026-05-07,11,2,good,708
INV_0003239,WH_001,WH_001_FROZEN_067,SKU_00201,BATCH_0003239,2025-10-08,2027-10-07,2025-10-09,4,1,good,498
INV_0003240,WH_003,WH_003_COLD_200,SKU_00154,BATCH_0003240,2026-03-23,2026-08-17,2026-03-31,70,22,good,82
INV_0003241,WH_003,WH_003_AMBIENT_022,SKU_00076,BATCH_0003241,2025-10-19,2027-12-29,2025-10-23,3,0,good,581
INV_0003242,WH_002,WH_002_AMBIENT_160,SKU_00055,BATCH_0003242,2025-04-06,2026-08-10,2025-04-17,18,0,good,75
INV_0003243,WH_001,WH_001_COOL_157,SKU_00222,BATCH_0003243,2025-10-10,2026-07-06,2025-10-19,80,0,good,40
INV_0003244,WH_002,WH_002_COLD_028,SKU_00106,BATCH_0003244,2026-03-23,2026-12-29,2026-04-04,17,0,good,216
INV_0003245,WH_001,WH_001_COOL_002,SKU_00003,BATCH_0003245,2025-07-20,2027-07-20,2025-07-30,111,0,good,419
INV_0003246,WH_003,WH_003_AMBIENT_005,SKU_00118,BATCH_0003246,2025-07-07,2026-07-07,2025-07-20,51,0,good,41
INV_0003247,WH_003,WH_003_COOL_152,SKU_00011,BATCH_0003247,2025-07-07,2027-07-07,2025-07-08,13,0,good,406
INV_0003248,WH_002,WH_002_COOL_028,SKU_00074,BATCH_0003248,2024-12-23,2026-12-23,2025-01-05,4,0,good,210
INV_0003249,WH_003,WH_003_FROZEN_063,SKU_00216,BATCH_0003249,2025-09-22,2027-07-28,2025-09-28,5,0,good,427
INV_0003250,WH_002,WH_002_AMBIENT_094,SKU_00274,BATCH_0003250,2025-08-05,2026-08-05,2025-08-10,22,0,good,70
INV_0003251,WH_001,WH_001_COLD_029,SKU_00149,BATCH_0003251,2026-05-19,2026-10-11,2026-05-25,11,0,good,137
INV_0003252,WH_002,WH_002_AMBIENT_052,SKU_00063,BATCH_0003252,2026-05-12,2027-09-18,2026-05-22,1,0,good,479
INV_0003253,WH_003,WH_003_COOL_128,SKU_00072,BATCH_0003253,2025-11-02,2027-11-02,2025-11-13,21,4,good,524
INV_0003254,WH_003,WH_003_COOL_093,SKU_00077,BATCH_0003254,2025-11-15,2027-01-04,2025-11-27,123,0,good,222
INV_0003255,WH_001,WH_001_COOL_094,SKU_00253,BATCH_0003255,2025-06-20,2027-06-20,2025-07-03,4,0,good,389
INV_0003256,WH_001,WH_001_COLD_155,SKU_00090,BATCH_0003256,2026-03-15,2026-08-10,2026-03-27,57,0,good,75
INV_0003257,WH_002,WH_002_AMBIENT_007,SKU_00221,BATCH_0003257,2025-11-06,2026-11-06,2025-11-13,16,0,good,163
INV_0003258,WH_003,WH_003_COOL_163,SKU_00060,BATCH_0003258,2024-10-22,2026-10-22,2024-11-04,51,0,good,148
INV_0003259,WH_001,WH_001_FROZEN_090,SKU_00197,BATCH_0003259,2025-11-05,2027-11-05,2025-11-07,22,0,good,527
INV_0003260,WH_001,WH_001_AMBIENT_048,SKU_00122,BATCH_0003260,2025-06-20,2028-04-07,2025-07-02,8,1,good,681
INV_0003261,WH_002,WH_002_COOL_173,SKU_00142,BATCH_0003261,2025-07-15,2026-11-01,2025-07-27,13,0,good,158
INV_0003262,WH_002,WH_002_AMBIENT_110,SKU_00221,BATCH_0003262,2025-11-23,2026-11-23,2025-11-26,28,0,good,180
INV_0003263,WH_001,WH_001_AMBIENT_158,SKU_00263,BATCH_0003263,2026-03-17,2028-01-03,2026-03-25,21,0,good,586
INV_0003264,WH_001,WH_001_AMBIENT_077,SKU_00205,BATCH_0003264,2025-09-23,2026-10-19,2025-10-03,30,0,good,145
INV_0003265,WH_002,WH_002_COOL_136,SKU_00142,BATCH_0003265,2026-05-15,2027-09-01,2026-05-21,338,49,good,462
INV_0003266,WH_001,WH_001_COOL_014,SKU_00058,BATCH_0003266,2025-11-26,2026-09-21,2025-12-09,27,0,good,117
INV_0003267,WH_003,WH_003_COOL_038,SKU_00089,BATCH_0003267,2025-05-01,2026-07-30,2025-05-12,142,0,good,64
INV_0003268,WH_003,WH_003_AMBIENT_118,SKU_00269,BATCH_0003268,2026-01-23,2027-05-25,2026-01-25,1,0,good,363
INV_0003269,WH_002,WH_002_AMBIENT_133,SKU_00281,BATCH_0003269,2025-09-03,2026-09-03,2025-09-05,34,0,good,99
INV_0003270,WH_003,WH_003_COOL_120,SKU_00273,BATCH_0003270,2025-05-10,2026-12-18,2025-05-19,42,0,good,205
INV_0003271,WH_003,WH_003_AMBIENT_118,SKU_00247,BATCH_0003271,2025-04-29,2027-06-20,2025-05-03,16,0,good,389
INV_0003272,WH_001,WH_001_COOL_037,SKU_00111,BATCH_0003272,2026-05-24,2027-06-01,2026-05-31,17,2,good,370
INV_0003273,WH_003,WH_003_COOL_143,SKU_00181,BATCH_0003273,2026-05-14,2027-05-20,2026-05-23,20,3,good,358
INV_0003274,WH_002,WH_002_AMBIENT_079,SKU_00156,BATCH_0003274,2025-06-03,2027-11-06,2025-06-07,4,0,good,528
INV_0003275,WH_001,WH_001_COOL_140,SKU_00010,BATCH_0003275,2026-03-04,2028-03-03,2026-03-14,46,13,good,646
INV_0003276,WH_002,WH_002_AMBIENT_070,SKU_00108,BATCH_0003276,2025-08-17,2028-06-18,2025-08-22,104,28,good,753
INV_0003277,WH_002,WH_002_COOL_171,SKU_00161,BATCH_0003277,2026-03-04,2027-10-17,2026-03-06,16,0,good,508
INV_0003278,WH_003,WH_003_COOL_022,SKU_00011,BATCH_0003278,2024-11-02,2026-11-02,2024-11-05,26,0,good,159
INV_0003279,WH_001,WH_001_COOL_019,SKU_00021,BATCH_0003279,2025-11-06,2026-08-25,2025-11-12,44,0,good,90
INV_0003280,WH_003,WH_003_COOL_062,SKU_00058,BATCH_0003280,2025-11-26,2026-09-21,2025-12-03,8,0,good,117
INV_0003281,WH_001,WH_001_AMBIENT_078,SKU_00095,BATCH_0003281,2025-01-27,2027-05-17,2025-01-29,17,0,good,355
INV_0003282,WH_003,WH_003_AMBIENT_020,SKU_00195,BATCH_0003282,2024-09-17,2026-12-18,2024-09-20,14,0,good,205
INV_0003283,WH_002,WH_002_COOL_109,SKU_00074,BATCH_0003283,2024-10-13,2026-10-13,2024-10-15,31,0,good,139
INV_0003284,WH_002,WH_002_COOL_089,SKU_00010,BATCH_0003284,2024-08-14,2026-08-14,2024-08-23,6,0,good,79
INV_0003285,WH_003,WH_003_COLD_016,SKU_00110,BATCH_0003285,2026-03-18,2026-10-26,2026-03-30,23,0,good,152
INV_0003286,WH_003,WH_003_AMBIENT_056,SKU_00027,BATCH_0003286,2025-07-08,2027-03-21,2025-07-11,8,1,good,298
INV_0003287,WH_003,WH_003_COOL_100,SKU_00112,BATCH_0003287,2025-10-07,2027-10-07,2025-10-09,2,0,good,498
INV_0003288,WH_001,WH_001_AMBIENT_026,SKU_00004,BATCH_0003288,2025-10-30,2027-04-06,2025-11-06,32,0,good,314
INV_0003289,WH_003,WH_003_AMBIENT_166,SKU_00259,BATCH_0003289,2025-10-18,2027-10-06,2025-10-23,41,5,good,497
INV_0003290,WH_003,WH_003_COLD_074,SKU_00256,BATCH_0003290,2026-02-26,2027-02-26,2026-03-02,5,0,good,275
INV_0003291,WH_001,WH_001_COOL_073,SKU_00033,BATCH_0003291,2025-09-17,2026-11-22,2025-09-22,89,0,good,179
INV_0003292,WH_002,WH_002_COOL_014,SKU_00031,BATCH_0003292,2025-04-04,2026-10-18,2025-04-14,9,0,good,144
INV_0003293,WH_001,WH_001_AMBIENT_106,SKU_00291,BATCH_0003293,2026-04-05,2027-10-09,2026-04-12,7,0,good,500
INV_0003294,WH_001,WH_001_COLD_023,SKU_00039,BATCH_0003294,2025-07-13,2026-07-13,2025-07-14,27,0,good,47
INV_0003295,WH_002,WH_002_AMBIENT_109,SKU_00022,BATCH_0003295,2024-06-16,2026-08-26,2024-06-26,13,0,good,91
INV_0003296,WH_003,WH_003_AMBIENT_143,SKU_00225,BATCH_0003296,2025-11-23,2026-11-25,2025-11-24,16,0,good,182
INV_0003297,WH_003,WH_003_COOL_074,SKU_00161,BATCH_0003297,2025-11-29,2027-07-14,2025-12-10,10,4,good,413
INV_0003298,WH_003,WH_003_AMBIENT_157,SKU_00050,BATCH_0003298,2026-04-05,2027-05-12,2026-04-13,12,1,good,350
INV_0003299,WH_003,WH_003_COOL_185,SKU_00298,BATCH_0003299,2026-04-19,2027-04-15,2026-04-20,42,1,good,323
INV_0003300,WH_002,WH_002_AMBIENT_176,SKU_00009,BATCH_0003300,2025-02-03,2027-02-17,2025-02-12,56,0,good,266
INV_0003301,WH_002,WH_002_AMBIENT_146,SKU_00103,BATCH_0003301,2025-07-20,2026-07-20,2025-07-28,5,0,good,54
INV_0003302,WH_001,WH_001_COOL_182,SKU_00006,BATCH_0003302,2025-07-28,2027-07-28,2025-08-10,17,0,good,427
INV_0003303,WH_002,WH_002_AMBIENT_077,SKU_00282,BATCH_0003303,2025-04-07,2027-08-20,2025-04-08,34,9,good,450
INV_0003304,WH_003,WH_003_COLD_025,SKU_00149,BATCH_0003304,2026-02-06,2026-07-01,2026-02-13,4,0,good,35
INV_0003305,WH_002,WH_002_AMBIENT_166,SKU_00030,BATCH_0003305,2026-01-15,2028-05-27,2026-01-16,35,0,good,731
INV_0003306,WH_003,WH_003_COOL_117,SKU_00243,BATCH_0003306,2024-09-26,2026-09-26,2024-09-29,20,0,good,122
INV_0003307,WH_003,WH_003_AMBIENT_092,SKU_00109,BATCH_0003307,2026-03-18,2027-04-12,2026-03-22,1,0,good,320
INV_0003308,WH_002,WH_002_AMBIENT_053,SKU_00218,BATCH_0003308,2024-11-17,2027-01-04,2024-11-23,16,0,good,222
INV_0003309,WH_001,WH_001_AMBIENT_101,SKU_00159,BATCH_0003309,2025-09-14,2026-09-14,2025-09-21,13,4,good,110
INV_0003310,WH_001,WH_001_AMBIENT_090,SKU_00168,BATCH_0003310,2025-08-09,2026-08-09,2025-08-11,15,2,good,74
INV_0003311,WH_003,WH_003_AMBIENT_120,SKU_00180,BATCH_0003311,2025-09-25,2026-09-25,2025-10-03,2,0,good,121
INV_0003312,WH_001,WH_001_COOL_197,SKU_00038,BATCH_0003312,2025-04-06,2027-01-02,2025-04-12,17,0,good,220
INV_0003313,WH_002,WH_002_AMBIENT_176,SKU_00019,BATCH_0003313,2025-03-06,2027-12-20,2025-03-14,16,0,good,572
INV_0003314,WH_003,WH_003_COOL_083,SKU_00226,BATCH_0003314,2026-03-28,2028-03-27,2026-03-29,6,0,good,670
INV_0003315,WH_003,WH_003_AMBIENT_037,SKU_00025,BATCH_0003315,2026-01-13,2027-01-13,2026-01-23,13,0,good,231
INV_0003316,WH_002,WH_002_COLD_160,SKU_00193,BATCH_0003316,2026-05-07,2027-04-06,2026-05-08,16,0,good,314
INV_0003317,WH_002,WH_002_COLD_003,SKU_00182,BATCH_0003317,2025-11-09,2026-07-19,2025-11-20,7,1,good,53
INV_0003318,WH_001,WH_001_COLD_092,SKU_00252,BATCH_0003318,2026-04-24,2027-04-24,2026-04-28,213,0,good,332
INV_0003319,WH_003,WH_003_AMBIENT_028,SKU_00195,BATCH_0003319,2026-03-03,2028-06-02,2026-03-15,2,0,good,737
INV_0003320,WH_002,WH_002_AMBIENT_038,SKU_00012,BATCH_0003320,2025-10-01,2026-10-01,2025-10-05,11,2,good,127
INV_0003321,WH_002,WH_002_AMBIENT_035,SKU_00185,BATCH_0003321,2026-02-25,2027-02-25,2026-03-08,24,0,good,274
INV_0003322,WH_003,WH_003_COLD_097,SKU_00040,BATCH_0003322,2026-04-05,2026-08-20,2026-04-15,13,2,good,85
INV_0003323,WH_001,WH_001_COOL_078,SKU_00089,BATCH_0003323,2025-10-28,2027-01-26,2025-11-01,39,0,good,244
INV_0003324,WH_001,WH_001_AMBIENT_119,SKU_00269,BATCH_0003324,2026-05-18,2027-09-17,2026-05-28,10,0,good,478
INV_0003325,WH_003,WH_003_AMBIENT_180,SKU_00071,BATCH_0003325,2024-07-08,2027-04-18,2024-07-16,40,0,good,326
INV_0003326,WH_003,WH_003_COOL_067,SKU_00117,BATCH_0003326,2026-05-02,2027-11-15,2026-05-13,23,9,good,537
INV_0003327,WH_002,WH_002_AMBIENT_035,SKU_00173,BATCH_0003327,2025-07-13,2027-06-25,2025-07-23,10,2,good,394
INV_0003328,WH_002,WH_002_COOL_076,SKU_00220,BATCH_0003328,2026-01-09,2026-09-09,2026-01-22,7,1,good,105
INV_0003329,WH_001,WH_001_COOL_122,SKU_00211,BATCH_0003329,2025-05-27,2027-05-27,2025-06-05,6,0,good,365
INV_0003330,WH_003,WH_003_AMBIENT_050,SKU_00024,BATCH_0003330,2025-09-17,2027-06-19,2025-09-25,12,2,good,388
INV_0003331,WH_003,WH_003_COOL_127,SKU_00038,BATCH_0003331,2026-04-11,2028-01-07,2026-04-23,48,11,good,590
INV_0003332,WH_002,WH_002_COOL_118,SKU_00043,BATCH_0003332,2025-12-18,2027-12-18,2025-12-31,3,1,good,570
INV_0003333,WH_003,WH_003_COLD_164,SKU_00228,BATCH_0003333,2025-12-16,2026-10-13,2025-12-28,216,0,good,139
INV_0003334,WH_003,WH_003_AMBIENT_046,SKU_00124,BATCH_0003334,2025-03-09,2027-03-17,2025-03-12,354,0,good,294
INV_0003335,WH_002,WH_002_AMBIENT_072,SKU_00195,BATCH_0003335,2025-01-12,2027-04-14,2025-01-16,28,0,good,322
INV_0003336,WH_001,WH_001_COLD_135,SKU_00182,BATCH_0003336,2026-01-06,2026-09-15,2026-01-18,34,0,good,111
INV_0003337,WH_003,WH_003_COOL_091,SKU_00227,BATCH_0003337,2025-09-20,2027-09-20,2025-10-01,41,0,good,481
INV_0003338,WH_003,WH_003_AMBIENT_173,SKU_00191,BATCH_0003338,2025-03-12,2027-09-30,2025-03-21,7,0,good,491
INV_0003339,WH_001,WH_001_COLD_057,SKU_00123,BATCH_0003339,2025-12-17,2026-12-17,2025-12-21,31,12,good,204
INV_0003340,WH_001,WH_001_AMBIENT_186,SKU_00195,BATCH_0003340,2024-10-15,2027-01-15,2024-10-22,19,0,good,233
INV_0003341,WH_001,WH_001_AMBIENT_129,SKU_00026,BATCH_0003341,2026-03-05,2027-10-01,2026-03-10,43,0,good,492
INV_0003342,WH_003,WH_003_COOL_052,SKU_00038,BATCH_0003342,2025-05-10,2027-02-05,2025-05-14,7,0,good,254
INV_0003343,WH_001,WH_001_COLD_050,SKU_00231,BATCH_0003343,2025-12-18,2026-12-18,2025-12-31,17,0,good,205
INV_0003344,WH_002,WH_002_COOL_079,SKU_00016,BATCH_0003344,2025-10-14,2027-03-23,2025-10-25,29,0,good,300
INV_0003345,WH_002,WH_002_COOL_088,SKU_00087,BATCH_0003345,2025-12-07,2027-12-07,2025-12-09,43,0,good,559
INV_0003346,WH_002,WH_002_COOL_135,SKU_00074,BATCH_0003346,2026-03-01,2028-02-29,2026-03-07,17,0,good,643
INV_0003347,WH_003,WH_003_AMBIENT_038,SKU_00125,BATCH_0003347,2025-07-04,2026-07-04,2025-07-14,16,0,good,38
INV_0003348,WH_001,WH_001_COOL_146,SKU_00261,BATCH_0003348,2026-02-06,2027-02-21,2026-02-15,16,6,good,270
INV_0003349,WH_001,WH_001_COLD_046,SKU_00256,BATCH_0003349,2026-05-11,2027-05-11,2026-05-19,2,0,good,349
INV_0003350,WH_002,WH_002_COOL_161,SKU_00145,BATCH_0003350,2025-09-25,2027-01-16,2025-09-28,22,5,good,234
INV_0003351,WH_003,WH_003_AMBIENT_189,SKU_00283,BATCH_0003351,2026-01-29,2027-01-29,2026-02-07,38,0,good,247
INV_0003352,WH_002,WH_002_COOL_150,SKU_00243,BATCH_0003352,2026-01-13,2028-01-13,2026-01-22,19,0,good,596
INV_0003353,WH_001,WH_001_AMBIENT_150,SKU_00001,BATCH_0003353,2026-05-24,2027-12-24,2026-05-27,59,8,good,576
INV_0003354,WH_002,WH_002_COOL_149,SKU_00033,BATCH_0003354,2025-12-26,2027-03-02,2026-01-08,49,0,good,279
INV_0003355,WH_002,WH_002_COLD_092,SKU_00096,BATCH_0003355,2025-10-21,2026-10-21,2025-10-29,48,13,good,147
INV_0003356,WH_003,WH_003_AMBIENT_133,SKU_00056,BATCH_0003356,2025-09-19,2026-12-08,2025-09-23,14,4,good,195
INV_0003357,WH_002,WH_002_AMBIENT_163,SKU_00080,BATCH_0003357,2024-06-09,2026-10-24,2024-06-17,15,0,good,150
INV_0003358,WH_002,WH_002_AMBIENT_073,SKU_00155,BATCH_0003358,2026-02-25,2027-05-25,2026-03-03,15,0,good,363
INV_0003359,WH_001,WH_001_AMBIENT_176,SKU_00056,BATCH_0003359,2026-03-31,2027-06-19,2026-04-10,261,0,good,388
INV_0003360,WH_001,WH_001_AMBIENT_115,SKU_00049,BATCH_0003360,2025-12-18,2027-02-03,2025-12-27,32,7,good,252
INV_0003361,WH_001,WH_001_AMBIENT_168,SKU_00115,BATCH_0003361,2025-12-23,2027-10-19,2025-12-27,5,0,good,510
INV_0003362,WH_002,WH_002_FROZEN_046,SKU_00287,BATCH_0003362,2026-04-08,2028-04-07,2026-04-15,39,5,good,681
INV_0003363,WH_001,WH_001_AMBIENT_117,SKU_00166,BATCH_0003363,2025-12-14,2027-06-25,2025-12-17,231,0,good,394
INV_0003364,WH_001,WH_001_COOL_171,SKU_00016,BATCH_0003364,2025-06-04,2026-11-11,2025-06-15,12,0,good,168
INV_0003365,WH_002,WH_002_COOL_129,SKU_00131,BATCH_0003365,2025-02-07,2026-12-07,2025-02-13,9,0,good,194
INV_0003366,WH_003,WH_003_AMBIENT_141,SKU_00279,BATCH_0003366,2024-08-17,2027-06-16,2024-08-18,23,0,good,385
INV_0003367,WH_002,WH_002_AMBIENT_132,SKU_00028,BATCH_0003367,2025-11-21,2027-04-08,2025-11-27,56,0,good,316
INV_0003368,WH_002,WH_002_COLD_106,SKU_00146,BATCH_0003368,2025-11-16,2026-11-16,2025-11-18,1,0,good,173
INV_0003369,WH_003,WH_003_AMBIENT_022,SKU_00250,BATCH_0003369,2024-12-08,2027-06-27,2024-12-21,42,0,good,396
INV_0003370,WH_002,WH_002_COOL_074,SKU_00042,BATCH_0003370,2026-02-16,2027-07-10,2026-02-28,66,0,good,409
INV_0003371,WH_001,WH_001_AMBIENT_034,SKU_00114,BATCH_0003371,2025-07-07,2027-11-26,2025-07-18,103,14,good,548
INV_0003372,WH_002,WH_002_COLD_096,SKU_00082,BATCH_0003372,2025-08-16,2026-08-16,2025-08-20,2,0,good,81
INV_0003373,WH_002,WH_002_AMBIENT_038,SKU_00061,BATCH_0003373,2024-11-30,2027-05-06,2024-12-09,91,37,good,344
INV_0003374,WH_003,WH_003_COOL_028,SKU_00130,BATCH_0003374,2025-05-05,2027-05-05,2025-05-15,50,0,good,343
INV_0003375,WH_003,WH_003_COOL_135,SKU_00295,BATCH_0003375,2025-11-09,2027-11-09,2025-11-17,1,0,good,531
INV_0003376,WH_002,WH_002_AMBIENT_046,SKU_00203,BATCH_0003376,2026-01-04,2027-09-19,2026-01-09,13,0,good,480
INV_0003377,WH_003,WH_003_FROZEN_059,SKU_00296,BATCH_0003377,2024-08-13,2026-08-13,2024-08-23,7,0,good,78
INV_0003378,WH_002,WH_002_COOL_194,SKU_00219,BATCH_0003378,2024-12-26,2026-09-29,2024-12-29,149,0,good,125
INV_0003379,WH_001,WH_001_AMBIENT_018,SKU_00118,BATCH_0003379,2026-01-09,2027-01-09,2026-01-19,125,0,good,227
INV_0003380,WH_003,WH_003_COLD_066,SKU_00029,BATCH_0003380,2026-01-27,2027-01-27,2026-01-30,31,0,good,245
INV_0003381,WH_002,WH_002_COOL_180,SKU_00112,BATCH_0003381,2024-11-09,2026-11-09,2024-11-14,5,0,good,166
INV_0003382,WH_001,WH_001_COLD_099,SKU_00193,BATCH_0003382,2026-04-20,2027-03-20,2026-04-26,45,0,good,297
INV_0003383,WH_001,WH_001_COLD_011,SKU_00204,BATCH_0003383,2026-01-09,2027-01-04,2026-01-10,202,63,good,222
INV_0003384,WH_003,WH_003_COOL_081,SKU_00266,BATCH_0003384,2026-02-27,2027-10-26,2026-02-28,32,1,good,517
INV_0003385,WH_001,WH_001_AMBIENT_118,SKU_00297,BATCH_0003385,2025-05-14,2026-11-30,2025-05-15,2,0,good,187
INV_0003386,WH_002,WH_002_AMBIENT_193,SKU_00103,BATCH_0003386,2025-07-17,2026-07-17,2025-07-25,7,0,good,51
INV_0003387,WH_002,WH_002_COOL_092,SKU_00038,BATCH_0003387,2025-12-15,2027-09-12,2025-12-20,80,0,good,473
INV_0003388,WH_002,WH_002_AMBIENT_187,SKU_00107,BATCH_0003388,2026-01-17,2027-01-17,2026-01-27,80,0,good,235
INV_0003389,WH_001,WH_001_AMBIENT_008,SKU_00004,BATCH_0003389,2025-07-10,2026-12-15,2025-07-19,20,0,good,202
INV_0003390,WH_001,WH_001_AMBIENT_128,SKU_00004,BATCH_0003390,2026-01-23,2027-06-30,2026-01-24,265,43,good,399
INV_0003391,WH_001,WH_001_COLD_049,SKU_00090,BATCH_0003391,2026-02-15,2026-07-13,2026-02-23,11,0,good,47
INV_0003392,WH_002,WH_002_AMBIENT_175,SKU_00057,BATCH_0003392,2025-06-01,2027-11-14,2025-06-06,13,0,good,536
INV_0003393,WH_001,WH_001_AMBIENT_092,SKU_00258,BATCH_0003393,2025-06-04,2026-10-14,2025-06-17,29,0,good,140
INV_0003394,WH_002,WH_002_COLD_025,SKU_00193,BATCH_0003394,2025-08-13,2026-07-13,2025-08-26,13,0,good,47
INV_0003395,WH_003,WH_003_AMBIENT_040,SKU_00194,BATCH_0003395,2026-04-28,2027-04-28,2026-05-02,23,0,good,336
INV_0003396,WH_003,WH_003_COOL_034,SKU_00175,BATCH_0003396,2025-12-02,2026-11-18,2025-12-05,39,4,good,175
INV_0003397,WH_003,WH_003_AMBIENT_007,SKU_00246,BATCH_0003397,2025-11-30,2027-03-23,2025-12-08,16,0,good,300
INV_0003398,WH_001,WH_001_AMBIENT_126,SKU_00061,BATCH_0003398,2024-07-28,2027-01-01,2024-08-01,21,0,good,219
INV_0003399,WH_002,WH_002_COOL_079,SKU_00219,BATCH_0003399,2026-04-08,2028-01-10,2026-04-12,18,0,good,593
INV_0003400,WH_002,WH_002_COLD_106,SKU_00252,BATCH_0003400,2025-09-29,2026-09-29,2025-10-10,35,0,good,125
INV_0003401,WH_002,WH_002_COOL_029,SKU_00002,BATCH_0003401,2026-01-21,2028-01-21,2026-01-23,16,0,good,604
INV_0003402,WH_003,WH_003_COLD_031,SKU_00204,BATCH_0003402,2026-01-10,2027-01-05,2026-01-18,114,0,good,223
INV_0003403,WH_003,WH_003_AMBIENT_174,SKU_00263,BATCH_0003403,2025-11-08,2027-08-27,2025-11-15,44,0,good,457
INV_0003404,WH_003,WH_003_FROZEN_083,SKU_00189,BATCH_0003404,2025-03-12,2027-03-12,2025-03-13,13,0,good,289
INV_0003405,WH_002,WH_002_AMBIENT_114,SKU_00076,BATCH_0003405,2025-01-25,2027-04-06,2025-02-07,746,97,good,314
INV_0003406,WH_001,WH_001_COLD_008,SKU_00134,BATCH_0003406,2026-04-27,2027-04-27,2026-04-30,47,0,good,335
INV_0003407,WH_001,WH_001_AMBIENT_034,SKU_00115,BATCH_0003407,2025-12-01,2027-09-27,2025-12-14,7,0,good,488
INV_0003408,WH_003,WH_003_AMBIENT_116,SKU_00170,BATCH_0003408,2025-09-08,2026-09-08,2025-09-19,29,9,good,104
INV_0003409,WH_002,WH_002_COOL_020,SKU_00079,BATCH_0003409,2026-01-28,2027-08-28,2026-01-29,2,0,good,458
INV_0003410,WH_003,WH_003_AMBIENT_040,SKU_00218,BATCH_0003410,2026-05-13,2028-06-29,2026-05-26,12,0,good,764
INV_0003411,WH_002,WH_002_COOL_061,SKU_00010,BATCH_0003411,2025-07-04,2027-07-04,2025-07-17,2,0,good,403
INV_0003412,WH_003,WH_003_FROZEN_123,SKU_00287,BATCH_0003412,2024-09-01,2026-09-01,2024-09-02,20,0,good,97
INV_0003413,WH_001,WH_001_COOL_011,SKU_00043,BATCH_0003413,2025-06-12,2027-06-12,2025-06-18,270,38,good,381
INV_0003414,WH_001,WH_001_AMBIENT_158,SKU_00217,BATCH_0003414,2025-07-16,2027-09-13,2025-07-28,49,0,good,474
INV_0003415,WH_001,WH_001_COOL_027,SKU_00060,BATCH_0003415,2024-10-17,2026-10-17,2024-10-20,2,0,good,143
INV_0003416,WH_001,WH_001_AMBIENT_004,SKU_00063,BATCH_0003416,2026-05-27,2027-10-03,2026-05-31,8,0,good,494
INV_0003417,WH_001,WH_001_COOL_165,SKU_00273,BATCH_0003417,2025-04-01,2026-11-09,2025-04-08,3,0,good,166
INV_0003418,WH_003,WH_003_AMBIENT_024,SKU_00288,BATCH_0003418,2025-03-13,2027-04-02,2025-03-15,78,0,good,310
INV_0003419,WH_002,WH_002_AMBIENT_117,SKU_00125,BATCH_0003419,2025-08-06,2026-08-06,2025-08-08,81,0,good,71
INV_0003420,WH_001,WH_001_COLD_195,SKU_00149,BATCH_0003420,2026-04-25,2026-09-17,2026-04-26,2,0,good,113
INV_0003421,WH_002,WH_002_COOL_014,SKU_00038,BATCH_0003421,2025-02-28,2026-11-26,2025-03-01,30,0,good,183
INV_0003422,WH_003,WH_003_COOL_041,SKU_00042,BATCH_0003422,2025-12-29,2027-05-22,2026-01-06,49,0,good,360
INV_0003423,WH_002,WH_002_COOL_173,SKU_00181,BATCH_0003423,2026-02-03,2027-02-09,2026-02-05,15,0,good,258
INV_0003424,WH_001,WH_001_COOL_085,SKU_00016,BATCH_0003424,2025-09-02,2027-02-09,2025-09-12,50,0,good,258
INV_0003425,WH_003,WH_003_COOL_149,SKU_00298,BATCH_0003425,2025-11-22,2026-11-18,2025-11-27,64,0,good,175
INV_0003426,WH_001,WH_001_AMBIENT_133,SKU_00177,BATCH_0003426,2026-02-08,2028-01-23,2026-02-14,84,0,good,606
INV_0003427,WH_003,WH_003_AMBIENT_163,SKU_00091,BATCH_0003427,2024-05-22,2026-12-23,2024-05-27,20,0,good,210
INV_0003428,WH_003,WH_003_AMBIENT_101,SKU_00005,BATCH_0003428,2024-11-12,2026-12-24,2024-11-23,85,0,good,211
INV_0003429,WH_002,WH_002_COOL_104,SKU_00240,BATCH_0003429,2026-02-09,2026-11-22,2026-02-22,28,0,good,179
INV_0003430,WH_003,WH_003_COOL_097,SKU_00099,BATCH_0003430,2025-06-07,2026-11-17,2025-06-08,5,0,good,174
INV_0003431,WH_002,WH_002_AMBIENT_163,SKU_00157,BATCH_0003431,2026-05-27,2027-05-27,2026-06-03,16,4,good,365
INV_0003432,WH_002,WH_002_AMBIENT_022,SKU_00155,BATCH_0003432,2025-04-24,2026-07-22,2025-05-06,12,0,good,56
INV_0003433,WH_003,WH_003_AMBIENT_010,SKU_00056,BATCH_0003433,2026-05-24,2027-08-12,2026-05-30,11,0,good,442
INV_0003434,WH_003,WH_003_AMBIENT_149,SKU_00061,BATCH_0003434,2024-05-04,2026-10-08,2024-05-06,4,0,good,134
INV_0003435,WH_002,WH_002_COLD_013,SKU_00146,BATCH_0003435,2025-08-28,2026-08-28,2025-09-01,32,4,good,93
INV_0003436,WH_002,WH_002_AMBIENT_074,SKU_00281,BATCH_0003436,2026-04-12,2027-04-12,2026-04-19,12,0,good,320
INV_0003437,WH_002,WH_002_FROZEN_063,SKU_00032,BATCH_0003437,2026-02-12,2026-10-25,2026-02-13,7,2,good,151
INV_0003438,WH_003,WH_003_AMBIENT_188,SKU_00278,BATCH_0003438,2025-12-20,2028-01-21,2025-12-27,11,0,good,604
INV_0003439,WH_001,WH_001_COLD_171,SKU_00029,BATCH_0003439,2026-05-15,2027-05-15,2026-05-18,29,0,good,353
INV_0003440,WH_001,WH_001_AMBIENT_055,SKU_00107,BATCH_0003440,2025-11-21,2026-11-21,2025-11-25,34,3,good,178
INV_0003441,WH_001,WH_001_COOL_180,SKU_00151,BATCH_0003441,2025-09-05,2027-03-12,2025-09-15,62,2,good,289
INV_0003442,WH_001,WH_001_COOL_174,SKU_00142,BATCH_0003442,2025-05-31,2026-09-17,2025-06-01,14,0,good,113
INV_0003443,WH_003,WH_003_COLD_069,SKU_00199,BATCH_0003443,2025-09-14,2026-09-14,2025-09-21,37,2,good,110
INV_0003444,WH_001,WH_001_AMBIENT_164,SKU_00248,BATCH_0003444,2024-06-12,2026-09-14,2024-06-14,4,0,good,110
INV_0003445,WH_002,WH_002_COOL_190,SKU_00099,BATCH_0003445,2025-10-01,2027-03-13,2025-10-03,27,8,good,290
INV_0003446,WH_001,WH_001_AMBIENT_117,SKU_00001,BATCH_0003446,2026-02-23,2027-09-25,2026-03-06,42,0,good,486
INV_0003447,WH_001,WH_001_COOL_053,SKU_00169,BATCH_0003447,2026-03-03,2027-03-10,2026-03-16,57,0,good,287
INV_0003448,WH_003,WH_003_AMBIENT_156,SKU_00071,BATCH_0003448,2024-03-23,2027-01-01,2024-03-29,10,0,good,219
INV_0003449,WH_003,WH_003_AMBIENT_029,SKU_00048,BATCH_0003449,2025-08-07,2026-10-25,2025-08-19,18,0,good,151
INV_0003450,WH_001,WH_001_AMBIENT_042,SKU_00147,BATCH_0003450,2025-07-24,2028-04-21,2025-07-29,9,0,good,695
INV_0003451,WH_001,WH_001_AMBIENT_183,SKU_00075,BATCH_0003451,2025-09-26,2026-09-26,2025-10-07,15,0,good,122
INV_0003452,WH_002,WH_002_COOL_124,SKU_00266,BATCH_0003452,2025-04-18,2026-12-15,2025-04-23,63,0,good,202
INV_0003453,WH_002,WH_002_AMBIENT_016,SKU_00190,BATCH_0003453,2025-12-22,2027-08-31,2025-12-26,48,0,good,461
INV_0003454,WH_003,WH_003_COLD_016,SKU_00228,BATCH_0003454,2026-04-06,2027-02-01,2026-04-19,20,0,good,250
INV_0003455,WH_001,WH_001_AMBIENT_093,SKU_00056,BATCH_0003455,2025-08-07,2026-10-26,2025-08-19,7,0,good,152
INV_0003456,WH_003,WH_003_AMBIENT_123,SKU_00172,BATCH_0003456,2026-03-23,2028-05-29,2026-03-28,298,0,good,733
INV_0003457,WH_003,WH_003_COOL_111,SKU_00298,BATCH_0003457,2025-12-23,2026-12-19,2025-12-29,15,4,good,206
INV_0003458,WH_001,WH_001_AMBIENT_087,SKU_00168,BATCH_0003458,2025-10-23,2026-10-23,2025-10-24,39,5,good,149
INV_0003459,WH_003,WH_003_COOL_065,SKU_00010,BATCH_0003459,2026-01-01,2028-01-01,2026-01-07,28,0,good,584
INV_0003460,WH_003,WH_003_COOL_106,SKU_00023,BATCH_0003460,2025-05-03,2027-05-03,2025-05-04,28,1,good,341
INV_0003461,WH_001,WH_001_AMBIENT_007,SKU_00155,BATCH_0003461,2025-07-22,2026-10-19,2025-08-04,11,2,good,145
INV_0003462,WH_003,WH_003_COOL_177,SKU_00220,BATCH_0003462,2026-04-02,2026-12-01,2026-04-04,28,5,good,188
INV_0003463,WH_002,WH_002_COOL_129,SKU_00142,BATCH_0003463,2025-08-09,2026-11-26,2025-08-15,41,0,good,183
INV_0003464,WH_001,WH_001_COOL_148,SKU_00175,BATCH_0003464,2025-08-20,2026-08-06,2025-08-23,278,0,good,71
INV_0003465,WH_002,WH_002_COLD_074,SKU_00106,BATCH_0003465,2025-11-30,2026-09-07,2025-12-06,20,0,good,103
INV_0003466,WH_002,WH_002_FROZEN_087,SKU_00216,BATCH_0003466,2026-04-23,2028-02-26,2026-05-01,19,0,good,640
INV_0003467,WH_003,WH_003_AMBIENT_127,SKU_00186,BATCH_0003467,2025-03-24,2027-05-06,2025-04-05,23,3,good,344
INV_0003468,WH_001,WH_001_COOL_029,SKU_00219,BATCH_0003468,2025-10-12,2027-07-16,2025-10-16,21,0,good,415
INV_0003469,WH_002,WH_002_COLD_139,SKU_00029,BATCH_0003469,2026-05-21,2027-05-21,2026-05-22,29,0,good,359
INV_0003470,WH_002,WH_002_AMBIENT_193,SKU_00159,BATCH_0003470,2026-04-14,2027-04-14,2026-04-21,39,0,good,322
INV_0003471,WH_002,WH_002_AMBIENT_023,SKU_00221,BATCH_0003471,2025-12-20,2026-12-20,2025-12-29,46,0,good,207
INV_0003472,WH_002,WH_002_COLD_198,SKU_00035,BATCH_0003472,2026-03-02,2026-08-06,2026-03-08,20,0,good,71
INV_0003473,WH_003,WH_003_AMBIENT_138,SKU_00152,BATCH_0003473,2025-07-01,2027-02-21,2025-07-10,10,0,good,270
INV_0003474,WH_001,WH_001_AMBIENT_167,SKU_00176,BATCH_0003474,2026-01-12,2027-01-12,2026-01-22,32,0,good,230
INV_0003475,WH_001,WH_001_AMBIENT_188,SKU_00135,BATCH_0003475,2026-04-04,2027-04-04,2026-04-13,8,1,good,312
INV_0003476,WH_001,WH_001_COOL_113,SKU_00293,BATCH_0003476,2025-01-07,2027-01-07,2025-01-15,11,1,good,225
INV_0003477,WH_001,WH_001_AMBIENT_133,SKU_00236,BATCH_0003477,2026-04-07,2027-07-25,2026-04-14,79,0,good,424
INV_0003478,WH_001,WH_001_COOL_063,SKU_00238,BATCH_0003478,2025-05-17,2027-01-10,2025-05-27,151,0,good,228
INV_0003479,WH_002,WH_002_COOL_190,SKU_00093,BATCH_0003479,2025-12-01,2027-12-01,2025-12-03,2,0,good,553
INV_0003480,WH_002,WH_002_AMBIENT_139,SKU_00017,BATCH_0003480,2026-02-07,2028-01-13,2026-02-10,120,0,good,596
INV_0003481,WH_003,WH_003_FROZEN_103,SKU_00189,BATCH_0003481,2025-06-18,2027-06-18,2025-06-26,105,0,good,387
INV_0003482,WH_003,WH_003_COLD_031,SKU_00082,BATCH_0003482,2025-07-27,2026-07-27,2025-07-31,5,0,good,61
INV_0003483,WH_001,WH_001_COOL_132,SKU_00211,BATCH_0003483,2026-01-25,2028-01-25,2026-01-28,7,0,good,608
INV_0003484,WH_002,WH_002_AMBIENT_127,SKU_00282,BATCH_0003484,2025-09-29,2028-02-11,2025-09-30,146,0,good,625
INV_0003485,WH_002,WH_002_COOL_139,SKU_00145,BATCH_0003485,2025-05-01,2026-08-22,2025-05-12,46,0,good,87
INV_0003486,WH_003,WH_003_FROZEN_036,SKU_00171,BATCH_0003486,2026-02-21,2028-02-01,2026-03-05,32,0,good,615
INV_0003487,WH_001,WH_001_AMBIENT_006,SKU_00186,BATCH_0003487,2025-12-12,2028-01-24,2025-12-19,13,0,good,607
INV_0003488,WH_002,WH_002_AMBIENT_160,SKU_00135,BATCH_0003488,2025-11-23,2026-11-23,2025-11-24,98,38,good,180
INV_0003489,WH_003,WH_003_AMBIENT_129,SKU_00170,BATCH_0003489,2026-02-09,2027-02-09,2026-02-14,19,5,good,258
INV_0003490,WH_002,WH_002_AMBIENT_032,SKU_00282,BATCH_0003490,2024-10-04,2027-02-16,2024-10-10,14,0,good,265
INV_0003491,WH_003,WH_003_AMBIENT_034,SKU_00078,BATCH_0003491,2024-12-23,2027-05-16,2024-12-25,4,0,good,354
INV_0003492,WH_003,WH_003_COOL_026,SKU_00238,BATCH_0003492,2026-04-04,2027-11-28,2026-04-16,5,0,good,550
INV_0003493,WH_003,WH_003_AMBIENT_124,SKU_00102,BATCH_0003493,2024-06-11,2026-11-26,2024-06-12,11,0,good,183
INV_0003494,WH_003,WH_003_AMBIENT_178,SKU_00008,BATCH_0003494,2026-04-21,2027-04-21,2026-04-27,48,0,good,329
INV_0003495,WH_001,WH_001_COLD_034,SKU_00136,BATCH_0003495,2026-05-17,2027-02-13,2026-05-26,19,2,good,262
INV_0003496,WH_003,WH_003_AMBIENT_130,SKU_00104,BATCH_0003496,2025-08-26,2027-10-15,2025-08-31,25,0,good,506
INV_0003497,WH_002,WH_002_AMBIENT_055,SKU_00155,BATCH_0003497,2025-08-31,2026-11-28,2025-09-08,6,0,good,185
INV_0003498,WH_002,WH_002_COOL_155,SKU_00212,BATCH_0003498,2026-04-20,2027-12-22,2026-04-22,6,0,good,574
INV_0003499,WH_003,WH_003_AMBIENT_029,SKU_00098,BATCH_0003499,2026-04-04,2028-11-05,2026-04-17,15,4,good,893
INV_0003500,WH_002,WH_002_COOL_029,SKU_00266,BATCH_0003500,2026-04-23,2027-12-20,2026-05-03,83,0,good,572
INV_0003501,WH_001,WH_001_AMBIENT_052,SKU_00233,BATCH_0003501,2025-04-12,2026-11-22,2025-04-16,80,0,good,179
INV_0003502,WH_002,WH_002_AMBIENT_129,SKU_00080,BATCH_0003502,2025-07-27,2027-12-11,2025-08-01,69,0,good,563
INV_0003503,WH_001,WH_001_AMBIENT_157,SKU_00166,BATCH_0003503,2025-06-05,2026-12-15,2025-06-09,22,4,good,202
INV_0003504,WH_002,WH_002_COOL_018,SKU_00238,BATCH_0003504,2026-01-14,2027-09-09,2026-01-21,33,0,good,470
INV_0003505,WH_001,WH_001_COLD_126,SKU_00146,BATCH_0003505,2025-11-15,2026-11-15,2025-11-20,51,8,good,172
INV_0003506,WH_001,WH_001_AMBIENT_021,SKU_00027,BATCH_0003506,2025-03-17,2026-11-28,2025-03-28,34,0,good,185
INV_0003507,WH_001,WH_001_COOL_191,SKU_00181,BATCH_0003507,2025-11-29,2026-12-05,2025-12-12,90,0,good,192
INV_0003508,WH_001,WH_001_AMBIENT_122,SKU_00274,BATCH_0003508,2025-08-21,2026-08-21,2025-08-25,9,0,good,86
INV_0003509,WH_001,WH_001_AMBIENT_180,SKU_00265,BATCH_0003509,2024-10-12,2027-01-08,2024-10-20,17,3,good,226
INV_0003510,WH_003,WH_003_AMBIENT_128,SKU_00292,BATCH_0003510,2025-08-30,2027-01-19,2025-09-07,93,0,good,237
INV_0003511,WH_003,WH_003_COOL_163,SKU_00060,BATCH_0003511,2026-03-09,2028-03-08,2026-03-17,32,0,good,651
INV_0003512,WH_003,WH_003_COOL_024,SKU_00226,BATCH_0003512,2025-07-01,2027-07-01,2025-07-11,153,0,good,400
INV_0003513,WH_001,WH_001_COOL_160,SKU_00101,BATCH_0003513,2025-05-07,2027-05-07,2025-05-13,6,0,good,345
INV_0003514,WH_002,WH_002_AMBIENT_090,SKU_00107,BATCH_0003514,2025-10-08,2026-10-08,2025-10-10,30,0,good,134
INV_0003515,WH_001,WH_001_AMBIENT_117,SKU_00186,BATCH_0003515,2026-03-11,2028-04-22,2026-03-21,8,0,good,696
INV_0003516,WH_003,WH_003_COOL_051,SKU_00117,BATCH_0003516,2025-10-22,2027-05-07,2025-10-25,15,0,good,345
INV_0003517,WH_001,WH_001_COOL_154,SKU_00222,BATCH_0003517,2026-05-21,2027-02-14,2026-05-22,30,0,good,263
INV_0003518,WH_003,WH_003_AMBIENT_159,SKU_00008,BATCH_0003518,2025-12-10,2026-12-10,2025-12-19,184,0,good,197
INV_0003519,WH_002,WH_002_AMBIENT_123,SKU_00115,BATCH_0003519,2025-11-28,2027-09-24,2025-11-29,57,15,good,485
INV_0003520,WH_001,WH_001_COOL_109,SKU_00044,BATCH_0003520,2024-12-15,2026-10-28,2024-12-27,2,0,good,154
INV_0003521,WH_002,WH_002_AMBIENT_015,SKU_00265,BATCH_0003521,2025-07-18,2027-10-14,2025-07-29,5,1,good,505
INV_0003522,WH_001,WH_001_COOL_171,SKU_00295,BATCH_0003522,2025-12-24,2027-12-24,2025-12-30,7,0,good,576
INV_0003523,WH_003,WH_003_COOL_115,SKU_00280,BATCH_0003523,2025-12-02,2027-12-02,2025-12-03,27,0,good,554
INV_0003524,WH_003,WH_003_COOL_160,SKU_00021,BATCH_0003524,2025-11-24,2026-09-12,2025-12-06,56,6,good,108
INV_0003525,WH_003,WH_003_COOL_115,SKU_00101,BATCH_0003525,2026-01-20,2028-01-20,2026-01-29,24,0,good,603
INV_0003526,WH_003,WH_003_AMBIENT_091,SKU_00102,BATCH_0003526,2025-11-06,2028-04-22,2025-11-07,2,0,good,696
INV_0003527,WH_003,WH_003_AMBIENT_148,SKU_00005,BATCH_0003527,2025-06-09,2027-07-21,2025-06-18,21,0,good,420
INV_0003528,WH_001,WH_001_COLD_150,SKU_00196,BATCH_0003528,2026-05-03,2026-11-21,2026-05-13,6,0,good,178
INV_0003529,WH_002,WH_002_AMBIENT_114,SKU_00218,BATCH_0003529,2025-09-25,2027-11-12,2025-09-30,53,5,good,534
INV_0003530,WH_003,WH_003_COOL_104,SKU_00220,BATCH_0003530,2026-02-08,2026-10-09,2026-02-18,4,0,good,135
INV_0003531,WH_002,WH_002_AMBIENT_010,SKU_00277,BATCH_0003531,2026-01-19,2028-01-02,2026-01-23,16,0,good,585
INV_0003532,WH_002,WH_002_COLD_180,SKU_00014,BATCH_0003532,2026-01-23,2027-01-19,2026-01-24,137,0,good,237
INV_0003533,WH_002,WH_002_AMBIENT_076,SKU_00160,BATCH_0003533,2025-09-30,2027-08-29,2025-10-02,118,0,good,459
INV_0003534,WH_001,WH_001_AMBIENT_005,SKU_00168,BATCH_0003534,2026-04-30,2027-04-30,2026-05-07,8,0,good,338
INV_0003535,WH_002,WH_002_COLD_178,SKU_00260,BATCH_0003535,2025-08-25,2026-08-25,2025-08-30,5,0,good,90
INV_0003536,WH_002,WH_002_AMBIENT_187,SKU_00017,BATCH_0003536,2025-04-07,2027-03-13,2025-04-15,67,2,good,290
INV_0003537,WH_002,WH_002_COOL_177,SKU_00227,BATCH_0003537,2024-10-09,2026-10-09,2024-10-11,11,0,good,135
INV_0003538,WH_002,WH_002_COLD_019,SKU_00183,BATCH_0003538,2025-12-15,2026-12-15,2025-12-17,17,0,good,202
INV_0003539,WH_002,WH_002_COLD_097,SKU_00096,BATCH_0003539,2025-10-24,2026-10-24,2025-11-04,65,0,good,150
INV_0003540,WH_002,WH_002_AMBIENT_061,SKU_00083,BATCH_0003540,2025-07-27,2026-07-27,2025-08-07,45,0,good,61
INV_0003541,WH_002,WH_002_AMBIENT_015,SKU_00180,BATCH_0003541,2026-05-14,2027-05-14,2026-05-18,270,0,good,352
INV_0003542,WH_003,WH_003_AMBIENT_149,SKU_00057,BATCH_0003542,2024-11-20,2027-05-05,2024-11-23,10,0,good,343
INV_0003543,WH_001,WH_001_AMBIENT_019,SKU_00282,BATCH_0003543,2024-09-25,2027-02-07,2024-10-01,146,53,good,256
INV_0003544,WH_003,WH_003_AMBIENT_175,SKU_00022,BATCH_0003544,2024-06-19,2026-08-29,2024-06-22,20,0,good,94
INV_0003545,WH_001,WH_001_COOL_006,SKU_00298,BATCH_0003545,2025-12-30,2026-12-26,2026-01-09,9,2,good,213
INV_0003546,WH_002,WH_002_COLD_180,SKU_00035,BATCH_0003546,2026-02-23,2026-07-30,2026-03-04,8,0,good,64
INV_0003547,WH_001,WH_001_AMBIENT_107,SKU_00279,BATCH_0003547,2024-09-13,2027-07-13,2024-09-23,1,0,good,412
INV_0003548,WH_002,WH_002_COOL_144,SKU_00272,BATCH_0003548,2025-09-25,2026-07-18,2025-09-30,6,0,good,52
INV_0003549,WH_001,WH_001_AMBIENT_136,SKU_00214,BATCH_0003549,2024-11-27,2027-03-01,2024-12-08,23,2,good,278
INV_0003550,WH_002,WH_002_COOL_038,SKU_00207,BATCH_0003550,2025-12-01,2026-12-07,2025-12-09,6,0,good,194
INV_0003551,WH_002,WH_002_COOL_171,SKU_00038,BATCH_0003551,2026-01-08,2027-10-06,2026-01-16,25,6,good,497
INV_0003552,WH_001,WH_001_COOL_118,SKU_00010,BATCH_0003552,2026-01-16,2028-01-16,2026-01-28,33,0,good,599
INV_0003553,WH_003,WH_003_COOL_126,SKU_00184,BATCH_0003553,2026-03-03,2027-11-12,2026-03-06,6,0,good,534
INV_0003554,WH_002,WH_002_AMBIENT_087,SKU_00160,BATCH_0003554,2025-10-14,2027-09-12,2025-10-21,10,0,good,473
INV_0003555,WH_002,WH_002_AMBIENT_177,SKU_00084,BATCH_0003555,2025-10-26,2026-10-26,2025-11-08,30,5,good,152
INV_0003556,WH_003,WH_003_COLD_075,SKU_00082,BATCH_0003556,2026-04-24,2027-04-24,2026-05-04,27,7,good,332
INV_0003557,WH_003,WH_003_FROZEN_107,SKU_00201,BATCH_0003557,2025-02-19,2027-02-18,2025-03-01,14,0,good,267
INV_0003558,WH_003,WH_003_COOL_118,SKU_00033,BATCH_0003558,2025-12-16,2027-02-20,2025-12-23,30,0,good,269
INV_0003559,WH_001,WH_001_AMBIENT_108,SKU_00281,BATCH_0003559,2026-01-07,2027-01-07,2026-01-16,20,3,good,225
INV_0003560,WH_001,WH_001_AMBIENT_058,SKU_00036,BATCH_0003560,2025-08-29,2026-11-30,2025-09-03,17,0,good,187
INV_0003561,WH_003,WH_003_AMBIENT_152,SKU_00170,BATCH_0003561,2025-07-05,2026-07-05,2025-07-11,106,0,good,39
INV_0003562,WH_003,WH_003_COOL_162,SKU_00121,BATCH_0003562,2026-05-08,2027-07-11,2026-05-11,16,0,good,410
INV_0003563,WH_002,WH_002_COLD_183,SKU_00014,BATCH_0003563,2026-03-06,2027-03-02,2026-03-08,4,0,good,279
INV_0003564,WH_003,WH_003_COLD_127,SKU_00252,BATCH_0003564,2025-12-05,2026-12-05,2025-12-13,45,0,good,192
INV_0003565,WH_003,WH_003_COOL_191,SKU_00079,BATCH_0003565,2025-09-24,2027-04-24,2025-09-27,10,0,good,332
INV_0003566,WH_001,WH_001_AMBIENT_022,SKU_00157,BATCH_0003566,2026-03-10,2027-03-10,2026-03-22,32,0,good,287
INV_0003567,WH_002,WH_002_AMBIENT_008,SKU_00022,BATCH_0003567,2025-03-14,2027-05-24,2025-03-17,219,0,good,362
INV_0003568,WH_002,WH_002_AMBIENT_064,SKU_00242,BATCH_0003568,2025-12-25,2026-12-25,2026-01-02,13,0,good,212
INV_0003569,WH_003,WH_003_AMBIENT_148,SKU_00095,BATCH_0003569,2024-06-27,2026-10-15,2024-06-28,22,3,good,141
INV_0003570,WH_001,WH_001_AMBIENT_101,SKU_00057,BATCH_0003570,2025-05-29,2027-11-11,2025-06-11,21,0,good,533
INV_0003571,WH_003,WH_003_AMBIENT_071,SKU_00104,BATCH_0003571,2025-05-02,2027-06-21,2025-05-09,28,4,good,390
INV_0003572,WH_001,WH_001_AMBIENT_083,SKU_00153,BATCH_0003572,2026-05-19,2027-05-25,2026-05-23,66,0,good,363
INV_0003573,WH_001,WH_001_COOL_183,SKU_00220,BATCH_0003573,2026-05-07,2027-01-05,2026-05-10,63,0,good,223
INV_0003574,WH_001,WH_001_AMBIENT_101,SKU_00291,BATCH_0003574,2025-02-16,2026-08-22,2025-02-25,1,0,good,87
INV_0003575,WH_002,WH_002_AMBIENT_187,SKU_00259,BATCH_0003575,2025-10-13,2027-10-01,2025-10-19,41,0,good,492
INV_0003576,WH_003,WH_003_COOL_172,SKU_00245,BATCH_0003576,2026-05-09,2027-10-04,2026-05-20,340,40,good,495
INV_0003577,WH_002,WH_002_COOL_052,SKU_00295,BATCH_0003577,2026-05-13,2028-05-12,2026-05-21,3,0,good,716
INV_0003578,WH_002,WH_002_COLD_009,SKU_00106,BATCH_0003578,2025-11-11,2026-08-19,2025-11-22,72,0,good,84
INV_0003579,WH_003,WH_003_COOL_109,SKU_00138,BATCH_0003579,2024-10-19,2026-08-29,2024-10-22,8,0,good,94
INV_0003580,WH_003,WH_003_AMBIENT_071,SKU_00194,BATCH_0003580,2025-09-07,2026-09-07,2025-09-08,19,0,good,103
INV_0003581,WH_002,WH_002_COLD_038,SKU_00106,BATCH_0003581,2026-04-09,2027-01-15,2026-04-15,5,0,good,233
INV_0003582,WH_003,WH_003_AMBIENT_197,SKU_00067,BATCH_0003582,2024-12-06,2026-12-12,2024-12-07,24,0,good,199
INV_0003583,WH_001,WH_001_COOL_197,SKU_00219,BATCH_0003583,2025-10-10,2027-07-14,2025-10-18,52,0,good,413
INV_0003584,WH_003,WH_003_AMBIENT_195,SKU_00230,BATCH_0003584,2025-11-12,2027-11-20,2025-11-25,20,0,good,542
INV_0003585,WH_003,WH_003_AMBIENT_096,SKU_00278,BATCH_0003585,2025-02-26,2027-03-30,2025-03-10,14,0,good,307
INV_0003586,WH_002,WH_002_COLD_078,SKU_00154,BATCH_0003586,2026-04-30,2026-09-24,2026-05-05,8,0,good,120
INV_0003587,WH_003,WH_003_COOL_005,SKU_00117,BATCH_0003587,2025-06-25,2027-01-08,2025-07-05,3,0,good,226
INV_0003588,WH_003,WH_003_COOL_105,SKU_00101,BATCH_0003588,2026-01-03,2028-01-03,2026-01-12,37,0,good,586
INV_0003589,WH_002,WH_002_AMBIENT_032,SKU_00279,BATCH_0003589,2024-08-25,2027-06-24,2024-09-04,24,4,good,393
INV_0003590,WH_002,WH_002_AMBIENT_191,SKU_00055,BATCH_0003590,2026-02-13,2027-06-19,2026-02-22,11,2,good,388
INV_0003591,WH_003,WH_003_AMBIENT_145,SKU_00148,BATCH_0003591,2025-01-24,2027-07-21,2025-01-31,14,0,good,420
INV_0003592,WH_002,WH_002_COLD_094,SKU_00082,BATCH_0003592,2025-08-10,2026-08-10,2025-08-16,2,0,good,75
INV_0003593,WH_003,WH_003_AMBIENT_112,SKU_00066,BATCH_0003593,2025-07-07,2026-12-20,2025-07-16,158,34,good,207
INV_0003594,WH_002,WH_002_COOL_116,SKU_00238,BATCH_0003594,2025-03-31,2026-11-24,2025-04-02,9,1,good,181
INV_0003595,WH_001,WH_001_AMBIENT_007,SKU_00241,BATCH_0003595,2024-12-15,2027-06-11,2024-12-23,21,6,good,380
INV_0003596,WH_002,WH_002_AMBIENT_088,SKU_00258,BATCH_0003596,2026-03-10,2027-07-20,2026-03-22,114,0,good,419
INV_0003597,WH_003,WH_003_COOL_197,SKU_00244,BATCH_0003597,2026-04-22,2027-11-23,2026-04-27,109,0,good,545
INV_0003598,WH_002,WH_002_COOL_194,SKU_00187,BATCH_0003598,2025-09-05,2027-02-06,2025-09-06,18,4,good,255
INV_0003599,WH_002,WH_002_COLD_136,SKU_00068,BATCH_0003599,2025-11-15,2026-11-15,2025-11-19,13,0,good,172
INV_0003600,WH_002,WH_002_AMBIENT_178,SKU_00200,BATCH_0003600,2026-03-04,2027-10-28,2026-03-13,134,1,good,519
INV_0003601,WH_003,WH_003_FROZEN_081,SKU_00197,BATCH_0003601,2024-10-12,2026-10-12,2024-10-25,2,0,good,138
INV_0003602,WH_002,WH_002_COLD_041,SKU_00110,BATCH_0003602,2026-01-08,2026-08-18,2026-01-14,12,4,good,83
INV_0003603,WH_003,WH_003_COOL_180,SKU_00144,BATCH_0003603,2025-06-16,2027-06-07,2025-06-27,34,0,good,376
INV_0003604,WH_003,WH_003_AMBIENT_004,SKU_00049,BATCH_0003604,2026-03-11,2027-04-27,2026-03-19,5,0,good,335
INV_0003605,WH_003,WH_003_COLD_149,SKU_00082,BATCH_0003605,2025-10-07,2026-10-07,2025-10-20,50,4,good,133
INV_0003606,WH_002,WH_002_COLD_120,SKU_00149,BATCH_0003606,2026-01-21,2026-06-15,2026-01-29,13,0,good,19
INV_0003607,WH_002,WH_002_AMBIENT_132,SKU_00176,BATCH_0003607,2026-05-02,2027-05-02,2026-05-10,23,2,good,340
INV_0003608,WH_002,WH_002_COOL_181,SKU_00211,BATCH_0003608,2024-11-04,2026-11-04,2024-11-08,38,13,good,161
INV_0003609,WH_001,WH_001_AMBIENT_038,SKU_00091,BATCH_0003609,2025-08-23,2028-03-25,2025-08-28,8,0,good,668
INV_0003610,WH_001,WH_001_AMBIENT_057,SKU_00004,BATCH_0003610,2025-10-10,2027-03-17,2025-10-18,11,0,good,294
INV_0003611,WH_001,WH_001_AMBIENT_066,SKU_00281,BATCH_0003611,2026-04-07,2027-04-07,2026-04-19,123,13,good,315
INV_0003612,WH_003,WH_003_COOL_034,SKU_00112,BATCH_0003612,2025-04-25,2027-04-25,2025-05-07,9,1,good,333
INV_0003613,WH_002,WH_002_COOL_136,SKU_00033,BATCH_0003613,2026-03-04,2027-05-09,2026-03-12,42,0,good,347
INV_0003614,WH_001,WH_001_COOL_173,SKU_00220,BATCH_0003614,2026-03-17,2026-11-15,2026-03-22,66,5,good,172
INV_0003615,WH_003,WH_003_AMBIENT_173,SKU_00071,BATCH_0003615,2026-03-21,2028-12-29,2026-03-31,5,0,good,947
INV_0003616,WH_001,WH_001_AMBIENT_114,SKU_00083,BATCH_0003616,2025-11-29,2026-11-29,2025-12-03,1,0,good,186
INV_0003617,WH_003,WH_003_AMBIENT_190,SKU_00218,BATCH_0003617,2024-12-26,2027-02-12,2025-01-05,32,0,good,261
INV_0003618,WH_003,WH_003_AMBIENT_052,SKU_00124,BATCH_0003618,2026-05-12,2028-05-19,2026-05-24,2,0,good,723
INV_0003619,WH_003,WH_003_COOL_006,SKU_00021,BATCH_0003619,2025-09-26,2026-07-15,2025-10-04,24,0,good,49
INV_0003620,WH_002,WH_002_AMBIENT_113,SKU_00174,BATCH_0003620,2025-10-23,2028-03-01,2025-10-24,4,1,good,644
INV_0003621,WH_002,WH_002_AMBIENT_046,SKU_00034,BATCH_0003621,2025-06-21,2026-08-16,2025-07-03,61,2,good,81
INV_0003622,WH_002,WH_002_COOL_107,SKU_00011,BATCH_0003622,2025-05-28,2027-05-28,2025-06-10,24,0,good,366
INV_0003623,WH_003,WH_003_COLD_055,SKU_00193,BATCH_0003623,2025-08-18,2026-07-18,2025-08-20,60,0,good,52
INV_0003624,WH_001,WH_001_AMBIENT_126,SKU_00018,BATCH_0003624,2026-02-14,2027-06-16,2026-02-21,52,0,good,385
INV_0003625,WH_002,WH_002_COOL_013,SKU_00088,BATCH_0003625,2025-04-13,2027-04-13,2025-04-24,6,0,good,321
INV_0003626,WH_002,WH_002_AMBIENT_034,SKU_00132,BATCH_0003626,2025-11-14,2026-11-14,2025-11-21,20,0,good,171
INV_0003627,WH_003,WH_003_COOL_189,SKU_00145,BATCH_0003627,2026-03-22,2027-07-13,2026-03-23,7,0,good,412
INV_0003628,WH_001,WH_001_AMBIENT_115,SKU_00025,BATCH_0003628,2026-01-18,2027-01-18,2026-01-29,20,0,good,236
INV_0003629,WH_003,WH_003_AMBIENT_154,SKU_00173,BATCH_0003629,2025-02-04,2027-01-17,2025-02-06,9,0,good,235
INV_0003630,WH_002,WH_002_AMBIENT_075,SKU_00108,BATCH_0003630,2024-08-15,2027-06-17,2024-08-16,91,0,good,386
INV_0003631,WH_002,WH_002_AMBIENT_176,SKU_00160,BATCH_0003631,2025-12-18,2027-11-16,2025-12-24,13,0,good,538
INV_0003632,WH_001,WH_001_AMBIENT_081,SKU_00109,BATCH_0003632,2026-02-17,2027-03-14,2026-02-19,14,0,good,291
INV_0003633,WH_001,WH_001_COLD_176,SKU_00209,BATCH_0003633,2025-12-22,2026-08-02,2025-12-23,2,0,good,67
INV_0003634,WH_001,WH_001_COLD_039,SKU_00154,BATCH_0003634,2026-04-06,2026-08-31,2026-04-19,24,5,good,96
INV_0003635,WH_002,WH_002_AMBIENT_030,SKU_00267,BATCH_0003635,2026-03-02,2028-03-13,2026-03-08,6,1,good,656
INV_0003636,WH_003,WH_003_AMBIENT_083,SKU_00078,BATCH_0003636,2025-01-31,2027-06-24,2025-02-12,119,25,good,393
INV_0003637,WH_002,WH_002_COOL_038,SKU_00293,BATCH_0003637,2026-05-13,2028-05-12,2026-05-20,10,0,good,716
INV_0003638,WH_002,WH_002_AMBIENT_105,SKU_00230,BATCH_0003638,2025-06-19,2027-06-27,2025-07-02,29,4,good,396
INV_0003639,WH_002,WH_002_COLD_195,SKU_00137,BATCH_0003639,2025-09-14,2026-09-14,2025-09-26,22,0,good,110
INV_0003640,WH_002,WH_002_COOL_188,SKU_00044,BATCH_0003640,2026-05-12,2028-03-24,2026-05-14,2,0,good,667
INV_0003641,WH_002,WH_002_FROZEN_024,SKU_00296,BATCH_0003641,2026-05-27,2028-05-26,2026-06-08,28,0,good,730
INV_0003642,WH_001,WH_001_AMBIENT_160,SKU_00173,BATCH_0003642,2025-01-12,2026-12-25,2025-01-13,6,0,good,212
INV_0003643,WH_001,WH_001_COOL_181,SKU_00070,BATCH_0003643,2024-10-08,2026-10-08,2024-10-11,22,0,good,134
INV_0003644,WH_003,WH_003_AMBIENT_015,SKU_00215,BATCH_0003644,2026-01-30,2027-07-16,2026-02-01,8,2,good,415
INV_0003645,WH_003,WH_003_AMBIENT_058,SKU_00290,BATCH_0003645,2026-02-19,2027-07-09,2026-02-28,12,0,good,408
INV_0003646,WH_002,WH_002_AMBIENT_040,SKU_00267,BATCH_0003646,2024-12-21,2027-01-02,2024-12-28,16,0,good,220
INV_0003647,WH_001,WH_001_AMBIENT_112,SKU_00009,BATCH_0003647,2025-06-18,2027-07-02,2025-06-19,53,10,good,401
INV_0003648,WH_003,WH_003_AMBIENT_181,SKU_00190,BATCH_0003648,2025-04-20,2026-12-28,2025-04-24,27,0,good,215
INV_0003649,WH_003,WH_003_COOL_047,SKU_00011,BATCH_0003649,2025-07-27,2027-07-27,2025-08-01,20,0,good,426
INV_0003650,WH_001,WH_001_AMBIENT_036,SKU_00279,BATCH_0003650,2024-02-08,2026-12-07,2024-02-20,50,0,good,194
INV_0003651,WH_002,WH_002_COOL_066,SKU_00181,BATCH_0003651,2026-02-25,2027-03-03,2026-03-06,9,1,good,280
INV_0003652,WH_002,WH_002_AMBIENT_043,SKU_00084,BATCH_0003652,2025-12-18,2026-12-18,2025-12-20,1,0,good,205
INV_0003653,WH_003,WH_003_COOL_084,SKU_00086,BATCH_0003653,2026-03-14,2028-03-13,2026-03-27,11,4,good,656
INV_0003654,WH_002,WH_002_AMBIENT_150,SKU_00223,BATCH_0003654,2024-01-10,2026-11-28,2024-01-23,6,0,good,185
INV_0003655,WH_003,WH_003_AMBIENT_141,SKU_00255,BATCH_0003655,2025-08-27,2026-09-13,2025-09-04,18,0,good,109
INV_0003656,WH_001,WH_001_COOL_187,SKU_00266,BATCH_0003656,2026-01-08,2027-09-06,2026-01-13,3,0,good,467
INV_0003657,WH_002,WH_002_COOL_116,SKU_00044,BATCH_0003657,2026-02-15,2027-12-29,2026-02-25,24,0,good,581
INV_0003658,WH_001,WH_001_AMBIENT_179,SKU_00055,BATCH_0003658,2026-01-14,2027-05-20,2026-01-16,10,0,good,358
INV_0003659,WH_002,WH_002_AMBIENT_091,SKU_00125,BATCH_0003659,2025-09-27,2026-09-27,2025-10-02,64,0,good,123
INV_0003660,WH_002,WH_002_AMBIENT_027,SKU_00262,BATCH_0003660,2025-03-02,2026-09-12,2025-03-12,20,0,good,108
INV_0003661,WH_003,WH_003_COOL_191,SKU_00266,BATCH_0003661,2025-11-02,2027-07-01,2025-11-13,17,6,good,400
INV_0003662,WH_003,WH_003_AMBIENT_140,SKU_00109,BATCH_0003662,2026-05-19,2027-06-13,2026-06-01,217,48,good,382
INV_0003663,WH_001,WH_001_AMBIENT_147,SKU_00242,BATCH_0003663,2025-07-22,2026-07-22,2025-07-27,15,0,good,56
INV_0003664,WH_001,WH_001_AMBIENT_188,SKU_00232,BATCH_0003664,2025-01-24,2026-10-13,2025-01-30,18,0,good,139
INV_0003665,WH_002,WH_002_AMBIENT_019,SKU_00262,BATCH_0003665,2025-02-20,2026-09-02,2025-02-28,44,9,good,98
INV_0003666,WH_001,WH_001_COOL_065,SKU_00003,BATCH_0003666,2026-05-09,2028-05-08,2026-05-20,2,0,good,712
INV_0003667,WH_003,WH_003_AMBIENT_124,SKU_00188,BATCH_0003667,2026-04-05,2027-04-05,2026-04-13,28,0,good,313
INV_0003668,WH_003,WH_003_AMBIENT_022,SKU_00282,BATCH_0003668,2024-08-11,2026-12-24,2024-08-16,1,0,good,211
INV_0003669,WH_002,WH_002_AMBIENT_068,SKU_00155,BATCH_0003669,2025-08-24,2026-11-21,2025-08-25,61,0,good,178
INV_0003670,WH_002,WH_002_COOL_074,SKU_00208,BATCH_0003670,2025-01-14,2027-01-14,2025-01-22,11,0,good,232
INV_0003671,WH_002,WH_002_AMBIENT_170,SKU_00049,BATCH_0003671,2025-08-27,2026-10-13,2025-08-31,98,28,good,139
INV_0003672,WH_001,WH_001_COLD_065,SKU_00271,BATCH_0003672,2026-04-23,2026-10-18,2026-04-25,60,0,good,144
INV_0003673,WH_002,WH_002_COLD_140,SKU_00154,BATCH_0003673,2026-03-02,2026-07-27,2026-03-05,29,0,good,61
INV_0003674,WH_003,WH_003_COOL_196,SKU_00101,BATCH_0003674,2024-11-13,2026-11-13,2024-11-26,7,0,good,170
INV_0003675,WH_002,WH_002_COOL_147,SKU_00261,BATCH_0003675,2026-05-16,2027-05-31,2026-05-23,58,0,good,369
INV_0003676,WH_002,WH_002_COOL_188,SKU_00222,BATCH_0003676,2026-01-15,2026-10-11,2026-01-23,9,0,good,137
INV_0003677,WH_001,WH_001_COOL_117,SKU_00088,BATCH_0003677,2025-06-22,2027-06-22,2025-07-04,6,1,good,391
INV_0003678,WH_001,WH_001_COOL_150,SKU_00087,BATCH_0003678,2024-08-27,2026-08-27,2024-08-29,7,0,good,92
INV_0003679,WH_003,WH_003_AMBIENT_037,SKU_00163,BATCH_0003679,2025-07-16,2027-01-29,2025-07-21,16,0,good,247
INV_0003680,WH_003,WH_003_COOL_055,SKU_00059,BATCH_0003680,2025-12-26,2027-11-30,2026-01-03,5,0,good,552
INV_0003681,WH_002,WH_002_COOL_053,SKU_00059,BATCH_0003681,2025-10-20,2027-09-24,2025-10-29,47,0,good,485
INV_0003682,WH_002,WH_002_AMBIENT_068,SKU_00018,BATCH_0003682,2025-08-26,2026-12-26,2025-09-01,2,0,good,213
INV_0003683,WH_002,WH_002_AMBIENT_030,SKU_00105,BATCH_0003683,2026-05-08,2027-05-08,2026-05-18,8,0,good,346
INV_0003684,WH_001,WH_001_COOL_157,SKU_00138,BATCH_0003684,2026-02-18,2027-12-29,2026-02-19,17,0,good,581
INV_0003685,WH_002,WH_002_COOL_123,SKU_00087,BATCH_0003685,2025-07-13,2027-07-13,2025-07-25,265,0,good,412
INV_0003686,WH_002,WH_002_AMBIENT_033,SKU_00225,BATCH_0003686,2025-11-25,2026-11-27,2025-11-30,95,14,good,184
INV_0003687,WH_002,WH_002_COOL_132,SKU_00015,BATCH_0003687,2025-09-22,2027-06-12,2025-10-01,71,0,good,381
INV_0003688,WH_001,WH_001_AMBIENT_042,SKU_00076,BATCH_0003688,2024-09-27,2026-12-07,2024-10-01,30,0,good,194
INV_0003689,WH_002,WH_002_COOL_061,SKU_00072,BATCH_0003689,2026-05-04,2028-05-03,2026-05-07,129,53,good,707
INV_0003690,WH_001,WH_001_FROZEN_076,SKU_00296,BATCH_0003690,2024-10-23,2026-10-23,2024-11-03,8,3,good,149
INV_0003691,WH_001,WH_001_AMBIENT_036,SKU_00156,BATCH_0003691,2024-08-12,2027-01-15,2024-08-22,65,0,good,233
INV_0003692,WH_003,WH_003_AMBIENT_137,SKU_00052,BATCH_0003692,2024-05-07,2027-01-23,2024-05-20,3,0,good,241
INV_0003693,WH_002,WH_002_COLD_099,SKU_00264,BATCH_0003693,2026-04-28,2026-09-15,2026-05-08,151,30,good,111
INV_0003694,WH_003,WH_003_COOL_191,SKU_00117,BATCH_0003694,2025-09-09,2027-03-25,2025-09-21,36,0,good,302
INV_0003695,WH_003,WH_003_AMBIENT_083,SKU_00299,BATCH_0003695,2025-05-11,2027-01-01,2025-05-16,285,0,good,219
INV_0003696,WH_003,WH_003_AMBIENT_049,SKU_00299,BATCH_0003696,2025-12-06,2027-07-29,2025-12-12,18,0,good,428
INV_0003697,WH_003,WH_003_AMBIENT_044,SKU_00132,BATCH_0003697,2025-12-07,2026-12-07,2025-12-09,48,5,good,194
INV_0003698,WH_002,WH_002_AMBIENT_166,SKU_00156,BATCH_0003698,2025-11-16,2028-04-20,2025-11-27,24,0,good,694
INV_0003699,WH_002,WH_002_FROZEN_100,SKU_00007,BATCH_0003699,2026-04-27,2026-11-06,2026-05-03,14,0,good,163
INV_0003700,WH_003,WH_003_COOL_193,SKU_00031,BATCH_0003700,2025-05-18,2026-12-01,2025-05-25,18,2,good,188
INV_0003701,WH_001,WH_001_COLD_003,SKU_00146,BATCH_0003701,2025-08-04,2026-08-04,2025-08-15,4,0,good,69
INV_0003702,WH_003,WH_003_COOL_135,SKU_00089,BATCH_0003702,2025-08-12,2026-11-10,2025-08-17,5,0,good,167
INV_0003703,WH_001,WH_001_AMBIENT_028,SKU_00165,BATCH_0003703,2026-02-11,2027-04-18,2026-02-14,42,0,good,326
INV_0003704,WH_001,WH_001_COOL_024,SKU_00070,BATCH_0003704,2025-10-14,2027-10-14,2025-10-23,5,0,good,505
INV_0003705,WH_002,WH_002_AMBIENT_089,SKU_00027,BATCH_0003705,2026-02-01,2027-10-15,2026-02-03,51,0,good,506
INV_0003706,WH_002,WH_002_AMBIENT_004,SKU_00001,BATCH_0003706,2025-11-26,2027-06-28,2025-11-27,20,0,good,397
INV_0003707,WH_001,WH_001_AMBIENT_189,SKU_00063,BATCH_0003707,2025-08-10,2026-12-17,2025-08-11,6,0,good,204
INV_0003708,WH_003,WH_003_AMBIENT_138,SKU_00288,BATCH_0003708,2024-11-21,2026-12-11,2024-11-24,7,0,good,198
INV_0003709,WH_001,WH_001_AMBIENT_003,SKU_00152,BATCH_0003709,2025-01-26,2026-09-18,2025-02-06,23,0,good,114
INV_0003710,WH_002,WH_002_COLD_143,SKU_00110,BATCH_0003710,2025-12-11,2026-07-21,2025-12-17,237,0,good,55
INV_0003711,WH_001,WH_001_AMBIENT_074,SKU_00027,BATCH_0003711,2025-07-02,2027-03-15,2025-07-13,115,0,good,292
INV_0003712,WH_003,WH_003_AMBIENT_154,SKU_00285,BATCH_0003712,2026-04-19,2027-04-19,2026-04-24,10,0,good,327
INV_0003713,WH_001,WH_001_COLD_131,SKU_00090,BATCH_0003713,2026-02-13,2026-07-11,2026-02-22,37,0,good,45
INV_0003714,WH_002,WH_002_AMBIENT_190,SKU_00025,BATCH_0003714,2025-11-21,2026-11-21,2025-12-03,1,0,good,178
INV_0003715,WH_002,WH_002_COLD_154,SKU_00183,BATCH_0003715,2026-04-10,2027-04-10,2026-04-21,22,0,good,318
INV_0003716,WH_003,WH_003_COOL_164,SKU_00041,BATCH_0003716,2026-01-26,2027-07-26,2026-01-29,59,18,good,425
INV_0003717,WH_001,WH_001_COOL_079,SKU_00261,BATCH_0003717,2026-01-07,2027-01-22,2026-01-12,46,0,good,240
INV_0003718,WH_002,WH_002_FROZEN_160,SKU_00007,BATCH_0003718,2026-02-08,2026-08-20,2026-02-15,8,0,good,85
INV_0003719,WH_001,WH_001_AMBIENT_053,SKU_00281,BATCH_0003719,2026-01-21,2027-01-21,2026-01-24,23,5,good,239
INV_0003720,WH_002,WH_002_AMBIENT_035,SKU_00259,BATCH_0003720,2024-10-11,2026-09-29,2024-10-19,90,0,good,125
INV_0003721,WH_001,WH_001_COOL_096,SKU_00206,BATCH_0003721,2025-08-13,2027-02-03,2025-08-25,60,0,good,252
INV_0003722,WH_003,WH_003_AMBIENT_066,SKU_00170,BATCH_0003722,2026-04-29,2027-04-29,2026-05-09,36,2,good,337
INV_0003723,WH_002,WH_002_FROZEN_150,SKU_00171,BATCH_0003723,2026-02-08,2028-01-19,2026-02-12,19,0,good,602
INV_0003724,WH_001,WH_001_AMBIENT_013,SKU_00005,BATCH_0003724,2024-10-13,2026-11-24,2024-10-24,12,0,good,181
INV_0003725,WH_002,WH_002_COLD_032,SKU_00069,BATCH_0003725,2025-11-15,2026-10-12,2025-11-26,5,0,good,138
INV_0003726,WH_003,WH_003_COOL_072,SKU_00227,BATCH_0003726,2024-10-03,2026-10-03,2024-10-16,31,0,good,129
INV_0003727,WH_001,WH_001_AMBIENT_003,SKU_00129,BATCH_0003727,2026-04-27,2027-04-27,2026-05-01,58,0,good,335
INV_0003728,WH_002,WH_002_COLD_075,SKU_00047,BATCH_0003728,2026-04-24,2027-03-15,2026-05-07,18,0,good,292
INV_0003729,WH_003,WH_003_COOL_056,SKU_00043,BATCH_0003729,2025-10-07,2027-10-07,2025-10-17,33,1,good,498
INV_0003730,WH_003,WH_003_AMBIENT_183,SKU_00250,BATCH_0003730,2024-12-06,2027-06-25,2024-12-13,7,0,good,394
INV_0003731,WH_001,WH_001_AMBIENT_159,SKU_00285,BATCH_0003731,2026-03-02,2027-03-02,2026-03-09,78,5,good,279
INV_0003732,WH_001,WH_001_AMBIENT_074,SKU_00036,BATCH_0003732,2025-09-16,2026-12-18,2025-09-22,12,1,good,205
INV_0003733,WH_003,WH_003_COLD_141,SKU_00209,BATCH_0003733,2025-11-22,2026-07-03,2025-11-24,1,0,good,37
INV_0003734,WH_003,WH_003_AMBIENT_129,SKU_00277,BATCH_0003734,2024-08-24,2026-08-07,2024-08-31,25,4,good,72
INV_0003735,WH_001,WH_001_COOL_128,SKU_00088,BATCH_0003735,2024-09-19,2026-09-19,2024-09-30,6,0,good,115
INV_0003736,WH_001,WH_001_COOL_032,SKU_00119,BATCH_0003736,2025-12-22,2027-04-17,2025-12-31,5,0,good,325
INV_0003737,WH_003,WH_003_AMBIENT_039,SKU_00156,BATCH_0003737,2026-03-05,2028-08-07,2026-03-10,62,0,good,803
INV_0003738,WH_002,WH_002_AMBIENT_150,SKU_00278,BATCH_0003738,2026-02-16,2028-03-19,2026-02-28,3,0,good,662
INV_0003739,WH_002,WH_002_COOL_120,SKU_00167,BATCH_0003739,2026-05-14,2026-11-19,2026-05-26,126,0,good,176
INV_0003740,WH_002,WH_002_FROZEN_042,SKU_00216,BATCH_0003740,2025-07-25,2027-05-30,2025-07-26,28,5,good,368
INV_0003741,WH_001,WH_001_COLD_186,SKU_00082,BATCH_0003741,2025-09-26,2026-09-26,2025-10-07,19,3,good,122
INV_0003742,WH_003,WH_003_AMBIENT_052,SKU_00078,BATCH_0003742,2024-07-22,2026-12-13,2024-07-26,65,0,good,200
INV_0003743,WH_002,WH_002_COOL_118,SKU_00077,BATCH_0003743,2025-08-18,2026-10-07,2025-08-22,31,0,good,133
INV_0003744,WH_002,WH_002_COOL_193,SKU_00031,BATCH_0003744,2025-02-15,2026-08-31,2025-02-23,4,0,good,96
INV_0003745,WH_002,WH_002_AMBIENT_168,SKU_00157,BATCH_0003745,2025-12-07,2026-12-07,2025-12-14,36,7,good,194
INV_0003746,WH_003,WH_003_COLD_184,SKU_00096,BATCH_0003746,2025-12-05,2026-12-05,2025-12-15,8,0,good,192
INV_0003747,WH_003,WH_003_COOL_033,SKU_00064,BATCH_0003747,2025-07-22,2027-07-22,2025-07-25,2,0,good,421
INV_0003748,WH_001,WH_001_COLD_096,SKU_00092,BATCH_0003748,2025-09-11,2026-09-11,2025-09-21,136,0,good,107
INV_0003749,WH_002,WH_002_COOL_067,SKU_00140,BATCH_0003749,2026-03-05,2026-12-11,2026-03-17,24,0,good,198
INV_0003750,WH_002,WH_002_AMBIENT_145,SKU_00170,BATCH_0003750,2026-02-16,2027-02-16,2026-02-19,35,0,good,265
INV_0003751,WH_001,WH_001_AMBIENT_167,SKU_00265,BATCH_0003751,2025-12-13,2028-03-10,2025-12-21,51,0,good,653
INV_0003752,WH_002,WH_002_AMBIENT_005,SKU_00180,BATCH_0003752,2026-03-18,2027-03-18,2026-03-29,33,0,good,295
INV_0003753,WH_003,WH_003_AMBIENT_083,SKU_00046,BATCH_0003753,2026-03-02,2027-03-02,2026-03-11,5,0,good,279
INV_0003754,WH_002,WH_002_FROZEN_088,SKU_00189,BATCH_0003754,2025-10-29,2027-10-29,2025-11-01,96,0,good,520
INV_0003755,WH_001,WH_001_COOL_126,SKU_00031,BATCH_0003755,2025-03-02,2026-09-15,2025-03-08,4,0,good,111
INV_0003756,WH_003,WH_003_COOL_049,SKU_00079,BATCH_0003756,2026-01-01,2027-08-01,2026-01-12,27,6,good,431
INV_0003757,WH_003,WH_003_AMBIENT_130,SKU_00022,BATCH_0003757,2026-01-31,2028-04-11,2026-02-09,7,0,good,685
INV_0003758,WH_002,WH_002_AMBIENT_082,SKU_00025,BATCH_0003758,2025-08-13,2026-08-13,2025-08-25,42,16,good,78
INV_0003759,WH_002,WH_002_COOL_047,SKU_00041,BATCH_0003759,2025-10-21,2027-04-20,2025-10-28,35,0,good,328
INV_0003760,WH_002,WH_002_AMBIENT_018,SKU_00055,BATCH_0003760,2025-07-13,2026-11-16,2025-07-18,14,0,good,173
INV_0003761,WH_003,WH_003_COOL_059,SKU_00208,BATCH_0003761,2025-07-18,2027-07-18,2025-07-21,18,2,good,417
INV_0003762,WH_002,WH_002_AMBIENT_044,SKU_00155,BATCH_0003762,2025-10-27,2027-01-24,2025-11-04,2,0,good,242
INV_0003763,WH_003,WH_003_COLD_068,SKU_00054,BATCH_0003763,2025-12-15,2026-12-15,2025-12-25,7,0,good,202
INV_0003764,WH_002,WH_002_COOL_186,SKU_00138,BATCH_0003764,2026-01-08,2027-11-18,2026-01-17,17,4,good,540
INV_0003765,WH_003,WH_003_AMBIENT_049,SKU_00124,BATCH_0003765,2025-05-15,2027-05-23,2025-05-27,14,0,good,361
INV_0003766,WH_001,WH_001_COOL_072,SKU_00112,BATCH_0003766,2026-02-25,2028-02-25,2026-02-26,5,0,good,639
INV_0003767,WH_003,WH_003_AMBIENT_187,SKU_00250,BATCH_0003767,2024-02-16,2026-09-04,2024-02-23,270,55,good,100
INV_0003768,WH_001,WH_001_COOL_188,SKU_00043,BATCH_0003768,2025-02-04,2027-02-04,2025-02-09,11,0,good,253
INV_0003769,WH_001,WH_001_COOL_076,SKU_00128,BATCH_0003769,2025-05-21,2027-05-21,2025-05-27,26,0,good,359
INV_0003770,WH_002,WH_002_COOL_078,SKU_00266,BATCH_0003770,2026-02-24,2027-10-23,2026-02-28,17,0,good,514
INV_0003771,WH_001,WH_001_COOL_048,SKU_00169,BATCH_0003771,2026-05-25,2027-06-01,2026-06-05,20,0,good,370
INV_0003772,WH_001,WH_001_COOL_169,SKU_00293,BATCH_0003772,2025-09-01,2027-09-01,2025-09-04,5,0,good,462
INV_0003773,WH_002,WH_002_AMBIENT_020,SKU_00180,BATCH_0003773,2025-11-07,2026-11-07,2025-11-14,10,3,good,164
INV_0003774,WH_003,WH_003_COLD_090,SKU_00264,BATCH_0003774,2026-05-24,2026-10-11,2026-06-06,22,0,good,137
INV_0003775,WH_002,WH_002_COOL_066,SKU_00243,BATCH_0003775,2026-03-02,2028-03-01,2026-03-04,6,0,good,644
INV_0003776,WH_003,WH_003_AMBIENT_091,SKU_00018,BATCH_0003776,2025-06-30,2026-10-30,2025-07-12,51,0,good,156
INV_0003777,WH_001,WH_001_AMBIENT_189,SKU_00173,BATCH_0003777,2026-04-18,2028-03-30,2026-04-23,58,3,good,673
INV_0003778,WH_003,WH_003_AMBIENT_005,SKU_00242,BATCH_0003778,2025-07-06,2026-07-06,2025-07-15,35,0,good,40
INV_0003779,WH_001,WH_001_COOL_052,SKU_00059,BATCH_0003779,2025-03-26,2027-02-28,2025-04-07,3,0,good,277
INV_0003780,WH_003,WH_003_AMBIENT_003,SKU_00004,BATCH_0003780,2025-09-25,2027-03-02,2025-09-29,81,0,good,279
INV_0003781,WH_002,WH_002_COOL_129,SKU_00219,BATCH_0003781,2025-10-27,2027-07-31,2025-11-09,661,0,good,430
INV_0003782,WH_001,WH_001_COOL_057,SKU_00015,BATCH_0003782,2025-12-28,2027-09-17,2025-12-29,8,3,good,478
INV_0003783,WH_002,WH_002_COOL_054,SKU_00010,BATCH_0003783,2025-11-05,2027-11-05,2025-11-06,3,0,good,527
INV_0003784,WH_002,WH_002_AMBIENT_089,SKU_00076,BATCH_0003784,2025-11-16,2028-01-26,2025-11-28,21,0,good,609
INV_0003785,WH_003,WH_003_COOL_129,SKU_00145,BATCH_0003785,2025-09-09,2026-12-31,2025-09-17,5,0,good,218
INV_0003786,WH_001,WH_001_AMBIENT_167,SKU_00176,BATCH_0003786,2026-02-08,2027-02-08,2026-02-19,23,9,good,257
INV_0003787,WH_003,WH_003_AMBIENT_170,SKU_00026,BATCH_0003787,2025-11-18,2027-06-16,2025-11-30,15,0,good,385
INV_0003788,WH_002,WH_002_COOL_102,SKU_00077,BATCH_0003788,2026-03-18,2027-05-07,2026-03-27,9,0,good,345
INV_0003789,WH_001,WH_001_COOL_191,SKU_00072,BATCH_0003789,2024-08-16,2026-08-16,2024-08-22,12,2,good,81
INV_0003790,WH_002,WH_002_COLD_011,SKU_00202,BATCH_0003790,2026-05-13,2026-10-02,2026-05-20,12,0,good,128
INV_0003791,WH_003,WH_003_COLD_028,SKU_00053,BATCH_0003791,2026-02-14,2026-09-30,2026-02-25,24,0,good,126
INV_0003792,WH_003,WH_003_AMBIENT_010,SKU_00156,BATCH_0003792,2025-12-23,2028-05-27,2026-01-01,6,1,good,731
INV_0003793,WH_002,WH_002_AMBIENT_028,SKU_00215,BATCH_0003793,2025-07-21,2027-01-04,2025-07-27,9,0,good,222
INV_0003794,WH_002,WH_002_AMBIENT_038,SKU_00113,BATCH_0003794,2026-04-13,2027-04-13,2026-04-19,3,1,good,321
INV_0003795,WH_001,WH_001_AMBIENT_086,SKU_00185,BATCH_0003795,2025-12-05,2026-12-05,2025-12-14,21,0,good,192
INV_0003796,WH_001,WH_001_AMBIENT_125,SKU_00105,BATCH_0003796,2026-02-06,2027-02-06,2026-02-15,43,0,good,255
INV_0003797,WH_002,WH_002_COOL_125,SKU_00058,BATCH_0003797,2026-05-01,2027-02-24,2026-05-13,8,0,good,273
INV_0003798,WH_003,WH_003_COOL_109,SKU_00208,BATCH_0003798,2025-05-02,2027-05-02,2025-05-10,2,0,good,340
INV_0003799,WH_002,WH_002_AMBIENT_036,SKU_00279,BATCH_0003799,2024-09-09,2027-07-09,2024-09-17,58,0,good,408
INV_0003800,WH_001,WH_001_AMBIENT_156,SKU_00254,BATCH_0003800,2026-05-06,2027-05-06,2026-05-19,60,0,good,344
INV_0003801,WH_003,WH_003_COLD_144,SKU_00231,BATCH_0003801,2025-08-09,2026-08-09,2025-08-15,72,0,good,74
INV_0003802,WH_001,WH_001_AMBIENT_172,SKU_00098,BATCH_0003802,2025-01-12,2027-08-16,2025-01-19,130,0,good,446
INV_0003803,WH_002,WH_002_COLD_077,SKU_00196,BATCH_0003803,2026-01-02,2026-07-23,2026-01-06,18,0,good,57
INV_0003804,WH_001,WH_001_AMBIENT_189,SKU_00279,BATCH_0003804,2026-05-12,2029-03-10,2026-05-17,9,0,good,1018
INV_0003805,WH_002,WH_002_AMBIENT_084,SKU_00248,BATCH_0003805,2025-12-28,2028-03-31,2026-01-08,9,0,good,674
INV_0003806,WH_003,WH_003_AMBIENT_036,SKU_00263,BATCH_0003806,2026-05-17,2028-03-04,2026-05-27,8,0,good,647
INV_0003807,WH_002,WH_002_COLD_066,SKU_00068,BATCH_0003807,2025-09-13,2026-09-13,2025-09-18,1,0,good,109
INV_0003808,WH_003,WH_003_AMBIENT_163,SKU_00233,BATCH_0003808,2026-01-30,2027-09-11,2026-02-04,6,0,good,472
INV_0003809,WH_002,WH_002_COOL_075,SKU_00227,BATCH_0003809,2025-05-15,2027-05-15,2025-05-28,39,0,good,353
INV_0003810,WH_002,WH_002_AMBIENT_077,SKU_00118,BATCH_0003810,2026-03-21,2027-03-21,2026-03-26,17,1,good,298
INV_0003811,WH_002,WH_002_COLD_031,SKU_00090,BATCH_0003811,2026-04-18,2026-09-13,2026-04-20,23,0,good,109
INV_0003812,WH_003,WH_003_COOL_056,SKU_00184,BATCH_0003812,2026-04-03,2027-12-13,2026-04-04,6,1,good,565
INV_0003813,WH_002,WH_002_AMBIENT_063,SKU_00233,BATCH_0003813,2025-01-28,2026-09-09,2025-02-01,7,0,good,105
INV_0003814,WH_001,WH_001_COOL_048,SKU_00140,BATCH_0003814,2026-02-01,2026-11-09,2026-02-05,49,4,good,166
INV_0003815,WH_002,WH_002_COLD_094,SKU_00164,BATCH_0003815,2026-02-05,2027-02-05,2026-02-16,2,0,good,254
INV_0003816,WH_002,WH_002_COLD_026,SKU_00183,BATCH_0003816,2026-02-01,2027-02-01,2026-02-13,18,0,good,250
INV_0003817,WH_002,WH_002_COLD_002,SKU_00260,BATCH_0003817,2026-04-06,2027-04-06,2026-04-11,5,0,good,314
INV_0003818,WH_001,WH_001_COOL_042,SKU_00006,BATCH_0003818,2025-02-02,2027-02-02,2025-02-07,43,8,good,251
INV_0003819,WH_003,WH_003_AMBIENT_124,SKU_00268,BATCH_0003819,2025-10-19,2026-10-19,2025-10-23,34,0,good,145
INV_0003820,WH_001,WH_001_COLD_110,SKU_00054,BATCH_0003820,2026-04-29,2027-04-29,2026-04-30,26,0,good,337
INV_0003821,WH_001,WH_001_COOL_014,SKU_00240,BATCH_0003821,2026-04-02,2027-01-13,2026-04-07,32,0,good,231
INV_0003822,WH_003,WH_003_COLD_126,SKU_00237,BATCH_0003822,2025-12-26,2026-12-26,2026-01-04,13,0,good,213
INV_0003823,WH_001,WH_001_COOL_036,SKU_00266,BATCH_0003823,2026-05-10,2028-01-06,2026-05-14,4,0,good,589
INV_0003824,WH_001,WH_001_AMBIENT_104,SKU_00297,BATCH_0003824,2025-02-14,2026-09-02,2025-02-18,5,0,good,98
INV_0003825,WH_001,WH_001_COLD_052,SKU_00096,BATCH_0003825,2025-09-11,2026-09-11,2025-09-17,73,1,good,107
INV_0003826,WH_001,WH_001_AMBIENT_180,SKU_00027,BATCH_0003826,2025-12-24,2027-09-06,2026-01-06,46,0,good,467
INV_0003827,WH_003,WH_003_COLD_071,SKU_00127,BATCH_0003827,2026-04-08,2026-11-04,2026-04-16,121,0,good,161
INV_0003828,WH_002,WH_002_COLD_060,SKU_00039,BATCH_0003828,2026-02-21,2027-02-21,2026-02-28,24,0,good,270
INV_0003829,WH_002,WH_002_AMBIENT_161,SKU_00105,BATCH_0003829,2026-03-21,2027-03-21,2026-03-23,3,0,good,298
INV_0003830,WH_003,WH_003_AMBIENT_067,SKU_00066,BATCH_0003830,2025-11-12,2027-04-27,2025-11-23,25,0,good,335
INV_0003831,WH_003,WH_003_AMBIENT_180,SKU_00103,BATCH_0003831,2026-01-16,2027-01-16,2026-01-18,15,0,good,234
INV_0003832,WH_003,WH_003_AMBIENT_044,SKU_00214,BATCH_0003832,2026-04-10,2028-07-12,2026-04-13,7,0,good,777
INV_0003833,WH_001,WH_001_AMBIENT_169,SKU_00174,BATCH_0003833,2024-08-28,2027-01-05,2024-09-05,13,0,good,223
INV_0003834,WH_001,WH_001_AMBIENT_053,SKU_00100,BATCH_0003834,2024-12-24,2027-08-09,2024-12-25,11,3,good,439
INV_0003835,WH_003,WH_003_AMBIENT_196,SKU_00125,BATCH_0003835,2025-11-29,2026-11-29,2025-12-12,13,0,good,186
INV_0003836,WH_002,WH_002_AMBIENT_186,SKU_00143,BATCH_0003836,2026-02-14,2027-02-14,2026-02-20,71,11,good,263
INV_0003837,WH_003,WH_003_COOL_124,SKU_00220,BATCH_0003837,2026-01-14,2026-09-14,2026-01-19,5,0,good,110
INV_0003838,WH_002,WH_002_AMBIENT_120,SKU_00027,BATCH_0003838,2025-01-31,2026-10-14,2025-02-11,380,0,good,140
INV_0003839,WH_001,WH_001_COOL_159,SKU_00212,BATCH_0003839,2026-02-20,2027-10-24,2026-02-22,49,0,good,515
INV_0003840,WH_003,WH_003_COOL_195,SKU_00162,BATCH_0003840,2025-01-14,2027-01-14,2025-01-17,29,3,good,232
INV_0003841,WH_001,WH_001_AMBIENT_026,SKU_00269,BATCH_0003841,2025-10-02,2027-02-01,2025-10-15,38,0,good,250
INV_0003842,WH_002,WH_002_COOL_075,SKU_00238,BATCH_0003842,2025-04-26,2026-12-20,2025-05-01,87,0,good,207
INV_0003843,WH_003,WH_003_COOL_050,SKU_00088,BATCH_0003843,2024-10-13,2026-10-13,2024-10-25,131,0,good,139
INV_0003844,WH_003,WH_003_AMBIENT_074,SKU_00241,BATCH_0003844,2025-07-19,2028-01-13,2025-07-21,11,3,good,596
INV_0003845,WH_001,WH_001_AMBIENT_168,SKU_00080,BATCH_0003845,2024-08-21,2027-01-05,2024-08-30,5,1,good,223
INV_0003846,WH_003,WH_003_COOL_100,SKU_00088,BATCH_0003846,2026-04-06,2028-04-05,2026-04-14,9,0,good,679
INV_0003847,WH_003,WH_003_COOL_144,SKU_00003,BATCH_0003847,2026-03-12,2028-03-11,2026-03-13,197,0,good,654
INV_0003848,WH_001,WH_001_AMBIENT_016,SKU_00152,BATCH_0003848,2025-08-28,2027-04-20,2025-09-02,397,0,good,328
INV_0003849,WH_002,WH_002_AMBIENT_113,SKU_00177,BATCH_0003849,2025-02-12,2027-01-27,2025-02-21,101,0,good,245
INV_0003850,WH_001,WH_001_AMBIENT_063,SKU_00286,BATCH_0003850,2025-01-15,2026-12-02,2025-01-17,5,0,good,189
INV_0003851,WH_002,WH_002_AMBIENT_012,SKU_00078,BATCH_0003851,2024-12-23,2027-05-16,2024-12-26,117,0,good,354
INV_0003852,WH_001,WH_001_AMBIENT_068,SKU_00073,BATCH_0003852,2025-12-20,2026-12-20,2025-12-28,20,0,good,207
INV_0003853,WH_003,WH_003_COOL_150,SKU_00058,BATCH_0003853,2026-05-08,2027-03-03,2026-05-16,8,2,good,280
INV_0003854,WH_001,WH_001_AMBIENT_054,SKU_00174,BATCH_0003854,2025-03-05,2027-07-13,2025-03-07,49,0,good,412
INV_0003855,WH_002,WH_002_COOL_020,SKU_00043,BATCH_0003855,2024-12-07,2026-12-07,2024-12-10,7,0,good,194
INV_0003856,WH_002,WH_002_COOL_009,SKU_00121,BATCH_0003856,2025-05-17,2026-07-20,2025-05-18,95,3,good,54
INV_0003857,WH_001,WH_001_AMBIENT_174,SKU_00098,BATCH_0003857,2024-10-21,2027-05-25,2024-11-01,46,0,good,363
INV_0003858,WH_003,WH_003_COOL_171,SKU_00111,BATCH_0003858,2026-05-23,2027-05-31,2026-05-25,10,1,good,369
INV_0003859,WH_003,WH_003_COLD_094,SKU_00154,BATCH_0003859,2026-05-25,2026-10-19,2026-06-02,95,0,good,145
INV_0003860,WH_001,WH_001_COLD_036,SKU_00127,BATCH_0003860,2025-12-10,2026-07-08,2025-12-13,3,0,good,42
INV_0003861,WH_003,WH_003_COLD_191,SKU_00199,BATCH_0003861,2025-11-18,2026-11-18,2025-11-28,132,0,good,175
INV_0003862,WH_003,WH_003_AMBIENT_093,SKU_00083,BATCH_0003862,2026-03-08,2027-03-08,2026-03-15,663,0,good,285
INV_0003863,WH_001,WH_001_AMBIENT_085,SKU_00262,BATCH_0003863,2025-02-27,2026-09-09,2025-03-10,5,0,good,105
INV_0003864,WH_003,WH_003_AMBIENT_131,SKU_00178,BATCH_0003864,2024-12-03,2026-09-21,2024-12-05,10,0,good,117
INV_0003865,WH_001,WH_001_COLD_017,SKU_00136,BATCH_0003865,2025-12-28,2026-09-26,2025-12-31,27,0,good,122
INV_0003866,WH_002,WH_002_COOL_149,SKU_00112,BATCH_0003866,2025-09-01,2027-09-01,2025-09-04,29,0,good,462
INV_0003867,WH_002,WH_002_COLD_089,SKU_00300,BATCH_0003867,2025-11-13,2026-11-13,2025-11-25,104,0,good,170
INV_0003868,WH_002,WH_002_COOL_088,SKU_00077,BATCH_0003868,2025-07-06,2026-08-25,2025-07-08,5,0,good,90
INV_0003869,WH_002,WH_002_AMBIENT_193,SKU_00083,BATCH_0003869,2026-01-29,2027-01-29,2026-02-09,32,0,good,247
INV_0003870,WH_003,WH_003_COOL_002,SKU_00145,BATCH_0003870,2025-09-23,2027-01-14,2025-10-06,23,3,good,232
INV_0003871,WH_002,WH_002_AMBIENT_061,SKU_00141,BATCH_0003871,2025-08-24,2026-08-24,2025-09-03,56,0,good,89
INV_0003872,WH_002,WH_002_AMBIENT_032,SKU_00061,BATCH_0003872,2025-12-08,2028-05-13,2025-12-17,3,0,good,717
INV_0003873,WH_003,WH_003_COOL_007,SKU_00276,BATCH_0003873,2025-05-11,2027-02-09,2025-05-19,46,0,good,258
INV_0003874,WH_001,WH_001_COOL_039,SKU_00131,BATCH_0003874,2025-01-06,2026-11-05,2025-01-16,8,0,good,162
INV_0003875,WH_002,WH_002_COOL_169,SKU_00058,BATCH_0003875,2025-10-03,2026-07-29,2025-10-08,14,0,good,63
INV_0003876,WH_002,WH_002_AMBIENT_047,SKU_00155,BATCH_0003876,2026-01-24,2027-04-23,2026-01-26,23,0,good,331
INV_0003877,WH_003,WH_003_AMBIENT_076,SKU_00126,BATCH_0003877,2025-09-05,2028-01-07,2025-09-11,68,0,good,590
INV_0003878,WH_002,WH_002_COLD_044,SKU_00039,BATCH_0003878,2026-01-28,2027-01-28,2026-02-01,5,0,good,246
INV_0003879,WH_001,WH_001_COOL_065,SKU_00072,BATCH_0003879,2025-01-04,2027-01-04,2025-01-10,85,23,good,222
INV_0003880,WH_003,WH_003_COLD_148,SKU_00204,BATCH_0003880,2025-11-18,2026-11-13,2025-11-27,129,19,good,170
INV_0003881,WH_001,WH_001_COOL_199,SKU_00087,BATCH_0003881,2026-02-08,2028-02-08,2026-02-13,22,2,good,622
INV_0003882,WH_003,WH_003_COOL_109,SKU_00059,BATCH_0003882,2025-09-06,2027-08-11,2025-09-15,13,0,good,441
INV_0003883,WH_003,WH_003_AMBIENT_176,SKU_00052,BATCH_0003883,2024-08-29,2027-05-17,2024-09-10,30,1,good,355
INV_0003884,WH_003,WH_003_AMBIENT_153,SKU_00107,BATCH_0003884,2025-12-21,2026-12-21,2025-12-27,48,5,good,208
INV_0003885,WH_003,WH_003_COOL_074,SKU_00220,BATCH_0003885,2026-03-29,2026-11-27,2026-03-30,6,0,good,184
INV_0003886,WH_002,WH_002_COOL_028,SKU_00064,BATCH_0003886,2025-01-19,2027-01-19,2025-01-30,262,0,good,237
INV_0003887,WH_001,WH_001_COOL_171,SKU_00119,BATCH_0003887,2025-07-17,2026-11-10,2025-07-20,10,0,good,167
INV_0003888,WH_002,WH_002_COLD_020,SKU_00193,BATCH_0003888,2026-01-20,2026-12-20,2026-01-27,39,1,good,207
INV_0003889,WH_002,WH_002_AMBIENT_135,SKU_00250,BATCH_0003889,2025-04-20,2027-11-07,2025-04-28,2,0,good,529
INV_0003890,WH_001,WH_001_COOL_082,SKU_00243,BATCH_0003890,2025-07-27,2027-07-27,2025-08-06,39,0,good,426
INV_0003891,WH_001,WH_001_AMBIENT_054,SKU_00081,BATCH_0003891,2025-05-01,2026-11-03,2025-05-07,20,0,good,160
INV_0003892,WH_002,WH_002_AMBIENT_015,SKU_00125,BATCH_0003892,2025-11-24,2026-11-24,2025-12-03,19,0,good,181
INV_0003893,WH_003,WH_003_AMBIENT_197,SKU_00258,BATCH_0003893,2026-03-22,2027-08-01,2026-04-01,76,1,good,431
INV_0003894,WH_001,WH_001_AMBIENT_200,SKU_00242,BATCH_0003894,2025-11-10,2026-11-10,2025-11-22,35,0,good,167
INV_0003895,WH_002,WH_002_AMBIENT_013,SKU_00285,BATCH_0003895,2026-03-11,2027-03-11,2026-03-17,13,0,good,288
INV_0003896,WH_003,WH_003_COOL_048,SKU_00266,BATCH_0003896,2026-01-19,2027-09-17,2026-01-27,63,0,good,478
INV_0003897,WH_001,WH_001_AMBIENT_190,SKU_00168,BATCH_0003897,2025-10-09,2026-10-09,2025-10-18,35,13,good,135
INV_0003898,WH_003,WH_003_COOL_086,SKU_00088,BATCH_0003898,2025-04-06,2027-04-06,2025-04-07,9,0,good,314
INV_0003899,WH_003,WH_003_COLD_145,SKU_00164,BATCH_0003899,2025-12-17,2026-12-17,2025-12-26,14,0,good,204
INV_0003900,WH_003,WH_003_FROZEN_024,SKU_00287,BATCH_0003900,2024-12-04,2026-12-04,2024-12-17,18,0,good,191
INV_0003901,WH_002,WH_002_COOL_004,SKU_00077,BATCH_0003901,2026-01-27,2027-03-18,2026-01-31,43,15,good,295
INV_0003902,WH_002,WH_002_COLD_028,SKU_00229,BATCH_0003902,2026-01-07,2027-01-07,2026-01-17,50,8,good,225
INV_0003903,WH_002,WH_002_AMBIENT_186,SKU_00103,BATCH_0003903,2026-01-25,2027-01-25,2026-02-01,53,0,good,243
INV_0003904,WH_003,WH_003_AMBIENT_057,SKU_00285,BATCH_0003904,2025-10-25,2026-10-25,2025-10-31,33,0,good,151
INV_0003905,WH_002,WH_002_COOL_124,SKU_00002,BATCH_0003905,2026-04-21,2028-04-20,2026-05-03,71,3,good,694
INV_0003906,WH_003,WH_003_AMBIENT_024,SKU_00109,BATCH_0003906,2026-02-08,2027-03-05,2026-02-19,2,0,good,282
INV_0003907,WH_001,WH_001_AMBIENT_016,SKU_00122,BATCH_0003907,2026-01-16,2028-11-03,2026-01-21,86,0,good,891
INV_0003908,WH_003,WH_003_AMBIENT_059,SKU_00292,BATCH_0003908,2025-07-30,2026-12-19,2025-08-06,46,10,good,206
INV_0003909,WH_003,WH_003_AMBIENT_191,SKU_00194,BATCH_0003909,2025-09-28,2026-09-28,2025-10-11,48,0,good,124
INV_0003910,WH_001,WH_001_AMBIENT_069,SKU_00156,BATCH_0003910,2024-04-28,2026-10-01,2024-05-04,1,0,good,127
INV_0003911,WH_002,WH_002_FROZEN_151,SKU_00201,BATCH_0003911,2026-01-06,2028-01-05,2026-01-12,13,0,good,588
INV_0003912,WH_003,WH_003_COOL_018,SKU_00184,BATCH_0003912,2025-02-21,2026-11-02,2025-03-05,37,0,good,159
INV_0003913,WH_001,WH_001_COOL_063,SKU_00238,BATCH_0003913,2025-07-02,2027-02-25,2025-07-12,8,0,good,274
INV_0003914,WH_001,WH_001_COOL_072,SKU_00070,BATCH_0003914,2025-10-05,2027-10-05,2025-10-16,17,0,good,496
INV_0003915,WH_003,WH_003_AMBIENT_118,SKU_00036,BATCH_0003915,2026-01-13,2027-04-16,2026-01-24,6,0,good,324
INV_0003916,WH_002,WH_002_AMBIENT_093,SKU_00166,BATCH_0003916,2026-01-10,2027-07-22,2026-01-13,79,2,good,421
INV_0003917,WH_002,WH_002_COOL_143,SKU_00099,BATCH_0003917,2025-04-18,2026-09-28,2025-04-30,60,7,good,124
INV_0003918,WH_003,WH_003_AMBIENT_040,SKU_00223,BATCH_0003918,2024-03-23,2027-02-09,2024-03-30,36,0,good,258
INV_0003919,WH_001,WH_001_COOL_041,SKU_00184,BATCH_0003919,2024-12-27,2026-09-07,2025-01-03,56,0,good,103
INV_0003920,WH_003,WH_003_COLD_142,SKU_00231,BATCH_0003920,2026-02-12,2027-02-12,2026-02-17,29,0,good,261
INV_0003921,WH_002,WH_002_AMBIENT_026,SKU_00025,BATCH_0003921,2025-12-26,2026-12-26,2026-01-06,13,0,good,213
INV_0003922,WH_001,WH_001_AMBIENT_180,SKU_00155,BATCH_0003922,2025-05-06,2026-08-03,2025-05-16,14,0,good,68
INV_0003923,WH_003,WH_003_AMBIENT_135,SKU_00004,BATCH_0003923,2025-10-21,2027-03-28,2025-10-29,9,0,good,305
INV_0003924,WH_001,WH_001_COLD_069,SKU_00264,BATCH_0003924,2026-02-10,2026-06-30,2026-02-14,41,0,good,34
INV_0003925,WH_001,WH_001_AMBIENT_148,SKU_00124,BATCH_0003925,2026-03-07,2028-03-14,2026-03-13,20,0,good,657
INV_0003926,WH_003,WH_003_AMBIENT_030,SKU_00097,BATCH_0003926,2025-12-10,2028-03-11,2025-12-21,9,0,good,654
INV_0003927,WH_001,WH_001_AMBIENT_080,SKU_00125,BATCH_0003927,2026-02-20,2027-02-20,2026-03-02,60,7,good,269
INV_0003928,WH_002,WH_002_AMBIENT_188,SKU_00071,BATCH_0003928,2026-03-05,2028-12-13,2026-03-08,42,0,good,931
INV_0003929,WH_001,WH_001_COOL_181,SKU_00130,BATCH_0003929,2025-08-16,2027-08-16,2025-08-29,10,0,good,446
INV_0003930,WH_003,WH_003_AMBIENT_006,SKU_00009,BATCH_0003930,2025-11-10,2027-11-24,2025-11-23,17,0,good,546
INV_0003931,WH_001,WH_001_AMBIENT_119,SKU_00027,BATCH_0003931,2025-05-20,2027-01-31,2025-05-31,19,1,good,249
INV_0003932,WH_003,WH_003_AMBIENT_007,SKU_00084,BATCH_0003932,2025-11-16,2026-11-16,2025-11-29,0,0,good,173
INV_0003933,WH_001,WH_001_AMBIENT_189,SKU_00081,BATCH_0003933,2026-01-19,2027-07-24,2026-01-22,20,0,good,423
INV_0003934,WH_002,WH_002_AMBIENT_143,SKU_00255,BATCH_0003934,2025-07-25,2026-08-11,2025-07-30,3,0,good,76
INV_0003935,WH_002,WH_002_AMBIENT_092,SKU_00073,BATCH_0003935,2026-05-13,2027-05-13,2026-05-22,49,0,good,351
INV_0003936,WH_001,WH_001_AMBIENT_147,SKU_00051,BATCH_0003936,2025-08-27,2026-09-13,2025-09-05,15,0,good,109
INV_0003937,WH_001,WH_001_COLD_199,SKU_00256,BATCH_0003937,2026-03-21,2027-03-21,2026-03-22,54,0,good,298
INV_0003938,WH_001,WH_001_FROZEN_029,SKU_00201,BATCH_0003938,2024-12-27,2026-12-26,2025-01-03,3,0,good,213
INV_0003939,WH_001,WH_001_AMBIENT_142,SKU_00159,BATCH_0003939,2025-12-04,2026-12-04,2025-12-12,26,0,good,191
INV_0003940,WH_001,WH_001_COOL_097,SKU_00227,BATCH_0003940,2025-06-03,2027-06-03,2025-06-05,182,0,good,372
INV_0003941,WH_002,WH_002_COOL_153,SKU_00015,BATCH_0003941,2025-05-23,2027-02-10,2025-05-31,24,0,good,259
INV_0003942,WH_003,WH_003_COOL_129,SKU_00224,BATCH_0003942,2026-02-15,2027-04-07,2026-02-18,9,0,good,315
INV_0003943,WH_002,WH_002_COOL_052,SKU_00270,BATCH_0003943,2026-02-10,2027-02-06,2026-02-14,1,0,good,255
INV_0003944,WH_003,WH_003_AMBIENT_149,SKU_00095,BATCH_0003944,2025-12-09,2028-03-28,2025-12-16,36,0,good,671
INV_0003945,WH_002,WH_002_AMBIENT_186,SKU_00205,BATCH_0003945,2025-07-10,2026-08-05,2025-07-20,13,0,good,70
INV_0003946,WH_003,WH_003_FROZEN_142,SKU_00007,BATCH_0003946,2026-02-03,2026-08-15,2026-02-13,16,6,good,80
INV_0003947,WH_003,WH_003_AMBIENT_115,SKU_00186,BATCH_0003947,2025-12-05,2028-01-17,2025-12-13,21,0,good,600
INV_0003948,WH_003,WH_003_COOL_115,SKU_00020,BATCH_0003948,2025-12-19,2027-08-29,2025-12-29,69,0,good,459
INV_0003949,WH_001,WH_001_AMBIENT_117,SKU_00223,BATCH_0003949,2023-12-19,2026-11-06,2024-01-01,47,0,good,163
INV_0003950,WH_001,WH_001_COOL_126,SKU_00175,BATCH_0003950,2026-05-01,2027-04-17,2026-05-05,11,0,good,325
INV_0003951,WH_002,WH_002_AMBIENT_100,SKU_00277,BATCH_0003951,2025-03-22,2027-03-05,2025-03-25,21,0,good,282
INV_0003952,WH_003,WH_003_COLD_113,SKU_00237,BATCH_0003952,2025-12-31,2026-12-31,2026-01-05,69,23,good,218
INV_0003953,WH_001,WH_001_AMBIENT_101,SKU_00259,BATCH_0003953,2026-03-26,2028-03-13,2026-04-05,14,0,good,656
INV_0003954,WH_003,WH_003_AMBIENT_178,SKU_00061,BATCH_0003954,2026-02-24,2028-07-30,2026-03-08,34,0,good,795
INV_0003955,WH_002,WH_002_COLD_137,SKU_00127,BATCH_0003955,2025-12-16,2026-07-14,2025-12-25,29,0,good,48
INV_0003956,WH_002,WH_002_AMBIENT_037,SKU_00055,BATCH_0003956,2025-12-30,2027-05-05,2026-01-09,24,0,good,343
INV_0003957,WH_003,WH_003_COOL_095,SKU_00273,BATCH_0003957,2025-12-15,2027-07-25,2025-12-20,1,0,good,424
INV_0003958,WH_002,WH_002_AMBIENT_023,SKU_00274,BATCH_0003958,2025-07-16,2026-07-16,2025-07-29,3,0,good,50
INV_0003959,WH_002,WH_002_AMBIENT_001,SKU_00046,BATCH_0003959,2025-07-04,2026-07-04,2025-07-08,18,0,good,38
INV_0003960,WH_003,WH_003_AMBIENT_121,SKU_00198,BATCH_0003960,2025-10-23,2026-12-25,2025-10-31,15,4,good,212
INV_0003961,WH_003,WH_003_COOL_200,SKU_00275,BATCH_0003961,2024-12-24,2026-12-24,2024-12-27,33,8,good,211
INV_0003962,WH_003,WH_003_AMBIENT_146,SKU_00012,BATCH_0003962,2026-05-20,2027-05-20,2026-05-22,176,0,good,358
INV_0003963,WH_001,WH_001_COOL_087,SKU_00187,BATCH_0003963,2026-05-24,2027-10-25,2026-05-31,330,0,good,516
INV_0003964,WH_003,WH_003_COOL_120,SKU_00272,BATCH_0003964,2025-12-02,2026-09-24,2025-12-12,29,0,good,120
INV_0003965,WH_002,WH_002_COOL_049,SKU_00077,BATCH_0003965,2026-05-22,2027-07-11,2026-05-28,2,0,good,410
INV_0003966,WH_001,WH_001_AMBIENT_031,SKU_00066,BATCH_0003966,2025-11-22,2027-05-07,2025-12-02,43,0,good,345
INV_0003967,WH_002,WH_002_AMBIENT_097,SKU_00242,BATCH_0003967,2026-02-05,2027-02-05,2026-02-07,113,0,good,254
INV_0003968,WH_002,WH_002_COOL_075,SKU_00261,BATCH_0003968,2026-01-30,2027-02-14,2026-02-06,75,0,good,263
INV_0003969,WH_001,WH_001_AMBIENT_130,SKU_00027,BATCH_0003969,2025-05-26,2027-02-06,2025-05-30,14,5,good,255
INV_0003970,WH_003,WH_003_COLD_182,SKU_00035,BATCH_0003970,2026-01-28,2026-07-04,2026-02-07,6,0,good,38
INV_0003971,WH_003,WH_003_AMBIENT_024,SKU_00022,BATCH_0003971,2026-03-12,2028-05-21,2026-03-19,34,0,good,725
INV_0003972,WH_001,WH_001_AMBIENT_060,SKU_00051,BATCH_0003972,2025-09-13,2026-09-30,2025-09-20,46,0,good,126
INV_0003973,WH_001,WH_001_FROZEN_065,SKU_00007,BATCH_0003973,2026-05-25,2026-12-04,2026-06-06,22,0,good,191
INV_0003974,WH_003,WH_003_AMBIENT_005,SKU_00285,BATCH_0003974,2025-08-21,2026-08-21,2025-08-29,39,0,good,86
INV_0003975,WH_001,WH_001_AMBIENT_127,SKU_00017,BATCH_0003975,2025-02-17,2027-01-23,2025-02-20,31,0,good,241
INV_0003976,WH_003,WH_003_COLD_141,SKU_00053,BATCH_0003976,2026-02-19,2026-10-05,2026-02-22,19,0,good,131
INV_0003977,WH_001,WH_001_AMBIENT_122,SKU_00049,BATCH_0003977,2025-12-18,2027-02-03,2025-12-29,7,0,good,252
INV_0003978,WH_002,WH_002_COOL_104,SKU_00275,BATCH_0003978,2025-12-13,2027-12-13,2025-12-24,73,0,good,565
INV_0003979,WH_002,WH_002_COOL_111,SKU_00219,BATCH_0003979,2026-03-03,2027-12-05,2026-03-14,26,10,good,557
INV_0003980,WH_003,WH_003_COLD_048,SKU_00199,BATCH_0003980,2026-01-22,2027-01-22,2026-01-24,3,0,good,240
INV_0003981,WH_001,WH_001_AMBIENT_103,SKU_00012,BATCH_0003981,2026-03-01,2027-03-01,2026-03-12,14,0,good,278
INV_0003982,WH_003,WH_003_AMBIENT_067,SKU_00188,BATCH_0003982,2025-07-06,2026-07-06,2025-07-14,7,0,good,40
INV_0003983,WH_001,WH_001_COOL_020,SKU_00175,BATCH_0003983,2025-07-29,2026-07-15,2025-08-06,19,0,good,49
INV_0003984,WH_003,WH_003_AMBIENT_027,SKU_00102,BATCH_0003984,2026-03-02,2028-08-16,2026-03-04,8,0,good,812
INV_0003985,WH_003,WH_003_COOL_020,SKU_00089,BATCH_0003985,2025-10-04,2027-01-02,2025-10-13,77,12,good,220
INV_0003986,WH_001,WH_001_AMBIENT_188,SKU_00104,BATCH_0003986,2025-04-19,2027-06-08,2025-04-24,133,0,good,377
INV_0003987,WH_002,WH_002_COLD_058,SKU_00249,BATCH_0003987,2026-02-28,2027-01-28,2026-03-10,15,0,good,246
INV_0003988,WH_003,WH_003_COOL_051,SKU_00006,BATCH_0003988,2025-10-21,2027-10-21,2025-11-03,139,0,good,512
INV_0003989,WH_001,WH_001_AMBIENT_092,SKU_00185,BATCH_0003989,2025-10-02,2026-10-02,2025-10-07,143,0,good,128
INV_0003990,WH_001,WH_001_AMBIENT_007,SKU_00269,BATCH_0003990,2025-04-18,2026-08-18,2025-04-27,6,0,good,83
INV_0003991,WH_002,WH_002_COOL_101,SKU_00206,BATCH_0003991,2025-03-13,2026-09-03,2025-03-18,14,0,good,99
INV_0003992,WH_001,WH_001_COOL_016,SKU_00208,BATCH_0003992,2025-04-03,2027-04-03,2025-04-15,23,0,good,311
INV_0003993,WH_003,WH_003_COOL_018,SKU_00167,BATCH_0003993,2026-04-11,2026-10-17,2026-04-21,11,1,good,143
INV_0003994,WH_001,WH_001_FROZEN_144,SKU_00296,BATCH_0003994,2026-04-19,2028-04-18,2026-04-23,16,0,good,692
INV_0003995,WH_002,WH_002_COLD_143,SKU_00300,BATCH_0003995,2025-10-29,2026-10-29,2025-11-04,15,5,good,155
INV_0003996,WH_002,WH_002_COOL_093,SKU_00207,BATCH_0003996,2026-04-20,2027-04-26,2026-04-30,9,0,good,334
INV_0003997,WH_002,WH_002_AMBIENT_090,SKU_00022,BATCH_0003997,2025-05-17,2027-07-27,2025-05-30,15,0,good,426
INV_0003998,WH_001,WH_001_COOL_171,SKU_00211,BATCH_0003998,2025-10-14,2027-10-14,2025-10-17,44,0,good,505
INV_0003999,WH_001,WH_001_FROZEN_152,SKU_00201,BATCH_0003999,2026-03-08,2028-03-06,2026-03-12,220,0,good,649
INV_0004000,WH_002,WH_002_FROZEN_075,SKU_00189,BATCH_0004000,2024-10-07,2026-10-07,2024-10-14,122,0,good,133
INV_0004001,WH_003,WH_003_AMBIENT_058,SKU_00081,BATCH_0004001,2025-06-27,2026-12-30,2025-07-07,38,0,good,217
INV_0004002,WH_002,WH_002_AMBIENT_065,SKU_00194,BATCH_0004002,2026-04-30,2027-04-30,2026-05-11,3,0,good,338
INV_0004003,WH_002,WH_002_AMBIENT_069,SKU_00073,BATCH_0004003,2025-12-20,2026-12-20,2026-01-01,257,0,good,207
INV_0004004,WH_002,WH_002_COLD_030,SKU_00229,BATCH_0004004,2025-12-16,2026-12-16,2025-12-28,23,0,good,203
INV_0004005,WH_001,WH_001_AMBIENT_022,SKU_00265,BATCH_0004005,2026-04-02,2028-06-28,2026-04-04,33,1,good,763
INV_0004006,WH_003,WH_003_COLD_171,SKU_00106,BATCH_0004006,2026-03-27,2027-01-02,2026-04-06,320,71,good,220
INV_0004007,WH_003,WH_003_AMBIENT_041,SKU_00163,BATCH_0004007,2026-03-21,2027-10-04,2026-03-30,8,0,good,495
INV_0004008,WH_003,WH_003_COOL_097,SKU_00212,BATCH_0004008,2025-03-11,2026-11-12,2025-03-14,21,7,good,169
INV_0004009,WH_001,WH_001_AMBIENT_085,SKU_00235,BATCH_0004009,2026-01-20,2027-01-20,2026-01-23,10,0,good,238
INV_0004010,WH_003,WH_003_COLD_025,SKU_00069,BATCH_0004010,2026-01-29,2026-12-26,2026-02-11,37,3,good,213
INV_0004011,WH_001,WH_001_AMBIENT_194,SKU_00191,BATCH_0004011,2026-04-28,2028-11-15,2026-04-29,27,0,good,903
INV_0004012,WH_002,WH_002_COOL_191,SKU_00208,BATCH_0004012,2025-02-15,2027-02-15,2025-02-25,80,2,good,264
INV_0004013,WH_002,WH_002_AMBIENT_072,SKU_00055,BATCH_0004013,2026-03-07,2027-07-11,2026-03-17,128,0,good,410
INV_0004014,WH_003,WH_003_COOL_088,SKU_00207,BATCH_0004014,2025-10-26,2026-11-01,2025-11-05,151,26,good,158
INV_0004015,WH_002,WH_002_AMBIENT_174,SKU_00248,BATCH_0004015,2025-06-22,2027-09-24,2025-06-25,30,11,good,485
INV_0004016,WH_003,WH_003_FROZEN_042,SKU_00189,BATCH_0004016,2024-12-17,2026-12-17,2024-12-24,159,0,good,204
INV_0004017,WH_002,WH_002_AMBIENT_119,SKU_00241,BATCH_0004017,2025-07-27,2028-01-21,2025-08-04,7,0,good,604
INV_0004018,WH_002,WH_002_AMBIENT_055,SKU_00299,BATCH_0004018,2025-05-24,2027-01-14,2025-05-27,12,0,good,232
INV_0004019,WH_003,WH_003_AMBIENT_199,SKU_00279,BATCH_0004019,2024-03-04,2027-01-01,2024-03-13,6,0,good,219
INV_0004020,WH_002,WH_002_AMBIENT_046,SKU_00232,BATCH_0004020,2025-10-07,2027-06-26,2025-10-12,7,0,good,395
INV_0004021,WH_002,WH_002_COOL_163,SKU_00212,BATCH_0004021,2024-12-19,2026-08-22,2024-12-31,17,0,good,87
INV_0004022,WH_002,WH_002_COOL_091,SKU_00044,BATCH_0004022,2026-01-25,2027-12-08,2026-02-06,15,2,good,560
INV_0004023,WH_002,WH_002_COLD_038,SKU_00231,BATCH_0004023,2026-02-06,2027-02-06,2026-02-09,56,0,good,255
INV_0004024,WH_002,WH_002_AMBIENT_123,SKU_00115,BATCH_0004024,2026-04-17,2028-02-11,2026-04-22,39,10,good,625
INV_0004025,WH_001,WH_001_AMBIENT_046,SKU_00214,BATCH_0004025,2025-12-06,2028-03-09,2025-12-19,3,0,good,652
INV_0004026,WH_002,WH_002_COOL_167,SKU_00240,BATCH_0004026,2025-12-16,2026-09-28,2025-12-24,45,0,good,124
INV_0004027,WH_003,WH_003_AMBIENT_123,SKU_00097,BATCH_0004027,2024-06-04,2026-09-04,2024-06-16,14,0,good,100
INV_0004028,WH_001,WH_001_COOL_085,SKU_00162,BATCH_0004028,2026-02-23,2028-02-23,2026-02-27,56,9,good,637
INV_0004029,WH_001,WH_001_AMBIENT_055,SKU_00255,BATCH_0004029,2025-07-20,2026-08-06,2025-07-28,90,27,good,71
INV_0004030,WH_003,WH_003_COOL_126,SKU_00212,BATCH_0004030,2025-07-02,2027-03-05,2025-07-14,16,0,good,282
INV_0004031,WH_002,WH_002_COOL_040,SKU_00207,BATCH_0004031,2026-01-16,2027-01-22,2026-01-29,24,1,good,240
INV_0004032,WH_002,WH_002_AMBIENT_199,SKU_00214,BATCH_0004032,2025-04-16,2027-07-19,2025-04-28,7,0,good,418
INV_0004033,WH_001,WH_001_FROZEN_190,SKU_00284,BATCH_0004033,2025-11-28,2027-11-28,2025-12-05,71,0,good,550
INV_0004034,WH_002,WH_002_COLD_001,SKU_00229,BATCH_0004034,2026-02-26,2027-02-26,2026-03-10,9,0,good,275
INV_0004035,WH_002,WH_002_AMBIENT_104,SKU_00213,BATCH_0004035,2024-05-17,2026-09-29,2024-05-30,52,0,good,125
INV_0004036,WH_001,WH_001_COLD_137,SKU_00231,BATCH_0004036,2025-08-26,2026-08-26,2025-09-03,15,0,good,91
INV_0004037,WH_002,WH_002_COOL_164,SKU_00273,BATCH_0004037,2026-02-25,2027-10-05,2026-02-26,99,0,good,496
INV_0004038,WH_003,WH_003_AMBIENT_062,SKU_00147,BATCH_0004038,2025-07-15,2028-04-12,2025-07-26,7,0,good,686
INV_0004039,WH_003,WH_003_COOL_011,SKU_00121,BATCH_0004039,2025-09-01,2026-11-04,2025-09-04,21,0,good,161
INV_0004040,WH_003,WH_003_COOL_200,SKU_00072,BATCH_0004040,2025-04-09,2027-04-09,2025-04-10,1688,578,good,317
INV_0004041,WH_002,WH_002_AMBIENT_160,SKU_00230,BATCH_0004041,2025-08-14,2027-08-22,2025-08-25,8,0,good,452
INV_0004042,WH_002,WH_002_AMBIENT_157,SKU_00135,BATCH_0004042,2026-04-17,2027-04-17,2026-04-26,13,3,good,325
INV_0004043,WH_003,WH_003_COLD_113,SKU_00199,BATCH_0004043,2025-08-19,2026-08-19,2025-08-29,30,0,good,84
INV_0004044,WH_003,WH_003_AMBIENT_001,SKU_00004,BATCH_0004044,2025-08-11,2027-01-16,2025-08-22,5,0,good,234
INV_0004045,WH_003,WH_003_FROZEN_118,SKU_00197,BATCH_0004045,2026-03-07,2028-03-06,2026-03-11,15,3,good,649
INV_0004046,WH_002,WH_002_COOL_006,SKU_00161,BATCH_0004046,2025-06-06,2027-01-19,2025-06-09,14,0,good,237
INV_0004047,WH_001,WH_001_COOL_059,SKU_00227,BATCH_0004047,2025-01-14,2027-01-14,2025-01-23,63,2,good,232
INV_0004048,WH_002,WH_002_COOL_159,SKU_00167,BATCH_0004048,2025-12-19,2026-06-26,2025-12-28,77,1,good,30
INV_0004049,WH_001,WH_001_AMBIENT_032,SKU_00263,BATCH_0004049,2025-09-16,2027-07-05,2025-09-25,13,3,good,404
INV_0004050,WH_001,WH_001_COOL_054,SKU_00099,BATCH_0004050,2025-08-14,2027-01-24,2025-08-17,132,0,good,242
INV_0004051,WH_001,WH_001_AMBIENT_030,SKU_00190,BATCH_0004051,2025-02-02,2026-10-12,2025-02-07,13,0,good,138
INV_0004052,WH_002,WH_002_AMBIENT_074,SKU_00132,BATCH_0004052,2025-09-07,2026-09-07,2025-09-17,13,0,good,103
INV_0004053,WH_001,WH_001_COLD_099,SKU_00196,BATCH_0004053,2025-12-28,2026-07-18,2026-01-07,4,0,good,52
INV_0004054,WH_001,WH_001_AMBIENT_090,SKU_00203,BATCH_0004054,2024-11-28,2026-08-13,2024-11-29,86,0,good,78
INV_0004055,WH_002,WH_002_AMBIENT_186,SKU_00215,BATCH_0004055,2025-06-13,2026-11-27,2025-06-25,17,0,good,184
INV_0004056,WH_002,WH_002_COLD_068,SKU_00035,BATCH_0004056,2026-05-08,2026-10-12,2026-05-12,20,0,good,138
INV_0004057,WH_003,WH_003_COOL_105,SKU_00207,BATCH_0004057,2026-04-14,2027-04-20,2026-04-22,16,0,good,328
INV_0004058,WH_001,WH_001_AMBIENT_025,SKU_00102,BATCH_0004058,2024-08-16,2027-01-31,2024-08-29,12,0,good,249
INV_0004059,WH_001,WH_001_AMBIENT_127,SKU_00215,BATCH_0004059,2026-03-29,2027-09-12,2026-04-08,43,12,good,473
INV_0004060,WH_002,WH_002_AMBIENT_117,SKU_00172,BATCH_0004060,2025-02-02,2027-04-11,2025-02-15,25,0,good,319
INV_0004061,WH_003,WH_003_COLD_152,SKU_00085,BATCH_0004061,2025-08-14,2026-08-14,2025-08-23,6,0,good,79
INV_0004062,WH_002,WH_002_COLD_152,SKU_00251,BATCH_0004062,2026-05-20,2027-05-20,2026-05-26,10,0,good,358
INV_0004063,WH_002,WH_002_COOL_013,SKU_00099,BATCH_0004063,2025-07-23,2027-01-02,2025-08-03,3,0,good,220
INV_0004064,WH_003,WH_003_AMBIENT_200,SKU_00143,BATCH_0004064,2026-04-24,2027-04-24,2026-04-27,20,0,good,332
INV_0004065,WH_001,WH_001_AMBIENT_104,SKU_00056,BATCH_0004065,2025-11-17,2027-02-05,2025-11-25,153,0,good,254
INV_0004066,WH_002,WH_002_AMBIENT_192,SKU_00005,BATCH_0004066,2024-08-13,2026-09-24,2024-08-18,64,0,good,120
INV_0004067,WH_002,WH_002_COOL_098,SKU_00058,BATCH_0004067,2025-09-26,2026-07-22,2025-10-09,76,0,good,56
INV_0004068,WH_001,WH_001_AMBIENT_169,SKU_00122,BATCH_0004068,2024-08-04,2027-05-23,2024-08-08,19,0,good,361
INV_0004069,WH_002,WH_002_AMBIENT_121,SKU_00282,BATCH_0004069,2024-10-20,2027-03-04,2024-11-02,172,0,good,281
INV_0004070,WH_001,WH_001_COOL_054,SKU_00128,BATCH_0004070,2025-01-20,2027-01-20,2025-01-24,146,0,good,238
INV_0004071,WH_002,WH_002_COOL_023,SKU_00138,BATCH_0004071,2025-07-07,2027-05-17,2025-07-20,26,0,good,355
INV_0004072,WH_002,WH_002_COOL_171,SKU_00099,BATCH_0004072,2025-05-02,2026-10-12,2025-05-07,5,0,good,138
INV_0004073,WH_003,WH_003_AMBIENT_179,SKU_00141,BATCH_0004073,2026-01-31,2027-01-31,2026-02-06,5,0,good,249
INV_0004074,WH_001,WH_001_AMBIENT_190,SKU_00239,BATCH_0004074,2026-03-09,2027-03-09,2026-03-10,9,0,good,286
INV_0004075,WH_001,WH_001_COOL_135,SKU_00167,BATCH_0004075,2026-03-13,2026-09-18,2026-03-22,9,0,good,114
INV_0004076,WH_001,WH_001_AMBIENT_106,SKU_00108,BATCH_0004076,2024-10-15,2027-08-17,2024-10-27,114,0,good,447
INV_0004077,WH_001,WH_001_COOL_060,SKU_00245,BATCH_0004077,2025-09-02,2027-01-28,2025-09-12,77,0,good,246
INV_0004078,WH_002,WH_002_AMBIENT_029,SKU_00024,BATCH_0004078,2025-05-28,2027-02-27,2025-06-03,9,1,good,276
INV_0004079,WH_001,WH_001_AMBIENT_163,SKU_00071,BATCH_0004079,2024-05-05,2027-02-13,2024-05-09,110,0,good,262
INV_0004080,WH_002,WH_002_COOL_025,SKU_00041,BATCH_0004080,2025-04-19,2026-10-17,2025-04-20,1,0,good,143
INV_0004081,WH_001,WH_001_COOL_087,SKU_00010,BATCH_0004081,2026-01-06,2028-01-06,2026-01-11,21,0,good,589
INV_0004082,WH_002,WH_002_AMBIENT_017,SKU_00274,BATCH_0004082,2025-07-03,2026-07-03,2025-07-15,12,0,good,37
INV_0004083,WH_003,WH_003_AMBIENT_002,SKU_00215,BATCH_0004083,2025-09-11,2027-02-25,2025-09-12,4,0,good,274
INV_0004084,WH_002,WH_002_COOL_071,SKU_00295,BATCH_0004084,2025-04-25,2027-04-25,2025-05-08,59,0,good,333
INV_0004085,WH_003,WH_003_AMBIENT_159,SKU_00109,BATCH_0004085,2026-04-04,2027-04-29,2026-04-13,6,0,good,337
INV_0004086,WH_002,WH_002_COOL_019,SKU_00043,BATCH_0004086,2025-04-22,2027-04-22,2025-04-30,19,0,good,330
INV_0004087,WH_002,WH_002_COOL_048,SKU_00059,BATCH_0004087,2026-03-01,2028-02-03,2026-03-07,7,0,good,617
INV_0004088,WH_003,WH_003_AMBIENT_115,SKU_00135,BATCH_0004088,2026-02-26,2027-02-26,2026-03-02,198,0,good,275
INV_0004089,WH_003,WH_003_COOL_160,SKU_00243,BATCH_0004089,2025-09-01,2027-09-01,2025-09-14,65,1,good,462
INV_0004090,WH_001,WH_001_COOL_176,SKU_00272,BATCH_0004090,2026-05-25,2027-03-17,2026-05-30,11,0,good,294
INV_0004091,WH_001,WH_001_COLD_044,SKU_00229,BATCH_0004091,2026-02-15,2027-02-15,2026-02-26,95,0,good,264
INV_0004092,WH_002,WH_002_FROZEN_100,SKU_00201,BATCH_0004092,2026-01-30,2028-01-29,2026-02-06,19,0,good,612
INV_0004093,WH_003,WH_003_COOL_166,SKU_00112,BATCH_0004093,2025-05-05,2027-05-05,2025-05-07,48,1,good,343
INV_0004094,WH_002,WH_002_COOL_135,SKU_00140,BATCH_0004094,2026-03-15,2026-12-21,2026-03-18,11,0,good,208
INV_0004095,WH_002,WH_002_AMBIENT_105,SKU_00232,BATCH_0004095,2024-12-09,2026-08-28,2024-12-13,8,0,good,93
INV_0004096,WH_001,WH_001_COLD_094,SKU_00229,BATCH_0004096,2026-02-16,2027-02-16,2026-02-23,11,0,good,265
INV_0004097,WH_001,WH_001_COLD_053,SKU_00231,BATCH_0004097,2025-10-23,2026-10-23,2025-10-24,34,0,good,149
INV_0004098,WH_002,WH_002_COOL_136,SKU_00002,BATCH_0004098,2025-11-14,2027-11-14,2025-11-19,14,0,good,536
INV_0004099,WH_002,WH_002_FROZEN_176,SKU_00007,BATCH_0004099,2026-02-05,2026-08-17,2026-02-10,26,0,good,82
INV_0004100,WH_003,WH_003_AMBIENT_149,SKU_00052,BATCH_0004100,2025-01-14,2027-10-02,2025-01-27,11,0,good,493
INV_0004101,WH_002,WH_002_COOL_033,SKU_00270,BATCH_0004101,2025-12-09,2026-12-05,2025-12-16,5,0,good,192
INV_0004102,WH_002,WH_002_COLD_183,SKU_00127,BATCH_0004102,2026-02-25,2026-09-23,2026-03-10,47,0,good,119
INV_0004103,WH_002,WH_002_COLD_192,SKU_00256,BATCH_0004103,2025-12-22,2026-12-22,2025-12-23,1,0,good,209
INV_0004104,WH_001,WH_001_AMBIENT_140,SKU_00057,BATCH_0004104,2024-11-19,2027-05-04,2024-11-26,35,0,good,342
INV_0004105,WH_002,WH_002_COOL_179,SKU_00021,BATCH_0004105,2026-01-09,2026-10-28,2026-01-16,6,0,good,154
INV_0004106,WH_001,WH_001_AMBIENT_096,SKU_00177,BATCH_0004106,2026-03-12,2028-02-24,2026-03-15,46,0,good,638
INV_0004107,WH_003,WH_003_COOL_142,SKU_00187,BATCH_0004107,2026-01-15,2027-06-18,2026-01-17,42,0,good,387
INV_0004108,WH_002,WH_002_COOL_163,SKU_00079,BATCH_0004108,2025-06-13,2027-01-11,2025-06-14,26,0,good,229
INV_0004109,WH_002,WH_002_AMBIENT_009,SKU_00055,BATCH_0004109,2025-05-31,2026-10-04,2025-06-08,17,1,good,130
INV_0004110,WH_001,WH_001_AMBIENT_166,SKU_00108,BATCH_0004110,2024-12-06,2027-10-08,2024-12-10,13,3,good,499
INV_0004111,WH_001,WH_001_COLD_135,SKU_00068,BATCH_0004111,2026-04-14,2027-04-14,2026-04-23,39,0,good,322
INV_0004112,WH_003,WH_003_AMBIENT_110,SKU_00259,BATCH_0004112,2026-04-10,2028-03-28,2026-04-20,41,0,good,671
INV_0004113,WH_001,WH_001_COLD_021,SKU_00202,BATCH_0004113,2026-02-15,2026-07-07,2026-02-25,7,2,good,41
INV_0004114,WH_001,WH_001_COOL_067,SKU_00224,BATCH_0004114,2025-06-26,2026-08-16,2025-07-01,33,7,good,81
INV_0004115,WH_002,WH_002_AMBIENT_060,SKU_00073,BATCH_0004115,2026-03-18,2027-03-18,2026-03-31,5,1,good,295
INV_0004116,WH_001,WH_001_AMBIENT_155,SKU_00259,BATCH_0004116,2025-02-19,2027-02-07,2025-02-27,152,2,good,256
INV_0004117,WH_001,WH_001_AMBIENT_106,SKU_00200,BATCH_0004117,2025-03-18,2026-11-11,2025-03-26,14,3,good,168
INV_0004118,WH_003,WH_003_COLD_118,SKU_00082,BATCH_0004118,2026-02-09,2027-02-09,2026-02-12,33,0,good,258
INV_0004119,WH_003,WH_003_AMBIENT_166,SKU_00051,BATCH_0004119,2026-02-06,2027-02-23,2026-02-11,18,0,good,272
INV_0004120,WH_003,WH_003_AMBIENT_167,SKU_00198,BATCH_0004120,2026-02-12,2027-04-16,2026-02-14,5,0,good,324
INV_0004121,WH_003,WH_003_AMBIENT_134,SKU_00046,BATCH_0004121,2025-08-21,2026-08-21,2025-09-01,448,0,good,86
INV_0004122,WH_002,WH_002_FROZEN_058,SKU_00296,BATCH_0004122,2025-01-16,2027-01-16,2025-01-22,4,0,good,234
INV_0004123,WH_002,WH_002_AMBIENT_062,SKU_00279,BATCH_0004123,2025-04-12,2028-02-09,2025-04-23,45,0,good,623
INV_0004124,WH_002,WH_002_AMBIENT_020,SKU_00173,BATCH_0004124,2026-05-15,2028-04-26,2026-05-28,34,0,good,700
INV_0004125,WH_001,WH_001_COLD_064,SKU_00231,BATCH_0004125,2025-09-22,2026-09-22,2025-09-23,51,0,good,118
INV_0004126,WH_002,WH_002_AMBIENT_037,SKU_00113,BATCH_0004126,2025-11-18,2026-11-18,2025-11-27,39,0,good,175
INV_0004127,WH_001,WH_001_AMBIENT_060,SKU_00165,BATCH_0004127,2026-05-27,2027-08-01,2026-05-28,180,0,good,431
INV_0004128,WH_001,WH_001_AMBIENT_176,SKU_00103,BATCH_0004128,2025-08-07,2026-08-07,2025-08-18,10,3,good,72
INV_0004129,WH_001,WH_001_AMBIENT_024,SKU_00221,BATCH_0004129,2026-05-18,2027-05-18,2026-05-25,7,0,good,356
INV_0004130,WH_003,WH_003_COOL_048,SKU_00293,BATCH_0004130,2025-03-31,2027-03-31,2025-04-12,22,0,good,308
INV_0004131,WH_002,WH_002_AMBIENT_180,SKU_00288,BATCH_0004131,2024-09-19,2026-10-09,2024-09-21,18,0,good,135
INV_0004132,WH_001,WH_001_AMBIENT_070,SKU_00166,BATCH_0004132,2026-05-24,2027-12-03,2026-05-31,45,0,good,555
INV_0004133,WH_002,WH_002_AMBIENT_059,SKU_00017,BATCH_0004133,2026-04-20,2028-03-25,2026-04-22,13,2,good,668
INV_0004134,WH_002,WH_002_AMBIENT_176,SKU_00118,BATCH_0004134,2025-09-25,2026-09-25,2025-10-05,82,0,good,121
INV_0004135,WH_002,WH_002_AMBIENT_146,SKU_00051,BATCH_0004135,2025-11-25,2026-12-12,2025-12-06,40,0,good,199
INV_0004136,WH_002,WH_002_AMBIENT_009,SKU_00122,BATCH_0004136,2023-12-19,2026-10-06,2024-01-01,57,0,good,132
INV_0004137,WH_001,WH_001_AMBIENT_136,SKU_00108,BATCH_0004137,2025-02-20,2027-12-23,2025-03-02,27,0,good,575
INV_0004138,WH_001,WH_001_COOL_144,SKU_00087,BATCH_0004138,2025-04-25,2027-04-25,2025-05-07,20,0,good,333
INV_0004139,WH_003,WH_003_AMBIENT_198,SKU_00025,BATCH_0004139,2026-05-14,2027-05-14,2026-05-21,68,0,good,352
INV_0004140,WH_003,WH_003_AMBIENT_021,SKU_00103,BATCH_0004140,2025-12-28,2026-12-28,2025-12-31,36,0,good,215
INV_0004141,WH_003,WH_003_AMBIENT_151,SKU_00191,BATCH_0004141,2026-05-10,2028-11-27,2026-05-13,5,0,good,915
INV_0004142,WH_001,WH_001_AMBIENT_145,SKU_00124,BATCH_0004142,2025-04-21,2027-04-29,2025-04-26,27,0,good,337
INV_0004143,WH_001,WH_001_AMBIENT_200,SKU_00282,BATCH_0004143,2026-02-25,2028-07-09,2026-03-06,61,0,good,774
INV_0004144,WH_002,WH_002_FROZEN_017,SKU_00007,BATCH_0004144,2026-05-21,2026-11-30,2026-05-25,23,0,good,187
INV_0004145,WH_002,WH_002_COOL_158,SKU_00006,BATCH_0004145,2026-01-30,2028-01-30,2026-01-31,7,0,good,613
INV_0004146,WH_003,WH_003_AMBIENT_042,SKU_00048,BATCH_0004146,2026-01-21,2027-04-10,2026-01-24,15,0,good,318
INV_0004147,WH_002,WH_002_AMBIENT_060,SKU_00233,BATCH_0004147,2025-03-10,2026-10-20,2025-03-14,80,12,good,146
INV_0004148,WH_001,WH_001_COOL_134,SKU_00273,BATCH_0004148,2026-01-14,2027-08-24,2026-01-18,22,0,good,454
INV_0004149,WH_002,WH_002_AMBIENT_197,SKU_00160,BATCH_0004149,2024-09-16,2026-08-15,2024-09-23,2,0,good,80
INV_0004150,WH_003,WH_003_COOL_185,SKU_00117,BATCH_0004150,2026-03-14,2027-09-27,2026-03-23,5,0,good,488
INV_0004151,WH_002,WH_002_AMBIENT_043,SKU_00188,BATCH_0004151,2025-09-05,2026-09-05,2025-09-16,14,0,good,101
INV_0004152,WH_001,WH_001_AMBIENT_113,SKU_00160,BATCH_0004152,2024-09-13,2026-08-12,2024-09-15,77,0,good,77
INV_0004153,WH_001,WH_001_COOL_196,SKU_00167,BATCH_0004153,2026-05-24,2026-11-29,2026-06-06,11,0,good,186
INV_0004154,WH_001,WH_001_COLD_093,SKU_00300,BATCH_0004154,2025-10-19,2026-10-19,2025-10-30,23,7,good,145
INV_0004155,WH_003,WH_003_FROZEN_177,SKU_00032,BATCH_0004155,2025-10-21,2026-07-03,2025-10-31,3,0,good,37
INV_0004156,WH_002,WH_002_AMBIENT_126,SKU_00108,BATCH_0004156,2025-10-11,2028-08-12,2025-10-20,31,0,good,808
INV_0004157,WH_003,WH_003_COLD_044,SKU_00146,BATCH_0004157,2025-11-29,2026-11-29,2025-12-12,11,0,good,186
INV_0004158,WH_003,WH_003_AMBIENT_125,SKU_00215,BATCH_0004158,2026-03-12,2027-08-26,2026-03-23,39,7,good,456
INV_0004159,WH_002,WH_002_AMBIENT_200,SKU_00100,BATCH_0004159,2024-03-04,2026-10-18,2024-03-06,11,0,good,144
INV_0004160,WH_001,WH_001_AMBIENT_165,SKU_00246,BATCH_0004160,2026-02-11,2027-06-04,2026-02-12,1,0,good,373
INV_0004161,WH_003,WH_003_AMBIENT_095,SKU_00026,BATCH_0004161,2026-05-25,2027-12-21,2026-06-05,15,1,good,573
INV_0004162,WH_003,WH_003_AMBIENT_176,SKU_00278,BATCH_0004162,2025-02-12,2027-03-16,2025-02-23,42,0,good,293
INV_0004163,WH_003,WH_003_AMBIENT_183,SKU_00118,BATCH_0004163,2025-09-01,2026-09-01,2025-09-06,99,0,good,97
INV_0004164,WH_001,WH_001_COLD_043,SKU_00029,BATCH_0004164,2026-04-06,2027-04-06,2026-04-18,62,7,good,314
INV_0004165,WH_001,WH_001_COOL_045,SKU_00294,BATCH_0004165,2024-12-25,2026-12-25,2025-01-05,21,0,good,212
INV_0004166,WH_002,WH_002_COLD_075,SKU_00146,BATCH_0004166,2026-05-05,2027-05-05,2026-05-16,42,0,good,343
INV_0004167,WH_001,WH_001_AMBIENT_193,SKU_00195,BATCH_0004167,2025-05-25,2027-08-25,2025-05-31,99,12,good,455
INV_0004168,WH_003,WH_003_AMBIENT_156,SKU_00236,BATCH_0004168,2026-05-04,2027-08-21,2026-05-11,3,0,good,451
INV_0004169,WH_003,WH_003_COLD_103,SKU_00260,BATCH_0004169,2026-04-06,2027-04-06,2026-04-16,58,3,good,314
INV_0004170,WH_002,WH_002_AMBIENT_058,SKU_00250,BATCH_0004170,2025-04-10,2027-10-28,2025-04-16,79,0,good,519
INV_0004171,WH_001,WH_001_COOL_030,SKU_00240,BATCH_0004171,2026-02-26,2026-12-09,2026-03-02,6,0,good,196
INV_0004172,WH_003,WH_003_COLD_063,SKU_00085,BATCH_0004172,2025-08-19,2026-08-19,2025-08-23,54,0,good,84
INV_0004173,WH_001,WH_001_AMBIENT_188,SKU_00178,BATCH_0004173,2025-03-25,2027-01-11,2025-03-31,28,5,good,229
INV_0004174,WH_003,WH_003_COOL_091,SKU_00220,BATCH_0004174,2026-02-28,2026-10-29,2026-03-07,7,2,good,155
INV_0004175,WH_003,WH_003_COOL_022,SKU_00280,BATCH_0004175,2025-07-29,2027-07-29,2025-08-07,9,1,good,428
INV_0004176,WH_003,WH_003_COOL_048,SKU_00169,BATCH_0004176,2026-05-05,2027-05-12,2026-05-06,15,3,good,350
INV_0004177,WH_001,WH_001_COOL_066,SKU_00070,BATCH_0004177,2026-03-02,2028-03-01,2026-03-10,94,0,good,644
INV_0004178,WH_001,WH_001_COLD_068,SKU_00202,BATCH_0004178,2026-05-27,2026-10-16,2026-05-31,5,0,good,142
INV_0004179,WH_003,WH_003_AMBIENT_024,SKU_00160,BATCH_0004179,2024-09-28,2026-08-27,2024-10-06,9,0,good,92
INV_0004180,WH_002,WH_002_COLD_070,SKU_00068,BATCH_0004180,2026-04-20,2027-04-20,2026-04-23,14,0,good,328
INV_0004181,WH_002,WH_002_AMBIENT_143,SKU_00277,BATCH_0004181,2025-03-17,2027-02-28,2025-03-29,12,0,good,277
INV_0004182,WH_003,WH_003_COLD_054,SKU_00136,BATCH_0004182,2025-11-17,2026-08-16,2025-11-20,77,0,good,81
INV_0004183,WH_001,WH_001_COOL_141,SKU_00226,BATCH_0004183,2024-08-09,2026-08-09,2024-08-17,88,0,good,74
INV_0004184,WH_003,WH_003_COOL_028,SKU_00003,BATCH_0004184,2025-06-10,2027-06-10,2025-06-15,29,7,good,379
INV_0004185,WH_001,WH_001_AMBIENT_088,SKU_00188,BATCH_0004185,2026-02-22,2027-02-22,2026-02-25,30,0,good,271
INV_0004186,WH_001,WH_001_COLD_144,SKU_00047,BATCH_0004186,2025-08-17,2026-07-08,2025-08-18,71,0,good,42
INV_0004187,WH_001,WH_001_COLD_197,SKU_00134,BATCH_0004187,2025-08-05,2026-08-05,2025-08-09,40,9,good,70
INV_0004188,WH_003,WH_003_COOL_074,SKU_00298,BATCH_0004188,2025-09-15,2026-09-11,2025-09-17,10,0,good,107
INV_0004189,WH_002,WH_002_AMBIENT_120,SKU_00071,BATCH_0004189,2025-06-01,2028-03-11,2025-06-09,17,0,good,654
INV_0004190,WH_001,WH_001_AMBIENT_019,SKU_00262,BATCH_0004190,2025-08-08,2027-02-18,2025-08-17,2,0,good,267
INV_0004191,WH_003,WH_003_AMBIENT_079,SKU_00055,BATCH_0004191,2026-04-09,2027-08-13,2026-04-20,8,0,good,443
INV_0004192,WH_002,WH_002_COOL_158,SKU_00272,BATCH_0004192,2025-09-13,2026-07-06,2025-09-15,4,0,good,40
INV_0004193,WH_003,WH_003_COLD_177,SKU_00260,BATCH_0004193,2025-09-22,2026-09-22,2025-09-27,8,1,good,118
INV_0004194,WH_001,WH_001_AMBIENT_001,SKU_00009,BATCH_0004194,2025-05-30,2027-06-13,2025-06-08,257,0,good,382
INV_0004195,WH_002,WH_002_COOL_189,SKU_00010,BATCH_0004195,2024-08-27,2026-08-27,2024-09-07,50,0,good,92
INV_0004196,WH_001,WH_001_COOL_038,SKU_00059,BATCH_0004196,2026-04-25,2028-03-29,2026-05-06,45,0,good,672
INV_0004197,WH_002,WH_002_AMBIENT_107,SKU_00030,BATCH_0004197,2026-03-30,2028-08-09,2026-04-08,24,7,good,805
INV_0004198,WH_003,WH_003_AMBIENT_083,SKU_00250,BATCH_0004198,2025-08-21,2028-03-09,2025-08-30,14,1,good,652
INV_0004199,WH_002,WH_002_COLD_006,SKU_00202,BATCH_0004199,2026-01-22,2026-06-13,2026-01-29,9,0,good,17
INV_0004200,WH_002,WH_002_AMBIENT_145,SKU_00083,BATCH_0004200,2025-08-01,2026-08-01,2025-08-07,30,0,good,66
INV_0004201,WH_003,WH_003_COLD_013,SKU_00014,BATCH_0004201,2025-12-01,2026-11-27,2025-12-06,38,0,good,184
INV_0004202,WH_001,WH_001_AMBIENT_050,SKU_00017,BATCH_0004202,2025-04-04,2027-03-10,2025-04-07,85,0,good,287
INV_0004203,WH_001,WH_001_AMBIENT_090,SKU_00017,BATCH_0004203,2026-01-02,2027-12-08,2026-01-09,13,1,good,560
INV_0004204,WH_003,WH_003_COOL_138,SKU_00023,BATCH_0004204,2025-12-26,2027-12-26,2026-01-03,7,0,good,578
INV_0004205,WH_001,WH_001_AMBIENT_112,SKU_00268,BATCH_0004205,2025-09-21,2026-09-21,2025-10-01,39,0,good,117
INV_0004206,WH_001,WH_001_COOL_176,SKU_00021,BATCH_0004206,2026-05-15,2027-03-03,2026-05-26,5,0,good,280
INV_0004207,WH_003,WH_003_COOL_008,SKU_00226,BATCH_0004207,2025-06-06,2027-06-06,2025-06-19,16,0,good,375
INV_0004208,WH_002,WH_002_COOL_122,SKU_00031,BATCH_0004208,2025-08-17,2027-03-02,2025-08-30,180,0,good,279
INV_0004209,WH_003,WH_003_COLD_073,SKU_00069,BATCH_0004209,2025-11-19,2026-10-16,2025-11-29,24,0,good,142
INV_0004210,WH_001,WH_001_COOL_055,SKU_00210,BATCH_0004210,2024-11-22,2026-11-22,2024-11-25,5,0,good,179
INV_0004211,WH_001,WH_001_COOL_041,SKU_00128,BATCH_0004211,2026-04-06,2028-04-05,2026-04-11,17,0,good,679
INV_0004212,WH_003,WH_003_COOL_145,SKU_00074,BATCH_0004212,2024-08-20,2026-08-20,2024-08-26,109,0,good,85
INV_0004213,WH_003,WH_003_COOL_104,SKU_00280,BATCH_0004213,2025-01-06,2027-01-06,2025-01-12,18,1,good,224
INV_0004214,WH_001,WH_001_COOL_146,SKU_00023,BATCH_0004214,2025-11-28,2027-11-28,2025-12-11,91,0,good,550
INV_0004215,WH_001,WH_001_AMBIENT_011,SKU_00048,BATCH_0004215,2026-03-14,2027-06-01,2026-03-25,8,0,good,370
INV_0004216,WH_003,WH_003_AMBIENT_036,SKU_00160,BATCH_0004216,2024-10-01,2026-08-30,2024-10-04,206,0,good,95
INV_0004217,WH_001,WH_001_COLD_044,SKU_00204,BATCH_0004217,2026-01-14,2027-01-09,2026-01-26,5,0,good,227
INV_0004218,WH_003,WH_003_AMBIENT_028,SKU_00095,BATCH_0004218,2025-04-16,2027-08-04,2025-04-27,6,0,good,434
INV_0004219,WH_003,WH_003_AMBIENT_187,SKU_00022,BATCH_0004219,2025-09-14,2027-11-24,2025-09-16,16,0,good,546
INV_0004220,WH_003,WH_003_AMBIENT_066,SKU_00095,BATCH_0004220,2026-04-18,2028-08-05,2026-04-19,21,0,good,801
INV_0004221,WH_002,WH_002_AMBIENT_127,SKU_00019,BATCH_0004221,2024-10-11,2027-07-27,2024-10-23,51,0,good,426
INV_0004222,WH_001,WH_001_COOL_197,SKU_00023,BATCH_0004222,2025-03-08,2027-03-08,2025-03-20,10,0,good,285
INV_0004223,WH_002,WH_002_COLD_030,SKU_00127,BATCH_0004223,2026-01-16,2026-08-14,2026-01-26,74,0,good,79
INV_0004224,WH_003,WH_003_COOL_026,SKU_00169,BATCH_0004224,2025-08-29,2026-09-05,2025-09-11,6,0,good,101
INV_0004225,WH_002,WH_002_AMBIENT_182,SKU_00001,BATCH_0004225,2025-11-30,2027-07-02,2025-12-10,11,0,good,401
INV_0004226,WH_003,WH_003_COLD_061,SKU_00146,BATCH_0004226,2026-05-24,2027-05-24,2026-06-01,39,0,good,362
INV_0004227,WH_003,WH_003_FROZEN_107,SKU_00192,BATCH_0004227,2025-12-28,2026-08-27,2026-01-07,6,0,good,92
INV_0004228,WH_001,WH_001_COOL_182,SKU_00038,BATCH_0004228,2024-11-08,2026-08-06,2024-11-21,19,0,good,71
INV_0004229,WH_003,WH_003_COOL_145,SKU_00087,BATCH_0004229,2025-08-05,2027-08-05,2025-08-15,82,0,good,435
INV_0004230,WH_001,WH_001_COOL_044,SKU_00208,BATCH_0004230,2025-01-15,2027-01-15,2025-01-24,60,0,good,233
INV_0004231,WH_001,WH_001_COOL_044,SKU_00145,BATCH_0004231,2025-10-09,2027-01-30,2025-10-11,24,0,good,248
INV_0004232,WH_002,WH_002_COLD_084,SKU_00146,BATCH_0004232,2026-01-07,2027-01-07,2026-01-16,16,0,good,225
INV_0004233,WH_003,WH_003_AMBIENT_016,SKU_00109,BATCH_0004233,2025-09-23,2026-10-18,2025-09-30,38,1,good,144
INV_0004234,WH_001,WH_001_COOL_037,SKU_00280,BATCH_0004234,2025-07-24,2027-07-24,2025-07-26,52,0,good,423
INV_0004235,WH_001,WH_001_COLD_157,SKU_00106,BATCH_0004235,2025-11-27,2026-09-04,2025-11-30,8,0,good,100
INV_0004236,WH_001,WH_001_AMBIENT_180,SKU_00091,BATCH_0004236,2024-03-08,2026-10-09,2024-03-12,10,0,good,135
INV_0004237,WH_002,WH_002_COOL_172,SKU_00133,BATCH_0004237,2025-04-05,2027-02-03,2025-04-14,41,0,good,252
INV_0004238,WH_003,WH_003_AMBIENT_167,SKU_00225,BATCH_0004238,2026-02-20,2027-02-22,2026-02-26,21,0,good,271
INV_0004239,WH_003,WH_003_AMBIENT_036,SKU_00022,BATCH_0004239,2025-10-07,2027-12-17,2025-10-18,70,16,good,569
INV_0004240,WH_001,WH_001_AMBIENT_062,SKU_00057,BATCH_0004240,2024-09-12,2027-02-25,2024-09-22,8,0,good,274
INV_0004241,WH_001,WH_001_COOL_010,SKU_00226,BATCH_0004241,2025-09-14,2027-09-14,2025-09-15,47,0,good,475
INV_0004242,WH_003,WH_003_AMBIENT_106,SKU_00269,BATCH_0004242,2025-08-31,2026-12-31,2025-09-11,275,0,good,218
INV_0004243,WH_003,WH_003_COOL_062,SKU_00276,BATCH_0004243,2025-10-23,2027-07-24,2025-10-30,5,0,good,423
INV_0004244,WH_001,WH_001_AMBIENT_064,SKU_00050,BATCH_0004244,2026-05-03,2027-06-09,2026-05-05,39,5,good,378
INV_0004245,WH_002,WH_002_AMBIENT_028,SKU_00172,BATCH_0004245,2025-02-27,2027-05-06,2025-02-28,2,0,good,344
INV_0004246,WH_002,WH_002_AMBIENT_084,SKU_00282,BATCH_0004246,2025-05-11,2027-09-23,2025-05-24,2,0,good,484
INV_0004247,WH_003,WH_003_COOL_055,SKU_00142,BATCH_0004247,2026-03-04,2027-06-21,2026-03-16,55,0,good,390
INV_0004248,WH_001,WH_001_AMBIENT_017,SKU_00239,BATCH_0004248,2026-04-03,2027-04-03,2026-04-04,85,0,good,311
INV_0004249,WH_002,WH_002_AMBIENT_176,SKU_00186,BATCH_0004249,2025-12-14,2028-01-26,2025-12-16,66,0,good,609
INV_0004250,WH_003,WH_003_AMBIENT_055,SKU_00174,BATCH_0004250,2024-10-04,2027-02-11,2024-10-09,20,0,good,260
INV_0004251,WH_002,WH_002_COOL_090,SKU_00059,BATCH_0004251,2025-07-11,2027-06-15,2025-07-22,4,0,good,384
INV_0004252,WH_001,WH_001_COLD_071,SKU_00182,BATCH_0004252,2026-02-28,2026-11-07,2026-03-02,51,0,good,164
INV_0004253,WH_001,WH_001_FROZEN_044,SKU_00171,BATCH_0004253,2024-12-16,2026-11-26,2024-12-27,12,0,good,183
INV_0004254,WH_002,WH_002_COOL_066,SKU_00112,BATCH_0004254,2025-04-27,2027-04-27,2025-05-07,29,0,good,335
INV_0004255,WH_002,WH_002_COOL_015,SKU_00222,BATCH_0004255,2025-12-17,2026-09-12,2025-12-30,63,0,good,108
INV_0004256,WH_002,WH_002_AMBIENT_059,SKU_00267,BATCH_0004256,2024-08-27,2026-09-08,2024-09-04,42,0,good,104
INV_0004257,WH_002,WH_002_COOL_100,SKU_00272,BATCH_0004257,2025-10-17,2026-08-09,2025-10-25,26,0,good,74
INV_0004258,WH_003,WH_003_AMBIENT_053,SKU_00257,BATCH_0004258,2025-11-22,2027-05-21,2025-11-30,7,0,good,359
INV_0004259,WH_003,WH_003_COOL_149,SKU_00041,BATCH_0004259,2025-04-30,2026-10-28,2025-05-08,4,0,good,154
INV_0004260,WH_002,WH_002_COOL_061,SKU_00099,BATCH_0004260,2025-08-30,2027-02-09,2025-09-01,15,0,good,258
INV_0004261,WH_002,WH_002_AMBIENT_137,SKU_00188,BATCH_0004261,2025-07-14,2026-07-14,2025-07-19,11,0,good,48
INV_0004262,WH_002,WH_002_COLD_179,SKU_00252,BATCH_0004262,2025-12-22,2026-12-22,2025-12-28,1,0,good,209
INV_0004263,WH_003,WH_003_COOL_125,SKU_00041,BATCH_0004263,2025-09-14,2027-03-14,2025-09-20,17,5,good,291
INV_0004264,WH_002,WH_002_AMBIENT_138,SKU_00281,BATCH_0004264,2025-09-25,2026-09-25,2025-09-30,16,5,good,121
INV_0004265,WH_002,WH_002_COOL_038,SKU_00244,BATCH_0004265,2025-10-24,2027-05-27,2025-11-03,130,0,good,365
INV_0004266,WH_001,WH_001_AMBIENT_104,SKU_00057,BATCH_0004266,2026-04-29,2028-10-11,2026-05-05,10,3,good,868
INV_0004267,WH_001,WH_001_AMBIENT_110,SKU_00094,BATCH_0004267,2025-10-28,2028-01-20,2025-10-31,62,4,good,603
INV_0004268,WH_003,WH_003_AMBIENT_085,SKU_00075,BATCH_0004268,2025-07-15,2026-07-15,2025-07-24,86,0,good,49
INV_0004269,WH_001,WH_001_AMBIENT_135,SKU_00250,BATCH_0004269,2025-01-17,2027-08-06,2025-01-19,2,0,good,436
INV_0004270,WH_001,WH_001_AMBIENT_056,SKU_00217,BATCH_0004270,2024-11-12,2027-01-10,2024-11-21,23,0,good,228
INV_0004271,WH_003,WH_003_AMBIENT_145,SKU_00013,BATCH_0004271,2024-05-06,2027-03-01,2024-05-13,16,1,good,278
INV_0004272,WH_003,WH_003_COOL_184,SKU_00210,BATCH_0004272,2025-07-19,2027-07-19,2025-07-24,4,0,good,418
INV_0004273,WH_001,WH_001_COLD_010,SKU_00251,BATCH_0004273,2026-01-13,2027-01-13,2026-01-25,60,0,good,231
INV_0004274,WH_003,WH_003_COLD_151,SKU_00252,BATCH_0004274,2026-02-14,2027-02-14,2026-02-20,1,0,good,263
INV_0004275,WH_002,WH_002_AMBIENT_147,SKU_00286,BATCH_0004275,2025-08-14,2027-07-01,2025-08-22,8,0,good,400
INV_0004276,WH_003,WH_003_AMBIENT_007,SKU_00026,BATCH_0004276,2025-03-08,2026-10-04,2025-03-14,131,13,good,130
INV_0004277,WH_003,WH_003_COOL_064,SKU_00060,BATCH_0004277,2025-06-07,2027-06-07,2025-06-10,21,0,good,376
INV_0004278,WH_001,WH_001_AMBIENT_079,SKU_00236,BATCH_0004278,2026-05-19,2027-09-05,2026-05-20,8,3,good,466
INV_0004279,WH_001,WH_001_FROZEN_088,SKU_00171,BATCH_0004279,2024-11-13,2026-10-24,2024-11-25,4,0,good,150
INV_0004280,WH_003,WH_003_COOL_149,SKU_00212,BATCH_0004280,2025-12-17,2027-08-20,2025-12-23,131,1,good,450
INV_0004281,WH_003,WH_003_COOL_146,SKU_00295,BATCH_0004281,2026-02-17,2028-02-17,2026-03-02,4,0,good,631
INV_0004282,WH_002,WH_002_COOL_172,SKU_00243,BATCH_0004282,2024-09-06,2026-09-06,2024-09-08,30,0,good,102
INV_0004283,WH_002,WH_002_AMBIENT_063,SKU_00188,BATCH_0004283,2025-10-14,2026-10-14,2025-10-25,6,0,good,140
INV_0004284,WH_002,WH_002_COLD_189,SKU_00134,BATCH_0004284,2026-03-06,2027-03-06,2026-03-13,101,8,good,283
INV_0004285,WH_002,WH_002_AMBIENT_053,SKU_00281,BATCH_0004285,2025-10-31,2026-10-31,2025-11-07,30,0,good,157
INV_0004286,WH_003,WH_003_AMBIENT_127,SKU_00174,BATCH_0004286,2026-03-16,2028-07-23,2026-03-21,10,0,good,788
INV_0004287,WH_001,WH_001_AMBIENT_173,SKU_00218,BATCH_0004287,2025-04-28,2027-06-15,2025-05-10,29,0,good,384
INV_0004288,WH_002,WH_002_COLD_084,SKU_00136,BATCH_0004288,2026-02-09,2026-11-08,2026-02-12,8,1,good,165
INV_0004289,WH_001,WH_001_AMBIENT_136,SKU_00067,BATCH_0004289,2026-02-14,2028-02-20,2026-02-27,6,1,good,634
INV_0004290,WH_001,WH_001_AMBIENT_106,SKU_00178,BATCH_0004290,2026-05-25,2028-03-12,2026-06-06,18,6,good,655
INV_0004291,WH_002,WH_002_COOL_042,SKU_00121,BATCH_0004291,2025-08-13,2026-10-16,2025-08-19,31,0,good,142
INV_0004292,WH_002,WH_002_AMBIENT_076,SKU_00177,BATCH_0004292,2024-10-15,2026-09-29,2024-10-16,7,0,good,125
INV_0004293,WH_002,WH_002_COLD_187,SKU_00228,BATCH_0004293,2026-03-23,2027-01-18,2026-04-05,4,0,good,236
INV_0004294,WH_002,WH_002_COOL_078,SKU_00167,BATCH_0004294,2026-02-05,2026-08-13,2026-02-08,21,0,good,78
INV_0004295,WH_003,WH_003_COOL_004,SKU_00031,BATCH_0004295,2025-11-11,2027-05-27,2025-11-18,21,0,good,365
INV_0004296,WH_003,WH_003_COLD_061,SKU_00252,BATCH_0004296,2026-01-25,2027-01-25,2026-01-31,41,0,good,243
INV_0004297,WH_002,WH_002_FROZEN_169,SKU_00296,BATCH_0004297,2024-09-23,2026-09-23,2024-10-01,6,0,good,119
INV_0004298,WH_001,WH_001_AMBIENT_073,SKU_00153,BATCH_0004298,2026-05-14,2027-05-20,2026-05-21,26,10,good,358
INV_0004299,WH_002,WH_002_COOL_155,SKU_00207,BATCH_0004299,2025-10-24,2026-10-30,2025-10-26,1,0,good,156
INV_0004300,WH_002,WH_002_COOL_077,SKU_00206,BATCH_0004300,2025-09-04,2027-02-25,2025-09-12,13,1,good,274
INV_0004301,WH_003,WH_003_COOL_115,SKU_00043,BATCH_0004301,2024-08-16,2026-08-16,2024-08-17,1,0,good,81
INV_0004302,WH_002,WH_002_COLD_161,SKU_00256,BATCH_0004302,2025-09-15,2026-09-15,2025-09-19,7,0,good,111
INV_0004303,WH_002,WH_002_COOL_119,SKU_00184,BATCH_0004303,2025-05-13,2027-01-22,2025-05-25,11,0,good,240
INV_0004304,WH_002,WH_002_AMBIENT_175,SKU_00254,BATCH_0004304,2026-02-22,2027-02-22,2026-03-06,29,0,good,271
INV_0004305,WH_001,WH_001_COLD_109,SKU_00209,BATCH_0004305,2025-12-06,2026-07-17,2025-12-17,5,0,good,51
INV_0004306,WH_003,WH_003_AMBIENT_012,SKU_00019,BATCH_0004306,2024-05-05,2027-02-18,2024-05-18,122,8,good,267
INV_0004307,WH_003,WH_003_AMBIENT_134,SKU_00265,BATCH_0004307,2024-07-22,2026-10-18,2024-08-01,10,1,good,144
INV_0004308,WH_002,WH_002_AMBIENT_146,SKU_00028,BATCH_0004308,2025-11-04,2027-03-22,2025-11-11,28,0,good,299
INV_0004309,WH_002,WH_002_AMBIENT_142,SKU_00132,BATCH_0004309,2025-08-24,2026-08-24,2025-08-30,21,0,good,89
INV_0004310,WH_003,WH_003_COOL_125,SKU_00289,BATCH_0004310,2025-07-07,2026-08-06,2025-07-17,6,1,good,71
INV_0004311,WH_003,WH_003_AMBIENT_009,SKU_00203,BATCH_0004311,2025-03-11,2026-11-24,2025-03-14,5,0,good,181
INV_0004312,WH_001,WH_001_COLD_036,SKU_00092,BATCH_0004312,2026-03-27,2027-03-27,2026-04-05,34,0,good,304
INV_0004313,WH_001,WH_001_AMBIENT_184,SKU_00081,BATCH_0004313,2026-05-24,2027-11-26,2026-06-03,70,0,good,548
INV_0004314,WH_001,WH_001_AMBIENT_140,SKU_00102,BATCH_0004314,2025-03-23,2027-09-07,2025-03-27,50,2,good,468
INV_0004315,WH_001,WH_001_AMBIENT_101,SKU_00025,BATCH_0004315,2025-12-26,2026-12-26,2025-12-28,19,0,good,213
INV_0004316,WH_003,WH_003_AMBIENT_166,SKU_00122,BATCH_0004316,2026-02-22,2028-12-10,2026-02-25,68,0,good,928
INV_0004317,WH_003,WH_003_AMBIENT_032,SKU_00274,BATCH_0004317,2025-11-19,2026-11-19,2025-11-23,10,2,good,176
INV_0004318,WH_002,WH_002_COLD_142,SKU_00249,BATCH_0004318,2025-09-02,2026-08-02,2025-09-12,25,2,good,67
INV_0004319,WH_002,WH_002_COLD_023,SKU_00264,BATCH_0004319,2026-02-25,2026-07-15,2026-03-08,122,0,good,49
INV_0004320,WH_001,WH_001_COOL_093,SKU_00015,BATCH_0004320,2025-11-22,2027-08-12,2025-12-05,20,0,good,442
INV_0004321,WH_002,WH_002_AMBIENT_109,SKU_00071,BATCH_0004321,2025-03-03,2027-12-12,2025-03-14,69,0,good,564
INV_0004322,WH_002,WH_002_AMBIENT_176,SKU_00185,BATCH_0004322,2025-10-20,2026-10-20,2025-11-01,16,2,good,146
INV_0004323,WH_001,WH_001_COLD_069,SKU_00106,BATCH_0004323,2025-12-11,2026-09-18,2025-12-23,22,3,good,114
INV_0004324,WH_002,WH_002_AMBIENT_176,SKU_00234,BATCH_0004324,2026-02-24,2027-02-24,2026-03-03,19,4,good,273
INV_0004325,WH_001,WH_001_AMBIENT_029,SKU_00159,BATCH_0004325,2026-02-24,2027-02-24,2026-03-04,0,0,good,273
INV_0004326,WH_001,WH_001_AMBIENT_110,SKU_00258,BATCH_0004326,2026-02-13,2027-06-25,2026-02-18,1,0,good,394
INV_0004327,WH_001,WH_001_AMBIENT_061,SKU_00233,BATCH_0004327,2025-10-23,2027-06-04,2025-11-05,29,5,good,373
INV_0004328,WH_002,WH_002_COOL_072,SKU_00044,BATCH_0004328,2024-11-25,2026-10-08,2024-12-04,5,0,good,134
INV_0004329,WH_002,WH_002_AMBIENT_163,SKU_00254,BATCH_0004329,2026-04-02,2027-04-02,2026-04-10,42,0,good,310
INV_0004330,WH_002,WH_002_AMBIENT_191,SKU_00048,BATCH_0004330,2026-04-02,2027-06-20,2026-04-05,18,0,good,389
INV_0004331,WH_001,WH_001_AMBIENT_072,SKU_00176,BATCH_0004331,2025-10-12,2026-10-12,2025-10-22,51,0,good,138
INV_0004332,WH_003,WH_003_AMBIENT_046,SKU_00153,BATCH_0004332,2026-04-29,2027-05-05,2026-05-08,4,0,good,343
INV_0004333,WH_003,WH_003_AMBIENT_191,SKU_00230,BATCH_0004333,2026-05-07,2028-05-14,2026-05-13,13,0,good,718
INV_0004334,WH_003,WH_003_AMBIENT_043,SKU_00177,BATCH_0004334,2026-04-27,2028-04-10,2026-05-03,12,2,good,684
INV_0004335,WH_001,WH_001_AMBIENT_004,SKU_00194,BATCH_0004335,2025-12-06,2026-12-06,2025-12-12,11,0,good,193
INV_0004336,WH_003,WH_003_COOL_126,SKU_00293,BATCH_0004336,2025-03-24,2027-03-24,2025-04-06,25,0,good,301
INV_0004337,WH_003,WH_003_COOL_123,SKU_00121,BATCH_0004337,2025-05-07,2026-07-10,2025-05-11,2,0,good,44
INV_0004338,WH_003,WH_003_COOL_078,SKU_00289,BATCH_0004338,2026-03-25,2027-04-24,2026-03-31,44,0,good,332
INV_0004339,WH_003,WH_003_COLD_006,SKU_00123,BATCH_0004339,2026-03-05,2027-03-05,2026-03-06,21,0,good,282
INV_0004340,WH_003,WH_003_COLD_065,SKU_00149,BATCH_0004340,2026-02-18,2026-07-13,2026-02-25,278,0,good,47
INV_0004341,WH_001,WH_001_COOL_095,SKU_00072,BATCH_0004341,2025-01-31,2027-01-31,2025-02-04,18,5,good,249
INV_0004342,WH_003,WH_003_AMBIENT_060,SKU_00274,BATCH_0004342,2025-08-20,2026-08-20,2025-08-30,28,0,good,85
INV_0004343,WH_003,WH_003_AMBIENT_013,SKU_00263,BATCH_0004343,2025-05-22,2027-03-10,2025-06-02,65,8,good,287
INV_0004344,WH_002,WH_002_AMBIENT_200,SKU_00195,BATCH_0004344,2025-07-04,2027-10-04,2025-07-17,34,0,good,495
INV_0004345,WH_002,WH_002_AMBIENT_119,SKU_00250,BATCH_0004345,2024-08-26,2027-03-15,2024-08-28,83,0,good,292
INV_0004346,WH_001,WH_001_COOL_066,SKU_00295,BATCH_0004346,2025-02-16,2027-02-16,2025-02-17,1,0,good,265
INV_0004347,WH_002,WH_002_COLD_126,SKU_00182,BATCH_0004347,2026-04-15,2026-12-23,2026-04-18,206,0,good,210
INV_0004348,WH_003,WH_003_AMBIENT_114,SKU_00107,BATCH_0004348,2025-08-23,2026-08-23,2025-08-31,67,0,good,88
INV_0004349,WH_002,WH_002_AMBIENT_063,SKU_00102,BATCH_0004349,2025-11-04,2028-04-20,2025-11-15,17,0,good,694
INV_0004350,WH_002,WH_002_COOL_177,SKU_00128,BATCH_0004350,2025-10-06,2027-10-06,2025-10-12,39,0,good,497
INV_0004351,WH_002,WH_002_FROZEN_115,SKU_00216,BATCH_0004351,2026-03-06,2028-01-09,2026-03-07,44,0,good,592
INV_0004352,WH_003,WH_003_AMBIENT_135,SKU_00118,BATCH_0004352,2026-01-20,2027-01-20,2026-01-30,72,0,good,238
INV_0004353,WH_002,WH_002_AMBIENT_003,SKU_00004,BATCH_0004353,2025-06-30,2026-12-05,2025-07-01,27,0,good,192
INV_0004354,WH_003,WH_003_AMBIENT_041,SKU_00051,BATCH_0004354,2025-08-03,2026-08-20,2025-08-04,11,1,good,85
INV_0004355,WH_002,WH_002_COOL_111,SKU_00207,BATCH_0004355,2025-11-03,2026-11-09,2025-11-11,78,0,good,166
INV_0004356,WH_002,WH_002_AMBIENT_041,SKU_00009,BATCH_0004356,2025-11-16,2027-11-30,2025-11-23,18,0,good,552
INV_0004357,WH_001,WH_001_AMBIENT_107,SKU_00048,BATCH_0004357,2025-12-10,2027-02-27,2025-12-19,40,0,good,276
INV_0004358,WH_002,WH_002_AMBIENT_115,SKU_00143,BATCH_0004358,2025-11-10,2026-11-10,2025-11-20,9,0,good,167
INV_0004359,WH_001,WH_001_COLD_152,SKU_00096,BATCH_0004359,2025-07-29,2026-07-29,2025-08-08,35,1,good,63
INV_0004360,WH_002,WH_002_COOL_003,SKU_00212,BATCH_0004360,2025-10-26,2027-06-29,2025-10-28,280,0,good,398
INV_0004361,WH_001,WH_001_AMBIENT_177,SKU_00217,BATCH_0004361,2026-04-17,2028-06-14,2026-04-19,4,0,good,749
INV_0004362,WH_002,WH_002_COOL_028,SKU_00144,BATCH_0004362,2024-10-08,2026-09-29,2024-10-19,6,0,good,125
INV_0004363,WH_001,WH_001_COLD_062,SKU_00199,BATCH_0004363,2025-12-18,2026-12-18,2025-12-19,56,0,good,205
INV_0004364,WH_002,WH_002_AMBIENT_094,SKU_00075,BATCH_0004364,2025-12-12,2026-12-12,2025-12-15,30,3,good,199
INV_0004365,WH_002,WH_002_COOL_093,SKU_00295,BATCH_0004365,2026-03-28,2028-03-27,2026-04-05,94,0,good,670
INV_0004366,WH_003,WH_003_AMBIENT_124,SKU_00283,BATCH_0004366,2025-07-18,2026-07-18,2025-07-30,5,0,good,52
INV_0004367,WH_001,WH_001_COOL_049,SKU_00167,BATCH_0004367,2026-05-08,2026-11-13,2026-05-14,10,0,good,170
INV_0004368,WH_003,WH_003_AMBIENT_154,SKU_00075,BATCH_0004368,2025-12-28,2026-12-28,2026-01-05,5,0,good,215
INV_0004369,WH_001,WH_001_FROZEN_090,SKU_00284,BATCH_0004369,2024-12-24,2026-12-24,2025-01-02,27,0,good,211
INV_0004370,WH_003,WH_003_AMBIENT_003,SKU_00135,BATCH_0004370,2026-04-29,2027-04-29,2026-05-08,9,0,good,337
INV_0004371,WH_003,WH_003_COOL_002,SKU_00151,BATCH_0004371,2026-03-26,2027-09-30,2026-04-04,10,0,good,491
INV_0004372,WH_002,WH_002_COLD_190,SKU_00136,BATCH_0004372,2025-11-12,2026-08-11,2025-11-18,4,0,good,76
INV_0004373,WH_001,WH_001_COOL_019,SKU_00038,BATCH_0004373,2025-10-16,2027-07-14,2025-10-27,57,4,good,413
INV_0004374,WH_001,WH_001_AMBIENT_037,SKU_00008,BATCH_0004374,2025-08-24,2026-08-24,2025-09-06,15,0,good,89
INV_0004375,WH_001,WH_001_AMBIENT_086,SKU_00191,BATCH_0004375,2024-08-27,2027-03-17,2024-09-03,309,0,good,294
INV_0004376,WH_002,WH_002_AMBIENT_179,SKU_00048,BATCH_0004376,2025-04-24,2026-07-12,2025-05-03,4,0,good,46
INV_0004377,WH_002,WH_002_COOL_196,SKU_00074,BATCH_0004377,2026-05-02,2028-05-01,2026-05-09,8,0,good,705
INV_0004378,WH_001,WH_001_COOL_154,SKU_00138,BATCH_0004378,2025-10-02,2027-08-12,2025-10-07,13,0,good,442
INV_0004379,WH_002,WH_002_COOL_192,SKU_00212,BATCH_0004379,2025-12-15,2027-08-18,2025-12-21,49,0,good,448
INV_0004380,WH_001,WH_001_AMBIENT_198,SKU_00001,BATCH_0004380,2026-04-30,2027-11-30,2026-05-13,13,3,good,552
INV_0004381,WH_003,WH_003_FROZEN_173,SKU_00284,BATCH_0004381,2026-01-04,2028-01-04,2026-01-09,22,0,good,587
INV_0004382,WH_001,WH_001_AMBIENT_022,SKU_00009,BATCH_0004382,2024-08-21,2026-09-04,2024-08-30,13,0,good,100
INV_0004383,WH_002,WH_002_COOL_067,SKU_00015,BATCH_0004383,2025-08-20,2027-05-10,2025-08-22,19,1,good,348
INV_0004384,WH_001,WH_001_AMBIENT_061,SKU_00217,BATCH_0004384,2025-03-24,2027-05-22,2025-03-31,18,0,good,360
INV_0004385,WH_001,WH_001_COOL_017,SKU_00162,BATCH_0004385,2025-07-12,2027-07-12,2025-07-18,8,1,good,411
INV_0004386,WH_003,WH_003_AMBIENT_106,SKU_00194,BATCH_0004386,2025-11-30,2026-11-30,2025-12-01,14,0,good,187
INV_0004387,WH_003,WH_003_COOL_145,SKU_00121,BATCH_0004387,2025-05-09,2026-07-12,2025-05-19,108,0,good,46
INV_0004388,WH_001,WH_001_FROZEN_162,SKU_00201,BATCH_0004388,2025-04-17,2027-04-16,2025-04-23,22,0,good,324
INV_0004389,WH_001,WH_001_COLD_133,SKU_00256,BATCH_0004389,2026-05-24,2027-05-24,2026-06-05,78,0,good,362
INV_0004390,WH_001,WH_001_AMBIENT_027,SKU_00025,BATCH_0004390,2026-01-21,2027-01-21,2026-01-31,76,0,good,239
INV_0004391,WH_002,WH_002_AMBIENT_080,SKU_00186,BATCH_0004391,2026-05-24,2028-07-05,2026-05-28,17,0,good,770
INV_0004392,WH_001,WH_001_COOL_022,SKU_00006,BATCH_0004392,2025-07-08,2027-07-08,2025-07-15,5,0,good,407
INV_0004393,WH_002,WH_002_AMBIENT_080,SKU_00225,BATCH_0004393,2026-03-19,2027-03-21,2026-03-30,13,0,good,298
INV_0004394,WH_001,WH_001_COOL_155,SKU_00245,BATCH_0004394,2025-04-02,2026-08-28,2025-04-14,11,0,good,93
INV_0004395,WH_001,WH_001_COOL_042,SKU_00167,BATCH_0004395,2026-04-01,2026-10-07,2026-04-04,10,1,good,133
INV_0004396,WH_002,WH_002_AMBIENT_143,SKU_00283,BATCH_0004396,2025-12-12,2026-12-12,2025-12-22,11,0,good,199
INV_0004397,WH_001,WH_001_COOL_020,SKU_00020,BATCH_0004397,2024-12-27,2026-09-06,2025-01-05,97,0,good,102
INV_0004398,WH_001,WH_001_FROZEN_123,SKU_00192,BATCH_0004398,2026-01-02,2026-09-01,2026-01-03,6,0,good,97
INV_0004399,WH_003,WH_003_COOL_164,SKU_00006,BATCH_0004399,2024-10-25,2026-10-25,2024-11-03,29,0,good,151
INV_0004400,WH_002,WH_002_AMBIENT_194,SKU_00080,BATCH_0004400,2025-10-16,2028-03-01,2025-10-20,21,0,good,644
INV_0004401,WH_002,WH_002_COOL_028,SKU_00059,BATCH_0004401,2025-04-10,2027-03-15,2025-04-22,4,0,good,292
INV_0004402,WH_003,WH_003_AMBIENT_037,SKU_00242,BATCH_0004402,2025-10-15,2026-10-15,2025-10-28,59,20,good,141
INV_0004403,WH_001,WH_001_COOL_060,SKU_00226,BATCH_0004403,2026-01-07,2028-01-07,2026-01-08,17,0,good,590
INV_0004404,WH_001,WH_001_COOL_040,SKU_00015,BATCH_0004404,2025-11-21,2027-08-11,2025-11-22,3,0,good,441
INV_0004405,WH_002,WH_002_COLD_143,SKU_00204,BATCH_0004405,2026-03-07,2027-03-02,2026-03-19,33,3,good,279
INV_0004406,WH_002,WH_002_AMBIENT_118,SKU_00056,BATCH_0004406,2026-03-03,2027-05-22,2026-03-08,21,0,good,360
INV_0004407,WH_002,WH_002_AMBIENT_169,SKU_00051,BATCH_0004407,2025-06-20,2026-07-07,2025-06-29,26,0,good,41
INV_0004408,WH_003,WH_003_AMBIENT_027,SKU_00274,BATCH_0004408,2025-08-27,2026-08-27,2025-08-31,28,0,good,92
INV_0004409,WH_002,WH_002_AMBIENT_083,SKU_00080,BATCH_0004409,2024-05-30,2026-10-14,2024-06-03,64,14,good,140
INV_0004410,WH_002,WH_002_AMBIENT_012,SKU_00056,BATCH_0004410,2025-12-19,2027-03-09,2025-12-30,4,0,good,286
INV_0004411,WH_001,WH_001_AMBIENT_092,SKU_00174,BATCH_0004411,2025-09-01,2028-01-09,2025-09-09,9,0,good,592
INV_0004412,WH_003,WH_003_AMBIENT_189,SKU_00198,BATCH_0004412,2026-02-17,2027-04-21,2026-02-20,13,3,good,329
INV_0004413,WH_002,WH_002_COOL_027,SKU_00119,BATCH_0004413,2025-03-28,2026-07-22,2025-03-30,21,0,good,56
INV_0004414,WH_002,WH_002_COOL_187,SKU_00270,BATCH_0004414,2026-03-28,2027-03-24,2026-04-05,10,1,good,301
INV_0004415,WH_002,WH_002_AMBIENT_057,SKU_00120,BATCH_0004415,2025-07-27,2026-11-04,2025-07-31,17,0,good,161
INV_0004416,WH_003,WH_003_COOL_200,SKU_00002,BATCH_0004416,2025-07-18,2027-07-18,2025-07-28,75,15,good,417
INV_0004417,WH_002,WH_002_AMBIENT_030,SKU_00225,BATCH_0004417,2025-11-26,2026-11-28,2025-12-09,42,0,good,185
INV_0004418,WH_002,WH_002_AMBIENT_133,SKU_00100,BATCH_0004418,2025-07-27,2028-03-11,2025-07-28,12,0,good,654
INV_0004419,WH_002,WH_002_AMBIENT_192,SKU_00046,BATCH_0004419,2025-10-21,2026-10-21,2025-10-28,12,0,good,147
INV_0004420,WH_001,WH_001_AMBIENT_138,SKU_00126,BATCH_0004420,2025-12-16,2028-04-18,2025-12-18,24,0,good,692
INV_0004421,WH_001,WH_001_COOL_137,SKU_00099,BATCH_0004421,2026-04-30,2027-10-10,2026-05-07,8,2,good,501
INV_0004422,WH_002,WH_002_AMBIENT_152,SKU_00198,BATCH_0004422,2026-05-20,2027-07-22,2026-05-31,9,0,good,421
INV_0004423,WH_001,WH_001_AMBIENT_037,SKU_00120,BATCH_0004423,2025-06-05,2026-09-13,2025-06-10,16,0,good,109
INV_0004424,WH_002,WH_002_COOL_046,SKU_00280,BATCH_0004424,2024-10-09,2026-10-09,2024-10-20,12,0,good,135
INV_0004425,WH_001,WH_001_COLD_047,SKU_00045,BATCH_0004425,2026-03-28,2027-03-28,2026-04-04,44,0,good,305
INV_0004426,WH_003,WH_003_FROZEN_183,SKU_00201,BATCH_0004426,2026-01-24,2028-01-23,2026-02-04,6,0,good,606
INV_0004427,WH_002,WH_002_COOL_100,SKU_00139,BATCH_0004427,2024-08-30,2026-08-30,2024-09-12,1,0,good,95
INV_0004428,WH_001,WH_001_COOL_140,SKU_00208,BATCH_0004428,2024-09-10,2026-09-10,2024-09-20,8,0,good,106
INV_0004429,WH_002,WH_002_AMBIENT_125,SKU_00098,BATCH_0004429,2024-09-18,2027-04-22,2024-09-30,8,0,good,330
INV_0004430,WH_002,WH_002_AMBIENT_083,SKU_00056,BATCH_0004430,2025-12-28,2027-03-18,2025-12-29,16,0,good,295
INV_0004431,WH_002,WH_002_AMBIENT_149,SKU_00241,BATCH_0004431,2024-05-22,2026-11-16,2024-06-02,11,0,good,173
INV_0004432,WH_002,WH_002_COOL_141,SKU_00220,BATCH_0004432,2026-02-01,2026-10-02,2026-02-05,21,3,good,128
INV_0004433,WH_002,WH_002_COLD_016,SKU_00068,BATCH_0004433,2025-07-16,2026-07-16,2025-07-19,25,0,good,50
INV_0004434,WH_001,WH_001_COOL_003,SKU_00130,BATCH_0004434,2025-09-08,2027-09-08,2025-09-21,15,1,good,469
INV_0004435,WH_002,WH_002_COOL_144,SKU_00003,BATCH_0004435,2025-09-24,2027-09-24,2025-10-01,5,1,good,485
INV_0004436,WH_002,WH_002_COOL_179,SKU_00020,BATCH_0004436,2025-01-15,2026-09-25,2025-01-17,37,0,good,121
INV_0004437,WH_002,WH_002_COOL_124,SKU_00117,BATCH_0004437,2025-02-19,2026-09-04,2025-02-20,8,1,good,100
INV_0004438,WH_001,WH_001_AMBIENT_065,SKU_00166,BATCH_0004438,2026-04-26,2027-11-05,2026-04-27,36,0,good,527
INV_0004439,WH_003,WH_003_COLD_058,SKU_00231,BATCH_0004439,2025-12-09,2026-12-09,2025-12-18,49,0,good,196
INV_0004440,WH_001,WH_001_AMBIENT_088,SKU_00075,BATCH_0004440,2026-05-01,2027-05-01,2026-05-12,28,0,good,339
INV_0004441,WH_002,WH_002_COLD_022,SKU_00204,BATCH_0004441,2026-01-30,2027-01-25,2026-02-11,350,0,good,243
INV_0004442,WH_003,WH_003_AMBIENT_050,SKU_00156,BATCH_0004442,2024-06-14,2026-11-17,2024-06-26,7,0,good,174
INV_0004443,WH_002,WH_002_AMBIENT_076,SKU_00286,BATCH_0004443,2026-04-23,2028-03-09,2026-04-24,2,0,good,652
INV_0004444,WH_001,WH_001_AMBIENT_157,SKU_00269,BATCH_0004444,2025-05-06,2026-09-05,2025-05-10,23,0,good,101
INV_0004445,WH_001,WH_001_AMBIENT_198,SKU_00091,BATCH_0004445,2025-11-25,2028-06-27,2025-12-01,14,0,good,762
INV_0004446,WH_003,WH_003_AMBIENT_077,SKU_00132,BATCH_0004446,2025-07-23,2026-07-23,2025-07-27,23,4,good,57
INV_0004447,WH_002,WH_002_AMBIENT_062,SKU_00186,BATCH_0004447,2024-12-19,2027-01-31,2024-12-20,6,0,good,249
INV_0004448,WH_003,WH_003_AMBIENT_146,SKU_00242,BATCH_0004448,2025-09-13,2026-09-13,2025-09-22,2,0,good,109
INV_0004449,WH_003,WH_003_AMBIENT_157,SKU_00190,BATCH_0004449,2025-11-08,2027-07-18,2025-11-13,12,0,good,417
INV_0004450,WH_003,WH_003_AMBIENT_065,SKU_00258,BATCH_0004450,2025-03-28,2026-08-07,2025-04-08,179,23,good,72
INV_0004451,WH_003,WH_003_AMBIENT_199,SKU_00254,BATCH_0004451,2025-11-05,2026-11-05,2025-11-12,11,0,good,162
INV_0004452,WH_002,WH_002_COOL_187,SKU_00224,BATCH_0004452,2025-07-05,2026-08-25,2025-07-11,117,0,good,90
INV_0004453,WH_001,WH_001_AMBIENT_148,SKU_00259,BATCH_0004453,2025-04-09,2027-03-28,2025-04-15,154,0,good,305
INV_0004454,WH_003,WH_003_AMBIENT_024,SKU_00299,BATCH_0004454,2026-01-20,2027-09-12,2026-01-29,3,0,good,473
INV_0004455,WH_002,WH_002_COLD_025,SKU_00154,BATCH_0004455,2026-01-15,2026-06-11,2026-01-19,5,0,good,15
INV_0004456,WH_002,WH_002_AMBIENT_156,SKU_00122,BATCH_0004456,2025-12-28,2028-10-15,2026-01-09,24,0,good,872
INV_0004457,WH_003,WH_003_COOL_071,SKU_00131,BATCH_0004457,2024-11-06,2026-09-05,2024-11-11,4,0,good,101
INV_0004458,WH_003,WH_003_FROZEN_145,SKU_00171,BATCH_0004458,2026-04-25,2028-04-04,2026-05-02,82,13,good,678
INV_0004459,WH_003,WH_003_COLD_184,SKU_00068,BATCH_0004459,2025-10-15,2026-10-15,2025-10-18,7,0,good,141
INV_0004460,WH_003,WH_003_COOL_033,SKU_00059,BATCH_0004460,2024-09-14,2026-08-19,2024-09-26,25,0,good,84
INV_0004461,WH_001,WH_001_COOL_101,SKU_00224,BATCH_0004461,2025-09-24,2026-11-14,2025-09-26,25,0,good,171
INV_0004462,WH_001,WH_001_AMBIENT_167,SKU_00174,BATCH_0004462,2026-02-06,2028-06-15,2026-02-13,22,0,good,750
INV_0004463,WH_003,WH_003_COOL_122,SKU_00117,BATCH_0004463,2026-03-24,2027-10-07,2026-03-30,15,0,good,498
INV_0004464,WH_001,WH_001_AMBIENT_124,SKU_00025,BATCH_0004464,2026-04-14,2027-04-14,2026-04-16,62,0,good,322
INV_0004465,WH_002,WH_002_FROZEN_032,SKU_00189,BATCH_0004465,2025-05-10,2027-05-10,2025-05-17,10,0,good,348
INV_0004466,WH_001,WH_001_AMBIENT_042,SKU_00225,BATCH_0004466,2026-01-25,2027-01-27,2026-01-27,30,3,good,245
INV_0004467,WH_001,WH_001_COOL_173,SKU_00117,BATCH_0004467,2025-08-06,2027-02-19,2025-08-12,2,0,good,268
INV_0004468,WH_003,WH_003_COOL_067,SKU_00112,BATCH_0004468,2025-08-26,2027-08-26,2025-09-07,9,3,good,456
INV_0004469,WH_002,WH_002_COLD_098,SKU_00249,BATCH_0004469,2026-01-08,2026-12-08,2026-01-12,138,0,good,195
INV_0004470,WH_001,WH_001_COLD_134,SKU_00029,BATCH_0004470,2025-11-29,2026-11-29,2025-12-04,44,0,good,186
INV_0004471,WH_003,WH_003_AMBIENT_087,SKU_00153,BATCH_0004471,2025-07-03,2026-07-09,2025-07-04,7,0,good,43
INV_0004472,WH_001,WH_001_FROZEN_091,SKU_00192,BATCH_0004472,2026-04-19,2026-12-17,2026-04-27,29,0,good,204
INV_0004473,WH_002,WH_002_AMBIENT_161,SKU_00107,BATCH_0004473,2026-02-06,2027-02-06,2026-02-19,29,0,good,255
INV_0004474,WH_002,WH_002_COOL_169,SKU_00130,BATCH_0004474,2025-09-15,2027-09-15,2025-09-20,3,0,good,476
INV_0004475,WH_002,WH_002_COOL_168,SKU_00167,BATCH_0004475,2025-12-18,2026-06-25,2025-12-26,6,0,good,29
INV_0004476,WH_002,WH_002_AMBIENT_063,SKU_00268,BATCH_0004476,2026-04-04,2027-04-04,2026-04-06,40,0,good,312
INV_0004477,WH_003,WH_003_COLD_008,SKU_00090,BATCH_0004477,2026-04-12,2026-09-07,2026-04-20,38,0,good,103
INV_0004478,WH_001,WH_001_AMBIENT_177,SKU_00297,BATCH_0004478,2025-05-15,2026-12-01,2025-05-17,66,0,good,188
INV_0004479,WH_002,WH_002_COOL_067,SKU_00224,BATCH_0004479,2025-12-16,2027-02-05,2025-12-25,14,2,good,254
INV_0004480,WH_002,WH_002_COOL_119,SKU_00044,BATCH_0004480,2025-08-30,2027-07-13,2025-09-02,4,0,good,412
INV_0004481,WH_002,WH_002_AMBIENT_106,SKU_00279,BATCH_0004481,2025-03-25,2028-01-22,2025-03-27,8,2,good,605
INV_0004482,WH_003,WH_003_AMBIENT_195,SKU_00143,BATCH_0004482,2025-08-31,2026-08-31,2025-09-09,8,0,good,96
INV_0004483,WH_001,WH_001_AMBIENT_191,SKU_00297,BATCH_0004483,2026-04-08,2027-10-25,2026-04-16,4,0,good,516
INV_0004484,WH_001,WH_001_COLD_067,SKU_00110,BATCH_0004484,2026-02-20,2026-09-30,2026-03-03,7,0,good,126
INV_0004485,WH_001,WH_001_AMBIENT_013,SKU_00262,BATCH_0004485,2025-04-25,2026-11-05,2025-05-07,1,0,good,162
INV_0004486,WH_001,WH_001_COOL_168,SKU_00058,BATCH_0004486,2026-03-10,2027-01-03,2026-03-23,11,0,good,221
INV_0004487,WH_001,WH_001_AMBIENT_062,SKU_00148,BATCH_0004487,2024-06-09,2026-12-04,2024-06-19,29,0,good,191
INV_0004488,WH_002,WH_002_AMBIENT_085,SKU_00160,BATCH_0004488,2025-01-07,2026-12-06,2025-01-17,45,0,good,193
INV_0004489,WH_001,WH_001_AMBIENT_008,SKU_00036,BATCH_0004489,2025-07-05,2026-10-06,2025-07-18,154,0,good,132
INV_0004490,WH_003,WH_003_AMBIENT_101,SKU_00160,BATCH_0004490,2025-05-29,2027-04-27,2025-06-11,14,0,good,335
INV_0004491,WH_001,WH_001_COOL_182,SKU_00023,BATCH_0004491,2026-01-05,2028-01-05,2026-01-16,3,0,good,588
INV_0004492,WH_001,WH_001_AMBIENT_027,SKU_00046,BATCH_0004492,2025-12-06,2026-12-06,2025-12-12,5,1,good,193
INV_0004493,WH_002,WH_002_AMBIENT_183,SKU_00009,BATCH_0004493,2025-01-11,2027-01-25,2025-01-16,15,4,good,243
INV_0004494,WH_002,WH_002_COLD_010,SKU_00193,BATCH_0004494,2026-01-20,2026-12-20,2026-01-22,35,0,good,207
INV_0004495,WH_002,WH_002_AMBIENT_117,SKU_00062,BATCH_0004495,2025-11-10,2027-11-01,2025-11-23,12,0,good,523
INV_0004496,WH_003,WH_003_AMBIENT_007,SKU_00179,BATCH_0004496,2026-03-22,2027-03-22,2026-03-26,3,0,good,299
INV_0004497,WH_001,WH_001_AMBIENT_012,SKU_00097,BATCH_0004497,2024-08-09,2026-11-09,2024-08-17,31,7,good,166
INV_0004498,WH_002,WH_002_COOL_048,SKU_00060,BATCH_0004498,2025-01-31,2027-01-31,2025-02-08,35,2,good,249
INV_0004499,WH_002,WH_002_AMBIENT_039,SKU_00150,BATCH_0004499,2026-04-03,2027-06-19,2026-04-13,76,0,good,388
INV_0004500,WH_001,WH_001_COOL_057,SKU_00072,BATCH_0004500,2025-10-07,2027-10-07,2025-10-13,56,20,good,498
INV_0004501,WH_002,WH_002_AMBIENT_153,SKU_00124,BATCH_0004501,2025-01-28,2027-02-05,2025-02-08,155,0,good,254
INV_0004502,WH_002,WH_002_AMBIENT_017,SKU_00143,BATCH_0004502,2026-05-23,2027-05-23,2026-05-28,24,8,good,361
INV_0004503,WH_001,WH_001_COOL_135,SKU_00111,BATCH_0004503,2025-09-18,2026-09-26,2025-09-21,11,0,good,122
INV_0004504,WH_003,WH_003_COLD_023,SKU_00014,BATCH_0004504,2025-12-30,2026-12-26,2026-01-11,7,0,good,213
INV_0004505,WH_001,WH_001_AMBIENT_172,SKU_00176,BATCH_0004505,2025-11-02,2026-11-02,2025-11-10,9,0,good,159
INV_0004506,WH_003,WH_003_COLD_141,SKU_00110,BATCH_0004506,2026-03-11,2026-10-19,2026-03-14,2,0,good,145
INV_0004507,WH_001,WH_001_COOL_164,SKU_00089,BATCH_0004507,2025-06-26,2026-09-24,2025-07-02,41,0,good,120
INV_0004508,WH_002,WH_002_COOL_069,SKU_00074,BATCH_0004508,2025-01-18,2027-01-18,2025-01-27,3,0,good,236
INV_0004509,WH_001,WH_001_AMBIENT_016,SKU_00195,BATCH_0004509,2024-05-28,2026-08-28,2024-05-30,13,5,good,93
INV_0004510,WH_001,WH_001_COOL_130,SKU_00038,BATCH_0004510,2025-11-26,2027-08-24,2025-11-30,15,1,good,454
INV_0004511,WH_002,WH_002_COLD_106,SKU_00183,BATCH_0004511,2025-11-25,2026-11-25,2025-12-02,4,0,good,182
INV_0004512,WH_001,WH_001_AMBIENT_171,SKU_00255,BATCH_0004512,2025-07-15,2026-08-01,2025-07-17,23,0,good,66
INV_0004513,WH_002,WH_002_AMBIENT_155,SKU_00190,BATCH_0004513,2025-01-02,2026-09-11,2025-01-15,20,3,good,107
INV_0004514,WH_001,WH_001_COOL_187,SKU_00261,BATCH_0004514,2025-09-22,2026-10-07,2025-09-26,6,0,good,133
INV_0004515,WH_001,WH_001_COOL_177,SKU_00002,BATCH_0004515,2026-05-23,2028-05-22,2026-05-29,158,0,good,726
INV_0004516,WH_003,WH_003_AMBIENT_095,SKU_00108,BATCH_0004516,2024-11-22,2027-09-24,2024-11-29,5,0,good,485
INV_0004517,WH_001,WH_001_AMBIENT_012,SKU_00063,BATCH_0004517,2026-05-27,2027-10-03,2026-05-31,16,0,good,494
INV_0004518,WH_002,WH_002_AMBIENT_178,SKU_00246,BATCH_0004518,2026-02-27,2027-06-20,2026-03-07,31,0,good,389
INV_0004519,WH_002,WH_002_COOL_018,SKU_00006,BATCH_0004519,2025-05-23,2027-05-23,2025-06-03,19,0,good,361
INV_0004520,WH_003,WH_003_AMBIENT_072,SKU_00299,BATCH_0004520,2025-07-05,2027-02-25,2025-07-18,9,0,good,274
INV_0004521,WH_003,WH_003_COOL_045,SKU_00070,BATCH_0004521,2024-12-04,2026-12-04,2024-12-12,13,0,good,191
INV_0004522,WH_001,WH_001_COLD_005,SKU_00264,BATCH_0004522,2026-03-30,2026-08-17,2026-04-01,20,0,good,82
INV_0004523,WH_003,WH_003_COOL_138,SKU_00041,BATCH_0004523,2026-01-16,2027-07-16,2026-01-19,2,0,good,415
INV_0004524,WH_003,WH_003_FROZEN_100,SKU_00197,BATCH_0004524,2026-01-02,2028-01-02,2026-01-08,13,3,good,585
INV_0004525,WH_002,WH_002_AMBIENT_038,SKU_00159,BATCH_0004525,2025-10-12,2026-10-12,2025-10-21,5,0,good,138
INV_0004526,WH_002,WH_002_AMBIENT_178,SKU_00239,BATCH_0004526,2026-04-11,2027-04-11,2026-04-17,4,0,good,319
INV_0004527,WH_002,WH_002_AMBIENT_033,SKU_00081,BATCH_0004527,2025-01-25,2026-07-30,2025-01-30,8,0,good,64
INV_0004528,WH_001,WH_001_COOL_096,SKU_00210,BATCH_0004528,2024-10-02,2026-10-02,2024-10-07,13,1,good,128
INV_0004529,WH_001,WH_001_COOL_058,SKU_00184,BATCH_0004529,2025-12-12,2027-08-23,2025-12-15,2,0,good,453
INV_0004530,WH_003,WH_003_AMBIENT_160,SKU_00292,BATCH_0004530,2026-04-16,2027-09-05,2026-04-26,113,0,good,466
INV_0004531,WH_001,WH_001_AMBIENT_153,SKU_00225,BATCH_0004531,2026-02-01,2027-02-03,2026-02-03,129,0,good,252
INV_0004532,WH_001,WH_001_FROZEN_032,SKU_00171,BATCH_0004532,2026-03-26,2028-03-05,2026-03-30,168,0,good,648
INV_0004533,WH_001,WH_001_COOL_065,SKU_00266,BATCH_0004533,2025-12-01,2027-07-30,2025-12-03,7,0,good,429
INV_0004534,WH_001,WH_001_AMBIENT_068,SKU_00178,BATCH_0004534,2025-11-06,2027-08-25,2025-11-16,7,0,good,455
INV_0004535,WH_001,WH_001_COLD_028,SKU_00127,BATCH_0004535,2026-04-20,2026-11-16,2026-04-30,4,0,good,173
INV_0004536,WH_002,WH_002_AMBIENT_139,SKU_00265,BATCH_0004536,2024-11-18,2027-02-14,2024-11-22,3,0,good,263
INV_0004537,WH_003,WH_003_AMBIENT_058,SKU_00008,BATCH_0004537,2025-08-20,2026-08-20,2025-08-30,24,0,good,85
INV_0004538,WH_002,WH_002_COLD_124,SKU_00096,BATCH_0004538,2025-07-05,2026-07-05,2025-07-14,28,0,good,39
INV_0004539,WH_003,WH_003_AMBIENT_145,SKU_00156,BATCH_0004539,2024-11-17,2027-04-22,2024-11-20,27,0,good,330
INV_0004540,WH_002,WH_002_AMBIENT_018,SKU_00291,BATCH_0004540,2025-06-11,2026-12-15,2025-06-19,32,9,good,202
INV_0004541,WH_002,WH_002_COOL_082,SKU_00043,BATCH_0004541,2026-05-22,2028-05-21,2026-05-26,22,0,good,725
INV_0004542,WH_002,WH_002_COLD_039,SKU_00014,BATCH_0004542,2026-02-11,2027-02-07,2026-02-24,51,14,good,256
INV_0004543,WH_003,WH_003_AMBIENT_069,SKU_00269,BATCH_0004543,2026-05-11,2027-09-10,2026-05-12,9,0,good,471
INV_0004544,WH_003,WH_003_AMBIENT_061,SKU_00118,BATCH_0004544,2025-08-14,2026-08-14,2025-08-17,14,0,good,79
INV_0004545,WH_001,WH_001_AMBIENT_145,SKU_00292,BATCH_0004545,2025-09-22,2027-02-11,2025-09-30,78,0,good,260
INV_0004546,WH_001,WH_001_FROZEN_102,SKU_00192,BATCH_0004546,2026-04-26,2026-12-24,2026-05-05,77,0,good,211
INV_0004547,WH_003,WH_003_AMBIENT_183,SKU_00190,BATCH_0004547,2026-01-20,2027-09-29,2026-01-28,16,0,good,490
INV_0004548,WH_001,WH_001_FROZEN_039,SKU_00284,BATCH_0004548,2025-09-02,2027-09-02,2025-09-10,6,1,good,463
INV_0004549,WH_002,WH_002_AMBIENT_159,SKU_00083,BATCH_0004549,2026-05-07,2027-05-07,2026-05-15,16,0,good,345
INV_0004550,WH_003,WH_003_COLD_042,SKU_00045,BATCH_0004550,2025-07-08,2026-07-08,2025-07-20,20,0,good,42
INV_0004551,WH_003,WH_003_COOL_050,SKU_00280,BATCH_0004551,2025-02-07,2027-02-07,2025-02-15,28,0,good,256
INV_0004552,WH_001,WH_001_AMBIENT_179,SKU_00194,BATCH_0004552,2025-09-05,2026-09-05,2025-09-09,6,0,good,101
INV_0004553,WH_003,WH_003_COLD_194,SKU_00045,BATCH_0004553,2026-03-24,2027-03-24,2026-03-27,3,0,good,301
INV_0004554,WH_001,WH_001_FROZEN_054,SKU_00032,BATCH_0004554,2025-10-12,2026-06-24,2025-10-23,27,10,near_expiry,28
INV_0004555,WH_001,WH_001_COLD_040,SKU_00127,BATCH_0004555,2026-04-05,2026-11-01,2026-04-06,13,0,good,158
INV_0004556,WH_001,WH_001_COOL_168,SKU_00010,BATCH_0004556,2025-05-23,2027-05-23,2025-05-30,65,0,good,361
INV_0004557,WH_002,WH_002_AMBIENT_084,SKU_00018,BATCH_0004557,2026-02-16,2027-06-18,2026-02-18,4,0,good,387
INV_0004558,WH_003,WH_003_COLD_006,SKU_00123,BATCH_0004558,2025-10-11,2026-10-11,2025-10-14,68,0,good,137
INV_0004559,WH_003,WH_003_COOL_045,SKU_00121,BATCH_0004559,2025-05-31,2026-08-03,2025-06-09,475,0,good,68
INV_0004560,WH_003,WH_003_COOL_161,SKU_00181,BATCH_0004560,2025-07-11,2026-07-17,2025-07-19,10,0,good,51
INV_0004561,WH_002,WH_002_AMBIENT_005,SKU_00242,BATCH_0004561,2025-07-05,2026-07-05,2025-07-14,172,0,good,39
INV_0004562,WH_001,WH_001_COLD_056,SKU_00300,BATCH_0004562,2026-05-27,2027-05-27,2026-05-29,7,0,good,365
INV_0004563,WH_002,WH_002_COLD_190,SKU_00090,BATCH_0004563,2026-02-14,2026-07-12,2026-02-27,42,2,good,46
INV_0004564,WH_003,WH_003_AMBIENT_038,SKU_00057,BATCH_0004564,2026-03-01,2028-08-13,2026-03-03,10,1,good,809
INV_0004565,WH_002,WH_002_COLD_032,SKU_00237,BATCH_0004565,2025-09-12,2026-09-12,2025-09-25,12,0,good,108
INV_0004566,WH_002,WH_002_COOL_001,SKU_00002,BATCH_0004566,2026-02-24,2028-02-24,2026-02-26,19,2,good,638
INV_0004567,WH_002,WH_002_AMBIENT_026,SKU_00262,BATCH_0004567,2025-10-18,2027-04-30,2025-10-25,29,1,good,338
INV_0004568,WH_002,WH_002_AMBIENT_159,SKU_00081,BATCH_0004568,2025-06-09,2026-12-12,2025-06-10,64,0,good,199
INV_0004569,WH_002,WH_002_COLD_104,SKU_00196,BATCH_0004569,2026-03-10,2026-09-28,2026-03-22,21,0,good,124
INV_0004570,WH_001,WH_001_AMBIENT_135,SKU_00116,BATCH_0004570,2024-03-26,2026-11-01,2024-03-29,7,1,good,158
INV_0004571,WH_003,WH_003_COOL_074,SKU_00119,BATCH_0004571,2025-10-08,2027-02-01,2025-10-15,6,0,good,250
INV_0004572,WH_001,WH_001_AMBIENT_136,SKU_00185,BATCH_0004572,2026-02-06,2027-02-06,2026-02-09,42,0,good,255
INV_0004573,WH_001,WH_001_AMBIENT_100,SKU_00290,BATCH_0004573,2025-06-28,2026-11-15,2025-07-11,154,28,good,172
INV_0004574,WH_003,WH_003_COOL_181,SKU_00088,BATCH_0004574,2025-02-16,2027-02-16,2025-03-01,34,0,good,265
INV_0004575,WH_002,WH_002_COLD_187,SKU_00136,BATCH_0004575,2026-03-19,2026-12-16,2026-04-01,0,0,good,203
INV_0004576,WH_003,WH_003_AMBIENT_090,SKU_00258,BATCH_0004576,2025-08-13,2026-12-23,2025-08-20,9,2,good,210
INV_0004577,WH_002,WH_002_AMBIENT_027,SKU_00198,BATCH_0004577,2025-11-14,2027-01-16,2025-11-18,20,0,good,234
INV_0004578,WH_001,WH_001_COOL_096,SKU_00042,BATCH_0004578,2025-12-15,2027-05-08,2025-12-24,8,0,good,346
INV_0004579,WH_003,WH_003_AMBIENT_122,SKU_00242,BATCH_0004579,2026-04-07,2027-04-07,2026-04-09,83,5,good,315
INV_0004580,WH_003,WH_003_COOL_133,SKU_00086,BATCH_0004580,2024-09-28,2026-09-28,2024-10-11,95,0,good,124
INV_0004581,WH_001,WH_001_AMBIENT_155,SKU_00152,BATCH_0004581,2025-01-07,2026-08-30,2025-01-12,4,1,good,95
INV_0004582,WH_003,WH_003_AMBIENT_137,SKU_00233,BATCH_0004582,2025-08-11,2027-03-23,2025-08-15,7,0,good,300
INV_0004583,WH_001,WH_001_AMBIENT_045,SKU_00255,BATCH_0004583,2025-06-19,2026-07-06,2025-06-21,118,0,good,40
INV_0004584,WH_001,WH_001_AMBIENT_186,SKU_00155,BATCH_0004584,2025-04-23,2026-07-21,2025-05-05,12,0,good,55
INV_0004585,WH_003,WH_003_AMBIENT_194,SKU_00236,BATCH_0004585,2025-07-01,2026-10-18,2025-07-05,12,0,good,144
INV_0004586,WH_003,WH_003_COOL_141,SKU_00093,BATCH_0004586,2025-08-02,2027-08-02,2025-08-05,36,0,good,432
INV_0004587,WH_001,WH_001_COOL_185,SKU_00070,BATCH_0004587,2025-06-18,2027-06-18,2025-06-25,34,0,good,387
INV_0004588,WH_001,WH_001_AMBIENT_157,SKU_00291,BATCH_0004588,2025-08-17,2027-02-20,2025-08-23,3,0,good,269
INV_0004589,WH_002,WH_002_AMBIENT_085,SKU_00084,BATCH_0004589,2025-09-10,2026-09-10,2025-09-12,6,0,good,106
INV_0004590,WH_001,WH_001_COOL_026,SKU_00130,BATCH_0004590,2025-06-28,2027-06-28,2025-07-10,4,1,good,397
INV_0004591,WH_003,WH_003_AMBIENT_115,SKU_00116,BATCH_0004591,2025-12-14,2028-07-21,2025-12-24,37,0,good,786
INV_0004592,WH_003,WH_003_COOL_004,SKU_00275,BATCH_0004592,2025-04-04,2027-04-04,2025-04-15,203,0,good,312
INV_0004593,WH_003,WH_003_COOL_176,SKU_00031,BATCH_0004593,2025-06-07,2026-12-21,2025-06-16,5,0,good,208
INV_0004594,WH_002,WH_002_AMBIENT_183,SKU_00030,BATCH_0004594,2025-05-04,2027-09-14,2025-05-09,76,0,good,475
INV_0004595,WH_002,WH_002_COLD_133,SKU_00202,BATCH_0004595,2026-04-11,2026-08-31,2026-04-17,79,0,good,96
INV_0004596,WH_002,WH_002_AMBIENT_064,SKU_00176,BATCH_0004596,2025-08-06,2026-08-06,2025-08-08,4,0,good,71
INV_0004597,WH_001,WH_001_AMBIENT_079,SKU_00147,BATCH_0004597,2025-04-06,2028-01-03,2025-04-10,595,0,good,586
INV_0004598,WH_001,WH_001_AMBIENT_193,SKU_00148,BATCH_0004598,2025-03-21,2027-09-15,2025-04-03,171,0,good,476
INV_0004599,WH_003,WH_003_AMBIENT_096,SKU_00150,BATCH_0004599,2025-07-11,2026-09-26,2025-07-24,21,0,good,122
INV_0004600,WH_001,WH_001_AMBIENT_108,SKU_00052,BATCH_0004600,2024-03-12,2026-11-28,2024-03-23,77,0,good,185
INV_0004601,WH_002,WH_002_AMBIENT_198,SKU_00050,BATCH_0004601,2026-05-16,2027-06-22,2026-05-23,4,0,good,391
INV_0004602,WH_003,WH_003_COOL_184,SKU_00023,BATCH_0004602,2024-09-30,2026-09-30,2024-10-11,21,0,good,126
INV_0004603,WH_002,WH_002_AMBIENT_199,SKU_00281,BATCH_0004603,2026-03-23,2027-03-23,2026-04-01,133,0,good,300
INV_0004604,WH_001,WH_001_AMBIENT_134,SKU_00165,BATCH_0004604,2025-08-22,2026-10-27,2025-09-03,3,0,good,153
INV_0004605,WH_002,WH_002_COOL_174,SKU_00244,BATCH_0004605,2025-03-17,2026-10-18,2025-03-25,2,0,good,144
INV_0004606,WH_001,WH_001_AMBIENT_100,SKU_00036,BATCH_0004606,2025-10-30,2027-01-31,2025-11-09,11,0,good,249
INV_0004607,WH_002,WH_002_AMBIENT_039,SKU_00028,BATCH_0004607,2025-03-17,2026-08-02,2025-03-22,11,0,good,67
INV_0004608,WH_003,WH_003_AMBIENT_082,SKU_00178,BATCH_0004608,2026-05-04,2028-02-20,2026-05-16,2,0,good,634
INV_0004609,WH_002,WH_002_AMBIENT_048,SKU_00094,BATCH_0004609,2025-08-30,2027-11-22,2025-09-04,9,1,good,544
INV_0004610,WH_002,WH_002_COLD_158,SKU_00096,BATCH_0004610,2026-05-04,2027-05-04,2026-05-09,60,0,good,342
INV_0004611,WH_003,WH_003_COLD_117,SKU_00127,BATCH_0004611,2026-02-21,2026-09-19,2026-02-24,7,1,good,115
INV_0004612,WH_001,WH_001_COLD_075,SKU_00237,BATCH_0004612,2025-07-09,2026-07-09,2025-07-10,10,0,good,43
INV_0004613,WH_002,WH_002_COOL_138,SKU_00211,BATCH_0004613,2026-03-05,2028-03-04,2026-03-16,7,0,good,647
INV_0004614,WH_002,WH_002_AMBIENT_115,SKU_00213,BATCH_0004614,2025-06-04,2027-10-17,2025-06-07,55,0,good,508
INV_0004615,WH_001,WH_001_COOL_147,SKU_00016,BATCH_0004615,2025-10-09,2027-03-18,2025-10-16,26,0,good,295
INV_0004616,WH_001,WH_001_AMBIENT_119,SKU_00066,BATCH_0004616,2025-11-10,2027-04-25,2025-11-21,2,0,good,333
INV_0004617,WH_002,WH_002_AMBIENT_159,SKU_00028,BATCH_0004617,2026-03-27,2027-08-12,2026-04-03,23,0,good,442
INV_0004618,WH_001,WH_001_AMBIENT_130,SKU_00095,BATCH_0004618,2024-12-30,2027-04-19,2025-01-01,16,3,good,327
INV_0004619,WH_001,WH_001_COOL_102,SKU_00289,BATCH_0004619,2026-04-13,2027-05-13,2026-04-16,19,2,good,351
INV_0004620,WH_001,WH_001_COOL_025,SKU_00072,BATCH_0004620,2025-05-14,2027-05-14,2025-05-26,669,6,good,352
INV_0004621,WH_002,WH_002_AMBIENT_067,SKU_00150,BATCH_0004621,2026-03-25,2027-06-10,2026-03-30,9,0,good,379
INV_0004622,WH_002,WH_002_COOL_169,SKU_00117,BATCH_0004622,2025-06-18,2027-01-01,2025-07-01,14,0,good,219
INV_0004623,WH_002,WH_002_FROZEN_084,SKU_00171,BATCH_0004623,2025-03-17,2027-02-25,2025-03-21,13,0,good,274
INV_0004624,WH_001,WH_001_COLD_172,SKU_00045,BATCH_0004624,2026-02-18,2027-02-18,2026-03-01,8,0,good,267
INV_0004625,WH_003,WH_003_AMBIENT_068,SKU_00036,BATCH_0004625,2025-05-09,2026-08-10,2025-05-19,4,0,good,75
INV_0004626,WH_002,WH_002_COOL_184,SKU_00222,BATCH_0004626,2025-12-10,2026-09-05,2025-12-22,9,1,good,101
INV_0004627,WH_003,WH_003_AMBIENT_190,SKU_00012,BATCH_0004627,2025-08-09,2026-08-09,2025-08-22,16,0,good,74
INV_0004628,WH_002,WH_002_FROZEN_175,SKU_00287,BATCH_0004628,2026-03-08,2028-03-07,2026-03-13,32,6,good,650
INV_0004629,WH_002,WH_002_COOL_012,SKU_00151,BATCH_0004629,2025-06-30,2027-01-04,2025-07-04,39,0,good,222
INV_0004630,WH_002,WH_002_AMBIENT_062,SKU_00258,BATCH_0004630,2025-03-14,2026-07-24,2025-03-20,48,0,good,58
INV_0004631,WH_001,WH_001_AMBIENT_052,SKU_00299,BATCH_0004631,2025-08-06,2027-03-29,2025-08-10,82,0,good,306
INV_0004632,WH_002,WH_002_AMBIENT_045,SKU_00288,BATCH_0004632,2026-04-29,2028-05-18,2026-05-01,46,19,good,722
INV_0004633,WH_002,WH_002_AMBIENT_148,SKU_00247,BATCH_0004633,2024-11-15,2027-01-06,2024-11-16,96,0,good,224
INV_0004634,WH_002,WH_002_COLD_157,SKU_00127,BATCH_0004634,2026-01-09,2026-08-07,2026-01-22,79,0,good,72
INV_0004635,WH_001,WH_001_AMBIENT_018,SKU_00046,BATCH_0004635,2025-09-30,2026-09-30,2025-10-08,58,23,good,126
INV_0004636,WH_001,WH_001_AMBIENT_136,SKU_00248,BATCH_0004636,2024-07-16,2026-10-18,2024-07-22,4,0,good,144
INV_0004637,WH_002,WH_002_AMBIENT_117,SKU_00186,BATCH_0004637,2025-08-05,2027-09-17,2025-08-09,6,0,good,478
INV_0004638,WH_003,WH_003_AMBIENT_080,SKU_00124,BATCH_0004638,2024-08-20,2026-08-28,2024-08-27,9,0,good,93
INV_0004639,WH_001,WH_001_AMBIENT_028,SKU_00114,BATCH_0004639,2026-01-05,2028-05-26,2026-01-09,12,0,good,730
INV_0004640,WH_001,WH_001_COOL_072,SKU_00086,BATCH_0004640,2026-02-17,2028-02-17,2026-02-18,106,0,good,631
INV_0004641,WH_002,WH_002_COLD_134,SKU_00045,BATCH_0004641,2025-09-10,2026-09-10,2025-09-13,22,1,good,106
INV_0004642,WH_003,WH_003_AMBIENT_128,SKU_00009,BATCH_0004642,2024-09-24,2026-10-08,2024-09-25,45,0,good,134
INV_0004643,WH_001,WH_001_AMBIENT_041,SKU_00017,BATCH_0004643,2026-04-29,2028-04-03,2026-05-05,59,0,good,677
INV_0004644,WH_001,WH_001_COLD_153,SKU_00127,BATCH_0004644,2026-05-06,2026-12-02,2026-05-10,20,0,good,189
INV_0004645,WH_003,WH_003_AMBIENT_068,SKU_00098,BATCH_0004645,2025-02-25,2027-09-29,2025-03-07,10,0,good,490
INV_0004646,WH_003,WH_003_COLD_113,SKU_00110,BATCH_0004646,2026-01-04,2026-08-14,2026-01-07,58,11,good,79
INV_0004647,WH_002,WH_002_AMBIENT_184,SKU_00225,BATCH_0004647,2025-11-19,2026-11-21,2025-12-02,11,0,good,178
INV_0004648,WH_003,WH_003_COOL_200,SKU_00099,BATCH_0004648,2025-09-09,2027-02-19,2025-09-14,8,3,good,268
INV_0004649,WH_003,WH_003_COOL_022,SKU_00270,BATCH_0004649,2026-05-27,2027-05-23,2026-06-07,32,4,good,361
INV_0004650,WH_002,WH_002_COLD_185,SKU_00053,BATCH_0004650,2026-05-09,2026-12-23,2026-05-17,9,0,good,210
INV_0004651,WH_003,WH_003_COOL_080,SKU_00145,BATCH_0004651,2025-12-17,2027-04-09,2025-12-20,12,0,good,317
INV_0004652,WH_001,WH_001_COLD_185,SKU_00047,BATCH_0004652,2026-04-26,2027-03-17,2026-05-06,120,37,good,294
INV_0004653,WH_002,WH_002_COOL_045,SKU_00238,BATCH_0004653,2025-01-10,2026-09-05,2025-01-19,18,0,good,101
INV_0004654,WH_003,WH_003_AMBIENT_149,SKU_00288,BATCH_0004654,2024-09-06,2026-09-26,2024-09-13,23,0,good,122
INV_0004655,WH_002,WH_002_COLD_080,SKU_00164,BATCH_0004655,2025-09-22,2026-09-22,2025-09-27,35,0,good,118
INV_0004656,WH_003,WH_003_AMBIENT_085,SKU_00234,BATCH_0004656,2026-04-06,2027-04-06,2026-04-13,3,0,good,314
INV_0004657,WH_002,WH_002_AMBIENT_194,SKU_00022,BATCH_0004657,2025-04-14,2027-06-24,2025-04-26,81,0,good,393
INV_0004658,WH_002,WH_002_AMBIENT_015,SKU_00027,BATCH_0004658,2026-03-31,2027-12-12,2026-04-08,4,0,good,564
INV_0004659,WH_003,WH_003_COLD_127,SKU_00164,BATCH_0004659,2026-05-01,2027-05-01,2026-05-08,24,8,good,339
INV_0004660,WH_003,WH_003_AMBIENT_130,SKU_00235,BATCH_0004660,2026-03-21,2027-03-21,2026-03-23,13,0,good,298
INV_0004661,WH_002,WH_002_AMBIENT_017,SKU_00022,BATCH_0004661,2026-01-13,2028-03-24,2026-01-24,97,0,good,667
INV_0004662,WH_001,WH_001_AMBIENT_090,SKU_00170,BATCH_0004662,2026-04-10,2027-04-10,2026-04-19,24,1,good,318
INV_0004663,WH_003,WH_003_COOL_061,SKU_00121,BATCH_0004663,2025-08-04,2026-10-07,2025-08-07,47,0,good,133
INV_0004664,WH_001,WH_001_AMBIENT_111,SKU_00257,BATCH_0004664,2025-10-28,2027-04-26,2025-11-06,8,0,good,334
INV_0004665,WH_002,WH_002_AMBIENT_186,SKU_00242,BATCH_0004665,2025-09-08,2026-09-08,2025-09-09,23,0,good,104
INV_0004666,WH_002,WH_002_AMBIENT_001,SKU_00105,BATCH_0004666,2026-03-09,2027-03-09,2026-03-19,6,0,good,286
INV_0004667,WH_003,WH_003_AMBIENT_088,SKU_00257,BATCH_0004667,2025-03-02,2026-08-29,2025-03-13,17,0,good,94
INV_0004668,WH_002,WH_002_COOL_063,SKU_00207,BATCH_0004668,2026-04-08,2027-04-14,2026-04-10,23,7,good,322
INV_0004669,WH_003,WH_003_COLD_116,SKU_00193,BATCH_0004669,2026-05-11,2027-04-10,2026-05-19,8,0,good,318
INV_0004670,WH_002,WH_002_COOL_050,SKU_00161,BATCH_0004670,2025-09-02,2027-04-17,2025-09-04,48,0,good,325
INV_0004671,WH_002,WH_002_AMBIENT_191,SKU_00278,BATCH_0004671,2026-02-05,2028-03-08,2026-02-15,18,0,good,651
INV_0004672,WH_003,WH_003_AMBIENT_008,SKU_00257,BATCH_0004672,2026-05-01,2027-10-28,2026-05-09,4,0,good,519
INV_0004673,WH_001,WH_001_AMBIENT_144,SKU_00179,BATCH_0004673,2026-04-06,2027-04-06,2026-04-17,38,0,good,314
INV_0004674,WH_002,WH_002_COOL_095,SKU_00099,BATCH_0004674,2026-02-24,2027-08-06,2026-03-08,16,1,good,436
INV_0004675,WH_003,WH_003_COOL_127,SKU_00253,BATCH_0004675,2024-10-07,2026-10-07,2024-10-11,12,0,good,133
INV_0004676,WH_001,WH_001_COOL_105,SKU_00121,BATCH_0004676,2026-02-22,2027-04-27,2026-03-04,8,0,good,335
INV_0004677,WH_003,WH_003_AMBIENT_136,SKU_00105,BATCH_0004677,2026-03-21,2027-03-21,2026-03-24,35,10,good,298
INV_0004678,WH_001,WH_001_AMBIENT_141,SKU_00188,BATCH_0004678,2026-05-15,2027-05-15,2026-05-22,1,0,good,353
INV_0004679,WH_001,WH_001_COOL_046,SKU_00010,BATCH_0004679,2026-02-23,2028-02-23,2026-03-02,3,0,good,637
INV_0004680,WH_001,WH_001_AMBIENT_198,SKU_00232,BATCH_0004680,2025-08-21,2027-05-10,2025-08-23,18,0,good,348
INV_0004681,WH_001,WH_001_AMBIENT_013,SKU_00218,BATCH_0004681,2025-12-04,2028-01-21,2025-12-06,5,0,good,604
INV_0004682,WH_003,WH_003_COOL_056,SKU_00041,BATCH_0004682,2026-03-09,2027-09-06,2026-03-16,4,0,good,467
INV_0004683,WH_003,WH_003_AMBIENT_026,SKU_00262,BATCH_0004683,2026-04-01,2027-10-12,2026-04-14,6,0,good,503
INV_0004684,WH_002,WH_002_AMBIENT_011,SKU_00013,BATCH_0004684,2023-11-26,2026-09-20,2023-12-05,31,0,good,116
INV_0004685,WH_003,WH_003_AMBIENT_189,SKU_00017,BATCH_0004685,2025-01-18,2026-12-24,2025-01-28,7,0,good,211
INV_0004686,WH_003,WH_003_AMBIENT_033,SKU_00034,BATCH_0004686,2025-10-18,2026-12-13,2025-10-29,163,39,good,200
INV_0004687,WH_003,WH_003_COLD_010,SKU_00193,BATCH_0004687,2025-11-11,2026-10-11,2025-11-22,69,0,good,137
INV_0004688,WH_002,WH_002_COOL_002,SKU_00074,BATCH_0004688,2025-11-28,2027-11-28,2025-12-08,9,0,good,550
INV_0004689,WH_003,WH_003_AMBIENT_164,SKU_00246,BATCH_0004689,2026-05-20,2027-09-10,2026-05-21,79,13,good,471
INV_0004690,WH_003,WH_003_COOL_070,SKU_00181,BATCH_0004690,2026-01-06,2027-01-12,2026-01-08,495,0,good,230
INV_0004691,WH_003,WH_003_COOL_044,SKU_00059,BATCH_0004691,2025-03-27,2027-03-01,2025-04-03,13,0,good,278
INV_0004692,WH_001,WH_001_AMBIENT_016,SKU_00242,BATCH_0004692,2025-10-05,2026-10-05,2025-10-11,1,0,good,131
INV_0004693,WH_001,WH_001_COLD_172,SKU_00092,BATCH_0004693,2026-03-05,2027-03-05,2026-03-13,46,0,good,282
INV_0004694,WH_003,WH_003_COOL_162,SKU_00003,BATCH_0004694,2026-04-22,2028-04-21,2026-05-01,28,0,good,695
INV_0004695,WH_003,WH_003_AMBIENT_135,SKU_00008,BATCH_0004695,2025-08-03,2026-08-03,2025-08-04,4,0,good,68
INV_0004696,WH_003,WH_003_AMBIENT_008,SKU_00027,BATCH_0004696,2025-05-22,2027-02-02,2025-05-23,171,0,good,251
INV_0004697,WH_002,WH_002_AMBIENT_168,SKU_00191,BATCH_0004697,2024-10-25,2027-05-15,2024-10-26,166,0,good,353
INV_0004698,WH_002,WH_002_COOL_079,SKU_00142,BATCH_0004698,2025-11-13,2027-03-02,2025-11-17,113,0,good,279
INV_0004699,WH_002,WH_002_FROZEN_039,SKU_00007,BATCH_0004699,2026-01-08,2026-07-20,2026-01-19,3,0,good,54
INV_0004700,WH_001,WH_001_AMBIENT_008,SKU_00122,BATCH_0004700,2025-12-17,2028-10-04,2025-12-20,10,0,good,861
INV_0004701,WH_003,WH_003_COLD_174,SKU_00047,BATCH_0004701,2026-03-13,2027-02-01,2026-03-14,66,0,good,250
INV_0004702,WH_003,WH_003_AMBIENT_173,SKU_00174,BATCH_0004702,2024-11-21,2027-03-31,2024-11-30,101,5,good,308
INV_0004703,WH_002,WH_002_AMBIENT_007,SKU_00135,BATCH_0004703,2025-09-13,2026-09-13,2025-09-19,10,1,good,109
INV_0004704,WH_002,WH_002_COOL_010,SKU_00130,BATCH_0004704,2025-02-11,2027-02-11,2025-02-18,29,0,good,260
INV_0004705,WH_003,WH_003_AMBIENT_150,SKU_00120,BATCH_0004705,2025-08-20,2026-11-28,2025-08-29,48,0,good,185
INV_0004706,WH_002,WH_002_AMBIENT_041,SKU_00104,BATCH_0004706,2024-08-31,2026-10-20,2024-09-05,49,0,good,146
INV_0004707,WH_002,WH_002_COLD_169,SKU_00149,BATCH_0004707,2026-02-20,2026-07-15,2026-02-21,20,0,good,49
INV_0004708,WH_003,WH_003_AMBIENT_086,SKU_00024,BATCH_0004708,2025-01-16,2026-10-18,2025-01-18,66,0,good,144
INV_0004709,WH_002,WH_002_AMBIENT_021,SKU_00143,BATCH_0004709,2025-11-26,2026-11-26,2025-12-07,50,0,good,183
INV_0004710,WH_002,WH_002_COOL_047,SKU_00020,BATCH_0004710,2026-02-15,2027-10-26,2026-02-19,25,5,good,517
INV_0004711,WH_001,WH_001_AMBIENT_052,SKU_00084,BATCH_0004711,2026-05-03,2027-05-03,2026-05-13,25,0,good,341
INV_0004712,WH_003,WH_003_AMBIENT_122,SKU_00018,BATCH_0004712,2025-07-08,2026-11-07,2025-07-20,6,0,good,164
INV_0004713,WH_003,WH_003_COLD_043,SKU_00085,BATCH_0004713,2025-09-25,2026-09-25,2025-10-04,23,0,good,121
INV_0004714,WH_003,WH_003_COOL_092,SKU_00181,BATCH_0004714,2026-04-03,2027-04-09,2026-04-16,47,0,good,317
INV_0004715,WH_002,WH_002_AMBIENT_050,SKU_00098,BATCH_0004715,2026-04-09,2028-11-10,2026-04-11,26,0,good,898
INV_0004716,WH_002,WH_002_AMBIENT_052,SKU_00223,BATCH_0004716,2025-12-31,2028-11-18,2026-01-07,31,0,good,906
INV_0004717,WH_001,WH_001_COOL_053,SKU_00167,BATCH_0004717,2026-05-09,2026-11-14,2026-05-22,18,0,good,171
INV_0004718,WH_002,WH_002_AMBIENT_121,SKU_00018,BATCH_0004718,2025-11-10,2027-03-12,2025-11-11,30,0,good,289
INV_0004719,WH_002,WH_002_COOL_026,SKU_00077,BATCH_0004719,2025-06-29,2026-08-18,2025-07-10,5,0,good,83
INV_0004720,WH_003,WH_003_AMBIENT_144,SKU_00066,BATCH_0004720,2025-04-17,2026-09-30,2025-04-30,9,0,good,126
INV_0004721,WH_003,WH_003_AMBIENT_060,SKU_00118,BATCH_0004721,2025-10-23,2026-10-23,2025-10-31,22,0,good,149
INV_0004722,WH_002,WH_002_AMBIENT_027,SKU_00113,BATCH_0004722,2026-03-28,2027-03-28,2026-04-01,17,0,good,305
INV_0004723,WH_003,WH_003_COOL_127,SKU_00226,BATCH_0004723,2025-07-16,2027-07-16,2025-07-18,3,0,good,415
INV_0004724,WH_001,WH_001_COOL_023,SKU_00130,BATCH_0004724,2026-05-12,2028-05-11,2026-05-21,78,0,good,715
INV_0004725,WH_001,WH_001_AMBIENT_029,SKU_00242,BATCH_0004725,2025-12-10,2026-12-10,2025-12-13,6,1,good,197
INV_0004726,WH_002,WH_002_AMBIENT_089,SKU_00001,BATCH_0004726,2025-05-03,2026-12-03,2025-05-12,9,0,good,190
INV_0004727,WH_003,WH_003_AMBIENT_158,SKU_00221,BATCH_0004727,2026-03-28,2027-03-28,2026-04-02,26,0,good,305
INV_0004728,WH_002,WH_002_AMBIENT_061,SKU_00048,BATCH_0004728,2026-03-29,2027-06-16,2026-04-07,16,0,good,385
INV_0004729,WH_003,WH_003_AMBIENT_044,SKU_00258,BATCH_0004729,2025-04-17,2026-08-27,2025-04-18,102,3,good,92
INV_0004730,WH_001,WH_001_COLD_186,SKU_00260,BATCH_0004730,2026-04-15,2027-04-15,2026-04-23,38,0,good,323
INV_0004731,WH_001,WH_001_AMBIENT_065,SKU_00105,BATCH_0004731,2025-12-10,2026-12-10,2025-12-21,50,0,good,197
INV_0004732,WH_002,WH_002_AMBIENT_146,SKU_00205,BATCH_0004732,2026-04-20,2027-05-16,2026-04-29,6,0,good,354
INV_0004733,WH_001,WH_001_COOL_037,SKU_00128,BATCH_0004733,2026-02-02,2028-02-02,2026-02-12,6,0,good,616
INV_0004734,WH_003,WH_003_COLD_197,SKU_00264,BATCH_0004734,2026-02-12,2026-07-02,2026-02-24,261,0,good,36
INV_0004735,WH_003,WH_003_AMBIENT_119,SKU_00257,BATCH_0004735,2025-07-12,2027-01-08,2025-07-13,11,0,good,226
INV_0004736,WH_001,WH_001_AMBIENT_189,SKU_00098,BATCH_0004736,2024-07-20,2027-02-21,2024-07-21,47,0,good,270
INV_0004737,WH_003,WH_003_AMBIENT_182,SKU_00084,BATCH_0004737,2026-03-02,2027-03-02,2026-03-15,35,0,good,279
INV_0004738,WH_001,WH_001_COLD_181,SKU_00053,BATCH_0004738,2026-04-13,2026-11-27,2026-04-24,24,8,good,184
INV_0004739,WH_002,WH_002_COOL_168,SKU_00079,BATCH_0004739,2025-05-18,2026-12-16,2025-05-21,25,0,good,203
INV_0004740,WH_003,WH_003_COOL_099,SKU_00038,BATCH_0004740,2025-02-19,2026-11-17,2025-02-27,4,0,good,174
INV_0004741,WH_002,WH_002_AMBIENT_060,SKU_00153,BATCH_0004741,2026-03-01,2027-03-07,2026-03-03,2,0,good,284
INV_0004742,WH_003,WH_003_AMBIENT_121,SKU_00268,BATCH_0004742,2026-04-10,2027-04-10,2026-04-11,4,0,good,318
INV_0004743,WH_003,WH_003_COOL_015,SKU_00244,BATCH_0004743,2025-09-05,2027-04-08,2025-09-12,4,0,good,316
INV_0004744,WH_001,WH_001_AMBIENT_172,SKU_00165,BATCH_0004744,2025-08-12,2026-10-17,2025-08-23,3,0,good,143
INV_0004745,WH_001,WH_001_AMBIENT_048,SKU_00274,BATCH_0004745,2026-04-25,2027-04-25,2026-04-29,12,1,good,333
INV_0004746,WH_002,WH_002_AMBIENT_109,SKU_00103,BATCH_0004746,2025-07-25,2026-07-25,2025-07-26,17,0,good,59
INV_0004747,WH_001,WH_001_AMBIENT_015,SKU_00180,BATCH_0004747,2025-12-12,2026-12-12,2025-12-19,33,0,good,199
INV_0004748,WH_002,WH_002_FROZEN_045,SKU_00197,BATCH_0004748,2025-01-28,2027-01-28,2025-02-07,369,0,good,246
INV_0004749,WH_001,WH_001_COLD_090,SKU_00137,BATCH_0004749,2025-09-25,2026-09-25,2025-10-02,5,0,good,121
INV_0004750,WH_002,WH_002_COOL_027,SKU_00133,BATCH_0004750,2025-11-08,2027-09-08,2025-11-21,16,0,good,469
INV_0004751,WH_001,WH_001_COLD_154,SKU_00271,BATCH_0004751,2026-05-04,2026-10-29,2026-05-07,3,0,good,155
INV_0004752,WH_001,WH_001_COOL_056,SKU_00099,BATCH_0004752,2025-12-20,2027-06-01,2026-01-02,31,0,good,370
INV_0004753,WH_003,WH_003_AMBIENT_082,SKU_00214,BATCH_0004753,2024-10-31,2027-02-02,2024-11-02,29,9,good,251
INV_0004754,WH_003,WH_003_COLD_136,SKU_00082,BATCH_0004754,2025-10-24,2026-10-24,2025-10-25,27,0,good,150
INV_0004755,WH_002,WH_002_COOL_054,SKU_00140,BATCH_0004755,2026-02-13,2026-11-21,2026-02-17,33,10,good,178
INV_0004756,WH_003,WH_003_COOL_064,SKU_00162,BATCH_0004756,2025-10-30,2027-10-30,2025-10-31,4,0,good,521
INV_0004757,WH_003,WH_003_AMBIENT_084,SKU_00234,BATCH_0004757,2025-09-19,2026-09-19,2025-09-23,23,0,good,115
INV_0004758,WH_003,WH_003_AMBIENT_151,SKU_00022,BATCH_0004758,2025-11-03,2028-01-13,2025-11-13,19,6,good,596
INV_0004759,WH_003,WH_003_AMBIENT_096,SKU_00083,BATCH_0004759,2026-04-30,2027-04-30,2026-05-08,144,0,good,338
INV_0004760,WH_002,WH_002_COOL_075,SKU_00151,BATCH_0004760,2025-09-06,2027-03-13,2025-09-15,14,2,good,290
INV_0004761,WH_003,WH_003_AMBIENT_174,SKU_00177,BATCH_0004761,2025-08-01,2027-07-16,2025-08-10,2,0,good,415
INV_0004762,WH_001,WH_001_AMBIENT_031,SKU_00019,BATCH_0004762,2023-12-04,2026-09-18,2023-12-09,18,0,good,114
INV_0004763,WH_003,WH_003_COOL_092,SKU_00224,BATCH_0004763,2026-01-21,2027-03-13,2026-02-01,19,0,good,290
INV_0004764,WH_003,WH_003_COLD_178,SKU_00209,BATCH_0004764,2025-12-03,2026-07-14,2025-12-07,120,9,good,48
INV_0004765,WH_003,WH_003_AMBIENT_178,SKU_00052,BATCH_0004765,2025-03-10,2027-11-26,2025-03-20,28,9,good,548
INV_0004766,WH_002,WH_002_AMBIENT_020,SKU_00155,BATCH_0004766,2025-10-07,2027-01-04,2025-10-09,23,0,good,222
INV_0004767,WH_001,WH_001_AMBIENT_010,SKU_00180,BATCH_0004767,2026-03-27,2027-03-27,2026-04-02,25,1,good,304
INV_0004768,WH_003,WH_003_AMBIENT_006,SKU_00115,BATCH_0004768,2025-01-30,2026-11-26,2025-02-07,27,0,good,183
INV_0004769,WH_003,WH_003_COOL_052,SKU_00093,BATCH_0004769,2025-08-16,2027-08-16,2025-08-24,13,0,good,446
INV_0004770,WH_001,WH_001_AMBIENT_045,SKU_00265,BATCH_0004770,2024-10-29,2027-01-25,2024-10-30,6,0,good,243
INV_0004771,WH_001,WH_001_COOL_067,SKU_00144,BATCH_0004771,2026-03-16,2028-03-06,2026-03-20,17,0,good,649
INV_0004772,WH_002,WH_002_COOL_157,SKU_00210,BATCH_0004772,2025-09-13,2027-09-13,2025-09-14,294,26,good,474
INV_0004773,WH_001,WH_001_COLD_102,SKU_00037,BATCH_0004773,2025-12-22,2026-12-22,2025-12-29,68,0,good,209
INV_0004774,WH_003,WH_003_AMBIENT_108,SKU_00108,BATCH_0004774,2024-11-29,2027-10-01,2024-12-04,79,0,good,492
INV_0004775,WH_001,WH_001_FROZEN_111,SKU_00189,BATCH_0004775,2026-05-24,2028-05-23,2026-05-31,160,0,good,727
INV_0004776,WH_003,WH_003_COOL_115,SKU_00059,BATCH_0004776,2025-10-24,2027-09-28,2025-11-03,10,0,good,489
INV_0004777,WH_001,WH_001_COOL_036,SKU_00280,BATCH_0004777,2024-10-31,2026-10-31,2024-11-12,7,0,good,157
INV_0004778,WH_001,WH_001_AMBIENT_030,SKU_00170,BATCH_0004778,2025-09-06,2026-09-06,2025-09-13,2,0,good,102
INV_0004779,WH_003,WH_003_COLD_129,SKU_00127,BATCH_0004779,2026-01-19,2026-08-17,2026-01-21,67,11,good,82
INV_0004780,WH_002,WH_002_COOL_152,SKU_00140,BATCH_0004780,2025-11-04,2026-08-12,2025-11-17,10,0,good,77
INV_0004781,WH_002,WH_002_COLD_152,SKU_00047,BATCH_0004781,2026-03-01,2027-01-20,2026-03-14,12,0,good,238
INV_0004782,WH_002,WH_002_AMBIENT_041,SKU_00279,BATCH_0004782,2025-07-25,2028-05-23,2025-07-31,47,0,good,727
INV_0004783,WH_001,WH_001_AMBIENT_085,SKU_00179,BATCH_0004783,2026-01-14,2027-01-14,2026-01-20,44,4,good,232
INV_0004784,WH_003,WH_003_AMBIENT_050,SKU_00246,BATCH_0004784,2025-10-28,2027-02-18,2025-10-30,104,8,good,267
INV_0004785,WH_003,WH_003_AMBIENT_042,SKU_00051,BATCH_0004785,2025-06-30,2026-07-17,2025-07-13,54,0,good,51
INV_0004786,WH_002,WH_002_COOL_187,SKU_00079,BATCH_0004786,2025-09-30,2027-04-30,2025-10-09,52,0,good,338
INV_0004787,WH_002,WH_002_AMBIENT_200,SKU_00067,BATCH_0004787,2025-09-29,2027-10-05,2025-10-12,8,0,good,496
INV_0004788,WH_002,WH_002_AMBIENT_117,SKU_00274,BATCH_0004788,2026-04-02,2027-04-02,2026-04-10,8,0,good,310
INV_0004789,WH_001,WH_001_COOL_162,SKU_00295,BATCH_0004789,2025-11-02,2027-11-02,2025-11-07,12,0,good,524
INV_0004790,WH_001,WH_001_AMBIENT_066,SKU_00028,BATCH_0004790,2025-04-13,2026-08-29,2025-04-21,3,0,good,94
INV_0004791,WH_001,WH_001_COLD_164,SKU_00199,BATCH_0004791,2025-09-09,2026-09-09,2025-09-16,4,0,good,105
INV_0004792,WH_003,WH_003_FROZEN_191,SKU_00216,BATCH_0004792,2025-02-24,2026-12-30,2025-02-28,3,0,good,217
INV_0004793,WH_003,WH_003_COOL_067,SKU_00294,BATCH_0004793,2025-07-28,2027-07-28,2025-08-04,8,0,good,427
INV_0004794,WH_001,WH_001_COOL_120,SKU_00130,BATCH_0004794,2025-04-20,2027-04-20,2025-04-29,10,0,good,328
INV_0004795,WH_002,WH_002_COLD_128,SKU_00231,BATCH_0004795,2026-05-09,2027-05-09,2026-05-12,4,0,good,347
INV_0004796,WH_001,WH_001_AMBIENT_119,SKU_00157,BATCH_0004796,2025-12-30,2026-12-30,2026-01-09,19,0,good,217
INV_0004797,WH_002,WH_002_AMBIENT_131,SKU_00185,BATCH_0004797,2025-12-18,2026-12-18,2025-12-19,15,0,good,205
INV_0004798,WH_001,WH_001_COLD_060,SKU_00196,BATCH_0004798,2026-05-02,2026-11-20,2026-05-05,7,0,good,177
INV_0004799,WH_003,WH_003_COOL_122,SKU_00253,BATCH_0004799,2025-01-14,2027-01-14,2025-01-15,32,0,good,232
INV_0004800,WH_003,WH_003_COOL_014,SKU_00169,BATCH_0004800,2026-02-25,2027-03-04,2026-03-06,10,0,good,281
INV_0004801,WH_003,WH_003_COLD_156,SKU_00040,BATCH_0004801,2026-03-30,2026-08-14,2026-04-06,46,0,good,79
INV_0004802,WH_001,WH_001_COOL_077,SKU_00003,BATCH_0004802,2025-05-07,2027-05-07,2025-05-08,114,0,good,345
INV_0004803,WH_003,WH_003_COLD_118,SKU_00228,BATCH_0004803,2026-04-24,2027-02-19,2026-05-03,25,0,good,268
INV_0004804,WH_002,WH_002_COLD_092,SKU_00193,BATCH_0004804,2025-12-31,2026-11-30,2026-01-05,50,2,good,187
INV_0004805,WH_002,WH_002_COLD_161,SKU_00085,BATCH_0004805,2026-04-05,2027-04-05,2026-04-17,14,0,good,313
INV_0004806,WH_003,WH_003_AMBIENT_200,SKU_00279,BATCH_0004806,2023-11-13,2026-09-11,2023-11-23,6,0,good,107
INV_0004807,WH_003,WH_003_COLD_005,SKU_00228,BATCH_0004807,2025-12-06,2026-10-03,2025-12-17,49,0,good,129
INV_0004808,WH_002,WH_002_COLD_044,SKU_00300,BATCH_0004808,2025-10-16,2026-10-16,2025-10-24,12,0,good,142
INV_0004809,WH_002,WH_002_AMBIENT_071,SKU_00213,BATCH_0004809,2025-08-15,2027-12-28,2025-08-16,16,0,good,580
INV_0004810,WH_002,WH_002_COLD_030,SKU_00154,BATCH_0004810,2026-03-10,2026-08-04,2026-03-22,7,1,good,69
INV_0004811,WH_002,WH_002_COLD_079,SKU_00237,BATCH_0004811,2025-08-10,2026-08-10,2025-08-19,9,0,good,75
INV_0004812,WH_003,WH_003_AMBIENT_089,SKU_00221,BATCH_0004812,2026-01-24,2027-01-24,2026-01-27,60,0,good,242
INV_0004813,WH_002,WH_002_COLD_167,SKU_00231,BATCH_0004813,2026-02-23,2027-02-23,2026-03-05,37,0,good,272
INV_0004814,WH_001,WH_001_AMBIENT_184,SKU_00246,BATCH_0004814,2026-04-30,2027-08-21,2026-05-03,52,0,good,451
INV_0004815,WH_003,WH_003_COOL_010,SKU_00206,BATCH_0004815,2025-04-21,2026-10-12,2025-05-01,20,0,good,138
INV_0004816,WH_003,WH_003_COLD_088,SKU_00199,BATCH_0004816,2025-11-05,2026-11-05,2025-11-17,76,5,good,162
INV_0004817,WH_003,WH_003_COOL_150,SKU_00243,BATCH_0004817,2025-05-05,2027-05-05,2025-05-17,4,0,good,343
INV_0004818,WH_003,WH_003_COOL_141,SKU_00033,BATCH_0004818,2025-06-08,2026-08-13,2025-06-16,45,0,good,78
INV_0004819,WH_001,WH_001_AMBIENT_104,SKU_00028,BATCH_0004819,2026-01-08,2027-05-26,2026-01-19,4,0,good,364
INV_0004820,WH_003,WH_003_AMBIENT_137,SKU_00024,BATCH_0004820,2025-02-17,2026-11-19,2025-02-24,53,0,good,176
INV_0004821,WH_002,WH_002_COOL_019,SKU_00145,BATCH_0004821,2025-04-10,2026-08-01,2025-04-15,59,0,good,66
INV_0004822,WH_001,WH_001_COOL_034,SKU_00093,BATCH_0004822,2025-07-17,2027-07-17,2025-07-27,4,0,good,416
INV_0004823,WH_002,WH_002_AMBIENT_183,SKU_00147,BATCH_0004823,2024-10-11,2027-07-10,2024-10-22,216,0,good,409
INV_0004824,WH_003,WH_003_COOL_103,SKU_00077,BATCH_0004824,2025-05-22,2026-07-11,2025-05-31,62,0,good,45
INV_0004825,WH_001,WH_001_COLD_069,SKU_00082,BATCH_0004825,2026-04-05,2027-04-05,2026-04-10,13,0,good,313
INV_0004826,WH_003,WH_003_COLD_126,SKU_00085,BATCH_0004826,2025-11-07,2026-11-07,2025-11-18,18,3,good,164
INV_0004827,WH_001,WH_001_COLD_143,SKU_00065,BATCH_0004827,2026-04-20,2026-08-22,2026-04-25,28,0,good,87
INV_0004828,WH_002,WH_002_FROZEN_089,SKU_00192,BATCH_0004828,2026-05-24,2027-01-21,2026-05-25,14,0,good,239
INV_0004829,WH_003,WH_003_COLD_007,SKU_00193,BATCH_0004829,2026-01-06,2026-12-06,2026-01-14,101,8,good,193
INV_0004830,WH_001,WH_001_COOL_195,SKU_00138,BATCH_0004830,2025-12-29,2027-11-08,2026-01-06,50,0,good,530
INV_0004831,WH_001,WH_001_AMBIENT_039,SKU_00030,BATCH_0004831,2025-12-14,2028-04-25,2025-12-21,68,0,good,699
INV_0004832,WH_001,WH_001_AMBIENT_012,SKU_00247,BATCH_0004832,2024-08-18,2026-10-09,2024-08-30,27,0,good,135
INV_0004833,WH_002,WH_002_AMBIENT_099,SKU_00108,BATCH_0004833,2024-02-06,2026-12-08,2024-02-08,1,0,good,195
INV_0004834,WH_002,WH_002_COOL_113,SKU_00112,BATCH_0004834,2025-04-06,2027-04-06,2025-04-07,15,0,good,314
INV_0004835,WH_003,WH_003_COLD_189,SKU_00231,BATCH_0004835,2026-02-23,2027-02-23,2026-03-01,272,0,good,272
INV_0004836,WH_002,WH_002_AMBIENT_058,SKU_00246,BATCH_0004836,2025-03-28,2026-07-19,2025-04-06,52,11,good,53
INV_0004837,WH_001,WH_001_COOL_017,SKU_00276,BATCH_0004837,2025-12-25,2027-09-25,2026-01-05,107,0,good,486
INV_0004838,WH_002,WH_002_AMBIENT_030,SKU_00080,BATCH_0004838,2024-04-18,2026-09-02,2024-04-23,8,0,good,98
INV_0004839,WH_003,WH_003_AMBIENT_161,SKU_00156,BATCH_0004839,2026-02-17,2028-07-22,2026-02-19,40,0,good,787
INV_0004840,WH_003,WH_003_AMBIENT_064,SKU_00073,BATCH_0004840,2025-09-15,2026-09-15,2025-09-20,4,0,good,111
INV_0004841,WH_002,WH_002_COOL_004,SKU_00089,BATCH_0004841,2025-05-08,2026-08-06,2025-05-10,41,0,good,71
INV_0004842,WH_002,WH_002_AMBIENT_027,SKU_00232,BATCH_0004842,2026-02-11,2027-10-31,2026-02-13,65,6,good,522
INV_0004843,WH_002,WH_002_COLD_013,SKU_00082,BATCH_0004843,2026-01-04,2027-01-04,2026-01-16,5,1,good,222
INV_0004844,WH_003,WH_003_AMBIENT_062,SKU_00150,BATCH_0004844,2026-03-30,2027-06-15,2026-03-31,33,11,good,384
INV_0004845,WH_002,WH_002_COOL_130,SKU_00111,BATCH_0004845,2025-10-31,2026-11-08,2025-11-06,0,0,good,165
INV_0004846,WH_003,WH_003_AMBIENT_145,SKU_00246,BATCH_0004846,2025-10-11,2027-02-01,2025-10-12,240,25,good,250
INV_0004847,WH_001,WH_001_COOL_149,SKU_00207,BATCH_0004847,2025-12-12,2026-12-18,2025-12-21,9,0,good,205
INV_0004848,WH_001,WH_001_COLD_109,SKU_00069,BATCH_0004848,2025-11-13,2026-10-10,2025-11-20,10,0,good,136
INV_0004849,WH_001,WH_001_COOL_119,SKU_00167,BATCH_0004849,2026-03-21,2026-09-26,2026-03-28,23,1,good,122
INV_0004850,WH_003,WH_003_AMBIENT_138,SKU_00277,BATCH_0004850,2025-05-07,2027-04-20,2025-05-11,36,0,good,328
INV_0004851,WH_001,WH_001_AMBIENT_036,SKU_00094,BATCH_0004851,2024-09-23,2026-12-16,2024-10-05,34,0,good,203
INV_0004852,WH_001,WH_001_FROZEN_003,SKU_00189,BATCH_0004852,2025-02-26,2027-02-26,2025-03-03,113,2,good,275
INV_0004853,WH_003,WH_003_AMBIENT_067,SKU_00125,BATCH_0004853,2025-12-30,2026-12-30,2026-01-07,25,0,good,217
INV_0004854,WH_002,WH_002_COLD_192,SKU_00196,BATCH_0004854,2026-05-20,2026-12-08,2026-05-22,92,0,good,195
INV_0004855,WH_002,WH_002_COLD_045,SKU_00209,BATCH_0004855,2026-01-17,2026-08-28,2026-01-20,2,0,good,93
INV_0004856,WH_001,WH_001_AMBIENT_071,SKU_00285,BATCH_0004856,2025-11-07,2026-11-07,2025-11-11,21,4,good,164
INV_0004857,WH_002,WH_002_COLD_181,SKU_00271,BATCH_0004857,2026-04-02,2026-09-27,2026-04-09,20,0,good,123
INV_0004858,WH_003,WH_003_AMBIENT_018,SKU_00062,BATCH_0004858,2025-01-31,2027-01-22,2025-02-06,79,4,good,240
INV_0004859,WH_003,WH_003_AMBIENT_176,SKU_00012,BATCH_0004859,2025-10-25,2026-10-25,2025-11-07,4,0,good,151
INV_0004860,WH_003,WH_003_AMBIENT_141,SKU_00160,BATCH_0004860,2026-02-21,2028-01-20,2026-03-06,18,3,good,603
INV_0004861,WH_001,WH_001_COOL_170,SKU_00130,BATCH_0004861,2025-07-30,2027-07-30,2025-08-12,2,0,good,429
INV_0004862,WH_001,WH_001_AMBIENT_191,SKU_00195,BATCH_0004862,2024-12-01,2027-03-03,2024-12-07,16,1,good,280
INV_0004863,WH_002,WH_002_COOL_093,SKU_00033,BATCH_0004863,2025-05-06,2026-07-11,2025-05-10,33,0,good,45
INV_0004864,WH_001,WH_001_AMBIENT_152,SKU_00091,BATCH_0004864,2026-03-12,2028-10-12,2026-03-13,7,0,good,869
INV_0004865,WH_002,WH_002_AMBIENT_109,SKU_00026,BATCH_0004865,2025-08-18,2027-03-16,2025-08-29,18,4,good,293
INV_0004866,WH_001,WH_001_COOL_063,SKU_00187,BATCH_0004866,2025-11-05,2027-04-08,2025-11-17,4,0,good,316
INV_0004867,WH_003,WH_003_COLD_181,SKU_00182,BATCH_0004867,2026-01-13,2026-09-22,2026-01-19,32,0,good,118
INV_0004868,WH_003,WH_003_COOL_161,SKU_00207,BATCH_0004868,2026-03-11,2027-03-17,2026-03-16,15,0,good,294
INV_0004869,WH_001,WH_001_FROZEN_069,SKU_00201,BATCH_0004869,2025-12-08,2027-12-07,2025-12-11,43,0,good,559
INV_0004870,WH_001,WH_001_AMBIENT_052,SKU_00291,BATCH_0004870,2025-05-04,2026-11-07,2025-05-16,8,0,good,164
INV_0004871,WH_003,WH_003_COOL_133,SKU_00016,BATCH_0004871,2026-03-02,2027-08-09,2026-03-15,10,0,good,439
INV_0004872,WH_001,WH_001_AMBIENT_185,SKU_00281,BATCH_0004872,2026-05-11,2027-05-11,2026-05-18,25,0,good,349
INV_0004873,WH_002,WH_002_AMBIENT_093,SKU_00075,BATCH_0004873,2025-07-23,2026-07-23,2025-07-28,24,0,good,57
INV_0004874,WH_002,WH_002_COLD_032,SKU_00045,BATCH_0004874,2026-05-06,2027-05-06,2026-05-13,32,4,good,344
INV_0004875,WH_003,WH_003_AMBIENT_173,SKU_00195,BATCH_0004875,2025-07-01,2027-10-01,2025-07-10,3,1,good,492
INV_0004876,WH_001,WH_001_AMBIENT_149,SKU_00288,BATCH_0004876,2024-12-11,2026-12-31,2024-12-22,21,0,good,218
INV_0004877,WH_002,WH_002_AMBIENT_075,SKU_00215,BATCH_0004877,2026-04-09,2027-09-23,2026-04-15,11,2,good,484
INV_0004878,WH_002,WH_002_AMBIENT_050,SKU_00259,BATCH_0004878,2025-06-26,2027-06-14,2025-07-09,5,0,good,383
INV_0004879,WH_001,WH_001_AMBIENT_163,SKU_00262,BATCH_0004879,2026-02-05,2027-08-18,2026-02-10,2,0,good,448
INV_0004880,WH_002,WH_002_AMBIENT_066,SKU_00075,BATCH_0004880,2025-12-24,2026-12-24,2025-12-25,7,0,good,211
INV_0004881,WH_001,WH_001_COOL_044,SKU_00272,BATCH_0004881,2026-02-20,2026-12-13,2026-02-27,2,0,good,200
INV_0004882,WH_003,WH_003_COOL_157,SKU_00294,BATCH_0004882,2024-09-28,2026-09-28,2024-09-29,10,0,good,124
INV_0004883,WH_001,WH_001_COOL_118,SKU_00298,BATCH_0004883,2025-11-16,2026-11-12,2025-11-29,9,0,good,169
INV_0004884,WH_002,WH_002_AMBIENT_026,SKU_00152,BATCH_0004884,2025-12-24,2027-08-16,2025-12-31,27,0,good,446
INV_0004885,WH_003,WH_003_FROZEN_027,SKU_00287,BATCH_0004885,2024-09-24,2026-09-24,2024-09-28,20,3,good,120
INV_0004886,WH_003,WH_003_AMBIENT_106,SKU_00191,BATCH_0004886,2026-01-11,2028-07-31,2026-01-13,11,0,good,796
INV_0004887,WH_001,WH_001_COOL_140,SKU_00253,BATCH_0004887,2025-01-14,2027-01-14,2025-01-17,10,3,good,232
INV_0004888,WH_001,WH_001_COLD_063,SKU_00164,BATCH_0004888,2025-09-10,2026-09-10,2025-09-19,101,0,good,106
INV_0004889,WH_003,WH_003_COOL_071,SKU_00042,BATCH_0004889,2025-06-20,2026-11-11,2025-06-23,5,0,good,168
INV_0004890,WH_001,WH_001_COLD_176,SKU_00202,BATCH_0004890,2026-04-26,2026-09-15,2026-05-05,4,0,good,111
INV_0004891,WH_001,WH_001_COOL_096,SKU_00031,BATCH_0004891,2025-12-22,2027-07-07,2025-12-23,25,7,good,406
INV_0004892,WH_003,WH_003_AMBIENT_174,SKU_00217,BATCH_0004892,2025-08-01,2027-09-29,2025-08-02,4,0,good,490
INV_0004893,WH_003,WH_003_AMBIENT_129,SKU_00195,BATCH_0004893,2024-05-31,2026-08-31,2024-06-02,25,0,good,96
INV_0004894,WH_001,WH_001_COOL_191,SKU_00139,BATCH_0004894,2025-08-12,2027-08-12,2025-08-24,3,0,good,442
INV_0004895,WH_002,WH_002_COOL_053,SKU_00072,BATCH_0004895,2026-02-01,2028-02-01,2026-02-07,8,0,good,615
INV_0004896,WH_003,WH_003_COLD_048,SKU_00035,BATCH_0004896,2026-04-17,2026-09-21,2026-04-22,10,0,good,117
INV_0004897,WH_003,WH_003_COLD_159,SKU_00106,BATCH_0004897,2026-05-25,2027-03-02,2026-06-04,196,0,good,279
INV_0004898,WH_001,WH_001_AMBIENT_195,SKU_00113,BATCH_0004898,2026-02-02,2027-02-02,2026-02-13,16,0,good,251
INV_0004899,WH_001,WH_001_AMBIENT_127,SKU_00278,BATCH_0004899,2025-06-05,2027-07-07,2025-06-08,12,0,good,406
INV_0004900,WH_003,WH_003_AMBIENT_028,SKU_00025,BATCH_0004900,2026-02-23,2027-02-23,2026-03-02,10,0,good,272
INV_0004901,WH_003,WH_003_AMBIENT_111,SKU_00254,BATCH_0004901,2025-11-02,2026-11-02,2025-11-13,53,0,good,159
INV_0004902,WH_003,WH_003_AMBIENT_152,SKU_00004,BATCH_0004902,2025-11-17,2027-04-24,2025-11-23,2,0,good,332
INV_0004903,WH_003,WH_003_AMBIENT_192,SKU_00067,BATCH_0004903,2024-08-25,2026-08-31,2024-09-05,67,0,good,96
INV_0004904,WH_002,WH_002_COOL_175,SKU_00162,BATCH_0004904,2025-03-23,2027-03-23,2025-04-05,59,0,good,300
INV_0004905,WH_003,WH_003_COOL_106,SKU_00238,BATCH_0004905,2025-05-15,2027-01-08,2025-05-22,12,0,good,226
INV_0004906,WH_001,WH_001_COOL_190,SKU_00119,BATCH_0004906,2025-04-24,2026-08-18,2025-05-02,16,0,good,83
INV_0004907,WH_003,WH_003_COOL_010,SKU_00226,BATCH_0004907,2026-04-17,2028-04-16,2026-04-26,7,0,good,690
INV_0004908,WH_001,WH_001_COOL_127,SKU_00187,BATCH_0004908,2026-04-26,2027-09-27,2026-04-28,64,0,good,488
INV_0004909,WH_003,WH_003_AMBIENT_171,SKU_00218,BATCH_0004909,2025-12-28,2028-02-14,2025-12-30,76,0,good,628
INV_0004910,WH_001,WH_001_AMBIENT_175,SKU_00080,BATCH_0004910,2024-04-13,2026-08-28,2024-04-22,23,0,good,93
INV_0004911,WH_001,WH_001_COOL_081,SKU_00184,BATCH_0004911,2025-12-29,2027-09-09,2026-01-02,7,0,good,470
INV_0004912,WH_001,WH_001_AMBIENT_025,SKU_00215,BATCH_0004912,2025-09-25,2027-03-11,2025-10-02,23,0,good,288
INV_0004913,WH_001,WH_001_COLD_071,SKU_00149,BATCH_0004913,2026-02-21,2026-07-16,2026-02-26,5,0,good,50
INV_0004914,WH_001,WH_001_COOL_024,SKU_00280,BATCH_0004914,2025-04-25,2027-04-25,2025-04-26,17,0,good,333
INV_0004915,WH_002,WH_002_FROZEN_071,SKU_00296,BATCH_0004915,2025-11-16,2027-11-16,2025-11-20,4,0,good,538
INV_0004916,WH_001,WH_001_AMBIENT_126,SKU_00027,BATCH_0004916,2024-12-15,2026-08-28,2024-12-27,3,0,good,93
INV_0004917,WH_001,WH_001_AMBIENT_122,SKU_00073,BATCH_0004917,2026-04-02,2027-04-02,2026-04-03,44,0,good,310
INV_0004918,WH_001,WH_001_COLD_056,SKU_00106,BATCH_0004918,2026-04-22,2027-01-28,2026-05-03,8,0,good,246
INV_0004919,WH_001,WH_001_AMBIENT_189,SKU_00279,BATCH_0004919,2024-07-18,2027-05-17,2024-07-22,104,27,good,355
INV_0004920,WH_001,WH_001_AMBIENT_176,SKU_00105,BATCH_0004920,2025-07-27,2026-07-27,2025-07-31,26,0,good,61
INV_0004921,WH_003,WH_003_AMBIENT_034,SKU_00105,BATCH_0004921,2025-07-11,2026-07-11,2025-07-21,145,0,good,45
INV_0004922,WH_002,WH_002_AMBIENT_099,SKU_00218,BATCH_0004922,2026-04-29,2028-06-15,2026-05-06,17,0,good,750
INV_0004923,WH_001,WH_001_COOL_073,SKU_00130,BATCH_0004923,2026-01-04,2028-01-04,2026-01-11,29,0,good,587
INV_0004924,WH_003,WH_003_COOL_082,SKU_00145,BATCH_0004924,2025-12-25,2027-04-17,2025-12-30,22,0,good,325
INV_0004925,WH_003,WH_003_AMBIENT_011,SKU_00129,BATCH_0004925,2026-04-07,2027-04-07,2026-04-15,15,2,good,315
INV_0004926,WH_003,WH_003_COOL_151,SKU_00119,BATCH_0004926,2025-12-31,2027-04-26,2026-01-12,17,0,good,334
INV_0004927,WH_003,WH_003_AMBIENT_004,SKU_00265,BATCH_0004927,2025-10-17,2028-01-13,2025-10-28,57,0,good,596
INV_0004928,WH_002,WH_002_COOL_105,SKU_00227,BATCH_0004928,2025-11-27,2027-11-27,2025-12-07,29,7,good,549
INV_0004929,WH_003,WH_003_COOL_062,SKU_00272,BATCH_0004929,2026-03-25,2027-01-15,2026-04-02,37,1,good,233
INV_0004930,WH_002,WH_002_COLD_096,SKU_00300,BATCH_0004930,2026-04-05,2027-04-05,2026-04-09,7,0,good,313
INV_0004931,WH_003,WH_003_COOL_024,SKU_00238,BATCH_0004931,2025-07-28,2027-03-23,2025-08-10,4,0,good,300
INV_0004932,WH_001,WH_001_AMBIENT_011,SKU_00225,BATCH_0004932,2025-07-18,2026-07-20,2025-07-21,120,0,good,54
INV_0004933,WH_002,WH_002_AMBIENT_105,SKU_00100,BATCH_0004933,2024-02-04,2026-09-19,2024-02-09,15,0,good,115
INV_0004934,WH_001,WH_001_AMBIENT_142,SKU_00262,BATCH_0004934,2025-04-15,2026-10-26,2025-04-22,27,0,good,152
INV_0004935,WH_002,WH_002_COOL_125,SKU_00245,BATCH_0004935,2025-06-10,2026-11-05,2025-06-17,30,0,good,162
INV_0004936,WH_001,WH_001_AMBIENT_134,SKU_00025,BATCH_0004936,2026-03-02,2027-03-02,2026-03-07,22,0,good,279
INV_0004937,WH_003,WH_003_AMBIENT_190,SKU_00056,BATCH_0004937,2026-02-20,2027-05-11,2026-02-21,6,0,good,349
INV_0004938,WH_003,WH_003_COLD_196,SKU_00136,BATCH_0004938,2026-04-18,2027-01-15,2026-04-23,50,0,good,233
INV_0004939,WH_001,WH_001_AMBIENT_186,SKU_00278,BATCH_0004939,2025-04-15,2027-05-17,2025-04-20,5,0,good,355
INV_0004940,WH_001,WH_001_AMBIENT_132,SKU_00102,BATCH_0004940,2024-06-17,2026-12-02,2024-06-19,4,0,good,189
INV_0004941,WH_002,WH_002_AMBIENT_182,SKU_00286,BATCH_0004941,2024-10-06,2026-08-23,2024-10-15,68,0,good,88
INV_0004942,WH_002,WH_002_AMBIENT_004,SKU_00297,BATCH_0004942,2025-01-07,2026-07-26,2025-01-15,16,5,good,60
INV_0004943,WH_002,WH_002_AMBIENT_020,SKU_00166,BATCH_0004943,2026-03-20,2027-09-29,2026-03-26,50,0,good,490
INV_0004944,WH_003,WH_003_COLD_106,SKU_00106,BATCH_0004944,2026-05-18,2027-02-23,2026-05-23,95,35,good,272
INV_0004945,WH_001,WH_001_COOL_146,SKU_00244,BATCH_0004945,2025-02-16,2026-09-19,2025-02-24,7,0,good,115
INV_0004946,WH_002,WH_002_AMBIENT_094,SKU_00286,BATCH_0004946,2026-05-04,2028-03-20,2026-05-14,104,0,good,663
INV_0004947,WH_003,WH_003_COOL_076,SKU_00140,BATCH_0004947,2026-03-05,2026-12-11,2026-03-18,97,0,good,198
INV_0004948,WH_003,WH_003_AMBIENT_077,SKU_00215,BATCH_0004948,2026-02-11,2027-07-28,2026-02-19,3,0,good,427
INV_0004949,WH_003,WH_003_COOL_104,SKU_00033,BATCH_0004949,2025-09-28,2026-12-03,2025-10-04,14,0,good,190
INV_0004950,WH_003,WH_003_COOL_199,SKU_00184,BATCH_0004950,2026-04-03,2027-12-13,2026-04-04,2,0,good,565
INV_0004951,WH_002,WH_002_COLD_055,SKU_00146,BATCH_0004951,2026-01-30,2027-01-30,2026-02-12,52,1,good,248
INV_0004952,WH_002,WH_002_AMBIENT_162,SKU_00185,BATCH_0004952,2026-02-18,2027-02-18,2026-02-24,33,0,good,267
INV_0004953,WH_001,WH_001_AMBIENT_172,SKU_00234,BATCH_0004953,2026-01-31,2027-01-31,2026-02-09,22,0,good,249
INV_0004954,WH_003,WH_003_COLD_104,SKU_00123,BATCH_0004954,2026-02-21,2027-02-21,2026-02-27,25,0,good,270
INV_0004955,WH_003,WH_003_COOL_038,SKU_00079,BATCH_0004955,2026-04-21,2027-11-19,2026-05-01,51,19,good,541
INV_0004956,WH_003,WH_003_COOL_178,SKU_00270,BATCH_0004956,2026-04-10,2027-04-06,2026-04-12,77,30,good,314
INV_0004957,WH_003,WH_003_AMBIENT_038,SKU_00036,BATCH_0004957,2026-01-23,2027-04-26,2026-01-26,17,6,good,334
INV_0004958,WH_002,WH_002_AMBIENT_132,SKU_00174,BATCH_0004958,2024-08-03,2026-12-11,2024-08-08,15,0,good,198
INV_0004959,WH_001,WH_001_COOL_098,SKU_00144,BATCH_0004959,2026-05-06,2028-04-26,2026-05-12,11,4,good,700
INV_0004960,WH_002,WH_002_AMBIENT_097,SKU_00166,BATCH_0004960,2025-04-29,2026-11-08,2025-05-09,88,1,good,165
INV_0004961,WH_003,WH_003_COLD_106,SKU_00136,BATCH_0004961,2025-11-05,2026-08-04,2025-11-08,117,0,good,69
INV_0004962,WH_002,WH_002_COLD_186,SKU_00045,BATCH_0004962,2025-10-14,2026-10-14,2025-10-17,6,0,good,140
INV_0004963,WH_003,WH_003_COLD_041,SKU_00106,BATCH_0004963,2026-01-22,2026-10-30,2026-01-28,10,0,good,156
INV_0004964,WH_001,WH_001_AMBIENT_101,SKU_00091,BATCH_0004964,2024-12-29,2027-08-01,2025-01-02,4,0,good,431
INV_0004965,WH_003,WH_003_COOL_080,SKU_00240,BATCH_0004965,2025-10-17,2026-07-30,2025-10-22,2,0,good,64
INV_0004966,WH_002,WH_002_COLD_056,SKU_00092,BATCH_0004966,2025-07-10,2026-07-10,2025-07-21,2,0,good,44
INV_0004967,WH_001,WH_001_AMBIENT_152,SKU_00052,BATCH_0004967,2024-05-07,2027-01-23,2024-05-13,5,0,good,241
INV_0004968,WH_001,WH_001_AMBIENT_032,SKU_00028,BATCH_0004968,2025-07-16,2026-12-01,2025-07-19,16,0,good,188
INV_0004969,WH_002,WH_002_COLD_197,SKU_00096,BATCH_0004969,2025-08-14,2026-08-14,2025-08-18,17,2,good,79
INV_0004970,WH_001,WH_001_AMBIENT_100,SKU_00278,BATCH_0004970,2026-04-19,2028-05-20,2026-04-25,2,0,good,724
INV_0004971,WH_002,WH_002_AMBIENT_176,SKU_00257,BATCH_0004971,2025-08-05,2027-02-01,2025-08-16,24,4,good,250
INV_0004972,WH_003,WH_003_COOL_176,SKU_00038,BATCH_0004972,2026-05-02,2028-01-28,2026-05-15,57,0,good,611
INV_0004973,WH_001,WH_001_AMBIENT_195,SKU_00004,BATCH_0004973,2025-09-16,2027-02-21,2025-09-26,6,0,good,270
INV_0004974,WH_002,WH_002_AMBIENT_127,SKU_00005,BATCH_0004974,2025-03-05,2027-04-16,2025-03-17,13,0,good,324
INV_0004975,WH_002,WH_002_COOL_034,SKU_00111,BATCH_0004975,2025-08-31,2026-09-08,2025-09-10,9,0,good,104
INV_0004976,WH_001,WH_001_COOL_197,SKU_00023,BATCH_0004976,2024-10-05,2026-10-05,2024-10-17,11,0,good,131
INV_0004977,WH_001,WH_001_COOL_028,SKU_00273,BATCH_0004977,2025-01-12,2026-08-22,2025-01-23,25,0,good,87
INV_0004978,WH_003,WH_003_COLD_109,SKU_00037,BATCH_0004978,2025-11-25,2026-11-25,2025-12-05,82,0,good,182
INV_0004979,WH_003,WH_003_AMBIENT_056,SKU_00143,BATCH_0004979,2025-08-28,2026-08-28,2025-09-09,8,2,good,93
INV_0004980,WH_001,WH_001_COOL_117,SKU_00140,BATCH_0004980,2026-05-15,2027-02-20,2026-05-24,13,0,good,269
INV_0004981,WH_001,WH_001_AMBIENT_186,SKU_00013,BATCH_0004981,2024-06-17,2027-04-12,2024-06-21,11,0,good,320
INV_0004982,WH_002,WH_002_COOL_019,SKU_00210,BATCH_0004982,2025-07-18,2027-07-18,2025-07-31,26,0,good,417
INV_0004983,WH_001,WH_001_COLD_065,SKU_00209,BATCH_0004983,2026-03-23,2026-11-01,2026-04-01,14,0,good,158
INV_0004984,WH_001,WH_001_AMBIENT_127,SKU_00180,BATCH_0004984,2025-09-13,2026-09-13,2025-09-22,27,0,good,109
INV_0004985,WH_002,WH_002_AMBIENT_036,SKU_00135,BATCH_0004985,2025-09-24,2026-09-24,2025-10-03,5,0,good,120
INV_0004986,WH_003,WH_003_AMBIENT_036,SKU_00259,BATCH_0004986,2025-12-13,2027-12-01,2025-12-24,4,0,good,553
INV_0004987,WH_001,WH_001_COOL_134,SKU_00016,BATCH_0004987,2025-02-14,2026-07-24,2025-02-23,19,0,good,58
INV_0004988,WH_001,WH_001_AMBIENT_146,SKU_00062,BATCH_0004988,2026-05-12,2028-05-02,2026-05-19,31,0,good,706
INV_0004989,WH_003,WH_003_AMBIENT_034,SKU_00170,BATCH_0004989,2025-08-14,2026-08-14,2025-08-19,137,18,good,79
INV_0004990,WH_003,WH_003_AMBIENT_029,SKU_00248,BATCH_0004990,2026-01-26,2028-04-29,2026-02-03,62,5,good,703
INV_0004991,WH_003,WH_003_COOL_083,SKU_00226,BATCH_0004991,2025-01-27,2027-01-27,2025-02-03,109,5,good,245
INV_0004992,WH_002,WH_002_AMBIENT_086,SKU_00095,BATCH_0004992,2024-12-07,2027-03-27,2024-12-11,15,0,good,304
INV_0004993,WH_001,WH_001_AMBIENT_181,SKU_00248,BATCH_0004993,2026-05-08,2028-08-09,2026-05-09,6,0,good,805
INV_0004994,WH_003,WH_003_COLD_141,SKU_00183,BATCH_0004994,2025-11-01,2026-11-01,2025-11-13,41,0,good,158
INV_0004995,WH_003,WH_003_COLD_172,SKU_00196,BATCH_0004995,2026-04-22,2026-11-10,2026-04-28,15,1,good,167
INV_0004996,WH_002,WH_002_COLD_110,SKU_00231,BATCH_0004996,2025-08-14,2026-08-14,2025-08-27,24,0,good,79
INV_0004997,WH_003,WH_003_AMBIENT_163,SKU_00150,BATCH_0004997,2026-02-23,2027-05-11,2026-02-26,116,43,good,349
INV_0004998,WH_001,WH_001_COOL_190,SKU_00226,BATCH_0004998,2026-04-04,2028-04-03,2026-04-05,18,0,good,677
INV_0004999,WH_003,WH_003_COOL_097,SKU_00070,BATCH_0004999,2024-09-14,2026-09-14,2024-09-21,9,0,good,110
INV_0005000,WH_002,WH_002_AMBIENT_195,SKU_00062,BATCH_0005000,2025-10-03,2027-09-24,2025-10-08,16,6,good,485
INV_0005001,WH_001,WH_001_COOL_120,SKU_00169,BATCH_0005001,2025-07-03,2026-07-10,2025-07-12,6,0,good,44
INV_0005002,WH_003,WH_003_COOL_086,SKU_00121,BATCH_0005002,2025-06-22,2026-08-25,2025-06-23,12,0,good,90
INV_0005003,WH_001,WH_001_AMBIENT_065,SKU_00083,BATCH_0005003,2026-03-13,2027-03-13,2026-03-25,101,0,good,290
INV_0005004,WH_003,WH_003_AMBIENT_124,SKU_00028,BATCH_0005004,2025-03-24,2026-08-09,2025-03-25,7,0,good,74
INV_0005005,WH_002,WH_002_COLD_089,SKU_00183,BATCH_0005005,2025-08-25,2026-08-25,2025-08-28,144,0,good,90
INV_0005006,WH_002,WH_002_COOL_130,SKU_00270,BATCH_0005006,2025-11-21,2026-11-17,2025-12-02,72,0,good,174
INV_0005007,WH_003,WH_003_AMBIENT_150,SKU_00098,BATCH_0005007,2025-04-17,2027-11-19,2025-04-23,14,1,good,541
INV_0005008,WH_001,WH_001_COLD_146,SKU_00204,BATCH_0005008,2026-05-06,2027-05-01,2026-05-08,13,0,good,339
INV_0005009,WH_001,WH_001_COOL_128,SKU_00015,BATCH_0005009,2025-12-13,2027-09-02,2025-12-23,65,0,good,463
INV_0005010,WH_001,WH_001_COOL_116,SKU_00212,BATCH_0005010,2025-08-03,2027-04-06,2025-08-09,2,0,good,314
INV_0005011,WH_002,WH_002_COLD_077,SKU_00237,BATCH_0005011,2025-08-28,2026-08-28,2025-08-29,11,0,good,93
INV_0005012,WH_003,WH_003_AMBIENT_094,SKU_00118,BATCH_0005012,2026-01-09,2027-01-09,2026-01-17,3,0,good,227
INV_0005013,WH_001,WH_001_FROZEN_017,SKU_00284,BATCH_0005013,2026-04-20,2028-04-19,2026-04-27,217,57,good,693
INV_0005014,WH_002,WH_002_COOL_055,SKU_00175,BATCH_0005014,2026-02-27,2027-02-13,2026-03-11,15,2,good,262
INV_0005015,WH_002,WH_002_COLD_008,SKU_00149,BATCH_0005015,2026-04-07,2026-08-30,2026-04-20,3,1,good,95
INV_0005016,WH_003,WH_003_COOL_126,SKU_00087,BATCH_0005016,2025-08-26,2027-08-26,2025-08-30,11,0,good,456
INV_0005017,WH_003,WH_003_AMBIENT_062,SKU_00008,BATCH_0005017,2026-01-08,2027-01-08,2026-01-15,22,0,good,226
INV_0005018,WH_002,WH_002_COOL_081,SKU_00167,BATCH_0005018,2026-05-17,2026-11-22,2026-05-20,1,0,good,179
INV_0005019,WH_003,WH_003_COOL_044,SKU_00086,BATCH_0005019,2025-06-11,2027-06-11,2025-06-15,149,0,good,380
INV_0005020,WH_003,WH_003_AMBIENT_083,SKU_00005,BATCH_0005020,2025-11-09,2027-12-21,2025-11-16,23,0,good,573
INV_0005021,WH_002,WH_002_COLD_158,SKU_00065,BATCH_0005021,2026-03-29,2026-07-31,2026-04-03,48,0,good,65
INV_0005022,WH_002,WH_002_COLD_072,SKU_00183,BATCH_0005022,2026-04-25,2027-04-25,2026-05-03,2,0,good,333
INV_0005023,WH_002,WH_002_AMBIENT_052,SKU_00174,BATCH_0005023,2025-02-03,2027-06-13,2025-02-08,12,0,good,382
INV_0005024,WH_003,WH_003_COLD_057,SKU_00029,BATCH_0005024,2026-01-14,2027-01-14,2026-01-27,4,0,good,232
INV_0005025,WH_003,WH_003_AMBIENT_089,SKU_00028,BATCH_0005025,2025-10-15,2027-03-02,2025-10-22,43,0,good,279
INV_0005026,WH_001,WH_001_FROZEN_002,SKU_00189,BATCH_0005026,2025-01-16,2027-01-16,2025-01-22,19,0,good,234
INV_0005027,WH_001,WH_001_COOL_100,SKU_00243,BATCH_0005027,2024-08-22,2026-08-22,2024-08-28,10,0,good,87
INV_0005028,WH_003,WH_003_COOL_115,SKU_00140,BATCH_0005028,2026-05-09,2027-02-14,2026-05-17,5,0,good,263
INV_0005029,WH_003,WH_003_AMBIENT_003,SKU_00156,BATCH_0005029,2026-02-20,2028-07-25,2026-03-01,11,1,good,790
INV_0005030,WH_002,WH_002_AMBIENT_182,SKU_00267,BATCH_0005030,2025-05-02,2027-05-14,2025-05-13,7,0,good,352
INV_0005031,WH_003,WH_003_COOL_007,SKU_00272,BATCH_0005031,2025-10-31,2026-08-23,2025-11-10,26,0,good,88
INV_0005032,WH_001,WH_001_AMBIENT_189,SKU_00262,BATCH_0005032,2025-08-23,2027-03-05,2025-08-27,8,0,good,282
INV_0005033,WH_001,WH_001_AMBIENT_109,SKU_00028,BATCH_0005033,2025-03-05,2026-07-21,2025-03-15,18,2,good,55
INV_0005034,WH_001,WH_001_AMBIENT_113,SKU_00124,BATCH_0005034,2025-03-26,2027-04-03,2025-04-01,7,1,good,311
INV_0005035,WH_002,WH_002_COLD_078,SKU_00136,BATCH_0005035,2026-03-31,2026-12-28,2026-04-10,28,3,good,215
INV_0005036,WH_002,WH_002_AMBIENT_068,SKU_00263,BATCH_0005036,2025-07-11,2027-04-29,2025-07-19,117,0,good,337
INV_0005037,WH_002,WH_002_AMBIENT_136,SKU_00236,BATCH_0005037,2026-02-17,2027-06-06,2026-03-02,6,1,good,375
INV_0005038,WH_002,WH_002_COLD_177,SKU_00082,BATCH_0005038,2026-05-07,2027-05-07,2026-05-11,60,0,good,345
INV_0005039,WH_003,WH_003_AMBIENT_152,SKU_00213,BATCH_0005039,2026-02-09,2028-06-23,2026-02-17,6,0,good,758
INV_0005040,WH_003,WH_003_AMBIENT_181,SKU_00291,BATCH_0005040,2025-05-22,2026-11-25,2025-05-31,63,2,good,182
INV_0005041,WH_003,WH_003_COOL_187,SKU_00130,BATCH_0005041,2025-01-21,2027-01-21,2025-01-27,8,0,good,239
INV_0005042,WH_003,WH_003_AMBIENT_086,SKU_00232,BATCH_0005042,2025-07-02,2027-03-21,2025-07-12,31,2,good,298
INV_0005043,WH_003,WH_003_FROZEN_058,SKU_00216,BATCH_0005043,2025-03-02,2027-01-05,2025-03-08,13,0,good,223
INV_0005044,WH_002,WH_002_COOL_108,SKU_00240,BATCH_0005044,2026-05-20,2027-03-02,2026-06-01,9,0,good,279
INV_0005045,WH_001,WH_001_COOL_093,SKU_00270,BATCH_0005045,2026-05-03,2027-04-29,2026-05-09,92,0,good,337
INV_0005046,WH_003,WH_003_AMBIENT_129,SKU_00214,BATCH_0005046,2025-05-27,2027-08-29,2025-06-03,37,0,good,459
INV_0005047,WH_002,WH_002_AMBIENT_103,SKU_00274,BATCH_0005047,2026-04-02,2027-04-02,2026-04-11,24,0,good,310
INV_0005048,WH_003,WH_003_AMBIENT_122,SKU_00230,BATCH_0005048,2024-11-01,2026-11-09,2024-11-10,15,0,good,166
INV_0005049,WH_003,WH_003_AMBIENT_160,SKU_00291,BATCH_0005049,2025-03-16,2026-09-19,2025-03-20,6,0,good,115
INV_0005050,WH_002,WH_002_COOL_180,SKU_00293,BATCH_0005050,2025-09-12,2027-09-12,2025-09-15,9,3,good,473
INV_0005051,WH_001,WH_001_AMBIENT_095,SKU_00115,BATCH_0005051,2024-10-22,2026-08-18,2024-10-27,17,0,good,83
INV_0005052,WH_001,WH_001_AMBIENT_018,SKU_00114,BATCH_0005052,2024-11-22,2027-04-13,2024-12-03,15,0,good,321
INV_0005053,WH_003,WH_003_AMBIENT_045,SKU_00143,BATCH_0005053,2026-01-07,2027-01-07,2026-01-18,13,5,good,225
INV_0005054,WH_003,WH_003_COLD_118,SKU_00047,BATCH_0005054,2025-12-23,2026-11-13,2026-01-02,45,1,good,170
INV_0005055,WH_003,WH_003_FROZEN_125,SKU_00296,BATCH_0005055,2024-11-03,2026-11-03,2024-11-12,22,2,good,160
INV_0005056,WH_002,WH_002_AMBIENT_048,SKU_00051,BATCH_0005056,2025-12-11,2026-12-28,2025-12-14,18,0,good,215
INV_0005057,WH_001,WH_001_COOL_135,SKU_00266,BATCH_0005057,2025-06-12,2027-02-08,2025-06-22,52,14,good,257
INV_0005058,WH_002,WH_002_COLD_082,SKU_00054,BATCH_0005058,2026-03-08,2027-03-08,2026-03-14,5,0,good,285
INV_0005059,WH_003,WH_003_AMBIENT_074,SKU_00168,BATCH_0005059,2026-03-19,2027-03-19,2026-03-29,10,0,good,296
INV_0005060,WH_002,WH_002_COOL_045,SKU_00015,BATCH_0005060,2025-09-01,2027-05-22,2025-09-07,26,0,good,360
INV_0005061,WH_001,WH_001_AMBIENT_030,SKU_00233,BATCH_0005061,2025-04-07,2026-11-17,2025-04-20,45,0,good,174
INV_0005062,WH_001,WH_001_AMBIENT_054,SKU_00286,BATCH_0005062,2025-01-09,2026-11-26,2025-01-12,21,3,good,183
INV_0005063,WH_001,WH_001_COLD_086,SKU_00264,BATCH_0005063,2026-03-30,2026-08-17,2026-04-01,11,0,good,82
INV_0005064,WH_002,WH_002_AMBIENT_188,SKU_00009,BATCH_0005064,2025-07-15,2027-07-29,2025-07-21,35,5,good,428
INV_0005065,WH_003,WH_003_AMBIENT_011,SKU_00257,BATCH_0005065,2025-11-22,2027-05-21,2025-11-24,7,1,good,359
INV_0005066,WH_003,WH_003_COOL_107,SKU_00070,BATCH_0005066,2025-06-11,2027-06-11,2025-06-20,71,0,good,380
INV_0005067,WH_002,WH_002_AMBIENT_028,SKU_00005,BATCH_0005067,2024-09-08,2026-10-20,2024-09-14,64,0,good,146
INV_0005068,WH_002,WH_002_COOL_152,SKU_00219,BATCH_0005068,2024-12-14,2026-09-17,2024-12-26,22,0,good,113
INV_0005069,WH_002,WH_002_FROZEN_046,SKU_00197,BATCH_0005069,2026-01-14,2028-01-14,2026-01-27,18,2,good,597
INV_0005070,WH_002,WH_002_AMBIENT_151,SKU_00118,BATCH_0005070,2025-09-11,2026-09-11,2025-09-19,14,4,good,107
INV_0005071,WH_002,WH_002_COLD_036,SKU_00096,BATCH_0005071,2025-08-29,2026-08-29,2025-09-11,3,0,good,94
INV_0005072,WH_001,WH_001_AMBIENT_150,SKU_00066,BATCH_0005072,2025-05-23,2026-11-05,2025-05-25,56,0,good,162
INV_0005073,WH_003,WH_003_COLD_156,SKU_00229,BATCH_0005073,2026-03-14,2027-03-14,2026-03-25,16,0,good,291
INV_0005074,WH_001,WH_001_AMBIENT_153,SKU_00116,BATCH_0005074,2024-08-27,2027-04-04,2024-09-04,20,0,good,312
INV_0005075,WH_001,WH_001_AMBIENT_182,SKU_00258,BATCH_0005075,2026-01-13,2027-05-25,2026-01-15,50,0,good,363
INV_0005076,WH_001,WH_001_COOL_119,SKU_00212,BATCH_0005076,2025-06-21,2027-02-22,2025-06-26,6,0,good,271
INV_0005077,WH_002,WH_002_AMBIENT_192,SKU_00062,BATCH_0005077,2025-11-15,2027-11-06,2025-11-25,6,1,good,528
INV_0005078,WH_001,WH_001_AMBIENT_012,SKU_00288,BATCH_0005078,2024-08-07,2026-08-27,2024-08-16,11,0,good,92
INV_0005079,WH_003,WH_003_COLD_034,SKU_00045,BATCH_0005079,2026-04-04,2027-04-04,2026-04-08,33,0,good,312
INV_0005080,WH_001,WH_001_COLD_193,SKU_00123,BATCH_0005080,2026-01-13,2027-01-13,2026-01-20,131,0,good,231
INV_0005081,WH_001,WH_001_COOL_164,SKU_00011,BATCH_0005081,2024-10-25,2026-10-25,2024-11-01,22,0,good,151
INV_0005082,WH_002,WH_002_COOL_084,SKU_00293,BATCH_0005082,2025-05-26,2027-05-26,2025-06-02,20,0,good,364
INV_0005083,WH_002,WH_002_COLD_052,SKU_00136,BATCH_0005083,2026-05-07,2027-02-03,2026-05-15,2,0,good,252
INV_0005084,WH_002,WH_002_AMBIENT_176,SKU_00214,BATCH_0005084,2026-02-24,2028-05-28,2026-03-04,20,2,good,732
INV_0005085,WH_003,WH_003_COLD_199,SKU_00193,BATCH_0005085,2026-03-09,2027-02-06,2026-03-11,13,0,good,255
INV_0005086,WH_001,WH_001_COOL_084,SKU_00272,BATCH_0005086,2026-03-16,2027-01-06,2026-03-25,9,0,good,224
INV_0005087,WH_002,WH_002_COOL_174,SKU_00044,BATCH_0005087,2024-12-06,2026-10-19,2024-12-14,14,0,good,145
INV_0005088,WH_001,WH_001_AMBIENT_146,SKU_00120,BATCH_0005088,2026-02-20,2027-05-31,2026-02-25,36,0,good,369
INV_0005089,WH_001,WH_001_AMBIENT_186,SKU_00028,BATCH_0005089,2025-04-22,2026-09-07,2025-04-30,107,0,good,103
INV_0005090,WH_003,WH_003_COOL_093,SKU_00211,BATCH_0005090,2026-01-19,2028-01-19,2026-01-26,14,0,good,602
INV_0005091,WH_001,WH_001_AMBIENT_114,SKU_00017,BATCH_0005091,2026-05-02,2028-04-06,2026-05-04,82,0,good,680
INV_0005092,WH_001,WH_001_COOL_053,SKU_00244,BATCH_0005092,2026-05-20,2027-12-21,2026-06-02,254,0,good,573
INV_0005093,WH_003,WH_003_COLD_096,SKU_00014,BATCH_0005093,2025-09-29,2026-09-25,2025-10-07,30,10,good,121
INV_0005094,WH_003,WH_003_AMBIENT_115,SKU_00102,BATCH_0005094,2024-11-27,2027-05-14,2024-12-08,3,0,good,352
INV_0005095,WH_003,WH_003_AMBIENT_026,SKU_00024,BATCH_0005095,2026-03-29,2027-12-29,2026-04-09,70,0,good,581
INV_0005096,WH_003,WH_003_AMBIENT_099,SKU_00081,BATCH_0005096,2026-03-02,2027-09-04,2026-03-05,175,7,good,465
INV_0005097,WH_003,WH_003_AMBIENT_172,SKU_00285,BATCH_0005097,2025-08-02,2026-08-02,2025-08-04,7,0,good,67
INV_0005098,WH_003,WH_003_COOL_070,SKU_00138,BATCH_0005098,2026-04-24,2028-03-03,2026-04-25,23,1,good,646
INV_0005099,WH_003,WH_003_COOL_015,SKU_00133,BATCH_0005099,2026-04-10,2028-02-08,2026-04-22,19,0,good,622
INV_0005100,WH_001,WH_001_AMBIENT_042,SKU_00152,BATCH_0005100,2025-11-15,2027-07-08,2025-11-21,24,0,good,407
INV_0005101,WH_001,WH_001_AMBIENT_148,SKU_00078,BATCH_0005101,2025-11-03,2028-03-26,2025-11-14,11,3,good,669
INV_0005102,WH_001,WH_001_AMBIENT_119,SKU_00028,BATCH_0005102,2026-04-11,2027-08-27,2026-04-18,38,0,good,457
INV_0005103,WH_002,WH_002_COOL_060,SKU_00261,BATCH_0005103,2026-05-04,2027-05-19,2026-05-08,74,0,good,357
INV_0005104,WH_002,WH_002_AMBIENT_152,SKU_00115,BATCH_0005104,2026-04-20,2028-02-14,2026-04-27,3,0,good,628
INV_0005105,WH_003,WH_003_AMBIENT_155,SKU_00062,BATCH_0005105,2024-09-09,2026-08-31,2024-09-13,288,4,good,96
INV_0005106,WH_001,WH_001_COLD_058,SKU_00069,BATCH_0005106,2025-10-15,2026-09-11,2025-10-17,36,0,good,107
INV_0005107,WH_003,WH_003_COOL_160,SKU_00220,BATCH_0005107,2026-02-03,2026-10-04,2026-02-16,28,0,good,130
INV_0005108,WH_003,WH_003_COOL_087,SKU_00280,BATCH_0005108,2024-09-17,2026-09-17,2024-09-22,18,0,good,113
INV_0005109,WH_002,WH_002_AMBIENT_120,SKU_00288,BATCH_0005109,2026-03-28,2028-04-16,2026-03-30,12,0,good,690
INV_0005110,WH_002,WH_002_AMBIENT_038,SKU_00170,BATCH_0005110,2025-12-20,2026-12-20,2026-01-02,3,0,good,207
INV_0005111,WH_002,WH_002_AMBIENT_150,SKU_00292,BATCH_0005111,2026-03-10,2027-07-30,2026-03-20,135,0,good,429
INV_0005112,WH_001,WH_001_COLD_093,SKU_00106,BATCH_0005112,2025-12-25,2026-10-02,2026-01-06,20,0,good,128
INV_0005113,WH_002,WH_002_AMBIENT_134,SKU_00185,BATCH_0005113,2025-07-17,2026-07-17,2025-07-18,7,0,good,51
INV_0005114,WH_002,WH_002_AMBIENT_164,SKU_00290,BATCH_0005114,2026-05-06,2027-09-23,2026-05-09,5,0,good,484
INV_0005115,WH_001,WH_001_COOL_006,SKU_00240,BATCH_0005115,2026-02-24,2026-12-07,2026-03-07,147,3,good,194
INV_0005116,WH_001,WH_001_AMBIENT_154,SKU_00185,BATCH_0005116,2025-07-11,2026-07-11,2025-07-17,2,0,good,45
INV_0005117,WH_002,WH_002_COOL_089,SKU_00220,BATCH_0005117,2025-12-18,2026-08-18,2025-12-25,28,0,good,83
INV_0005118,WH_002,WH_002_AMBIENT_084,SKU_00028,BATCH_0005118,2025-12-04,2027-04-21,2025-12-17,27,8,good,329
INV_0005119,WH_002,WH_002_AMBIENT_094,SKU_00177,BATCH_0005119,2024-12-06,2026-11-20,2024-12-15,4,0,good,177
INV_0005120,WH_002,WH_002_AMBIENT_099,SKU_00190,BATCH_0005120,2025-07-18,2027-03-27,2025-07-24,16,0,good,304
INV_0005121,WH_002,WH_002_FROZEN_030,SKU_00287,BATCH_0005121,2025-09-19,2027-09-19,2025-09-22,24,9,good,480
INV_0005122,WH_002,WH_002_AMBIENT_024,SKU_00282,BATCH_0005122,2025-01-12,2027-05-27,2025-01-20,15,0,good,365
INV_0005123,WH_002,WH_002_AMBIENT_043,SKU_00299,BATCH_0005123,2025-09-06,2027-04-29,2025-09-18,5,1,good,337
INV_0005124,WH_003,WH_003_AMBIENT_159,SKU_00282,BATCH_0005124,2025-12-26,2028-05-09,2025-12-30,34,0,good,713
INV_0005125,WH_001,WH_001_COLD_027,SKU_00149,BATCH_0005125,2026-04-20,2026-09-12,2026-04-22,14,0,good,108
INV_0005126,WH_003,WH_003_COOL_178,SKU_00266,BATCH_0005126,2025-11-19,2027-07-18,2025-11-24,53,0,good,417
INV_0005127,WH_002,WH_002_AMBIENT_055,SKU_00158,BATCH_0005127,2025-11-17,2027-08-15,2025-11-21,16,0,good,445
INV_0005128,WH_001,WH_001_AMBIENT_134,SKU_00076,BATCH_0005128,2024-09-17,2026-11-27,2024-09-19,18,0,good,184
INV_0005129,WH_001,WH_001_AMBIENT_022,SKU_00259,BATCH_0005129,2025-05-03,2027-04-21,2025-05-09,22,0,good,329
INV_0005130,WH_003,WH_003_COOL_101,SKU_00023,BATCH_0005130,2025-08-02,2027-08-02,2025-08-11,5,0,good,432
INV_0005131,WH_002,WH_002_AMBIENT_010,SKU_00056,BATCH_0005131,2025-10-16,2027-01-04,2025-10-18,2,0,good,222
INV_0005132,WH_002,WH_002_AMBIENT_096,SKU_00115,BATCH_0005132,2025-05-14,2027-03-10,2025-05-19,3,0,good,287
INV_0005133,WH_001,WH_001_AMBIENT_014,SKU_00258,BATCH_0005133,2025-06-22,2026-11-01,2025-07-03,8,0,good,158
INV_0005134,WH_002,WH_002_COLD_124,SKU_00229,BATCH_0005134,2026-04-22,2027-04-22,2026-05-02,62,0,good,330
INV_0005135,WH_003,WH_003_AMBIENT_070,SKU_00176,BATCH_0005135,2026-01-27,2027-01-27,2026-02-07,25,0,good,245
INV_0005136,WH_002,WH_002_AMBIENT_177,SKU_00247,BATCH_0005136,2026-04-29,2028-06-19,2026-05-09,24,4,good,754
INV_0005137,WH_002,WH_002_COLD_011,SKU_00127,BATCH_0005137,2025-12-11,2026-07-09,2025-12-15,42,0,good,43
INV_0005138,WH_002,WH_002_AMBIENT_099,SKU_00102,BATCH_0005138,2025-09-18,2028-03-04,2025-09-19,5,0,good,647
INV_0005139,WH_003,WH_003_COOL_071,SKU_00139,BATCH_0005139,2026-03-29,2028-03-28,2026-04-06,2,0,good,671
INV_0005140,WH_003,WH_003_AMBIENT_194,SKU_00246,BATCH_0005140,2025-05-07,2026-08-28,2025-05-13,64,0,good,93
INV_0005141,WH_001,WH_001_COOL_006,SKU_00138,BATCH_0005141,2025-11-28,2027-10-08,2025-12-04,10,1,good,499
INV_0005142,WH_002,WH_002_AMBIENT_060,SKU_00109,BATCH_0005142,2026-05-25,2027-06-19,2026-06-05,2,0,good,388
INV_0005143,WH_001,WH_001_COOL_009,SKU_00111,BATCH_0005143,2026-03-16,2027-03-24,2026-03-24,52,0,good,301
INV_0005144,WH_002,WH_002_COLD_175,SKU_00196,BATCH_0005144,2026-04-01,2026-10-20,2026-04-12,9,1,good,146
INV_0005145,WH_002,WH_002_COLD_038,SKU_00045,BATCH_0005145,2025-09-01,2026-09-01,2025-09-07,11,0,good,97
INV_0005146,WH_003,WH_003_AMBIENT_049,SKU_00170,BATCH_0005146,2026-02-19,2027-02-19,2026-03-01,16,5,good,268
INV_0005147,WH_003,WH_003_AMBIENT_093,SKU_00241,BATCH_0005147,2024-05-20,2026-11-14,2024-05-23,20,0,good,171
INV_0005148,WH_003,WH_003_AMBIENT_013,SKU_00180,BATCH_0005148,2025-07-20,2026-07-20,2025-07-22,50,4,good,54
INV_0005149,WH_002,WH_002_AMBIENT_007,SKU_00155,BATCH_0005149,2025-11-21,2027-02-18,2025-11-29,5,0,good,267
INV_0005150,WH_001,WH_001_FROZEN_094,SKU_00007,BATCH_0005150,2026-05-19,2026-11-28,2026-05-21,19,3,good,185
INV_0005151,WH_002,WH_002_COOL_098,SKU_00021,BATCH_0005151,2025-10-29,2026-08-17,2025-11-10,42,0,good,82
INV_0005152,WH_003,WH_003_AMBIENT_111,SKU_00205,BATCH_0005152,2025-07-10,2026-08-05,2025-07-18,35,0,good,70
INV_0005153,WH_002,WH_002_AMBIENT_084,SKU_00108,BATCH_0005153,2026-01-04,2028-11-05,2026-01-13,17,0,good,893
INV_0005154,WH_002,WH_002_AMBIENT_107,SKU_00259,BATCH_0005154,2024-12-16,2026-12-04,2024-12-29,11,0,good,191
INV_0005155,WH_001,WH_001_AMBIENT_076,SKU_00241,BATCH_0005155,2026-01-05,2028-07-01,2026-01-16,7,0,good,766
INV_0005156,WH_002,WH_002_AMBIENT_187,SKU_00259,BATCH_0005156,2026-04-06,2028-03-24,2026-04-12,6,0,good,667
INV_0005157,WH_001,WH_001_AMBIENT_191,SKU_00178,BATCH_0005157,2026-05-09,2028-02-25,2026-05-22,36,0,good,639
INV_0005158,WH_003,WH_003_COOL_195,SKU_00162,BATCH_0005158,2025-05-25,2027-05-25,2025-05-29,64,0,good,363
INV_0005159,WH_001,WH_001_AMBIENT_007,SKU_00242,BATCH_0005159,2026-02-22,2027-02-22,2026-03-01,11,0,good,271
INV_0005160,WH_003,WH_003_AMBIENT_094,SKU_00022,BATCH_0005160,2025-09-23,2027-12-03,2025-09-24,9,0,good,555
INV_0005161,WH_003,WH_003_AMBIENT_022,SKU_00005,BATCH_0005161,2026-04-10,2028-05-21,2026-04-22,158,46,good,725
INV_0005162,WH_002,WH_002_AMBIENT_081,SKU_00105,BATCH_0005162,2025-10-17,2026-10-17,2025-10-21,45,0,good,143
INV_0005163,WH_002,WH_002_AMBIENT_053,SKU_00241,BATCH_0005163,2024-03-08,2026-09-02,2024-03-18,22,0,good,98
INV_0005164,WH_002,WH_002_AMBIENT_074,SKU_00180,BATCH_0005164,2026-02-03,2027-02-03,2026-02-08,6,0,good,252
INV_0005165,WH_002,WH_002_AMBIENT_008,SKU_00292,BATCH_0005165,2026-02-21,2027-07-13,2026-02-26,14,0,good,412
INV_0005166,WH_003,WH_003_AMBIENT_104,SKU_00001,BATCH_0005166,2026-05-15,2027-12-15,2026-05-28,7,0,good,567
INV_0005167,WH_001,WH_001_AMBIENT_195,SKU_00291,BATCH_0005167,2025-08-10,2027-02-13,2025-08-20,57,8,good,262
INV_0005168,WH_001,WH_001_COLD_023,SKU_00164,BATCH_0005168,2025-11-29,2026-11-29,2025-12-12,51,0,good,186
INV_0005169,WH_003,WH_003_COLD_089,SKU_00252,BATCH_0005169,2025-11-18,2026-11-18,2025-11-30,140,0,good,175
INV_0005170,WH_002,WH_002_AMBIENT_037,SKU_00141,BATCH_0005170,2025-08-19,2026-08-19,2025-08-30,52,0,good,84
INV_0005171,WH_002,WH_002_AMBIENT_158,SKU_00203,BATCH_0005171,2025-12-02,2027-08-17,2025-12-08,58,7,good,447
INV_0005172,WH_003,WH_003_FROZEN_062,SKU_00284,BATCH_0005172,2024-10-18,2026-10-18,2024-10-23,5,0,good,144
INV_0005173,WH_002,WH_002_COOL_165,SKU_00021,BATCH_0005173,2026-05-03,2027-02-19,2026-05-14,2,0,good,268
INV_0005174,WH_001,WH_001_COLD_188,SKU_00096,BATCH_0005174,2026-04-29,2027-04-29,2026-05-11,15,0,good,337
INV_0005175,WH_002,WH_002_COOL_026,SKU_00060,BATCH_0005175,2024-11-27,2026-11-27,2024-12-08,12,0,good,184
INV_0005176,WH_003,WH_003_AMBIENT_044,SKU_00248,BATCH_0005176,2025-04-25,2027-07-28,2025-05-07,7,0,good,427
INV_0005177,WH_002,WH_002_COOL_048,SKU_00043,BATCH_0005177,2025-10-17,2027-10-17,2025-10-21,11,0,good,508
INV_0005178,WH_002,WH_002_AMBIENT_156,SKU_00083,BATCH_0005178,2025-08-27,2026-08-27,2025-09-02,12,0,good,92
INV_0005179,WH_002,WH_002_AMBIENT_037,SKU_00247,BATCH_0005179,2025-05-01,2027-06-22,2025-05-05,38,1,good,391
INV_0005180,WH_002,WH_002_COOL_151,SKU_00253,BATCH_0005180,2026-03-16,2028-03-15,2026-03-24,28,2,good,658
INV_0005181,WH_003,WH_003_AMBIENT_196,SKU_00083,BATCH_0005181,2026-02-14,2027-02-14,2026-02-21,23,0,good,263
INV_0005182,WH_002,WH_002_AMBIENT_105,SKU_00113,BATCH_0005182,2026-05-09,2027-05-09,2026-05-13,18,0,good,347
INV_0005183,WH_001,WH_001_AMBIENT_115,SKU_00094,BATCH_0005183,2025-06-16,2027-09-08,2025-06-26,6,1,good,469
INV_0005184,WH_003,WH_003_COOL_059,SKU_00253,BATCH_0005184,2025-01-15,2027-01-15,2025-01-17,19,0,good,233
INV_0005185,WH_003,WH_003_FROZEN_091,SKU_00284,BATCH_0005185,2025-03-16,2027-03-16,2025-03-25,11,0,good,293
INV_0005186,WH_001,WH_001_COOL_072,SKU_00238,BATCH_0005186,2026-01-17,2027-09-12,2026-01-27,28,0,good,473
INV_0005187,WH_003,WH_003_COOL_031,SKU_00167,BATCH_0005187,2025-12-18,2026-06-25,2025-12-31,11,0,good,29
INV_0005188,WH_001,WH_001_COOL_162,SKU_00003,BATCH_0005188,2025-11-07,2027-11-07,2025-11-18,3,0,good,529
INV_0005189,WH_003,WH_003_COOL_065,SKU_00021,BATCH_0005189,2025-10-30,2026-08-18,2025-11-12,20,0,good,83
INV_0005190,WH_002,WH_002_AMBIENT_120,SKU_00084,BATCH_0005190,2025-10-26,2026-10-26,2025-11-05,11,0,good,152
INV_0005191,WH_002,WH_002_AMBIENT_190,SKU_00174,BATCH_0005191,2026-01-03,2028-05-12,2026-01-08,66,0,good,716
INV_0005192,WH_001,WH_001_AMBIENT_166,SKU_00083,BATCH_0005192,2026-05-20,2027-05-20,2026-05-27,18,0,good,358
INV_0005193,WH_001,WH_001_AMBIENT_024,SKU_00067,BATCH_0005193,2025-09-19,2027-09-25,2025-10-02,22,0,good,486
INV_0005194,WH_001,WH_001_COOL_109,SKU_00243,BATCH_0005194,2024-08-16,2026-08-16,2024-08-25,22,3,good,81
INV_0005195,WH_001,WH_001_COLD_050,SKU_00300,BATCH_0005195,2026-04-29,2027-04-29,2026-05-02,4,0,good,337
INV_0005196,WH_001,WH_001_AMBIENT_032,SKU_00279,BATCH_0005196,2025-03-30,2028-01-27,2025-04-10,4,1,good,610
INV_0005197,WH_001,WH_001_AMBIENT_176,SKU_00239,BATCH_0005197,2025-12-26,2026-12-26,2025-12-28,3,0,good,213
INV_0005198,WH_003,WH_003_AMBIENT_007,SKU_00063,BATCH_0005198,2026-04-21,2027-08-28,2026-05-02,69,0,good,458
INV_0005199,WH_001,WH_001_COLD_082,SKU_00029,BATCH_0005199,2026-05-06,2027-05-06,2026-05-17,14,1,good,344
INV_0005200,WH_002,WH_002_AMBIENT_014,SKU_00241,BATCH_0005200,2024-05-08,2026-11-02,2024-05-13,19,0,good,159
INV_0005201,WH_002,WH_002_AMBIENT_076,SKU_00080,BATCH_0005201,2024-11-24,2027-04-10,2024-12-01,11,1,good,318
INV_0005202,WH_003,WH_003_COOL_041,SKU_00033,BATCH_0005202,2025-06-29,2026-09-03,2025-07-09,9,0,good,99
INV_0005203,WH_001,WH_001_AMBIENT_008,SKU_00155,BATCH_0005203,2025-06-08,2026-09-05,2025-06-20,20,0,good,101
INV_0005204,WH_001,WH_001_COLD_007,SKU_00082,BATCH_0005204,2026-03-17,2027-03-17,2026-03-29,2,0,good,294
INV_0005205,WH_002,WH_002_COOL_136,SKU_00224,BATCH_0005205,2025-12-24,2027-02-13,2025-12-26,107,28,good,262
INV_0005206,WH_003,WH_003_AMBIENT_110,SKU_00170,BATCH_0005206,2026-01-08,2027-01-08,2026-01-09,8,0,good,226
INV_0005207,WH_002,WH_002_COLD_037,SKU_00202,BATCH_0005207,2026-04-27,2026-09-16,2026-05-07,56,0,good,112
INV_0005208,WH_001,WH_001_COOL_005,SKU_00064,BATCH_0005208,2025-05-05,2027-05-05,2025-05-16,97,7,good,343
INV_0005209,WH_001,WH_001_AMBIENT_160,SKU_00279,BATCH_0005209,2025-05-15,2028-03-13,2025-05-22,24,7,good,656
INV_0005210,WH_003,WH_003_AMBIENT_029,SKU_00083,BATCH_0005210,2026-05-03,2027-05-03,2026-05-11,13,2,good,341
INV_0005211,WH_003,WH_003_FROZEN_033,SKU_00216,BATCH_0005211,2025-10-26,2027-08-31,2025-11-02,18,0,good,461
INV_0005212,WH_002,WH_002_AMBIENT_194,SKU_00056,BATCH_0005212,2026-01-15,2027-04-05,2026-01-20,3,0,good,313
INV_0005213,WH_003,WH_003_COLD_029,SKU_00136,BATCH_0005213,2025-10-23,2026-07-22,2025-10-27,5,1,good,56
INV_0005214,WH_002,WH_002_COOL_029,SKU_00011,BATCH_0005214,2024-09-14,2026-09-14,2024-09-22,8,0,good,110
INV_0005215,WH_002,WH_002_AMBIENT_065,SKU_00081,BATCH_0005215,2026-01-29,2027-08-03,2026-01-31,13,0,good,433
INV_0005216,WH_001,WH_001_COOL_181,SKU_00003,BATCH_0005216,2024-09-11,2026-09-11,2024-09-20,8,0,good,107
INV_0005217,WH_003,WH_003_COOL_130,SKU_00087,BATCH_0005217,2025-04-02,2027-04-02,2025-04-10,4,0,good,310
INV_0005218,WH_001,WH_001_AMBIENT_184,SKU_00230,BATCH_0005218,2025-09-02,2027-09-10,2025-09-14,9,3,good,471
INV_0005219,WH_001,WH_001_AMBIENT_149,SKU_00076,BATCH_0005219,2025-12-16,2028-02-25,2025-12-25,14,3,good,639
INV_0005220,WH_001,WH_001_COOL_084,SKU_00219,BATCH_0005220,2025-07-19,2027-04-22,2025-07-21,7,0,good,330
INV_0005221,WH_002,WH_002_AMBIENT_184,SKU_00095,BATCH_0005221,2024-12-20,2027-04-09,2025-01-01,1,0,good,317
INV_0005222,WH_001,WH_001_AMBIENT_116,SKU_00265,BATCH_0005222,2024-12-06,2027-03-04,2024-12-10,32,8,good,281
INV_0005223,WH_001,WH_001_COOL_015,SKU_00142,BATCH_0005223,2025-11-26,2027-03-15,2025-11-30,29,0,good,292
INV_0005224,WH_001,WH_001_COOL_020,SKU_00169,BATCH_0005224,2025-12-11,2026-12-18,2025-12-14,35,9,good,205
INV_0005225,WH_002,WH_002_COOL_037,SKU_00208,BATCH_0005225,2025-01-07,2027-01-07,2025-01-19,9,0,good,225
INV_0005226,WH_002,WH_002_COLD_092,SKU_00209,BATCH_0005226,2026-01-24,2026-09-04,2026-01-31,35,0,good,100
INV_0005227,WH_003,WH_003_COLD_001,SKU_00183,BATCH_0005227,2026-03-14,2027-03-14,2026-03-22,23,0,good,291
INV_0005228,WH_001,WH_001_AMBIENT_070,SKU_00255,BATCH_0005228,2025-10-21,2026-11-07,2025-10-27,55,0,good,164
INV_0005229,WH_001,WH_001_AMBIENT_146,SKU_00129,BATCH_0005229,2026-04-23,2027-04-23,2026-05-06,2,0,good,331
INV_0005230,WH_002,WH_002_COLD_073,SKU_00202,BATCH_0005230,2026-02-14,2026-07-06,2026-02-24,10,2,good,40
INV_0005231,WH_002,WH_002_AMBIENT_136,SKU_00102,BATCH_0005231,2025-05-09,2027-10-24,2025-05-13,5,0,good,515
INV_0005232,WH_001,WH_001_COOL_124,SKU_00041,BATCH_0005232,2025-10-06,2027-04-05,2025-10-16,117,0,good,313
INV_0005233,WH_003,WH_003_AMBIENT_052,SKU_00152,BATCH_0005233,2026-04-26,2027-12-17,2026-05-05,11,0,good,569
INV_0005234,WH_003,WH_003_COOL_019,SKU_00128,BATCH_0005234,2025-07-27,2027-07-27,2025-08-02,85,15,good,426
INV_0005235,WH_002,WH_002_COOL_126,SKU_00140,BATCH_0005235,2025-10-17,2026-07-25,2025-10-26,102,0,good,59
INV_0005236,WH_001,WH_001_AMBIENT_177,SKU_00132,BATCH_0005236,2025-08-19,2026-08-19,2025-08-31,53,0,good,84
INV_0005237,WH_002,WH_002_AMBIENT_055,SKU_00246,BATCH_0005237,2026-05-03,2027-08-24,2026-05-09,3,0,good,454
INV_0005238,WH_001,WH_001_AMBIENT_184,SKU_00075,BATCH_0005238,2025-12-12,2026-12-12,2025-12-20,21,4,good,199
INV_0005239,WH_001,WH_001_COOL_052,SKU_00038,BATCH_0005239,2026-05-03,2028-01-29,2026-05-13,13,0,good,612
INV_0005240,WH_001,WH_001_AMBIENT_157,SKU_00083,BATCH_0005240,2026-04-29,2027-04-29,2026-05-01,2,0,good,337
INV_0005241,WH_003,WH_003_AMBIENT_026,SKU_00152,BATCH_0005241,2025-08-26,2027-04-18,2025-08-29,7,0,good,326
INV_0005242,WH_001,WH_001_AMBIENT_195,SKU_00299,BATCH_0005242,2025-02-03,2026-09-26,2025-02-09,19,1,good,122
INV_0005243,WH_002,WH_002_FROZEN_150,SKU_00296,BATCH_0005243,2025-04-07,2027-04-07,2025-04-20,27,0,good,315
INV_0005244,WH_002,WH_002_COLD_040,SKU_00082,BATCH_0005244,2025-08-17,2026-08-17,2025-08-25,17,0,good,82
INV_0005245,WH_003,WH_003_COOL_119,SKU_00151,BATCH_0005245,2025-09-02,2027-03-09,2025-09-08,49,0,good,286
INV_0005246,WH_003,WH_003_COLD_007,SKU_00252,BATCH_0005246,2026-04-02,2027-04-02,2026-04-05,27,6,good,310
INV_0005247,WH_001,WH_001_AMBIENT_148,SKU_00277,BATCH_0005247,2025-12-04,2027-11-17,2025-12-11,53,0,good,539
INV_0005248,WH_001,WH_001_AMBIENT_161,SKU_00281,BATCH_0005248,2025-09-11,2026-09-11,2025-09-20,73,0,good,107
INV_0005249,WH_001,WH_001_COOL_025,SKU_00138,BATCH_0005249,2026-05-22,2028-03-31,2026-05-23,13,0,good,674
INV_0005250,WH_003,WH_003_COLD_006,SKU_00228,BATCH_0005250,2026-03-20,2027-01-15,2026-03-25,108,27,good,233
INV_0005251,WH_003,WH_003_AMBIENT_119,SKU_00262,BATCH_0005251,2025-04-22,2026-11-02,2025-04-23,72,0,good,159
INV_0005252,WH_002,WH_002_AMBIENT_151,SKU_00030,BATCH_0005252,2024-09-20,2027-01-31,2024-09-24,16,0,good,249
INV_0005253,WH_002,WH_002_COLD_115,SKU_00237,BATCH_0005253,2026-03-08,2027-03-08,2026-03-16,8,0,good,285
INV_0005254,WH_002,WH_002_AMBIENT_027,SKU_00116,BATCH_0005254,2025-12-17,2028-07-24,2025-12-19,4,0,good,789
INV_0005255,WH_003,WH_003_COLD_146,SKU_00199,BATCH_0005255,2025-08-21,2026-08-21,2025-09-03,27,0,good,86
INV_0005256,WH_001,WH_001_AMBIENT_147,SKU_00001,BATCH_0005256,2025-02-20,2026-09-22,2025-02-28,11,1,good,118
INV_0005257,WH_003,WH_003_COOL_153,SKU_00079,BATCH_0005257,2025-06-15,2027-01-13,2025-06-26,112,0,good,231
INV_0005258,WH_003,WH_003_AMBIENT_190,SKU_00024,BATCH_0005258,2026-05-10,2028-02-09,2026-05-20,0,0,good,623
INV_0005259,WH_001,WH_001_COOL_109,SKU_00275,BATCH_0005259,2025-09-20,2027-09-20,2025-09-30,12,1,good,481
INV_0005260,WH_002,WH_002_AMBIENT_067,SKU_00076,BATCH_0005260,2024-07-05,2026-09-14,2024-07-07,59,0,good,110
INV_0005261,WH_003,WH_003_AMBIENT_056,SKU_00217,BATCH_0005261,2026-05-22,2028-07-19,2026-05-31,23,0,good,784
INV_0005262,WH_002,WH_002_COOL_050,SKU_00086,BATCH_0005262,2024-10-01,2026-10-01,2024-10-02,1,0,good,127
INV_0005263,WH_001,WH_001_AMBIENT_140,SKU_00150,BATCH_0005263,2026-05-27,2027-08-12,2026-06-05,73,0,good,442
INV_0005264,WH_001,WH_001_AMBIENT_133,SKU_00129,BATCH_0005264,2025-08-22,2026-08-22,2025-08-30,29,0,good,87
INV_0005265,WH_001,WH_001_AMBIENT_099,SKU_00094,BATCH_0005265,2024-12-26,2027-03-20,2025-01-06,71,0,good,297
INV_0005266,WH_001,WH_001_AMBIENT_170,SKU_00194,BATCH_0005266,2025-11-09,2026-11-09,2025-11-14,13,1,good,166
INV_0005267,WH_001,WH_001_COOL_089,SKU_00111,BATCH_0005267,2026-01-30,2027-02-07,2026-02-01,9,0,good,256
INV_0005268,WH_003,WH_003_AMBIENT_172,SKU_00118,BATCH_0005268,2025-07-13,2026-07-13,2025-07-25,10,0,good,47
INV_0005269,WH_002,WH_002_AMBIENT_057,SKU_00078,BATCH_0005269,2024-08-20,2027-01-11,2024-08-29,9,0,good,229
INV_0005270,WH_003,WH_003_COOL_172,SKU_00042,BATCH_0005270,2025-03-04,2026-07-26,2025-03-08,5,0,good,60
INV_0005271,WH_001,WH_001_AMBIENT_078,SKU_00218,BATCH_0005271,2025-11-13,2027-12-31,2025-11-26,8,0,good,583
INV_0005272,WH_002,WH_002_AMBIENT_139,SKU_00116,BATCH_0005272,2026-04-04,2028-11-09,2026-04-16,2,0,good,897
INV_0005273,WH_001,WH_001_AMBIENT_044,SKU_00163,BATCH_0005273,2026-05-08,2027-11-21,2026-05-10,3,0,good,543
INV_0005274,WH_002,WH_002_COLD_107,SKU_00137,BATCH_0005274,2025-08-19,2026-08-19,2025-08-22,95,0,good,84
INV_0005275,WH_002,WH_002_AMBIENT_126,SKU_00288,BATCH_0005275,2025-01-30,2027-02-19,2025-02-07,78,0,good,268
INV_0005276,WH_003,WH_003_COOL_119,SKU_00023,BATCH_0005276,2026-02-16,2028-02-16,2026-02-22,23,0,good,630
INV_0005277,WH_001,WH_001_AMBIENT_043,SKU_00051,BATCH_0005277,2025-08-23,2026-09-09,2025-08-31,20,0,good,105
INV_0005278,WH_001,WH_001_COOL_027,SKU_00161,BATCH_0005278,2025-10-14,2027-05-29,2025-10-21,56,10,good,367
INV_0005279,WH_002,WH_002_COLD_011,SKU_00065,BATCH_0005279,2026-02-24,2026-06-28,2026-03-05,3,0,good,32
INV_0005280,WH_002,WH_002_AMBIENT_011,SKU_00200,BATCH_0005280,2025-01-15,2026-09-10,2025-01-28,16,0,good,106
INV_0005281,WH_002,WH_002_AMBIENT_062,SKU_00278,BATCH_0005281,2025-01-22,2027-02-23,2025-01-26,123,0,good,272
INV_0005282,WH_002,WH_002_COLD_038,SKU_00149,BATCH_0005282,2026-04-19,2026-09-11,2026-05-02,20,0,good,107
INV_0005283,WH_003,WH_003_AMBIENT_069,SKU_00017,BATCH_0005283,2025-12-31,2027-12-06,2026-01-11,152,0,good,558
INV_0005284,WH_002,WH_002_COLD_034,SKU_00029,BATCH_0005284,2026-05-04,2027-05-04,2026-05-17,6,0,good,342
INV_0005285,WH_002,WH_002_COOL_089,SKU_00128,BATCH_0005285,2024-12-27,2026-12-27,2025-01-01,15,0,good,214
INV_0005286,WH_002,WH_002_COOL_199,SKU_00243,BATCH_0005286,2026-04-15,2028-04-14,2026-04-24,5,0,good,688
INV_0005287,WH_003,WH_003_AMBIENT_020,SKU_00048,BATCH_0005287,2025-09-28,2026-12-16,2025-09-29,15,0,good,203
INV_0005288,WH_002,WH_002_AMBIENT_038,SKU_00232,BATCH_0005288,2025-10-16,2027-07-05,2025-10-22,159,0,good,404
INV_0005289,WH_001,WH_001_AMBIENT_025,SKU_00107,BATCH_0005289,2026-03-29,2027-03-29,2026-04-03,33,0,good,306
INV_0005290,WH_003,WH_003_COOL_013,SKU_00167,BATCH_0005290,2026-05-17,2026-11-22,2026-05-18,3,0,good,179
INV_0005291,WH_003,WH_003_AMBIENT_069,SKU_00217,BATCH_0005291,2026-05-21,2028-07-18,2026-05-31,3,0,good,783
INV_0005292,WH_003,WH_003_COLD_196,SKU_00229,BATCH_0005292,2025-08-31,2026-08-31,2025-09-08,7,1,good,96
INV_0005293,WH_002,WH_002_COOL_193,SKU_00187,BATCH_0005293,2025-10-17,2027-03-20,2025-10-26,6,0,good,297
INV_0005294,WH_002,WH_002_AMBIENT_119,SKU_00013,BATCH_0005294,2025-10-14,2028-08-08,2025-10-16,33,0,good,804
INV_0005295,WH_001,WH_001_AMBIENT_189,SKU_00205,BATCH_0005295,2025-08-15,2026-09-10,2025-08-20,28,0,good,106
INV_0005296,WH_003,WH_003_AMBIENT_046,SKU_00168,BATCH_0005296,2025-12-13,2026-12-13,2025-12-24,4,1,good,200
INV_0005297,WH_003,WH_003_AMBIENT_109,SKU_00141,BATCH_0005297,2025-11-04,2026-11-04,2025-11-11,27,0,good,161
INV_0005298,WH_002,WH_002_AMBIENT_105,SKU_00257,BATCH_0005298,2025-07-16,2027-01-12,2025-07-22,4,0,good,230
INV_0005299,WH_002,WH_002_COOL_124,SKU_00224,BATCH_0005299,2025-12-18,2027-02-07,2025-12-28,22,0,good,256
INV_0005300,WH_001,WH_001_AMBIENT_067,SKU_00185,BATCH_0005300,2025-09-07,2026-09-07,2025-09-15,28,0,good,103
INV_0005301,WH_002,WH_002_COOL_086,SKU_00187,BATCH_0005301,2025-05-27,2026-10-28,2025-06-08,2,0,good,154
INV_0005302,WH_001,WH_001_COOL_129,SKU_00280,BATCH_0005302,2026-01-17,2028-01-17,2026-01-22,12,0,good,600
INV_0005303,WH_001,WH_001_COOL_162,SKU_00167,BATCH_0005303,2026-01-18,2026-07-26,2026-01-28,52,0,good,60
INV_0005304,WH_001,WH_001_FROZEN_013,SKU_00287,BATCH_0005304,2025-12-01,2027-12-01,2025-12-11,12,0,good,553
INV_0005305,WH_003,WH_003_COOL_012,SKU_00131,BATCH_0005305,2025-06-03,2027-04-02,2025-06-15,17,0,good,310
INV_0005306,WH_003,WH_003_AMBIENT_180,SKU_00005,BATCH_0005306,2024-07-20,2026-08-31,2024-08-02,4,0,good,96
INV_0005307,WH_003,WH_003_COOL_153,SKU_00275,BATCH_0005307,2025-06-25,2027-06-25,2025-07-08,11,0,good,394
INV_0005308,WH_001,WH_001_AMBIENT_029,SKU_00213,BATCH_0005308,2024-09-01,2027-01-14,2024-09-14,25,0,good,232
INV_0005309,WH_002,WH_002_AMBIENT_011,SKU_00179,BATCH_0005309,2026-05-04,2027-05-04,2026-05-17,18,0,good,342
INV_0005310,WH_002,WH_002_AMBIENT_171,SKU_00263,BATCH_0005310,2025-11-10,2027-08-29,2025-11-21,19,0,good,459
INV_0005311,WH_001,WH_001_AMBIENT_176,SKU_00160,BATCH_0005311,2024-09-14,2026-08-13,2024-09-17,7,0,good,78
INV_0005312,WH_003,WH_003_COOL_155,SKU_00128,BATCH_0005312,2026-04-18,2028-04-17,2026-04-24,2,0,good,691
INV_0005313,WH_001,WH_001_AMBIENT_143,SKU_00109,BATCH_0005313,2025-12-07,2027-01-01,2025-12-09,14,2,good,219
INV_0005314,WH_003,WH_003_AMBIENT_196,SKU_00055,BATCH_0005314,2026-04-14,2027-08-18,2026-04-23,9,3,good,448
INV_0005315,WH_001,WH_001_COLD_011,SKU_00069,BATCH_0005315,2026-02-04,2027-01-01,2026-02-17,349,0,good,219
INV_0005316,WH_003,WH_003_COOL_112,SKU_00087,BATCH_0005316,2025-03-27,2027-03-27,2025-04-01,1,0,good,304
INV_0005317,WH_001,WH_001_AMBIENT_057,SKU_00024,BATCH_0005317,2026-03-07,2027-12-07,2026-03-08,20,0,good,559
INV_0005318,WH_003,WH_003_AMBIENT_003,SKU_00107,BATCH_0005318,2025-09-14,2026-09-14,2025-09-17,34,0,good,110
INV_0005319,WH_003,WH_003_AMBIENT_049,SKU_00292,BATCH_0005319,2026-03-13,2027-08-02,2026-03-20,30,0,good,432
INV_0005320,WH_002,WH_002_COLD_122,SKU_00014,BATCH_0005320,2026-01-08,2027-01-04,2026-01-17,17,0,good,222
INV_0005321,WH_003,WH_003_COLD_049,SKU_00054,BATCH_0005321,2025-07-08,2026-07-08,2025-07-17,7,0,good,42
INV_0005322,WH_001,WH_001_AMBIENT_192,SKU_00104,BATCH_0005322,2024-08-02,2026-09-21,2024-08-09,41,0,good,117
INV_0005323,WH_002,WH_002_COLD_152,SKU_00110,BATCH_0005323,2026-04-23,2026-12-01,2026-04-24,232,0,good,188
INV_0005324,WH_001,WH_001_COLD_157,SKU_00149,BATCH_0005324,2026-04-18,2026-09-10,2026-04-20,65,0,good,106
INV_0005325,WH_003,WH_003_AMBIENT_079,SKU_00048,BATCH_0005325,2026-01-17,2027-04-06,2026-01-18,21,0,good,314
INV_0005326,WH_003,WH_003_AMBIENT_074,SKU_00262,BATCH_0005326,2025-12-29,2027-07-11,2026-01-08,127,0,good,410
INV_0005327,WH_003,WH_003_AMBIENT_153,SKU_00225,BATCH_0005327,2026-04-07,2027-04-09,2026-04-20,23,0,good,317
INV_0005328,WH_003,WH_003_COOL_081,SKU_00133,BATCH_0005328,2025-07-26,2027-05-26,2025-08-02,20,0,good,364
INV_0005329,WH_002,WH_002_COLD_198,SKU_00202,BATCH_0005329,2026-04-05,2026-08-25,2026-04-16,11,0,good,90
INV_0005330,WH_001,WH_001_AMBIENT_049,SKU_00165,BATCH_0005330,2025-05-20,2026-07-25,2025-05-30,12,0,good,59
INV_0005331,WH_003,WH_003_COOL_181,SKU_00243,BATCH_0005331,2024-12-02,2026-12-02,2024-12-08,7,0,good,189
INV_0005332,WH_003,WH_003_AMBIENT_081,SKU_00173,BATCH_0005332,2025-03-16,2027-02-26,2025-03-21,23,0,good,275
INV_0005333,WH_003,WH_003_AMBIENT_196,SKU_00027,BATCH_0005333,2026-01-05,2027-09-18,2026-01-11,46,0,good,479
INV_0005334,WH_001,WH_001_COLD_151,SKU_00037,BATCH_0005334,2025-07-24,2026-07-24,2025-08-06,5,0,good,58
INV_0005335,WH_001,WH_001_AMBIENT_140,SKU_00255,BATCH_0005335,2026-03-18,2027-04-04,2026-03-20,85,12,good,312
INV_0005336,WH_001,WH_001_AMBIENT_004,SKU_00056,BATCH_0005336,2025-12-16,2027-03-06,2025-12-26,30,0,good,283
INV_0005337,WH_002,WH_002_AMBIENT_044,SKU_00024,BATCH_0005337,2025-10-19,2027-07-21,2025-10-26,13,2,good,420
INV_0005338,WH_002,WH_002_AMBIENT_165,SKU_00290,BATCH_0005338,2026-03-14,2027-08-01,2026-03-27,26,0,good,431
INV_0005339,WH_002,WH_002_COOL_105,SKU_00161,BATCH_0005339,2025-07-08,2027-02-20,2025-07-19,171,0,good,269
INV_0005340,WH_001,WH_001_AMBIENT_078,SKU_00125,BATCH_0005340,2025-08-11,2026-08-11,2025-08-12,24,5,good,76
INV_0005341,WH_002,WH_002_AMBIENT_067,SKU_00217,BATCH_0005341,2025-09-02,2027-10-31,2025-09-05,21,0,good,522
INV_0005342,WH_002,WH_002_FROZEN_007,SKU_00007,BATCH_0005342,2026-02-25,2026-09-06,2026-03-04,4,0,good,102
INV_0005343,WH_001,WH_001_AMBIENT_086,SKU_00254,BATCH_0005343,2026-01-22,2027-01-22,2026-02-01,261,0,good,240
INV_0005344,WH_001,WH_001_AMBIENT_094,SKU_00056,BATCH_0005344,2025-05-04,2026-07-23,2025-05-15,19,6,good,57
INV_0005345,WH_002,WH_002_AMBIENT_182,SKU_00062,BATCH_0005345,2025-03-28,2027-03-19,2025-04-02,79,0,good,296
INV_0005346,WH_003,WH_003_AMBIENT_077,SKU_00081,BATCH_0005346,2025-10-16,2027-04-20,2025-10-27,148,0,good,328
INV_0005347,WH_003,WH_003_COOL_144,SKU_00270,BATCH_0005347,2025-12-13,2026-12-09,2025-12-26,45,0,good,196
INV_0005348,WH_001,WH_001_AMBIENT_005,SKU_00262,BATCH_0005348,2025-10-23,2027-05-05,2025-10-26,287,0,good,343
INV_0005349,WH_001,WH_001_AMBIENT_125,SKU_00195,BATCH_0005349,2026-02-06,2028-05-08,2026-02-12,5,0,good,712
INV_0005350,WH_003,WH_003_COLD_138,SKU_00199,BATCH_0005350,2026-02-20,2027-02-20,2026-03-03,12,0,good,269
INV_0005351,WH_002,WH_002_AMBIENT_003,SKU_00172,BATCH_0005351,2025-03-26,2027-06-02,2025-04-07,37,0,good,371
INV_0005352,WH_001,WH_001_AMBIENT_086,SKU_00067,BATCH_0005352,2025-07-18,2027-07-24,2025-07-25,385,0,good,423
INV_0005353,WH_001,WH_001_COOL_146,SKU_00121,BATCH_0005353,2026-02-06,2027-04-11,2026-02-18,74,0,good,319
INV_0005354,WH_001,WH_001_AMBIENT_093,SKU_00292,BATCH_0005354,2025-05-22,2026-10-11,2025-05-23,262,0,good,137
INV_0005355,WH_002,WH_002_AMBIENT_197,SKU_00236,BATCH_0005355,2025-09-01,2026-12-19,2025-09-04,5,0,good,206
INV_0005356,WH_002,WH_002_COOL_051,SKU_00011,BATCH_0005356,2025-04-14,2027-04-14,2025-04-25,90,0,good,322
INV_0005357,WH_001,WH_001_COLD_078,SKU_00183,BATCH_0005357,2026-01-21,2027-01-21,2026-02-01,99,0,good,239
INV_0005358,WH_003,WH_003_COOL_190,SKU_00099,BATCH_0005358,2026-03-22,2027-09-01,2026-03-27,16,3,good,462
INV_0005359,WH_003,WH_003_AMBIENT_051,SKU_00170,BATCH_0005359,2025-08-21,2026-08-21,2025-08-30,211,8,good,86
INV_0005360,WH_002,WH_002_COOL_017,SKU_00294,BATCH_0005360,2025-07-14,2027-07-14,2025-07-20,36,0,good,413
INV_0005361,WH_001,WH_001_AMBIENT_096,SKU_00120,BATCH_0005361,2025-04-16,2026-07-25,2025-04-17,30,0,good,59
INV_0005362,WH_001,WH_001_COOL_029,SKU_00162,BATCH_0005362,2024-08-11,2026-08-11,2024-08-17,32,0,good,76
INV_0005363,WH_003,WH_003_AMBIENT_180,SKU_00080,BATCH_0005363,2026-04-10,2028-08-24,2026-04-12,29,0,good,820
INV_0005364,WH_003,WH_003_COLD_046,SKU_00054,BATCH_0005364,2026-04-21,2027-04-21,2026-04-27,26,6,good,329
INV_0005365,WH_003,WH_003_COLD_052,SKU_00090,BATCH_0005365,2026-05-08,2026-10-03,2026-05-18,7,0,good,129
INV_0005366,WH_003,WH_003_COOL_017,SKU_00222,BATCH_0005366,2025-12-15,2026-09-10,2025-12-22,18,0,good,106
INV_0005367,WH_002,WH_002_FROZEN_019,SKU_00032,BATCH_0005367,2026-01-14,2026-09-26,2026-01-17,60,0,good,122
INV_0005368,WH_002,WH_002_AMBIENT_051,SKU_00048,BATCH_0005368,2025-07-28,2026-10-15,2025-07-29,4,0,good,141
INV_0005369,WH_001,WH_001_AMBIENT_040,SKU_00186,BATCH_0005369,2025-03-01,2027-04-13,2025-03-05,13,0,good,321
INV_0005370,WH_001,WH_001_COOL_149,SKU_00121,BATCH_0005370,2025-11-06,2027-01-09,2025-11-10,14,0,good,227
INV_0005371,WH_001,WH_001_COOL_130,SKU_00038,BATCH_0005371,2026-04-09,2028-01-05,2026-04-17,2,0,good,588
INV_0005372,WH_002,WH_002_FROZEN_110,SKU_00032,BATCH_0005372,2026-04-30,2027-01-10,2026-05-13,18,0,good,228
INV_0005373,WH_001,WH_001_AMBIENT_021,SKU_00233,BATCH_0005373,2025-07-24,2027-03-05,2025-07-30,15,0,good,282
INV_0005374,WH_003,WH_003_AMBIENT_101,SKU_00052,BATCH_0005374,2024-04-10,2026-12-27,2024-04-18,12,0,good,214
INV_0005375,WH_002,WH_002_COOL_175,SKU_00015,BATCH_0005375,2026-03-14,2027-12-02,2026-03-27,54,4,good,554
INV_0005376,WH_002,WH_002_AMBIENT_024,SKU_00104,BATCH_0005376,2025-05-26,2027-07-15,2025-06-03,8,0,good,414
INV_0005377,WH_002,WH_002_AMBIENT_147,SKU_00282,BATCH_0005377,2024-10-22,2027-03-06,2024-10-25,107,0,good,283
INV_0005378,WH_001,WH_001_COOL_008,SKU_00139,BATCH_0005378,2026-04-27,2028-04-26,2026-05-01,9,0,good,700
INV_0005379,WH_001,WH_001_AMBIENT_126,SKU_00118,BATCH_0005379,2025-11-12,2026-11-12,2025-11-20,47,0,good,169
INV_0005380,WH_002,WH_002_AMBIENT_114,SKU_00104,BATCH_0005380,2024-08-24,2026-10-13,2024-09-03,9,0,good,139
INV_0005381,WH_003,WH_003_AMBIENT_178,SKU_00012,BATCH_0005381,2025-12-20,2026-12-20,2025-12-29,3,0,good,207
INV_0005382,WH_001,WH_001_COOL_174,SKU_00044,BATCH_0005382,2025-11-22,2027-10-05,2025-11-23,184,0,good,496
INV_0005383,WH_001,WH_001_AMBIENT_001,SKU_00109,BATCH_0005383,2026-03-09,2027-04-03,2026-03-13,17,0,good,311
INV_0005384,WH_001,WH_001_AMBIENT_042,SKU_00278,BATCH_0005384,2024-12-04,2027-01-05,2024-12-11,6,0,good,223
INV_0005385,WH_001,WH_001_COLD_037,SKU_00069,BATCH_0005385,2025-08-23,2026-07-20,2025-08-24,102,42,good,54
INV_0005386,WH_001,WH_001_COLD_061,SKU_00137,BATCH_0005386,2025-12-19,2026-12-19,2025-12-24,84,0,good,206
INV_0005387,WH_002,WH_002_COLD_185,SKU_00123,BATCH_0005387,2026-01-26,2027-01-26,2026-01-28,21,1,good,244
INV_0005388,WH_003,WH_003_AMBIENT_128,SKU_00241,BATCH_0005388,2024-11-29,2027-05-26,2024-12-05,7,1,good,364
INV_0005389,WH_002,WH_002_AMBIENT_167,SKU_00048,BATCH_0005389,2026-01-12,2027-04-01,2026-01-19,5,0,good,309
INV_0005390,WH_002,WH_002_FROZEN_060,SKU_00189,BATCH_0005390,2025-06-21,2027-06-21,2025-06-23,23,0,good,390
INV_0005391,WH_003,WH_003_AMBIENT_189,SKU_00126,BATCH_0005391,2024-09-20,2027-01-22,2024-10-03,6,1,good,240
INV_0005392,WH_002,WH_002_COLD_126,SKU_00229,BATCH_0005392,2025-11-05,2026-11-05,2025-11-11,16,1,good,162
INV_0005393,WH_002,WH_002_COLD_100,SKU_00069,BATCH_0005393,2026-01-27,2026-12-24,2026-02-06,11,0,good,211
INV_0005394,WH_003,WH_003_COOL_081,SKU_00101,BATCH_0005394,2025-04-05,2027-04-05,2025-04-18,17,0,good,313
INV_0005395,WH_002,WH_002_COOL_164,SKU_00161,BATCH_0005395,2025-11-22,2027-07-07,2025-12-01,8,0,good,406
INV_0005396,WH_001,WH_001_COOL_093,SKU_00206,BATCH_0005396,2026-04-25,2027-10-16,2026-05-02,43,0,good,507
INV_0005397,WH_002,WH_002_AMBIENT_047,SKU_00203,BATCH_0005397,2024-12-05,2026-08-20,2024-12-08,26,0,good,85
INV_0005398,WH_003,WH_003_AMBIENT_113,SKU_00100,BATCH_0005398,2026-01-18,2028-09-02,2026-01-29,6,0,good,829
INV_0005399,WH_001,WH_001_AMBIENT_079,SKU_00103,BATCH_0005399,2026-02-23,2027-02-23,2026-02-24,126,4,good,272
INV_0005400,WH_003,WH_003_COOL_100,SKU_00219,BATCH_0005400,2024-11-23,2026-08-27,2024-12-03,11,4,good,92
INV_0005401,WH_003,WH_003_COOL_060,SKU_00010,BATCH_0005401,2025-11-20,2027-11-20,2025-12-01,7,0,good,542
INV_0005402,WH_003,WH_003_AMBIENT_016,SKU_00153,BATCH_0005402,2025-12-14,2026-12-20,2025-12-27,8,0,good,207
INV_0005403,WH_001,WH_001_COLD_033,SKU_00264,BATCH_0005403,2026-04-28,2026-09-15,2026-05-02,6,2,good,111
INV_0005404,WH_001,WH_001_COLD_121,SKU_00039,BATCH_0005404,2025-08-10,2026-08-10,2025-08-11,18,2,good,75
INV_0005405,WH_001,WH_001_AMBIENT_131,SKU_00232,BATCH_0005405,2025-06-26,2027-03-15,2025-06-30,66,17,good,292
INV_0005406,WH_001,WH_001_AMBIENT_170,SKU_00288,BATCH_0005406,2026-03-14,2028-04-02,2026-03-25,13,0,good,676
INV_0005407,WH_002,WH_002_AMBIENT_085,SKU_00255,BATCH_0005407,2026-03-11,2027-03-28,2026-03-24,30,0,good,305
INV_0005408,WH_001,WH_001_COOL_007,SKU_00043,BATCH_0005408,2024-09-21,2026-09-21,2024-09-26,78,0,good,117
INV_0005409,WH_002,WH_002_COOL_044,SKU_00077,BATCH_0005409,2025-10-31,2026-12-20,2025-11-03,77,0,good,207
INV_0005410,WH_001,WH_001_COLD_077,SKU_00193,BATCH_0005410,2025-08-07,2026-07-07,2025-08-20,27,0,good,41
INV_0005411,WH_003,WH_003_AMBIENT_168,SKU_00113,BATCH_0005411,2026-01-18,2027-01-18,2026-01-28,126,15,good,236
INV_0005412,WH_003,WH_003_AMBIENT_145,SKU_00233,BATCH_0005412,2025-06-18,2027-01-28,2025-06-22,37,3,good,246
INV_0005413,WH_003,WH_003_AMBIENT_058,SKU_00282,BATCH_0005413,2024-07-09,2026-11-21,2024-07-19,68,11,good,178
INV_0005414,WH_003,WH_003_COOL_175,SKU_00139,BATCH_0005414,2026-05-21,2028-05-20,2026-05-30,160,12,good,724
INV_0005415,WH_003,WH_003_AMBIENT_038,SKU_00022,BATCH_0005415,2025-03-02,2027-05-12,2025-03-05,136,0,good,350
INV_0005416,WH_003,WH_003_AMBIENT_132,SKU_00174,BATCH_0005416,2025-02-09,2027-06-19,2025-02-11,49,0,good,388
INV_0005417,WH_001,WH_001_COOL_187,SKU_00003,BATCH_0005417,2025-01-19,2027-01-19,2025-01-22,17,0,good,237
INV_0005418,WH_001,WH_001_AMBIENT_184,SKU_00001,BATCH_0005418,2025-08-06,2027-03-08,2025-08-16,35,9,good,285
INV_0005419,WH_001,WH_001_AMBIENT_107,SKU_00190,BATCH_0005419,2025-06-21,2027-02-28,2025-06-26,11,0,good,277
INV_0005420,WH_003,WH_003_COOL_156,SKU_00038,BATCH_0005420,2025-05-07,2027-02-02,2025-05-13,16,0,good,251
INV_0005421,WH_002,WH_002_COOL_096,SKU_00077,BATCH_0005421,2026-04-29,2027-06-18,2026-05-10,82,0,good,387
INV_0005422,WH_001,WH_001_AMBIENT_170,SKU_00232,BATCH_0005422,2024-12-24,2026-09-12,2025-01-05,3,0,good,108
INV_0005423,WH_002,WH_002_FROZEN_030,SKU_00007,BATCH_0005423,2026-03-15,2026-09-24,2026-03-16,3,0,good,120
INV_0005424,WH_001,WH_001_COOL_105,SKU_00130,BATCH_0005424,2025-08-05,2027-08-05,2025-08-16,53,3,good,435
INV_0005425,WH_002,WH_002_AMBIENT_177,SKU_00024,BATCH_0005425,2025-05-02,2027-02-01,2025-05-05,32,0,good,250
INV_0005426,WH_003,WH_003_COOL_092,SKU_00089,BATCH_0005426,2025-05-18,2026-08-16,2025-05-27,3,0,good,81
INV_0005427,WH_003,WH_003_AMBIENT_140,SKU_00288,BATCH_0005427,2026-05-17,2028-06-05,2026-05-24,4,0,good,740
INV_0005428,WH_001,WH_001_AMBIENT_035,SKU_00025,BATCH_0005428,2025-07-20,2026-07-20,2025-07-25,7,0,good,54
INV_0005429,WH_001,WH_001_AMBIENT_095,SKU_00281,BATCH_0005429,2025-11-17,2026-11-17,2025-11-26,13,0,good,174
INV_0005430,WH_001,WH_001_AMBIENT_160,SKU_00075,BATCH_0005430,2025-12-09,2026-12-09,2025-12-13,24,0,good,196
INV_0005431,WH_001,WH_001_COLD_007,SKU_00149,BATCH_0005431,2026-03-25,2026-08-17,2026-04-01,16,0,good,82
INV_0005432,WH_003,WH_003_COLD_026,SKU_00193,BATCH_0005432,2025-08-21,2026-07-21,2025-09-03,29,12,good,55
INV_0005433,WH_002,WH_002_AMBIENT_160,SKU_00113,BATCH_0005433,2025-08-17,2026-08-17,2025-08-24,84,0,good,82
INV_0005434,WH_002,WH_002_COOL_009,SKU_00244,BATCH_0005434,2025-11-14,2027-06-17,2025-11-21,18,0,good,386
INV_0005435,WH_001,WH_001_COOL_116,SKU_00044,BATCH_0005435,2025-11-26,2027-10-09,2025-11-28,8,0,good,500
INV_0005436,WH_003,WH_003_COOL_134,SKU_00275,BATCH_0005436,2024-09-30,2026-09-30,2024-10-04,6,0,good,126
INV_0005437,WH_002,WH_002_COOL_186,SKU_00151,BATCH_0005437,2025-05-23,2026-11-27,2025-06-04,104,0,good,184
INV_0005438,WH_001,WH_001_COOL_059,SKU_00276,BATCH_0005438,2024-11-13,2026-08-14,2024-11-24,4,0,good,79
INV_0005439,WH_001,WH_001_AMBIENT_004,SKU_00173,BATCH_0005439,2025-02-16,2027-01-29,2025-02-23,21,8,good,247
INV_0005440,WH_001,WH_001_COLD_120,SKU_00209,BATCH_0005440,2026-04-14,2026-11-23,2026-04-24,3,0,good,180
INV_0005441,WH_002,WH_002_COLD_144,SKU_00251,BATCH_0005441,2025-11-10,2026-11-10,2025-11-15,18,1,good,167
INV_0005442,WH_003,WH_003_AMBIENT_079,SKU_00100,BATCH_0005442,2024-06-14,2027-01-28,2024-06-24,46,2,good,246
INV_0005443,WH_003,WH_003_AMBIENT_097,SKU_00170,BATCH_0005443,2026-01-21,2027-01-21,2026-01-30,211,0,good,239
INV_0005444,WH_003,WH_003_AMBIENT_163,SKU_00062,BATCH_0005444,2024-11-16,2026-11-07,2024-11-20,32,0,good,164
INV_0005445,WH_003,WH_003_AMBIENT_084,SKU_00056,BATCH_0005445,2025-08-02,2026-10-21,2025-08-04,19,2,good,147
INV_0005446,WH_001,WH_001_COOL_118,SKU_00151,BATCH_0005446,2026-05-26,2027-11-30,2026-06-08,12,0,good,552
INV_0005447,WH_003,WH_003_AMBIENT_066,SKU_00263,BATCH_0005447,2025-01-25,2026-11-13,2025-01-31,5,0,good,170
INV_0005448,WH_003,WH_003_COOL_019,SKU_00020,BATCH_0005448,2024-12-26,2026-09-05,2025-01-02,25,0,good,101
INV_0005449,WH_001,WH_001_COOL_084,SKU_00138,BATCH_0005449,2025-01-03,2026-11-13,2025-01-10,4,0,good,170
INV_0005450,WH_003,WH_003_AMBIENT_189,SKU_00179,BATCH_0005450,2026-05-27,2027-05-27,2026-06-09,186,0,good,365
INV_0005451,WH_002,WH_002_AMBIENT_075,SKU_00185,BATCH_0005451,2025-08-07,2026-08-07,2025-08-09,7,0,good,72
INV_0005452,WH_002,WH_002_COOL_093,SKU_00101,BATCH_0005452,2026-04-21,2028-04-20,2026-04-22,2,0,good,694
INV_0005453,WH_001,WH_001_COLD_032,SKU_00069,BATCH_0005453,2026-05-06,2027-04-02,2026-05-08,22,0,good,310
INV_0005454,WH_001,WH_001_AMBIENT_108,SKU_00176,BATCH_0005454,2026-03-08,2027-03-08,2026-03-11,2,0,good,285
INV_0005455,WH_003,WH_003_AMBIENT_092,SKU_00147,BATCH_0005455,2024-11-04,2027-08-03,2024-11-12,7,0,good,433
INV_0005456,WH_002,WH_002_AMBIENT_116,SKU_00100,BATCH_0005456,2026-04-30,2028-12-13,2026-05-05,429,0,good,931
INV_0005457,WH_003,WH_003_COOL_155,SKU_00131,BATCH_0005457,2025-04-21,2027-02-18,2025-04-28,8,0,good,267
INV_0005458,WH_002,WH_002_AMBIENT_040,SKU_00279,BATCH_0005458,2026-05-14,2029-03-12,2026-05-25,41,0,good,1020
INV_0005459,WH_002,WH_002_COOL_140,SKU_00207,BATCH_0005459,2025-07-13,2026-07-19,2025-07-14,21,1,good,53
INV_0005460,WH_001,WH_001_COOL_105,SKU_00224,BATCH_0005460,2025-08-08,2026-09-28,2025-08-20,52,0,good,124
INV_0005461,WH_002,WH_002_AMBIENT_024,SKU_00297,BATCH_0005461,2025-09-07,2027-03-26,2025-09-16,12,0,good,303
INV_0005462,WH_002,WH_002_AMBIENT_076,SKU_00292,BATCH_0005462,2025-09-05,2027-01-25,2025-09-10,44,8,good,243
INV_0005463,WH_001,WH_001_AMBIENT_036,SKU_00165,BATCH_0005463,2026-02-15,2027-04-22,2026-02-22,20,0,good,330
INV_0005464,WH_003,WH_003_AMBIENT_102,SKU_00019,BATCH_0005464,2025-05-03,2028-02-16,2025-05-14,34,0,good,630
INV_0005465,WH_002,WH_002_COOL_145,SKU_00243,BATCH_0005465,2024-10-16,2026-10-16,2024-10-21,23,6,good,142
INV_0005466,WH_003,WH_003_COOL_021,SKU_00167,BATCH_0005466,2026-02-08,2026-08-16,2026-02-14,16,0,good,81
INV_0005467,WH_003,WH_003_COLD_101,SKU_00096,BATCH_0005467,2025-07-21,2026-07-21,2025-07-22,9,0,good,55
INV_0005468,WH_002,WH_002_AMBIENT_145,SKU_00129,BATCH_0005468,2026-02-28,2027-02-28,2026-03-12,51,0,good,277
INV_0005469,WH_001,WH_001_AMBIENT_021,SKU_00299,BATCH_0005469,2025-05-24,2027-01-14,2025-06-05,27,0,good,232
INV_0005470,WH_002,WH_002_AMBIENT_086,SKU_00255,BATCH_0005470,2026-02-20,2027-03-09,2026-02-22,78,0,good,286
INV_0005471,WH_002,WH_002_AMBIENT_095,SKU_00265,BATCH_0005471,2024-06-21,2026-09-17,2024-06-28,163,0,good,113
INV_0005472,WH_002,WH_002_COLD_006,SKU_00202,BATCH_0005472,2026-02-27,2026-07-19,2026-03-10,21,7,good,53
INV_0005473,WH_001,WH_001_COOL_157,SKU_00038,BATCH_0005473,2025-08-16,2027-05-14,2025-08-28,0,0,good,352
INV_0005474,WH_002,WH_002_COOL_177,SKU_00175,BATCH_0005474,2026-03-13,2027-02-27,2026-03-15,1,0,good,276
INV_0005475,WH_003,WH_003_COOL_147,SKU_00226,BATCH_0005475,2026-01-24,2028-01-24,2026-01-31,21,0,good,607
INV_0005476,WH_003,WH_003_COOL_005,SKU_00226,BATCH_0005476,2026-01-18,2028-01-18,2026-01-28,2,0,good,601
INV_0005477,WH_003,WH_003_AMBIENT_126,SKU_00122,BATCH_0005477,2025-03-31,2028-01-17,2025-04-08,2,0,good,600
INV_0005478,WH_003,WH_003_COOL_021,SKU_00079,BATCH_0005478,2026-04-20,2027-11-18,2026-04-27,81,13,good,540
INV_0005479,WH_002,WH_002_AMBIENT_104,SKU_00081,BATCH_0005479,2025-03-01,2026-09-03,2025-03-11,2,0,good,99
INV_0005480,WH_001,WH_001_AMBIENT_102,SKU_00057,BATCH_0005480,2024-04-04,2026-09-17,2024-04-07,4,0,good,113
INV_0005481,WH_001,WH_001_AMBIENT_052,SKU_00135,BATCH_0005481,2025-11-15,2026-11-15,2025-11-19,24,0,good,172
INV_0005482,WH_002,WH_002_COLD_133,SKU_00090,BATCH_0005482,2026-01-18,2026-06-15,2026-01-19,1,0,near_expiry,19
INV_0005483,WH_001,WH_001_COLD_021,SKU_00149,BATCH_0005483,2026-03-01,2026-07-24,2026-03-13,69,0,good,58
INV_0005484,WH_001,WH_001_COOL_189,SKU_00138,BATCH_0005484,2025-06-04,2027-04-14,2025-06-06,66,20,good,322
INV_0005485,WH_002,WH_002_COOL_016,SKU_00021,BATCH_0005485,2026-03-07,2026-12-24,2026-03-08,13,4,good,211
INV_0005486,WH_003,WH_003_AMBIENT_192,SKU_00223,BATCH_0005486,2025-12-07,2028-10-25,2025-12-14,15,0,good,882
INV_0005487,WH_003,WH_003_COLD_042,SKU_00231,BATCH_0005487,2025-08-08,2026-08-08,2025-08-17,22,0,good,73
INV_0005488,WH_003,WH_003_AMBIENT_175,SKU_00234,BATCH_0005488,2025-08-04,2026-08-04,2025-08-05,3,0,good,69
INV_0005489,WH_001,WH_001_AMBIENT_016,SKU_00232,BATCH_0005489,2025-06-27,2027-03-16,2025-07-09,5,0,good,293
INV_0005490,WH_003,WH_003_AMBIENT_098,SKU_00241,BATCH_0005490,2025-09-06,2028-03-02,2025-09-07,28,0,good,645
INV_0005491,WH_001,WH_001_COLD_032,SKU_00228,BATCH_0005491,2026-04-05,2027-01-31,2026-04-11,37,0,good,249
INV_0005492,WH_002,WH_002_COLD_018,SKU_00271,BATCH_0005492,2026-03-21,2026-09-15,2026-04-02,4,0,good,111
INV_0005493,WH_002,WH_002_COOL_034,SKU_00206,BATCH_0005493,2025-07-10,2026-12-31,2025-07-16,13,0,good,218
INV_0005494,WH_002,WH_002_AMBIENT_082,SKU_00048,BATCH_0005494,2025-06-23,2026-09-10,2025-07-03,13,3,good,106
INV_0005495,WH_003,WH_003_COOL_042,SKU_00184,BATCH_0005495,2026-03-09,2027-11-18,2026-03-15,9,0,good,540
INV_0005496,WH_002,WH_002_COOL_197,SKU_00207,BATCH_0005496,2026-03-26,2027-04-01,2026-03-31,22,0,good,309
INV_0005497,WH_002,WH_002_AMBIENT_185,SKU_00122,BATCH_0005497,2025-12-30,2028-10-17,2026-01-10,34,0,good,874
INV_0005498,WH_002,WH_002_AMBIENT_150,SKU_00247,BATCH_0005498,2026-05-20,2028-07-10,2026-05-23,27,0,good,775
INV_0005499,WH_003,WH_003_AMBIENT_011,SKU_00159,BATCH_0005499,2025-08-19,2026-08-19,2025-08-28,59,0,good,84
INV_0005500,WH_003,WH_003_AMBIENT_147,SKU_00217,BATCH_0005500,2025-06-17,2027-08-15,2025-06-19,114,19,good,445
INV_0005501,WH_001,WH_001_AMBIENT_018,SKU_00213,BATCH_0005501,2024-10-25,2027-03-09,2024-10-31,26,0,good,286
INV_0005502,WH_003,WH_003_AMBIENT_065,SKU_00258,BATCH_0005502,2026-01-15,2027-05-27,2026-01-22,35,12,good,365
INV_0005503,WH_003,WH_003_COLD_119,SKU_00193,BATCH_0005503,2026-02-23,2027-01-23,2026-03-07,188,33,good,241
INV_0005504,WH_002,WH_002_COOL_074,SKU_00240,BATCH_0005504,2025-11-06,2026-08-19,2025-11-13,9,1,good,84
INV_0005505,WH_002,WH_002_COOL_032,SKU_00111,BATCH_0005505,2026-05-04,2027-05-12,2026-05-05,17,0,good,350
INV_0005506,WH_001,WH_001_COOL_064,SKU_00270,BATCH_0005506,2025-12-17,2026-12-13,2025-12-27,25,0,good,200
INV_0005507,WH_001,WH_001_AMBIENT_060,SKU_00126,BATCH_0005507,2025-11-08,2028-03-11,2025-11-09,13,0,good,654
INV_0005508,WH_002,WH_002_AMBIENT_050,SKU_00118,BATCH_0005508,2025-07-27,2026-07-27,2025-07-29,90,0,good,61
INV_0005509,WH_003,WH_003_COOL_073,SKU_00187,BATCH_0005509,2025-11-21,2027-04-24,2025-11-24,12,0,good,332
INV_0005510,WH_001,WH_001_COLD_119,SKU_00182,BATCH_0005510,2026-05-26,2027-02-02,2026-06-04,10,0,good,251
INV_0005511,WH_003,WH_003_AMBIENT_118,SKU_00066,BATCH_0005511,2026-02-12,2027-07-28,2026-02-13,24,0,good,427
INV_0005512,WH_002,WH_002_AMBIENT_156,SKU_00083,BATCH_0005512,2026-04-20,2027-04-20,2026-05-02,48,12,good,328
INV_0005513,WH_001,WH_001_COOL_177,SKU_00089,BATCH_0005513,2025-05-08,2026-08-06,2025-05-17,14,4,good,71
INV_0005514,WH_001,WH_001_AMBIENT_090,SKU_00278,BATCH_0005514,2026-05-08,2028-06-08,2026-05-21,16,0,good,743
INV_0005515,WH_001,WH_001_AMBIENT_137,SKU_00028,BATCH_0005515,2025-07-23,2026-12-08,2025-07-24,8,0,good,195
INV_0005516,WH_001,WH_001_COLD_133,SKU_00054,BATCH_0005516,2026-05-16,2027-05-16,2026-05-28,44,0,good,354
INV_0005517,WH_003,WH_003_AMBIENT_106,SKU_00071,BATCH_0005517,2025-03-09,2027-12-18,2025-03-10,11,0,good,570
INV_0005518,WH_003,WH_003_COLD_081,SKU_00237,BATCH_0005518,2025-08-15,2026-08-15,2025-08-24,13,0,good,80
INV_0005519,WH_003,WH_003_COOL_063,SKU_00011,BATCH_0005519,2024-08-24,2026-08-24,2024-08-26,159,64,good,89
INV_0005520,WH_003,WH_003_COOL_098,SKU_00227,BATCH_0005520,2024-11-02,2026-11-02,2024-11-11,19,1,good,159
INV_0005521,WH_001,WH_001_AMBIENT_033,SKU_00203,BATCH_0005521,2025-03-17,2026-11-30,2025-03-26,1,0,good,187
INV_0005522,WH_003,WH_003_COOL_096,SKU_00133,BATCH_0005522,2024-12-31,2026-10-31,2025-01-04,44,0,good,157
INV_0005523,WH_001,WH_001_COOL_131,SKU_00280,BATCH_0005523,2025-06-25,2027-06-25,2025-06-27,97,32,good,394
INV_0005524,WH_002,WH_002_COLD_089,SKU_00047,BATCH_0005524,2026-01-11,2026-12-02,2026-01-23,24,2,good,189
INV_0005525,WH_002,WH_002_AMBIENT_109,SKU_00170,BATCH_0005525,2025-10-22,2026-10-22,2025-10-26,61,0,good,148
INV_0005526,WH_003,WH_003_AMBIENT_170,SKU_00124,BATCH_0005526,2025-03-02,2027-03-10,2025-03-03,20,5,good,287
INV_0005527,WH_002,WH_002_AMBIENT_102,SKU_00186,BATCH_0005527,2024-07-30,2026-09-11,2024-08-12,26,0,good,107
INV_0005528,WH_002,WH_002_COLD_084,SKU_00183,BATCH_0005528,2026-02-10,2027-02-10,2026-02-12,4,0,good,259
INV_0005529,WH_002,WH_002_AMBIENT_165,SKU_00185,BATCH_0005529,2025-12-18,2026-12-18,2025-12-22,10,0,good,205
INV_0005530,WH_001,WH_001_AMBIENT_050,SKU_00267,BATCH_0005530,2025-05-31,2027-06-12,2025-06-02,10,0,good,381
INV_0005531,WH_003,WH_003_AMBIENT_004,SKU_00166,BATCH_0005531,2025-10-21,2027-05-02,2025-10-22,13,0,good,340
INV_0005532,WH_002,WH_002_AMBIENT_074,SKU_00242,BATCH_0005532,2026-04-17,2027-04-17,2026-04-26,4,0,good,325
INV_0005533,WH_003,WH_003_AMBIENT_179,SKU_00103,BATCH_0005533,2025-09-20,2026-09-20,2025-10-02,13,0,good,116
INV_0005534,WH_003,WH_003_AMBIENT_047,SKU_00026,BATCH_0005534,2025-04-16,2026-11-12,2025-04-18,47,0,good,169
INV_0005535,WH_002,WH_002_AMBIENT_165,SKU_00030,BATCH_0005535,2024-12-25,2027-05-07,2024-12-28,50,0,good,345
INV_0005536,WH_001,WH_001_AMBIENT_092,SKU_00027,BATCH_0005536,2025-03-18,2026-11-29,2025-03-26,4,0,good,186
INV_0005537,WH_002,WH_002_COOL_143,SKU_00140,BATCH_0005537,2025-11-23,2026-08-31,2025-12-05,116,0,good,96
INV_0005538,WH_003,WH_003_AMBIENT_005,SKU_00001,BATCH_0005538,2025-09-23,2027-04-25,2025-09-28,6,0,good,333
INV_0005539,WH_001,WH_001_AMBIENT_180,SKU_00084,BATCH_0005539,2025-11-04,2026-11-04,2025-11-17,8,0,good,161
INV_0005540,WH_001,WH_001_AMBIENT_061,SKU_00269,BATCH_0005540,2025-11-16,2027-03-18,2025-11-27,31,0,good,295
INV_0005541,WH_002,WH_002_COLD_189,SKU_00068,BATCH_0005541,2026-01-25,2027-01-25,2026-01-26,164,0,good,243
INV_0005542,WH_003,WH_003_AMBIENT_070,SKU_00186,BATCH_0005542,2024-12-06,2027-01-18,2024-12-07,14,0,good,236
INV_0005543,WH_003,WH_003_AMBIENT_092,SKU_00036,BATCH_0005543,2025-06-10,2026-09-11,2025-06-17,124,0,good,107
INV_0005544,WH_001,WH_001_AMBIENT_026,SKU_00098,BATCH_0005544,2025-01-11,2027-08-15,2025-01-16,32,11,good,445
INV_0005545,WH_001,WH_001_COOL_002,SKU_00002,BATCH_0005545,2025-03-13,2027-03-13,2025-03-16,16,0,good,290
INV_0005546,WH_003,WH_003_COLD_142,SKU_00137,BATCH_0005546,2025-07-29,2026-07-29,2025-08-10,7,0,good,63
INV_0005547,WH_001,WH_001_AMBIENT_137,SKU_00225,BATCH_0005547,2026-03-13,2027-03-15,2026-03-18,26,0,good,292
INV_0005548,WH_003,WH_003_AMBIENT_025,SKU_00233,BATCH_0005548,2025-04-20,2026-11-30,2025-04-21,33,0,good,187
INV_0005549,WH_001,WH_001_AMBIENT_200,SKU_00071,BATCH_0005549,2024-01-02,2026-10-12,2024-01-03,18,0,good,138
INV_0005550,WH_001,WH_001_AMBIENT_039,SKU_00259,BATCH_0005550,2024-10-31,2026-10-19,2024-11-12,4,0,good,145
INV_0005551,WH_002,WH_002_AMBIENT_066,SKU_00118,BATCH_0005551,2026-01-13,2027-01-13,2026-01-17,28,0,good,231
INV_0005552,WH_002,WH_002_COOL_153,SKU_00111,BATCH_0005552,2025-07-25,2026-08-02,2025-08-01,5,1,good,67
INV_0005553,WH_003,WH_003_COOL_051,SKU_00224,BATCH_0005553,2026-02-23,2027-04-15,2026-02-27,199,0,good,323
INV_0005554,WH_001,WH_001_COLD_121,SKU_00154,BATCH_0005554,2026-02-27,2026-07-24,2026-03-05,16,0,good,58
INV_0005555,WH_002,WH_002_AMBIENT_046,SKU_00246,BATCH_0005555,2025-12-03,2027-03-26,2025-12-06,22,0,good,303
INV_0005556,WH_003,WH_003_COOL_083,SKU_00266,BATCH_0005556,2025-03-13,2026-11-09,2025-03-21,34,0,good,166
INV_0005557,WH_002,WH_002_COLD_036,SKU_00199,BATCH_0005557,2025-07-04,2026-07-04,2025-07-15,11,0,good,38
INV_0005558,WH_003,WH_003_AMBIENT_023,SKU_00179,BATCH_0005558,2025-10-01,2026-10-01,2025-10-03,7,0,good,127
INV_0005559,WH_003,WH_003_COLD_049,SKU_00199,BATCH_0005559,2026-05-04,2027-05-04,2026-05-06,93,0,good,342
INV_0005560,WH_001,WH_001_AMBIENT_083,SKU_00017,BATCH_0005560,2025-06-16,2027-05-22,2025-06-22,13,0,good,360
INV_0005561,WH_001,WH_001_AMBIENT_163,SKU_00241,BATCH_0005561,2025-01-02,2027-06-29,2025-01-04,56,0,good,398
INV_0005562,WH_002,WH_002_COOL_079,SKU_00169,BATCH_0005562,2025-08-10,2026-08-17,2025-08-14,68,0,good,82
INV_0005563,WH_002,WH_002_COOL_104,SKU_00117,BATCH_0005563,2025-02-14,2026-08-30,2025-02-23,13,0,good,95
INV_0005564,WH_002,WH_002_AMBIENT_074,SKU_00200,BATCH_0005564,2025-05-11,2027-01-04,2025-05-23,12,0,good,222
INV_0005565,WH_002,WH_002_AMBIENT_179,SKU_00056,BATCH_0005565,2025-06-02,2026-08-21,2025-06-14,2,0,good,86
INV_0005566,WH_002,WH_002_COOL_021,SKU_00074,BATCH_0005566,2025-04-18,2027-04-18,2025-04-22,7,1,good,326
INV_0005567,WH_003,WH_003_AMBIENT_005,SKU_00297,BATCH_0005567,2026-02-12,2027-08-31,2026-02-20,209,28,good,461
INV_0005568,WH_002,WH_002_COOL_069,SKU_00033,BATCH_0005568,2026-03-26,2027-05-31,2026-03-27,35,0,good,369
INV_0005569,WH_002,WH_002_COLD_114,SKU_00164,BATCH_0005569,2025-10-17,2026-10-17,2025-10-25,14,0,good,143
INV_0005570,WH_002,WH_002_COLD_071,SKU_00134,BATCH_0005570,2025-09-28,2026-09-28,2025-09-29,60,0,good,124
INV_0005571,WH_003,WH_003_AMBIENT_051,SKU_00185,BATCH_0005571,2026-02-16,2027-02-16,2026-02-28,365,0,good,265
INV_0005572,WH_001,WH_001_AMBIENT_071,SKU_00179,BATCH_0005572,2026-05-19,2027-05-19,2026-05-25,60,0,good,357
INV_0005573,WH_001,WH_001_COLD_007,SKU_00068,BATCH_0005573,2026-02-14,2027-02-14,2026-02-25,8,1,good,263
INV_0005574,WH_001,WH_001_COLD_183,SKU_00229,BATCH_0005574,2025-08-05,2026-08-05,2025-08-11,12,0,good,70
INV_0005575,WH_001,WH_001_COOL_198,SKU_00038,BATCH_0005575,2025-05-14,2027-02-09,2025-05-27,2,0,good,258
INV_0005576,WH_001,WH_001_COOL_177,SKU_00079,BATCH_0005576,2025-09-24,2027-04-24,2025-09-29,32,0,good,332
INV_0005577,WH_002,WH_002_AMBIENT_073,SKU_00118,BATCH_0005577,2025-08-30,2026-08-30,2025-09-08,33,0,good,95
INV_0005578,WH_001,WH_001_AMBIENT_108,SKU_00019,BATCH_0005578,2025-10-16,2028-07-31,2025-10-17,34,0,good,796
INV_0005579,WH_002,WH_002_COOL_096,SKU_00273,BATCH_0005579,2025-12-24,2027-08-03,2025-12-31,48,0,good,433
INV_0005580,WH_002,WH_002_AMBIENT_187,SKU_00034,BATCH_0005580,2025-06-18,2026-08-13,2025-06-26,13,4,good,78
INV_0005581,WH_002,WH_002_COOL_194,SKU_00140,BATCH_0005581,2025-11-04,2026-08-12,2025-11-06,1,0,good,77
INV_0005582,WH_001,WH_001_COLD_087,SKU_00229,BATCH_0005582,2026-02-19,2027-02-19,2026-02-21,2,0,good,268
INV_0005583,WH_003,WH_003_COOL_059,SKU_00294,BATCH_0005583,2025-01-26,2027-01-26,2025-02-07,21,0,good,244
INV_0005584,WH_003,WH_003_AMBIENT_156,SKU_00017,BATCH_0005584,2025-12-05,2027-11-10,2025-12-14,6,1,good,532
INV_0005585,WH_002,WH_002_FROZEN_107,SKU_00201,BATCH_0005585,2025-05-23,2027-05-22,2025-05-31,10,0,good,360
INV_0005586,WH_003,WH_003_COOL_154,SKU_00031,BATCH_0005586,2025-07-22,2027-02-04,2025-07-26,113,3,good,253
INV_0005587,WH_001,WH_001_COOL_079,SKU_00245,BATCH_0005587,2025-08-25,2027-01-20,2025-09-04,21,0,good,238
INV_0005588,WH_003,WH_003_COLD_195,SKU_00154,BATCH_0005588,2026-01-30,2026-06-26,2026-01-31,5,0,good,30
INV_0005589,WH_001,WH_001_COOL_058,SKU_00144,BATCH_0005589,2025-01-13,2027-01-04,2025-01-26,8,0,good,222
INV_0005590,WH_003,WH_003_COLD_171,SKU_00237,BATCH_0005590,2025-08-30,2026-08-30,2025-09-03,69,17,good,95
INV_0005591,WH_001,WH_001_COOL_164,SKU_00074,BATCH_0005591,2024-10-06,2026-10-06,2024-10-14,12,0,good,132
INV_0005592,WH_002,WH_002_AMBIENT_114,SKU_00247,BATCH_0005592,2025-05-17,2027-07-08,2025-05-26,117,26,good,407
INV_0005593,WH_003,WH_003_AMBIENT_051,SKU_00172,BATCH_0005593,2025-08-10,2027-10-17,2025-08-20,284,0,good,508
INV_0005594,WH_002,WH_002_AMBIENT_082,SKU_00019,BATCH_0005594,2025-02-05,2027-11-21,2025-02-11,9,0,good,543
INV_0005595,WH_001,WH_001_COOL_042,SKU_00187,BATCH_0005595,2026-04-02,2027-09-03,2026-04-03,6,0,good,464
INV_0005596,WH_001,WH_001_COOL_043,SKU_00111,BATCH_0005596,2026-03-10,2027-03-18,2026-03-20,111,17,good,295
INV_0005597,WH_003,WH_003_AMBIENT_183,SKU_00055,BATCH_0005597,2025-04-24,2026-08-28,2025-05-06,26,0,good,93
INV_0005598,WH_001,WH_001_AMBIENT_022,SKU_00057,BATCH_0005598,2024-08-12,2027-01-25,2024-08-14,4,0,good,243
INV_0005599,WH_001,WH_001_AMBIENT_177,SKU_00152,BATCH_0005599,2025-01-13,2026-09-05,2025-01-20,6,0,good,101
INV_0005600,WH_003,WH_003_COOL_107,SKU_00169,BATCH_0005600,2026-03-04,2027-03-11,2026-03-17,434,0,good,288
INV_0005601,WH_001,WH_001_AMBIENT_018,SKU_00172,BATCH_0005601,2025-12-09,2028-02-15,2025-12-21,41,0,good,629
INV_0005602,WH_002,WH_002_AMBIENT_033,SKU_00241,BATCH_0005602,2025-07-26,2028-01-20,2025-08-06,22,0,good,603
INV_0005603,WH_001,WH_001_AMBIENT_005,SKU_00071,BATCH_0005603,2024-02-10,2026-11-20,2024-02-15,48,14,good,177
INV_0005604,WH_002,WH_002_AMBIENT_028,SKU_00185,BATCH_0005604,2026-01-21,2027-01-21,2026-01-24,18,0,good,239
INV_0005605,WH_002,WH_002_COOL_067,SKU_00151,BATCH_0005605,2025-05-28,2026-12-02,2025-06-02,145,19,good,189
INV_0005606,WH_003,WH_003_AMBIENT_171,SKU_00180,BATCH_0005606,2026-02-07,2027-02-07,2026-02-11,53,7,good,256
INV_0005607,WH_003,WH_003_AMBIENT_066,SKU_00005,BATCH_0005607,2024-09-20,2026-11-01,2024-09-29,6,2,good,158
INV_0005608,WH_001,WH_001_COOL_019,SKU_00079,BATCH_0005608,2026-04-01,2027-10-30,2026-04-03,355,0,good,521
INV_0005609,WH_001,WH_001_COLD_121,SKU_00106,BATCH_0005609,2025-12-20,2026-09-27,2026-01-01,4,1,good,123
INV_0005610,WH_003,WH_003_AMBIENT_126,SKU_00159,BATCH_0005610,2025-12-05,2026-12-05,2025-12-09,5,0,good,192
INV_0005611,WH_003,WH_003_AMBIENT_172,SKU_00168,BATCH_0005611,2026-01-04,2027-01-04,2026-01-08,16,0,good,222
INV_0005612,WH_003,WH_003_AMBIENT_195,SKU_00230,BATCH_0005612,2025-12-11,2027-12-19,2025-12-17,67,13,good,571
INV_0005613,WH_003,WH_003_AMBIENT_102,SKU_00215,BATCH_0005613,2026-02-17,2027-08-03,2026-02-28,22,0,good,433
INV_0005614,WH_001,WH_001_COOL_194,SKU_00087,BATCH_0005614,2026-01-17,2028-01-17,2026-01-23,13,0,good,600
INV_0005615,WH_001,WH_001_COLD_140,SKU_00090,BATCH_0005615,2026-05-16,2026-10-11,2026-05-26,41,0,good,137
INV_0005616,WH_003,WH_003_COOL_084,SKU_00119,BATCH_0005616,2025-03-29,2026-07-23,2025-04-11,11,0,good,57
INV_0005617,WH_002,WH_002_COOL_070,SKU_00031,BATCH_0005617,2025-11-01,2027-05-17,2025-11-09,17,0,good,355
INV_0005618,WH_001,WH_001_COLD_113,SKU_00228,BATCH_0005618,2026-02-20,2026-12-18,2026-02-25,8,1,good,205
INV_0005619,WH_003,WH_003_AMBIENT_081,SKU_00051,BATCH_0005619,2025-12-15,2027-01-01,2025-12-17,12,0,good,219
INV_0005620,WH_002,WH_002_AMBIENT_041,SKU_00190,BATCH_0005620,2025-04-21,2026-12-29,2025-04-28,53,0,good,216
INV_0005621,WH_001,WH_001_COOL_189,SKU_00207,BATCH_0005621,2025-08-23,2026-08-29,2025-09-04,5,0,good,94
INV_0005622,WH_002,WH_002_AMBIENT_023,SKU_00098,BATCH_0005622,2024-03-07,2026-10-09,2024-03-09,40,0,good,135
INV_0005623,WH_002,WH_002_COLD_078,SKU_00039,BATCH_0005623,2025-08-28,2026-08-28,2025-09-01,46,5,good,93
INV_0005624,WH_001,WH_001_COOL_032,SKU_00144,BATCH_0005624,2025-06-14,2027-06-05,2025-06-27,5,0,good,374
INV_0005625,WH_001,WH_001_COOL_144,SKU_00088,BATCH_0005625,2024-09-05,2026-09-05,2024-09-13,5,0,good,101
INV_0005626,WH_002,WH_002_AMBIENT_150,SKU_00269,BATCH_0005626,2025-04-20,2026-08-20,2025-04-29,7,0,good,85
INV_0005627,WH_003,WH_003_COLD_036,SKU_00014,BATCH_0005627,2026-03-18,2027-03-14,2026-03-22,48,0,good,291
INV_0005628,WH_001,WH_001_COOL_092,SKU_00294,BATCH_0005628,2024-10-04,2026-10-04,2024-10-12,15,0,good,130
INV_0005629,WH_001,WH_001_COOL_002,SKU_00243,BATCH_0005629,2025-05-22,2027-05-22,2025-06-02,88,0,good,360
INV_0005630,WH_003,WH_003_AMBIENT_077,SKU_00102,BATCH_0005630,2026-04-26,2028-10-10,2026-05-01,5,0,good,867
INV_0005631,WH_003,WH_003_AMBIENT_192,SKU_00114,BATCH_0005631,2024-09-24,2027-02-13,2024-09-26,20,0,good,262
INV_0005632,WH_001,WH_001_AMBIENT_147,SKU_00067,BATCH_0005632,2026-02-05,2028-02-11,2026-02-17,17,2,good,625
INV_0005633,WH_001,WH_001_COOL_129,SKU_00002,BATCH_0005633,2024-12-02,2026-12-02,2024-12-12,6,0,good,189
INV_0005634,WH_003,WH_003_COOL_179,SKU_00266,BATCH_0005634,2026-02-15,2027-10-14,2026-02-16,22,0,good,505
INV_0005635,WH_002,WH_002_AMBIENT_172,SKU_00255,BATCH_0005635,2026-03-11,2027-03-28,2026-03-15,1,0,good,305
INV_0005636,WH_003,WH_003_COOL_070,SKU_00275,BATCH_0005636,2025-07-02,2027-07-02,2025-07-11,22,0,good,401
INV_0005637,WH_003,WH_003_COOL_173,SKU_00244,BATCH_0005637,2025-08-30,2027-04-02,2025-09-04,61,13,good,310
INV_0005638,WH_003,WH_003_AMBIENT_057,SKU_00073,BATCH_0005638,2026-03-18,2027-03-18,2026-03-20,3,0,good,295
INV_0005639,WH_002,WH_002_AMBIENT_070,SKU_00141,BATCH_0005639,2026-02-16,2027-02-16,2026-03-01,17,2,good,265
INV_0005640,WH_002,WH_002_AMBIENT_077,SKU_00152,BATCH_0005640,2025-01-30,2026-09-22,2025-01-31,3,0,good,118
INV_0005641,WH_003,WH_003_COOL_080,SKU_00011,BATCH_0005641,2025-02-25,2027-02-25,2025-02-27,27,0,good,274
INV_0005642,WH_001,WH_001_AMBIENT_152,SKU_00075,BATCH_0005642,2026-03-13,2027-03-13,2026-03-18,21,6,good,290
INV_0005643,WH_002,WH_002_AMBIENT_151,SKU_00267,BATCH_0005643,2025-11-14,2027-11-26,2025-11-24,10,0,good,548
INV_0005644,WH_001,WH_001_COLD_011,SKU_00082,BATCH_0005644,2025-10-12,2026-10-12,2025-10-18,22,0,good,138
INV_0005645,WH_002,WH_002_AMBIENT_041,SKU_00297,BATCH_0005645,2025-10-30,2027-05-18,2025-10-31,21,0,good,356
INV_0005646,WH_003,WH_003_AMBIENT_177,SKU_00063,BATCH_0005646,2025-07-29,2026-12-05,2025-08-10,4,0,good,192
INV_0005647,WH_001,WH_001_AMBIENT_057,SKU_00263,BATCH_0005647,2025-03-05,2026-12-22,2025-03-13,3,0,good,209
INV_0005648,WH_002,WH_002_AMBIENT_133,SKU_00132,BATCH_0005648,2026-05-18,2027-05-18,2026-05-30,4,0,good,356
INV_0005649,WH_001,WH_001_COLD_184,SKU_00106,BATCH_0005649,2026-03-07,2026-12-13,2026-03-11,14,4,good,200
INV_0005650,WH_002,WH_002_AMBIENT_051,SKU_00126,BATCH_0005650,2024-08-30,2027-01-01,2024-09-01,4,0,good,219
INV_0005651,WH_002,WH_002_AMBIENT_147,SKU_00158,BATCH_0005651,2025-11-05,2027-08-03,2025-11-15,11,0,good,433
INV_0005652,WH_003,WH_003_AMBIENT_029,SKU_00265,BATCH_0005652,2025-07-05,2027-10-01,2025-07-13,93,0,good,492
INV_0005653,WH_003,WH_003_COLD_083,SKU_00106,BATCH_0005653,2026-02-26,2026-12-04,2026-03-11,5,0,good,191
INV_0005654,WH_001,WH_001_AMBIENT_054,SKU_00173,BATCH_0005654,2025-08-09,2027-07-22,2025-08-13,39,0,good,421
INV_0005655,WH_001,WH_001_COOL_128,SKU_00169,BATCH_0005655,2026-05-09,2027-05-16,2026-05-13,34,0,good,354
INV_0005656,WH_002,WH_002_AMBIENT_016,SKU_00285,BATCH_0005656,2026-04-19,2027-04-19,2026-05-01,4,0,good,327
INV_0005657,WH_003,WH_003_COOL_107,SKU_00086,BATCH_0005657,2025-07-29,2027-07-29,2025-08-08,44,0,good,428
INV_0005658,WH_001,WH_001_AMBIENT_199,SKU_00163,BATCH_0005658,2025-10-29,2027-05-14,2025-11-01,5,0,good,352
INV_0005659,WH_003,WH_003_AMBIENT_006,SKU_00036,BATCH_0005659,2026-01-24,2027-04-27,2026-02-04,277,0,good,335
INV_0005660,WH_003,WH_003_AMBIENT_178,SKU_00213,BATCH_0005660,2024-12-30,2027-05-14,2025-01-05,20,8,good,352
INV_0005661,WH_002,WH_002_AMBIENT_051,SKU_00129,BATCH_0005661,2025-12-12,2026-12-12,2025-12-21,19,0,good,199
INV_0005662,WH_003,WH_003_AMBIENT_018,SKU_00277,BATCH_0005662,2024-09-14,2026-08-28,2024-09-18,5,0,good,93
INV_0005663,WH_001,WH_001_COOL_192,SKU_00253,BATCH_0005663,2025-09-27,2027-09-27,2025-10-08,34,0,good,488
INV_0005664,WH_002,WH_002_COOL_078,SKU_00238,BATCH_0005664,2025-02-25,2026-10-21,2025-02-28,25,0,good,147
INV_0005665,WH_003,WH_003_AMBIENT_056,SKU_00080,BATCH_0005665,2025-07-12,2027-11-26,2025-07-21,13,0,good,548
INV_0005666,WH_003,WH_003_COOL_100,SKU_00070,BATCH_0005666,2025-12-12,2027-12-12,2025-12-17,66,0,good,564
INV_0005667,WH_001,WH_001_AMBIENT_105,SKU_00027,BATCH_0005667,2025-10-06,2027-06-19,2025-10-09,53,20,good,388
INV_0005668,WH_002,WH_002_AMBIENT_175,SKU_00116,BATCH_0005668,2024-09-27,2027-05-05,2024-10-01,7,1,good,343
INV_0005669,WH_003,WH_003_COLD_032,SKU_00231,BATCH_0005669,2025-10-08,2026-10-08,2025-10-10,126,41,good,134
INV_0005670,WH_003,WH_003_AMBIENT_200,SKU_00120,BATCH_0005670,2025-06-16,2026-09-24,2025-06-25,43,0,good,120
INV_0005671,WH_003,WH_003_AMBIENT_074,SKU_00027,BATCH_0005671,2025-07-30,2027-04-12,2025-08-03,40,0,good,320
INV_0005672,WH_002,WH_002_COLD_041,SKU_00035,BATCH_0005672,2026-04-30,2026-10-04,2026-05-07,213,0,good,130
INV_0005673,WH_002,WH_002_COOL_145,SKU_00187,BATCH_0005673,2025-05-13,2026-10-14,2025-05-17,4,0,good,140
INV_0005674,WH_003,WH_003_COLD_090,SKU_00069,BATCH_0005674,2026-02-17,2027-01-14,2026-02-21,3,0,good,232
INV_0005675,WH_002,WH_002_COLD_112,SKU_00199,BATCH_0005675,2026-02-04,2027-02-04,2026-02-07,50,0,good,253
INV_0005676,WH_001,WH_001_AMBIENT_146,SKU_00005,BATCH_0005676,2025-02-26,2027-04-09,2025-03-05,5,0,good,317
INV_0005677,WH_002,WH_002_COLD_028,SKU_00045,BATCH_0005677,2025-10-27,2026-10-27,2025-11-04,24,0,good,153
INV_0005678,WH_003,WH_003_COOL_110,SKU_00167,BATCH_0005678,2026-04-10,2026-10-16,2026-04-13,19,0,good,142
INV_0005679,WH_002,WH_002_AMBIENT_076,SKU_00259,BATCH_0005679,2024-09-24,2026-09-12,2024-10-04,9,0,good,108
INV_0005680,WH_002,WH_002_COOL_134,SKU_00293,BATCH_0005680,2025-02-24,2027-02-24,2025-03-01,2,0,good,273
INV_0005681,WH_003,WH_003_COOL_080,SKU_00010,BATCH_0005681,2024-08-18,2026-08-18,2024-08-19,3,0,good,83
INV_0005682,WH_001,WH_001_COOL_027,SKU_00226,BATCH_0005682,2025-01-26,2027-01-26,2025-02-02,10,0,good,244
INV_0005683,WH_003,WH_003_AMBIENT_077,SKU_00102,BATCH_0005683,2024-07-30,2027-01-14,2024-08-06,5,1,good,232
INV_0005684,WH_001,WH_001_COOL_096,SKU_00211,BATCH_0005684,2026-03-15,2028-03-14,2026-03-27,5,0,good,657
INV_0005685,WH_002,WH_002_AMBIENT_093,SKU_00012,BATCH_0005685,2025-07-08,2026-07-08,2025-07-19,77,0,good,42
INV_0005686,WH_003,WH_003_COOL_197,SKU_00010,BATCH_0005686,2024-10-11,2026-10-11,2024-10-18,2,0,good,137
INV_0005687,WH_001,WH_001_AMBIENT_024,SKU_00049,BATCH_0005687,2025-11-02,2026-12-19,2025-11-10,5,0,good,206
INV_0005688,WH_001,WH_001_COLD_020,SKU_00123,BATCH_0005688,2026-01-24,2027-01-24,2026-01-28,12,0,good,242
INV_0005689,WH_003,WH_003_COOL_176,SKU_00210,BATCH_0005689,2026-03-29,2028-03-28,2026-03-30,35,12,good,671
INV_0005690,WH_002,WH_002_AMBIENT_074,SKU_00012,BATCH_0005690,2026-01-21,2027-01-21,2026-02-03,7,0,good,239
INV_0005691,WH_002,WH_002_COOL_065,SKU_00245,BATCH_0005691,2025-09-25,2027-02-20,2025-10-07,10,1,good,269
INV_0005692,WH_003,WH_003_COOL_172,SKU_00208,BATCH_0005692,2026-03-10,2028-03-09,2026-03-13,57,0,good,652
INV_0005693,WH_002,WH_002_AMBIENT_144,SKU_00279,BATCH_0005693,2025-07-27,2028-05-25,2025-08-03,29,0,good,729
INV_0005694,WH_003,WH_003_COOL_069,SKU_00151,BATCH_0005694,2025-04-07,2026-10-12,2025-04-08,4,0,good,138
INV_0005695,WH_002,WH_002_AMBIENT_053,SKU_00013,BATCH_0005695,2024-08-31,2027-06-26,2024-09-02,22,0,good,395
INV_0005696,WH_002,WH_002_AMBIENT_122,SKU_00135,BATCH_0005696,2025-07-13,2026-07-13,2025-07-19,1,0,good,47
INV_0005697,WH_002,WH_002_AMBIENT_003,SKU_00067,BATCH_0005697,2024-09-12,2026-09-18,2024-09-22,55,0,good,114
INV_0005698,WH_003,WH_003_COOL_012,SKU_00016,BATCH_0005698,2025-03-29,2026-09-05,2025-04-07,15,0,good,101
INV_0005699,WH_003,WH_003_COOL_092,SKU_00021,BATCH_0005699,2025-11-08,2026-08-27,2025-11-11,27,0,good,92
INV_0005700,WH_001,WH_001_COOL_042,SKU_00145,BATCH_0005700,2026-04-01,2027-07-23,2026-04-07,16,0,good,422
INV_0005701,WH_003,WH_003_AMBIENT_195,SKU_00255,BATCH_0005701,2026-03-13,2027-03-30,2026-03-15,69,0,good,307
INV_0005702,WH_001,WH_001_COOL_177,SKU_00210,BATCH_0005702,2024-08-10,2026-08-10,2024-08-16,17,0,good,75
INV_0005703,WH_002,WH_002_COOL_187,SKU_00089,BATCH_0005703,2026-02-03,2027-05-04,2026-02-06,121,0,good,342
INV_0005704,WH_003,WH_003_COOL_171,SKU_00224,BATCH_0005704,2025-08-26,2026-10-16,2025-09-03,21,0,good,142
INV_0005705,WH_001,WH_001_COOL_161,SKU_00275,BATCH_0005705,2024-12-17,2026-12-17,2024-12-29,30,0,good,204
INV_0005706,WH_003,WH_003_COLD_063,SKU_00123,BATCH_0005706,2025-10-08,2026-10-08,2025-10-15,17,0,good,134
INV_0005707,WH_001,WH_001_AMBIENT_144,SKU_00153,BATCH_0005707,2026-04-04,2027-04-10,2026-04-12,5,0,good,318
INV_0005708,WH_003,WH_003_AMBIENT_011,SKU_00052,BATCH_0005708,2025-09-21,2028-06-08,2025-10-04,16,1,good,743
INV_0005709,WH_001,WH_001_AMBIENT_169,SKU_00250,BATCH_0005709,2025-10-21,2028-05-09,2025-10-23,6,0,good,713
INV_0005710,WH_001,WH_001_AMBIENT_100,SKU_00285,BATCH_0005710,2026-05-16,2027-05-16,2026-05-28,145,0,good,354
INV_0005711,WH_003,WH_003_AMBIENT_177,SKU_00288,BATCH_0005711,2024-10-03,2026-10-23,2024-10-08,20,0,good,149
INV_0005712,WH_003,WH_003_AMBIENT_170,SKU_00030,BATCH_0005712,2024-11-14,2027-03-27,2024-11-23,4,0,good,304
INV_0005713,WH_003,WH_003_COLD_024,SKU_00134,BATCH_0005713,2025-07-05,2026-07-05,2025-07-11,128,0,good,39
INV_0005714,WH_002,WH_002_COOL_122,SKU_00041,BATCH_0005714,2025-07-31,2027-01-28,2025-08-13,5,1,good,246
INV_0005715,WH_002,WH_002_AMBIENT_086,SKU_00166,BATCH_0005715,2025-02-08,2026-08-20,2025-02-19,28,0,good,85
INV_0005716,WH_002,WH_002_COLD_067,SKU_00146,BATCH_0005716,2026-03-24,2027-03-24,2026-04-01,23,2,good,301
INV_0005717,WH_003,WH_003_AMBIENT_066,SKU_00176,BATCH_0005717,2025-11-19,2026-11-19,2025-12-01,4,0,good,176
INV_0005718,WH_002,WH_002_COLD_004,SKU_00123,BATCH_0005718,2025-10-10,2026-10-10,2025-10-19,198,0,good,136
INV_0005719,WH_002,WH_002_COLD_143,SKU_00085,BATCH_0005719,2025-07-13,2026-07-13,2025-07-21,18,0,good,47
INV_0005720,WH_002,WH_002_COOL_141,SKU_00088,BATCH_0005720,2025-09-11,2027-09-11,2025-09-22,2,0,good,472
INV_0005721,WH_003,WH_003_FROZEN_087,SKU_00216,BATCH_0005721,2025-06-19,2027-04-24,2025-06-21,16,0,good,332
INV_0005722,WH_002,WH_002_AMBIENT_185,SKU_00263,BATCH_0005722,2024-11-01,2026-08-20,2024-11-13,10,0,good,85
INV_0005723,WH_002,WH_002_COLD_098,SKU_00090,BATCH_0005723,2026-01-14,2026-06-11,2026-01-21,6,0,good,15
INV_0005724,WH_003,WH_003_FROZEN_178,SKU_00201,BATCH_0005724,2026-03-12,2028-03-10,2026-03-20,23,2,good,653
INV_0005725,WH_002,WH_002_COLD_075,SKU_00136,BATCH_0005725,2025-12-30,2026-09-28,2026-01-12,9,0,good,124
INV_0005726,WH_001,WH_001_COOL_053,SKU_00121,BATCH_0005726,2026-04-08,2027-06-11,2026-04-21,33,0,good,380
INV_0005727,WH_001,WH_001_COLD_104,SKU_00251,BATCH_0005727,2026-03-19,2027-03-19,2026-03-30,3,0,good,296
INV_0005728,WH_001,WH_001_COOL_070,SKU_00023,BATCH_0005728,2025-11-15,2027-11-15,2025-11-19,7,0,good,537
INV_0005729,WH_003,WH_003_AMBIENT_177,SKU_00050,BATCH_0005729,2026-02-18,2027-03-27,2026-02-19,66,0,good,304
INV_0005730,WH_002,WH_002_COOL_112,SKU_00130,BATCH_0005730,2025-01-15,2027-01-15,2025-01-26,8,0,good,233
INV_0005731,WH_002,WH_002_AMBIENT_088,SKU_00018,BATCH_0005731,2025-09-27,2027-01-27,2025-10-10,9,0,good,245
INV_0005732,WH_001,WH_001_COOL_033,SKU_00064,BATCH_0005732,2025-04-20,2027-04-20,2025-04-25,72,0,good,328
INV_0005733,WH_002,WH_002_COLD_138,SKU_00249,BATCH_0005733,2026-01-26,2026-12-26,2026-02-05,6,0,good,213
INV_0005734,WH_003,WH_003_COOL_010,SKU_00227,BATCH_0005734,2025-02-26,2027-02-26,2025-03-01,109,2,good,275
INV_0005735,WH_003,WH_003_COOL_117,SKU_00020,BATCH_0005735,2024-11-19,2026-07-30,2024-11-25,16,0,good,64
INV_0005736,WH_003,WH_003_COOL_157,SKU_00003,BATCH_0005736,2026-04-24,2028-04-23,2026-05-02,74,0,good,697
INV_0005737,WH_002,WH_002_AMBIENT_021,SKU_00118,BATCH_0005737,2026-05-19,2027-05-19,2026-05-20,3,0,good,357
INV_0005738,WH_001,WH_001_COLD_111,SKU_00182,BATCH_0005738,2025-11-06,2026-07-16,2025-11-09,37,7,good,50
INV_0005739,WH_003,WH_003_COOL_151,SKU_00059,BATCH_0005739,2024-10-03,2026-09-07,2024-10-04,7,0,good,103
INV_0005740,WH_002,WH_002_AMBIENT_150,SKU_00159,BATCH_0005740,2025-09-05,2026-09-05,2025-09-07,44,5,good,101
INV_0005741,WH_002,WH_002_AMBIENT_172,SKU_00217,BATCH_0005741,2024-11-15,2027-01-13,2024-11-26,21,5,good,231
INV_0005742,WH_001,WH_001_COLD_143,SKU_00146,BATCH_0005742,2025-08-03,2026-08-03,2025-08-08,488,0,good,68
INV_0005743,WH_003,WH_003_AMBIENT_062,SKU_00013,BATCH_0005743,2024-01-04,2026-10-29,2024-01-05,3,0,good,155
INV_0005744,WH_002,WH_002_COOL_066,SKU_00206,BATCH_0005744,2025-04-10,2026-10-01,2025-04-20,53,0,good,127
INV_0005745,WH_001,WH_001_COLD_189,SKU_00069,BATCH_0005745,2025-12-15,2026-11-11,2025-12-28,49,5,good,168
INV_0005746,WH_002,WH_002_COLD_050,SKU_00271,BATCH_0005746,2026-05-14,2026-11-08,2026-05-17,29,0,good,165
INV_0005747,WH_001,WH_001_AMBIENT_014,SKU_00170,BATCH_0005747,2025-10-25,2026-10-25,2025-11-07,13,1,good,151
INV_0005748,WH_003,WH_003_COLD_076,SKU_00237,BATCH_0005748,2026-03-04,2027-03-04,2026-03-09,2,0,good,281
INV_0005749,WH_002,WH_002_COOL_073,SKU_00058,BATCH_0005749,2025-11-26,2026-09-21,2025-12-03,24,0,good,117
INV_0005750,WH_003,WH_003_AMBIENT_042,SKU_00022,BATCH_0005750,2025-07-02,2027-09-11,2025-07-09,6,0,good,472
INV_0005751,WH_001,WH_001_COOL_122,SKU_00295,BATCH_0005751,2025-03-04,2027-03-04,2025-03-11,8,0,good,281
INV_0005752,WH_002,WH_002_COLD_118,SKU_00037,BATCH_0005752,2026-03-01,2027-03-01,2026-03-13,25,0,good,278
INV_0005753,WH_001,WH_001_AMBIENT_027,SKU_00269,BATCH_0005753,2025-05-03,2026-09-02,2025-05-10,57,0,good,98
INV_0005754,WH_002,WH_002_AMBIENT_108,SKU_00246,BATCH_0005754,2025-08-30,2026-12-21,2025-09-01,43,0,good,208
INV_0005755,WH_003,WH_003_AMBIENT_117,SKU_00056,BATCH_0005755,2025-07-08,2026-09-26,2025-07-21,12,0,good,122
INV_0005756,WH_003,WH_003_AMBIENT_005,SKU_00004,BATCH_0005756,2025-05-17,2026-10-22,2025-05-28,50,3,good,148
INV_0005757,WH_003,WH_003_AMBIENT_154,SKU_00105,BATCH_0005757,2026-01-20,2027-01-20,2026-01-24,7,0,good,238
INV_0005758,WH_002,WH_002_FROZEN_071,SKU_00284,BATCH_0005758,2025-04-12,2027-04-12,2025-04-24,3,0,good,320
INV_0005759,WH_001,WH_001_COOL_177,SKU_00295,BATCH_0005759,2025-12-13,2027-12-13,2025-12-18,5,0,good,565
INV_0005760,WH_003,WH_003_AMBIENT_113,SKU_00030,BATCH_0005760,2024-09-04,2027-01-15,2024-09-12,57,0,good,233
INV_0005761,WH_002,WH_002_AMBIENT_141,SKU_00166,BATCH_0005761,2025-11-05,2027-05-17,2025-11-07,31,0,good,355
INV_0005762,WH_003,WH_003_COLD_128,SKU_00182,BATCH_0005762,2025-11-20,2026-07-30,2025-11-23,26,0,good,64
INV_0005763,WH_001,WH_001_AMBIENT_166,SKU_00214,BATCH_0005763,2025-01-25,2027-04-29,2025-02-01,13,0,good,337
INV_0005764,WH_003,WH_003_COOL_055,SKU_00074,BATCH_0005764,2024-12-20,2026-12-20,2025-01-02,2,0,good,207
INV_0005765,WH_002,WH_002_AMBIENT_167,SKU_00076,BATCH_0005765,2025-09-26,2027-12-06,2025-09-27,19,0,good,558
INV_0005766,WH_001,WH_001_COLD_034,SKU_00300,BATCH_0005766,2026-03-10,2027-03-10,2026-03-18,26,3,good,287
INV_0005767,WH_002,WH_002_AMBIENT_191,SKU_00217,BATCH_0005767,2025-09-24,2027-11-22,2025-09-27,46,0,good,544
INV_0005768,WH_002,WH_002_AMBIENT_143,SKU_00215,BATCH_0005768,2026-05-17,2027-10-31,2026-05-21,29,3,good,522
INV_0005769,WH_001,WH_001_AMBIENT_049,SKU_00135,BATCH_0005769,2026-01-02,2027-01-02,2026-01-13,62,0,good,220
INV_0005770,WH_002,WH_002_COLD_199,SKU_00106,BATCH_0005770,2025-09-27,2026-07-05,2025-10-08,4,0,good,39
INV_0005771,WH_001,WH_001_AMBIENT_189,SKU_00218,BATCH_0005771,2026-01-25,2028-03-13,2026-02-03,18,0,good,656
INV_0005772,WH_002,WH_002_AMBIENT_016,SKU_00198,BATCH_0005772,2026-01-24,2027-03-28,2026-02-05,4,0,good,305
INV_0005773,WH_002,WH_002_COLD_037,SKU_00090,BATCH_0005773,2026-02-09,2026-07-07,2026-02-19,39,0,good,41
INV_0005774,WH_003,WH_003_AMBIENT_045,SKU_00166,BATCH_0005774,2026-03-23,2027-10-02,2026-04-03,83,0,good,493
INV_0005775,WH_001,WH_001_AMBIENT_016,SKU_00118,BATCH_0005775,2025-09-10,2026-09-10,2025-09-22,37,0,good,106
INV_0005776,WH_001,WH_001_AMBIENT_132,SKU_00103,BATCH_0005776,2025-08-10,2026-08-10,2025-08-13,10,0,good,75
INV_0005777,WH_001,WH_001_COOL_192,SKU_00021,BATCH_0005777,2026-04-04,2027-01-21,2026-04-07,40,0,good,239
INV_0005778,WH_001,WH_001_COOL_099,SKU_00138,BATCH_0005778,2025-03-06,2027-01-14,2025-03-08,7,0,good,232
INV_0005779,WH_003,WH_003_AMBIENT_077,SKU_00048,BATCH_0005779,2025-05-03,2026-07-21,2025-05-10,61,4,good,55
INV_0005780,WH_002,WH_002_AMBIENT_118,SKU_00215,BATCH_0005780,2026-03-31,2027-09-14,2026-04-01,8,0,good,475
INV_0005781,WH_002,WH_002_COLD_053,SKU_00196,BATCH_0005781,2026-01-02,2026-07-23,2026-01-11,18,0,good,57
INV_0005782,WH_002,WH_002_COLD_041,SKU_00164,BATCH_0005782,2025-12-09,2026-12-09,2025-12-12,3,0,good,196
INV_0005783,WH_001,WH_001_AMBIENT_185,SKU_00005,BATCH_0005783,2026-04-12,2028-05-23,2026-04-18,4,0,good,727
INV_0005784,WH_003,WH_003_COOL_191,SKU_00210,BATCH_0005784,2025-05-30,2027-05-30,2025-06-05,7,2,good,368
INV_0005785,WH_001,WH_001_COLD_177,SKU_00256,BATCH_0005785,2026-04-19,2027-04-19,2026-04-24,3,0,good,327
INV_0005786,WH_002,WH_002_COOL_005,SKU_00031,BATCH_0005786,2026-01-03,2027-07-19,2026-01-06,18,3,good,418
INV_0005787,WH_003,WH_003_COOL_017,SKU_00077,BATCH_0005787,2025-06-03,2026-07-23,2025-06-10,1,0,good,57
INV_0005788,WH_002,WH_002_COOL_162,SKU_00276,BATCH_0005788,2025-01-22,2026-10-23,2025-01-26,11,0,good,149
INV_0005789,WH_002,WH_002_COLD_169,SKU_00096,BATCH_0005789,2026-02-05,2027-02-05,2026-02-11,13,4,good,254
INV_0005790,WH_002,WH_002_AMBIENT_157,SKU_00009,BATCH_0005790,2025-10-23,2027-11-06,2025-10-30,41,0,good,528
INV_0005791,WH_003,WH_003_AMBIENT_115,SKU_00215,BATCH_0005791,2026-01-28,2027-07-14,2026-02-07,32,1,good,413
INV_0005792,WH_002,WH_002_COOL_075,SKU_00077,BATCH_0005792,2025-09-11,2026-10-31,2025-09-16,2,0,good,157
INV_0005793,WH_003,WH_003_COOL_005,SKU_00131,BATCH_0005793,2024-10-15,2026-08-14,2024-10-23,25,0,good,79
INV_0005794,WH_001,WH_001_AMBIENT_080,SKU_00078,BATCH_0005794,2024-11-06,2027-03-30,2024-11-08,58,0,good,307
INV_0005795,WH_002,WH_002_AMBIENT_139,SKU_00188,BATCH_0005795,2025-11-03,2026-11-03,2025-11-05,127,0,good,160
INV_0005796,WH_001,WH_001_AMBIENT_014,SKU_00062,BATCH_0005796,2024-12-30,2026-12-21,2025-01-11,39,0,good,208
INV_0005797,WH_002,WH_002_COLD_013,SKU_00146,BATCH_0005797,2025-07-17,2026-07-17,2025-07-24,44,0,good,51
INV_0005798,WH_001,WH_001_AMBIENT_036,SKU_00291,BATCH_0005798,2025-03-11,2026-09-14,2025-03-22,5,0,good,110
INV_0005799,WH_003,WH_003_COOL_121,SKU_00275,BATCH_0005799,2025-11-04,2027-11-04,2025-11-09,10,0,good,526
INV_0005800,WH_002,WH_002_AMBIENT_188,SKU_00076,BATCH_0005800,2024-12-05,2027-02-14,2024-12-14,81,0,good,263
INV_0005801,WH_001,WH_001_COOL_034,SKU_00162,BATCH_0005801,2024-08-29,2026-08-29,2024-09-11,8,0,good,94
INV_0005802,WH_003,WH_003_AMBIENT_053,SKU_00118,BATCH_0005802,2025-10-15,2026-10-15,2025-10-23,17,0,good,141
INV_0005803,WH_002,WH_002_AMBIENT_143,SKU_00141,BATCH_0005803,2026-02-26,2027-02-26,2026-03-03,18,0,good,275
INV_0005804,WH_003,WH_003_AMBIENT_122,SKU_00094,BATCH_0005804,2024-11-16,2027-02-08,2024-11-17,2,0,good,257
INV_0005805,WH_001,WH_001_COLD_086,SKU_00300,BATCH_0005805,2026-01-29,2027-01-29,2026-02-07,15,0,good,247
INV_0005806,WH_003,WH_003_COOL_132,SKU_00238,BATCH_0005806,2026-04-11,2027-12-05,2026-04-20,12,0,good,557
INV_0005807,WH_002,WH_002_COOL_102,SKU_00089,BATCH_0005807,2026-04-28,2027-07-27,2026-05-06,0,0,good,426
INV_0005808,WH_003,WH_003_AMBIENT_104,SKU_00286,BATCH_0005808,2026-04-05,2028-02-20,2026-04-08,14,4,good,634
INV_0005809,WH_003,WH_003_AMBIENT_021,SKU_00230,BATCH_0005809,2024-11-28,2026-12-06,2024-12-11,10,2,good,193
INV_0005810,WH_003,WH_003_AMBIENT_077,SKU_00156,BATCH_0005810,2026-03-30,2028-09-01,2026-04-09,37,0,good,828
INV_0005811,WH_002,WH_002_COLD_152,SKU_00146,BATCH_0005811,2026-03-31,2027-03-31,2026-04-07,2,0,good,308
INV_0005812,WH_003,WH_003_AMBIENT_013,SKU_00105,BATCH_0005812,2025-09-29,2026-09-29,2025-10-03,9,0,good,125
INV_0005813,WH_001,WH_001_COOL_142,SKU_00222,BATCH_0005813,2026-04-22,2027-01-16,2026-04-25,42,0,good,234
INV_0005814,WH_002,WH_002_COLD_167,SKU_00300,BATCH_0005814,2026-03-05,2027-03-05,2026-03-16,12,0,good,282
INV_0005815,WH_001,WH_001_AMBIENT_034,SKU_00278,BATCH_0005815,2025-07-11,2027-08-12,2025-07-19,8,0,good,442
INV_0005816,WH_003,WH_003_COOL_127,SKU_00131,BATCH_0005816,2025-06-26,2027-04-25,2025-07-04,17,0,good,333
INV_0005817,WH_003,WH_003_COLD_099,SKU_00068,BATCH_0005817,2025-12-30,2026-12-30,2026-01-06,6,0,good,217
INV_0005818,WH_001,WH_001_AMBIENT_123,SKU_00230,BATCH_0005818,2025-02-10,2027-02-18,2025-02-22,2,0,good,267
INV_0005819,WH_001,WH_001_COLD_051,SKU_00149,BATCH_0005819,2026-03-23,2026-08-15,2026-04-04,3,0,good,80
INV_0005820,WH_003,WH_003_COLD_092,SKU_00054,BATCH_0005820,2025-09-02,2026-09-02,2025-09-14,101,0,good,98
INV_0005821,WH_001,WH_001_COOL_007,SKU_00130,BATCH_0005821,2024-11-27,2026-11-27,2024-12-06,5,0,good,184
INV_0005822,WH_003,WH_003_AMBIENT_055,SKU_00056,BATCH_0005822,2026-04-17,2027-07-06,2026-04-24,259,4,good,405
INV_0005823,WH_003,WH_003_AMBIENT_077,SKU_00180,BATCH_0005823,2025-11-10,2026-11-10,2025-11-19,13,0,good,167
INV_0005824,WH_001,WH_001_AMBIENT_182,SKU_00147,BATCH_0005824,2025-11-29,2028-08-27,2025-12-10,14,0,good,823
INV_0005825,WH_001,WH_001_COOL_115,SKU_00002,BATCH_0005825,2025-06-26,2027-06-26,2025-07-04,42,0,good,395
INV_0005826,WH_003,WH_003_AMBIENT_150,SKU_00084,BATCH_0005826,2026-01-24,2027-01-24,2026-01-27,22,0,good,242
INV_0005827,WH_002,WH_002_AMBIENT_089,SKU_00084,BATCH_0005827,2026-05-11,2027-05-11,2026-05-16,91,0,good,349
INV_0005828,WH_002,WH_002_AMBIENT_125,SKU_00148,BATCH_0005828,2024-08-21,2027-02-15,2024-08-25,18,0,good,264
INV_0005829,WH_001,WH_001_COLD_062,SKU_00096,BATCH_0005829,2026-05-20,2027-05-20,2026-05-21,27,6,good,358
INV_0005830,WH_003,WH_003_AMBIENT_005,SKU_00153,BATCH_0005830,2026-03-06,2027-03-12,2026-03-12,35,0,good,289
INV_0005831,WH_003,WH_003_COLD_144,SKU_00035,BATCH_0005831,2026-01-11,2026-06-17,2026-01-14,24,0,near_expiry,21
INV_0005832,WH_003,WH_003_COLD_062,SKU_00164,BATCH_0005832,2026-04-19,2027-04-19,2026-05-01,4,0,good,327
INV_0005833,WH_002,WH_002_AMBIENT_055,SKU_00019,BATCH_0005833,2025-05-13,2028-02-26,2025-05-23,3,0,good,640
INV_0005834,WH_002,WH_002_AMBIENT_086,SKU_00115,BATCH_0005834,2024-12-21,2026-10-17,2024-12-23,16,0,good,143
INV_0005835,WH_003,WH_003_COOL_173,SKU_00093,BATCH_0005835,2025-06-21,2027-06-21,2025-06-22,143,4,good,390
INV_0005836,WH_002,WH_002_AMBIENT_134,SKU_00009,BATCH_0005836,2025-07-18,2027-08-01,2025-07-30,40,4,good,431
INV_0005837,WH_002,WH_002_COOL_020,SKU_00261,BATCH_0005837,2026-02-24,2027-03-11,2026-03-07,31,0,good,288
INV_0005838,WH_003,WH_003_AMBIENT_072,SKU_00259,BATCH_0005838,2024-11-22,2026-11-10,2024-11-28,15,0,good,167
INV_0005839,WH_003,WH_003_AMBIENT_063,SKU_00108,BATCH_0005839,2023-11-10,2026-09-11,2023-11-14,14,3,good,107
INV_0005840,WH_003,WH_003_COOL_190,SKU_00207,BATCH_0005840,2026-02-07,2027-02-13,2026-02-12,14,0,good,262
INV_0005841,WH_001,WH_001_AMBIENT_104,SKU_00158,BATCH_0005841,2026-05-21,2028-02-16,2026-05-23,51,4,good,630
INV_0005842,WH_002,WH_002_AMBIENT_192,SKU_00120,BATCH_0005842,2025-09-14,2026-12-23,2025-09-15,214,0,good,210
INV_0005843,WH_002,WH_002_AMBIENT_132,SKU_00279,BATCH_0005843,2023-11-12,2026-09-10,2023-11-14,28,0,good,106
INV_0005844,WH_003,WH_003_COLD_049,SKU_00039,BATCH_0005844,2025-07-11,2026-07-11,2025-07-14,147,0,good,45
INV_0005845,WH_001,WH_001_COOL_186,SKU_00144,BATCH_0005845,2024-10-11,2026-10-02,2024-10-15,25,4,good,128
INV_0005846,WH_003,WH_003_COLD_039,SKU_00252,BATCH_0005846,2025-11-24,2026-11-24,2025-12-03,8,0,good,181
INV_0005847,WH_003,WH_003_COOL_109,SKU_00275,BATCH_0005847,2024-08-14,2026-08-14,2024-08-19,17,0,good,79
INV_0005848,WH_001,WH_001_COLD_072,SKU_00202,BATCH_0005848,2026-01-30,2026-06-21,2026-02-12,12,0,good,25
INV_0005849,WH_003,WH_003_COLD_029,SKU_00231,BATCH_0005849,2026-02-11,2027-02-11,2026-02-15,6,0,good,260
INV_0005850,WH_001,WH_001_AMBIENT_123,SKU_00191,BATCH_0005850,2026-03-22,2028-10-09,2026-04-03,13,0,good,866
INV_0005851,WH_001,WH_001_AMBIENT_196,SKU_00257,BATCH_0005851,2026-05-17,2027-11-13,2026-05-26,10,1,good,535
INV_0005852,WH_001,WH_001_COOL_052,SKU_00253,BATCH_0005852,2025-04-23,2027-04-23,2025-05-04,13,0,good,331
INV_0005853,WH_002,WH_002_AMBIENT_161,SKU_00282,BATCH_0005853,2026-03-03,2028-07-15,2026-03-15,6,0,good,780
INV_0005854,WH_003,WH_003_AMBIENT_031,SKU_00012,BATCH_0005854,2025-10-10,2026-10-10,2025-10-14,32,0,good,136
INV_0005855,WH_001,WH_001_AMBIENT_015,SKU_00080,BATCH_0005855,2024-07-25,2026-12-09,2024-08-07,9,0,good,196
INV_0005856,WH_002,WH_002_COLD_084,SKU_00196,BATCH_0005856,2026-01-26,2026-08-16,2026-02-08,112,19,good,81
INV_0005857,WH_001,WH_001_AMBIENT_016,SKU_00073,BATCH_0005857,2025-07-07,2026-07-07,2025-07-16,19,0,good,41
INV_0005858,WH_003,WH_003_COOL_082,SKU_00101,BATCH_0005858,2026-04-22,2028-04-21,2026-04-26,7,1,good,695
INV_0005859,WH_001,WH_001_AMBIENT_184,SKU_00195,BATCH_0005859,2024-12-04,2027-03-06,2024-12-17,33,0,good,283
INV_0005860,WH_002,WH_002_AMBIENT_058,SKU_00102,BATCH_0005860,2025-09-19,2028-03-05,2025-09-27,61,0,good,648
INV_0005861,WH_002,WH_002_AMBIENT_167,SKU_00179,BATCH_0005861,2026-03-23,2027-03-23,2026-04-03,13,3,good,300
INV_0005862,WH_003,WH_003_COLD_140,SKU_00136,BATCH_0005862,2025-10-31,2026-07-30,2025-11-02,36,0,good,64
INV_0005863,WH_003,WH_003_COOL_113,SKU_00253,BATCH_0005863,2024-10-22,2026-10-22,2024-10-30,154,45,good,148
INV_0005864,WH_001,WH_001_AMBIENT_044,SKU_00203,BATCH_0005864,2024-12-15,2026-08-30,2024-12-28,83,0,good,95
INV_0005865,WH_002,WH_002_COOL_052,SKU_00253,BATCH_0005865,2024-08-12,2026-08-12,2024-08-13,117,37,good,77
INV_0005866,WH_002,WH_002_COOL_193,SKU_00093,BATCH_0005866,2025-11-28,2027-11-28,2025-12-02,24,8,good,550
INV_0005867,WH_003,WH_003_COOL_025,SKU_00031,BATCH_0005867,2025-02-27,2026-09-12,2025-03-03,41,0,good,108
INV_0005868,WH_002,WH_002_COLD_192,SKU_00231,BATCH_0005868,2025-11-20,2026-11-20,2025-11-27,40,0,good,177
INV_0005869,WH_003,WH_003_COOL_094,SKU_00253,BATCH_0005869,2026-03-30,2028-03-29,2026-04-09,27,0,good,672
INV_0005870,WH_002,WH_002_AMBIENT_005,SKU_00132,BATCH_0005870,2026-02-26,2027-02-26,2026-03-03,92,39,good,275
INV_0005871,WH_001,WH_001_AMBIENT_141,SKU_00213,BATCH_0005871,2025-03-11,2027-07-24,2025-03-24,7,0,good,423
INV_0005872,WH_003,WH_003_COLD_001,SKU_00164,BATCH_0005872,2025-09-01,2026-09-01,2025-09-08,85,0,good,97
INV_0005873,WH_001,WH_001_AMBIENT_136,SKU_00129,BATCH_0005873,2025-10-27,2026-10-27,2025-10-30,5,0,good,153
INV_0005874,WH_002,WH_002_AMBIENT_008,SKU_00234,BATCH_0005874,2026-03-05,2027-03-05,2026-03-07,12,0,good,282
INV_0005875,WH_003,WH_003_COLD_132,SKU_00123,BATCH_0005875,2025-07-04,2026-07-04,2025-07-16,26,3,good,38
INV_0005876,WH_002,WH_002_COLD_157,SKU_00054,BATCH_0005876,2025-08-02,2026-08-02,2025-08-04,55,0,good,67
INV_0005877,WH_001,WH_001_AMBIENT_117,SKU_00005,BATCH_0005877,2026-01-12,2028-02-23,2026-01-19,15,0,good,637
INV_0005878,WH_001,WH_001_COLD_069,SKU_00068,BATCH_0005878,2025-12-29,2026-12-29,2025-12-30,98,14,good,216
INV_0005879,WH_003,WH_003_COOL_092,SKU_00226,BATCH_0005879,2025-08-26,2027-08-26,2025-09-07,9,0,good,456
INV_0005880,WH_002,WH_002_COOL_109,SKU_00089,BATCH_0005880,2025-07-25,2026-10-23,2025-07-28,66,0,good,149
INV_0005881,WH_003,WH_003_COOL_167,SKU_00175,BATCH_0005881,2025-09-11,2026-08-28,2025-09-14,3,0,good,93
INV_0005882,WH_001,WH_001_COOL_039,SKU_00266,BATCH_0005882,2025-07-15,2027-03-13,2025-07-21,26,0,good,290
INV_0005883,WH_003,WH_003_COOL_150,SKU_00117,BATCH_0005883,2025-05-17,2026-11-30,2025-05-18,183,27,good,187
INV_0005884,WH_003,WH_003_AMBIENT_156,SKU_00168,BATCH_0005884,2026-03-03,2027-03-03,2026-03-05,4,1,good,280
INV_0005885,WH_001,WH_001_AMBIENT_118,SKU_00100,BATCH_0005885,2024-08-12,2027-03-28,2024-08-25,37,0,good,305
INV_0005886,WH_002,WH_002_FROZEN_021,SKU_00216,BATCH_0005886,2025-05-29,2027-04-03,2025-06-01,26,0,good,311
INV_0005887,WH_002,WH_002_AMBIENT_058,SKU_00168,BATCH_0005887,2025-08-04,2026-08-04,2025-08-15,66,16,good,69
INV_0005888,WH_002,WH_002_AMBIENT_076,SKU_00173,BATCH_0005888,2025-08-29,2027-08-11,2025-09-02,14,0,good,441
INV_0005889,WH_001,WH_001_AMBIENT_003,SKU_00009,BATCH_0005889,2024-10-04,2026-10-18,2024-10-12,14,0,good,144
INV_0005890,WH_002,WH_002_COOL_096,SKU_00224,BATCH_0005890,2025-07-31,2026-09-20,2025-08-02,9,0,good,116
INV_0005891,WH_002,WH_002_COOL_130,SKU_00295,BATCH_0005891,2026-04-18,2028-04-17,2026-04-22,6,0,good,691
INV_0005892,WH_001,WH_001_AMBIENT_135,SKU_00150,BATCH_0005892,2026-04-07,2027-06-23,2026-04-09,9,1,good,392
INV_0005893,WH_002,WH_002_COLD_054,SKU_00249,BATCH_0005893,2025-09-21,2026-08-21,2025-09-29,13,0,good,86
INV_0005894,WH_002,WH_002_AMBIENT_102,SKU_00225,BATCH_0005894,2026-05-07,2027-05-09,2026-05-20,26,1,good,347
INV_0005895,WH_002,WH_002_COOL_097,SKU_00238,BATCH_0005895,2025-04-04,2026-11-28,2025-04-05,4,0,good,185
INV_0005896,WH_001,WH_001_COOL_104,SKU_00238,BATCH_0005896,2025-09-07,2027-05-03,2025-09-19,33,0,good,341
INV_0005897,WH_001,WH_001_COOL_086,SKU_00167,BATCH_0005897,2026-01-01,2026-07-09,2026-01-03,3,0,good,43
INV_0005898,WH_002,WH_002_AMBIENT_137,SKU_00055,BATCH_0005898,2026-05-08,2027-09-11,2026-05-16,6,1,good,472
INV_0005899,WH_003,WH_003_AMBIENT_190,SKU_00170,BATCH_0005899,2026-03-02,2027-03-02,2026-03-05,6,2,good,279
INV_0005900,WH_003,WH_003_AMBIENT_047,SKU_00159,BATCH_0005900,2026-02-16,2027-02-16,2026-02-22,61,0,good,265
INV_0005901,WH_003,WH_003_AMBIENT_090,SKU_00071,BATCH_0005901,2025-05-14,2028-02-22,2025-05-21,26,0,good,636
INV_0005902,WH_002,WH_002_COOL_183,SKU_00139,BATCH_0005902,2025-06-29,2027-06-29,2025-07-04,5,0,good,398
INV_0005903,WH_001,WH_001_COOL_093,SKU_00070,BATCH_0005903,2024-09-14,2026-09-14,2024-09-27,44,0,good,110
INV_0005904,WH_003,WH_003_AMBIENT_144,SKU_00132,BATCH_0005904,2025-11-23,2026-11-23,2025-11-30,12,0,good,180
INV_0005905,WH_003,WH_003_AMBIENT_141,SKU_00236,BATCH_0005905,2026-03-07,2027-06-24,2026-03-11,22,0,good,393
INV_0005906,WH_001,WH_001_COLD_116,SKU_00256,BATCH_0005906,2025-07-24,2026-07-24,2025-07-31,51,6,good,58
INV_0005907,WH_003,WH_003_COLD_169,SKU_00136,BATCH_0005907,2025-12-07,2026-09-05,2025-12-12,10,0,good,101
INV_0005908,WH_002,WH_002_AMBIENT_124,SKU_00012,BATCH_0005908,2026-02-20,2027-02-20,2026-03-05,5,0,good,269
INV_0005909,WH_001,WH_001_AMBIENT_046,SKU_00180,BATCH_0005909,2026-04-26,2027-04-26,2026-05-04,16,0,good,334
INV_0005910,WH_003,WH_003_AMBIENT_092,SKU_00288,BATCH_0005910,2026-04-26,2028-05-15,2026-04-28,18,1,good,719
INV_0005911,WH_003,WH_003_COLD_161,SKU_00068,BATCH_0005911,2025-07-12,2026-07-12,2025-07-17,24,0,good,46
INV_0005912,WH_003,WH_003_AMBIENT_011,SKU_00247,BATCH_0005912,2026-04-21,2028-06-11,2026-04-30,41,0,good,746
INV_0005913,WH_003,WH_003_AMBIENT_088,SKU_00158,BATCH_0005913,2024-12-22,2026-09-19,2024-12-31,25,0,good,115
INV_0005914,WH_001,WH_001_COOL_066,SKU_00074,BATCH_0005914,2026-02-11,2028-02-11,2026-02-22,18,4,good,625
INV_0005915,WH_001,WH_001_AMBIENT_077,SKU_00084,BATCH_0005915,2025-10-19,2026-10-19,2025-10-24,42,2,good,145
INV_0005916,WH_003,WH_003_COOL_053,SKU_00212,BATCH_0005916,2025-07-28,2027-03-31,2025-08-04,4,0,good,308
INV_0005917,WH_003,WH_003_AMBIENT_174,SKU_00025,BATCH_0005917,2026-01-09,2027-01-09,2026-01-20,5,0,good,227
INV_0005918,WH_002,WH_002_AMBIENT_023,SKU_00259,BATCH_0005918,2025-04-10,2027-03-29,2025-04-17,16,0,good,306
INV_0005919,WH_003,WH_003_AMBIENT_078,SKU_00242,BATCH_0005919,2026-02-10,2027-02-10,2026-02-19,37,7,good,259
INV_0005920,WH_003,WH_003_AMBIENT_127,SKU_00262,BATCH_0005920,2025-01-16,2026-07-29,2025-01-17,22,0,good,63
INV_0005921,WH_002,WH_002_COOL_169,SKU_00184,BATCH_0005921,2025-11-24,2027-08-05,2025-11-25,69,0,good,435
INV_0005922,WH_001,WH_001_AMBIENT_044,SKU_00163,BATCH_0005922,2025-07-23,2027-02-05,2025-08-02,26,0,good,254
INV_0005923,WH_003,WH_003_AMBIENT_116,SKU_00180,BATCH_0005923,2025-08-26,2026-08-26,2025-08-28,114,0,good,91
INV_0005924,WH_002,WH_002_COOL_066,SKU_00042,BATCH_0005924,2026-01-08,2027-06-01,2026-01-19,62,11,good,370
INV_0005925,WH_001,WH_001_AMBIENT_162,SKU_00255,BATCH_0005925,2025-10-19,2026-11-05,2025-10-28,12,0,good,162
INV_0005926,WH_001,WH_001_AMBIENT_049,SKU_00213,BATCH_0005926,2024-07-04,2026-11-16,2024-07-08,8,0,good,173
INV_0005927,WH_001,WH_001_AMBIENT_033,SKU_00203,BATCH_0005927,2025-10-06,2027-06-21,2025-10-08,54,0,good,390
INV_0005928,WH_003,WH_003_COOL_047,SKU_00169,BATCH_0005928,2025-12-28,2027-01-04,2026-01-04,5,0,good,222
INV_0005929,WH_003,WH_003_COLD_039,SKU_00106,BATCH_0005929,2026-02-09,2026-11-17,2026-02-22,13,3,good,174
INV_0005930,WH_001,WH_001_COOL_035,SKU_00044,BATCH_0005930,2024-09-25,2026-08-08,2024-10-06,20,3,good,73
INV_0005931,WH_003,WH_003_COOL_047,SKU_00138,BATCH_0005931,2025-12-09,2027-10-19,2025-12-18,8,1,good,510
INV_0005932,WH_001,WH_001_FROZEN_069,SKU_00201,BATCH_0005932,2025-06-06,2027-06-05,2025-06-15,10,0,good,374
INV_0005933,WH_002,WH_002_COOL_069,SKU_00016,BATCH_0005933,2026-04-30,2027-10-07,2026-05-05,30,0,good,498
INV_0005934,WH_003,WH_003_AMBIENT_050,SKU_00291,BATCH_0005934,2025-10-05,2027-04-10,2025-10-13,23,0,good,318
INV_0005935,WH_002,WH_002_COOL_075,SKU_00175,BATCH_0005935,2025-12-31,2026-12-17,2026-01-09,5,0,good,204
INV_0005936,WH_003,WH_003_AMBIENT_080,SKU_00156,BATCH_0005936,2026-03-20,2028-08-22,2026-03-27,38,0,good,818
INV_0005937,WH_003,WH_003_COOL_061,SKU_00131,BATCH_0005937,2025-06-13,2027-04-12,2025-06-22,8,0,good,320
INV_0005938,WH_003,WH_003_COOL_144,SKU_00207,BATCH_0005938,2026-01-16,2027-01-22,2026-01-21,185,4,good,240
INV_0005939,WH_003,WH_003_AMBIENT_093,SKU_00147,BATCH_0005939,2025-12-17,2028-09-14,2025-12-21,34,0,good,841
INV_0005940,WH_002,WH_002_AMBIENT_049,SKU_00036,BATCH_0005940,2025-06-29,2026-09-30,2025-06-30,15,0,good,126
INV_0005941,WH_001,WH_001_FROZEN_021,SKU_00192,BATCH_0005941,2026-02-01,2026-10-01,2026-02-07,50,0,good,127
INV_0005942,WH_001,WH_001_COOL_043,SKU_00295,BATCH_0005942,2025-08-29,2027-08-29,2025-08-31,48,0,good,459
INV_0005943,WH_003,WH_003_COLD_104,SKU_00252,BATCH_0005943,2025-10-05,2026-10-05,2025-10-14,28,6,good,131
INV_0005944,WH_002,WH_002_COLD_130,SKU_00146,BATCH_0005944,2026-04-08,2027-04-08,2026-04-12,13,0,good,316
INV_0005945,WH_001,WH_001_COOL_089,SKU_00089,BATCH_0005945,2025-05-24,2026-08-22,2025-06-01,48,0,good,87
INV_0005946,WH_002,WH_002_AMBIENT_002,SKU_00246,BATCH_0005946,2025-04-05,2026-07-27,2025-04-16,7,0,good,61
INV_0005947,WH_001,WH_001_AMBIENT_006,SKU_00194,BATCH_0005947,2025-12-13,2026-12-13,2025-12-20,8,0,good,200
INV_0005948,WH_001,WH_001_COLD_131,SKU_00183,BATCH_0005948,2026-01-27,2027-01-27,2026-02-02,13,0,good,245
INV_0005949,WH_002,WH_002_COLD_109,SKU_00264,BATCH_0005949,2026-05-25,2026-10-12,2026-05-27,6,0,good,138
INV_0005950,WH_002,WH_002_AMBIENT_184,SKU_00234,BATCH_0005950,2025-09-18,2026-09-18,2025-09-27,12,0,good,114
INV_0005951,WH_003,WH_003_AMBIENT_155,SKU_00255,BATCH_0005951,2025-11-11,2026-11-28,2025-11-13,21,1,good,185
INV_0005952,WH_003,WH_003_COLD_151,SKU_00137,BATCH_0005952,2025-08-27,2026-08-27,2025-09-03,5,0,good,92
INV_0005953,WH_002,WH_002_COLD_125,SKU_00037,BATCH_0005953,2025-09-08,2026-09-08,2025-09-15,34,0,good,104
INV_0005954,WH_003,WH_003_AMBIENT_155,SKU_00265,BATCH_0005954,2025-02-17,2027-05-16,2025-03-02,114,0,good,354
INV_0005955,WH_002,WH_002_COLD_162,SKU_00164,BATCH_0005955,2026-02-27,2027-02-27,2026-03-03,9,0,good,276
INV_0005956,WH_001,WH_001_COOL_020,SKU_00038,BATCH_0005956,2025-11-26,2027-08-24,2025-12-01,27,6,good,454
INV_0005957,WH_002,WH_002_COOL_189,SKU_00298,BATCH_0005957,2025-11-05,2026-11-01,2025-11-15,40,16,good,158
INV_0005958,WH_003,WH_003_FROZEN_054,SKU_00216,BATCH_0005958,2026-03-13,2028-01-16,2026-03-14,36,4,good,599
INV_0005959,WH_003,WH_003_AMBIENT_050,SKU_00097,BATCH_0005959,2025-06-25,2027-09-25,2025-07-07,7,1,good,486
INV_0005960,WH_003,WH_003_AMBIENT_123,SKU_00246,BATCH_0005960,2025-04-26,2026-08-17,2025-05-06,85,0,good,82
INV_0005961,WH_002,WH_002_AMBIENT_061,SKU_00176,BATCH_0005961,2025-10-10,2026-10-10,2025-10-18,32,0,good,136
INV_0005962,WH_002,WH_002_COOL_083,SKU_00243,BATCH_0005962,2026-05-20,2028-05-19,2026-05-29,198,0,good,723
INV_0005963,WH_002,WH_002_AMBIENT_168,SKU_00056,BATCH_0005963,2025-11-16,2027-02-04,2025-11-24,6,1,good,253
INV_0005964,WH_001,WH_001_COLD_126,SKU_00209,BATCH_0005964,2026-03-11,2026-10-20,2026-03-15,14,0,good,146
INV_0005965,WH_002,WH_002_COLD_082,SKU_00256,BATCH_0005965,2025-10-16,2026-10-16,2025-10-18,5,0,good,142
INV_0005966,WH_001,WH_001_AMBIENT_188,SKU_00147,BATCH_0005966,2024-01-09,2026-10-07,2024-01-18,4,0,good,133
INV_0005967,WH_003,WH_003_AMBIENT_057,SKU_00176,BATCH_0005967,2025-09-23,2026-09-23,2025-09-30,19,1,good,119
INV_0005968,WH_002,WH_002_COLD_035,SKU_00110,BATCH_0005968,2026-01-06,2026-08-16,2026-01-12,3,0,good,81
INV_0005969,WH_002,WH_002_AMBIENT_099,SKU_00286,BATCH_0005969,2025-08-18,2027-07-05,2025-08-22,5,0,good,404
INV_0005970,WH_003,WH_003_COOL_170,SKU_00140,BATCH_0005970,2025-09-27,2026-07-05,2025-09-30,9,0,good,39
INV_0005971,WH_001,WH_001_AMBIENT_148,SKU_00203,BATCH_0005971,2025-09-13,2027-05-29,2025-09-15,41,5,good,367
INV_0005972,WH_003,WH_003_COOL_108,SKU_00161,BATCH_0005972,2025-07-29,2027-03-13,2025-07-30,35,0,good,290
INV_0005973,WH_001,WH_001_COOL_171,SKU_00121,BATCH_0005973,2026-05-14,2027-07-17,2026-05-24,5,0,good,416
INV_0005974,WH_003,WH_003_COOL_047,SKU_00162,BATCH_0005974,2025-01-23,2027-01-23,2025-01-31,8,0,good,241
INV_0005975,WH_003,WH_003_AMBIENT_096,SKU_00168,BATCH_0005975,2025-11-28,2026-11-28,2025-12-09,7,0,good,185
INV_0005976,WH_001,WH_001_COOL_141,SKU_00011,BATCH_0005976,2025-06-19,2027-06-19,2025-06-29,25,0,good,388
INV_0005977,WH_001,WH_001_COLD_170,SKU_00154,BATCH_0005977,2026-04-03,2026-08-28,2026-04-08,10,0,good,93
INV_0005978,WH_002,WH_002_AMBIENT_086,SKU_00155,BATCH_0005978,2026-01-09,2027-04-08,2026-01-15,8,0,good,316
INV_0005979,WH_002,WH_002_AMBIENT_048,SKU_00049,BATCH_0005979,2025-10-26,2026-12-12,2025-11-03,48,0,good,199
INV_0005980,WH_002,WH_002_AMBIENT_101,SKU_00205,BATCH_0005980,2026-05-15,2027-06-10,2026-05-16,78,1,good,379
INV_0005981,WH_003,WH_003_COOL_014,SKU_00142,BATCH_0005981,2025-09-03,2026-12-21,2025-09-06,6,0,good,208
INV_0005982,WH_002,WH_002_COOL_037,SKU_00266,BATCH_0005982,2026-02-15,2027-10-14,2026-02-26,20,0,good,505
INV_0005983,WH_001,WH_001_AMBIENT_199,SKU_00148,BATCH_0005983,2026-01-11,2028-07-07,2026-01-18,13,0,good,772
INV_0005984,WH_003,WH_003_FROZEN_183,SKU_00201,BATCH_0005984,2026-03-22,2028-03-20,2026-04-03,13,0,good,663
INV_0005985,WH_001,WH_001_AMBIENT_153,SKU_00150,BATCH_0005985,2026-01-14,2027-04-01,2026-01-18,134,32,good,309
INV_0005986,WH_001,WH_001_AMBIENT_095,SKU_00046,BATCH_0005986,2025-08-15,2026-08-15,2025-08-19,168,44,good,80
INV_0005987,WH_002,WH_002_COLD_048,SKU_00256,BATCH_0005987,2025-07-29,2026-07-29,2025-08-11,11,1,good,63
INV_0005988,WH_003,WH_003_COOL_058,SKU_00086,BATCH_0005988,2026-01-12,2028-01-12,2026-01-22,55,0,good,595
INV_0005989,WH_001,WH_001_COOL_116,SKU_00208,BATCH_0005989,2025-03-02,2027-03-02,2025-03-06,30,0,good,279
INV_0005990,WH_003,WH_003_FROZEN_162,SKU_00201,BATCH_0005990,2025-03-26,2027-03-25,2025-03-29,5,1,good,302
INV_0005991,WH_002,WH_002_COLD_044,SKU_00082,BATCH_0005991,2025-10-10,2026-10-10,2025-10-11,36,0,good,136
INV_0005992,WH_001,WH_001_AMBIENT_144,SKU_00223,BATCH_0005992,2024-02-10,2026-12-29,2024-02-22,71,0,good,216
INV_0005993,WH_001,WH_001_COOL_185,SKU_00130,BATCH_0005993,2025-07-03,2027-07-03,2025-07-13,83,0,good,402
INV_0005994,WH_003,WH_003_COOL_157,SKU_00033,BATCH_0005994,2025-07-12,2026-09-16,2025-07-13,28,0,good,112
INV_0005995,WH_002,WH_002_COOL_054,SKU_00280,BATCH_0005995,2026-01-21,2028-01-21,2026-01-26,41,0,good,604
INV_0005996,WH_002,WH_002_COLD_172,SKU_00127,BATCH_0005996,2026-02-26,2026-09-24,2026-03-05,34,0,good,120
INV_0005997,WH_003,WH_003_COLD_059,SKU_00014,BATCH_0005997,2026-01-05,2027-01-01,2026-01-07,19,0,good,219
INV_0005998,WH_003,WH_003_AMBIENT_097,SKU_00299,BATCH_0005998,2025-10-13,2027-06-05,2025-10-21,215,0,good,374
INV_0005999,WH_003,WH_003_COOL_012,SKU_00245,BATCH_0005999,2026-01-12,2027-06-09,2026-01-20,50,5,good,378
INV_0006000,WH_002,WH_002_AMBIENT_153,SKU_00173,BATCH_0006000,2024-11-26,2026-11-08,2024-12-07,2,0,good,165
INV_0006001,WH_001,WH_001_COOL_116,SKU_00043,BATCH_0006001,2025-10-19,2027-10-19,2025-10-30,4,0,good,510
INV_0006002,WH_003,WH_003_FROZEN_108,SKU_00296,BATCH_0006002,2025-02-13,2027-02-13,2025-02-23,82,0,good,262
INV_0006003,WH_002,WH_002_COLD_009,SKU_00256,BATCH_0006003,2026-04-27,2027-04-27,2026-05-03,15,0,good,335
INV_0006004,WH_001,WH_001_AMBIENT_189,SKU_00055,BATCH_0006004,2026-03-07,2027-07-11,2026-03-13,8,0,good,410
INV_0006005,WH_003,WH_003_COOL_130,SKU_00222,BATCH_0006005,2025-10-28,2026-07-24,2025-11-06,20,0,good,58
INV_0006006,WH_001,WH_001_COOL_120,SKU_00064,BATCH_0006006,2026-01-15,2028-01-15,2026-01-18,5,0,good,598
INV_0006007,WH_001,WH_001_AMBIENT_018,SKU_00013,BATCH_0006007,2024-10-23,2027-08-18,2024-11-03,11,0,good,448
INV_0006008,WH_001,WH_001_COOL_070,SKU_00220,BATCH_0006008,2025-10-21,2026-06-21,2025-10-23,27,0,good,25
INV_0006009,WH_002,WH_002_COOL_032,SKU_00041,BATCH_0006009,2025-09-22,2027-03-22,2025-09-25,14,0,good,299
INV_0006010,WH_002,WH_002_AMBIENT_022,SKU_00268,BATCH_0006010,2026-04-28,2027-04-28,2026-04-30,47,0,good,336
INV_0006011,WH_001,WH_001_AMBIENT_014,SKU_00055,BATCH_0006011,2026-01-25,2027-05-31,2026-01-30,5,0,good,369
INV_0006012,WH_001,WH_001_AMBIENT_025,SKU_00028,BATCH_0006012,2025-06-23,2026-11-08,2025-06-24,8,0,good,165
INV_0006013,WH_003,WH_003_AMBIENT_008,SKU_00177,BATCH_0006013,2025-02-04,2027-01-19,2025-02-17,754,0,good,237
INV_0006014,WH_001,WH_001_COLD_158,SKU_00196,BATCH_0006014,2026-01-08,2026-07-29,2026-01-21,34,0,good,63
INV_0006015,WH_001,WH_001_AMBIENT_185,SKU_00141,BATCH_0006015,2025-11-23,2026-11-23,2025-12-04,52,0,good,180
INV_0006016,WH_001,WH_001_COOL_116,SKU_00121,BATCH_0006016,2025-07-02,2026-09-04,2025-07-05,8,0,good,100
INV_0006017,WH_001,WH_001_COLD_136,SKU_00110,BATCH_0006017,2025-11-22,2026-07-02,2025-11-25,2,0,good,36
INV_0006018,WH_001,WH_001_AMBIENT_098,SKU_00279,BATCH_0006018,2025-06-02,2028-03-31,2025-06-11,171,0,good,674
INV_0006019,WH_003,WH_003_COOL_128,SKU_00138,BATCH_0006019,2025-11-07,2027-09-17,2025-11-14,8,0,good,478
INV_0006020,WH_001,WH_001_AMBIENT_027,SKU_00250,BATCH_0006020,2026-03-22,2028-10-08,2026-03-23,3,0,good,865
INV_0006021,WH_001,WH_001_AMBIENT_090,SKU_00108,BATCH_0006021,2024-07-15,2027-05-17,2024-07-25,28,0,good,355
INV_0006022,WH_003,WH_003_COOL_151,SKU_00112,BATCH_0006022,2026-02-10,2028-02-10,2026-02-15,87,24,good,624
INV_0006023,WH_002,WH_002_AMBIENT_187,SKU_00213,BATCH_0006023,2025-02-11,2027-06-26,2025-02-21,4,0,good,395
INV_0006024,WH_002,WH_002_AMBIENT_182,SKU_00234,BATCH_0006024,2025-11-20,2026-11-20,2025-11-23,19,0,good,177
INV_0006025,WH_003,WH_003_COLD_120,SKU_00231,BATCH_0006025,2025-08-25,2026-08-25,2025-08-27,27,0,good,90
INV_0006026,WH_002,WH_002_AMBIENT_059,SKU_00135,BATCH_0006026,2026-01-25,2027-01-25,2026-02-05,97,0,good,243
INV_0006027,WH_002,WH_002_AMBIENT_110,SKU_00223,BATCH_0006027,2024-09-23,2027-08-12,2024-10-05,7,0,good,442
INV_0006028,WH_001,WH_001_AMBIENT_195,SKU_00120,BATCH_0006028,2025-08-07,2026-11-15,2025-08-09,68,0,good,172
INV_0006029,WH_002,WH_002_AMBIENT_137,SKU_00285,BATCH_0006029,2025-07-28,2026-07-28,2025-08-09,1,0,good,62
INV_0006030,WH_002,WH_002_COOL_143,SKU_00021,BATCH_0006030,2026-04-02,2027-01-19,2026-04-13,189,0,good,237
INV_0006031,WH_002,WH_002_AMBIENT_079,SKU_00279,BATCH_0006031,2024-05-31,2027-03-30,2024-06-03,23,0,good,307
INV_0006032,WH_002,WH_002_COOL_182,SKU_00060,BATCH_0006032,2025-05-25,2027-05-25,2025-06-06,10,0,good,363
INV_0006033,WH_003,WH_003_AMBIENT_043,SKU_00150,BATCH_0006033,2025-10-25,2027-01-10,2025-11-05,98,30,good,228
INV_0006034,WH_002,WH_002_AMBIENT_127,SKU_00290,BATCH_0006034,2026-03-09,2027-07-27,2026-03-21,20,3,good,426
INV_0006035,WH_002,WH_002_AMBIENT_139,SKU_00083,BATCH_0006035,2026-05-25,2027-05-25,2026-06-03,8,0,good,363
INV_0006036,WH_003,WH_003_COOL_158,SKU_00130,BATCH_0006036,2025-09-28,2027-09-28,2025-10-05,11,0,good,489
INV_0006037,WH_001,WH_001_AMBIENT_055,SKU_00282,BATCH_0006037,2025-11-19,2028-04-02,2025-11-29,2,0,good,676
INV_0006038,WH_001,WH_001_AMBIENT_012,SKU_00165,BATCH_0006038,2025-11-22,2027-01-27,2025-12-03,8,0,good,245
INV_0006039,WH_002,WH_002_AMBIENT_076,SKU_00235,BATCH_0006039,2025-09-18,2026-09-18,2025-09-23,23,0,good,114
INV_0006040,WH_001,WH_001_COOL_028,SKU_00181,BATCH_0006040,2025-07-29,2026-08-04,2025-08-03,164,0,good,69
INV_0006041,WH_003,WH_003_COOL_051,SKU_00266,BATCH_0006041,2025-07-19,2027-03-17,2025-07-31,17,0,good,294
INV_0006042,WH_001,WH_001_COOL_083,SKU_00289,BATCH_0006042,2026-03-22,2027-04-21,2026-04-01,26,0,good,329
INV_0006043,WH_002,WH_002_AMBIENT_057,SKU_00025,BATCH_0006043,2026-05-10,2027-05-10,2026-05-17,7,0,good,348
INV_0006044,WH_001,WH_001_AMBIENT_166,SKU_00190,BATCH_0006044,2026-05-21,2028-01-28,2026-05-24,20,0,good,611
INV_0006045,WH_003,WH_003_AMBIENT_057,SKU_00105,BATCH_0006045,2026-03-21,2027-03-21,2026-03-26,1,0,good,298
INV_0006046,WH_001,WH_001_COLD_016,SKU_00300,BATCH_0006046,2026-03-18,2027-03-18,2026-03-31,14,0,good,295
INV_0006047,WH_001,WH_001_COLD_002,SKU_00137,BATCH_0006047,2025-12-22,2026-12-22,2026-01-04,8,0,good,209
INV_0006048,WH_001,WH_001_AMBIENT_097,SKU_00223,BATCH_0006048,2024-10-14,2027-09-02,2024-10-19,9,2,good,463
INV_0006049,WH_003,WH_003_AMBIENT_161,SKU_00126,BATCH_0006049,2024-07-23,2026-11-24,2024-07-24,10,2,good,181
INV_0006050,WH_003,WH_003_COOL_098,SKU_00072,BATCH_0006050,2024-11-30,2026-11-30,2024-12-08,126,0,good,187
INV_0006051,WH_001,WH_001_COOL_125,SKU_00002,BATCH_0006051,2025-06-23,2027-06-23,2025-07-05,8,2,good,392
INV_0006052,WH_003,WH_003_COOL_176,SKU_00294,BATCH_0006052,2025-12-28,2027-12-28,2026-01-09,27,6,good,580
INV_0006053,WH_002,WH_002_COLD_042,SKU_00251,BATCH_0006053,2025-11-07,2026-11-07,2025-11-13,52,0,good,164
INV_0006054,WH_001,WH_001_FROZEN_128,SKU_00296,BATCH_0006054,2025-11-06,2027-11-06,2025-11-16,9,0,good,528
INV_0006055,WH_002,WH_002_COLD_048,SKU_00127,BATCH_0006055,2025-12-10,2026-07-08,2025-12-16,4,0,good,42
INV_0006056,WH_003,WH_003_AMBIENT_067,SKU_00036,BATCH_0006056,2025-07-27,2026-10-28,2025-08-07,18,0,good,154
INV_0006057,WH_001,WH_001_COOL_046,SKU_00293,BATCH_0006057,2025-07-04,2027-07-04,2025-07-13,11,0,good,403
INV_0006058,WH_001,WH_001_COOL_154,SKU_00219,BATCH_0006058,2025-07-12,2027-04-15,2025-07-24,27,8,good,323
INV_0006059,WH_003,WH_003_COOL_063,SKU_00167,BATCH_0006059,2026-05-17,2026-11-22,2026-05-30,8,0,good,179
INV_0006060,WH_003,WH_003_AMBIENT_091,SKU_00283,BATCH_0006060,2025-11-09,2026-11-09,2025-11-20,196,47,good,166
INV_0006061,WH_003,WH_003_AMBIENT_100,SKU_00277,BATCH_0006061,2026-02-17,2028-01-31,2026-02-23,9,2,good,614
INV_0006062,WH_003,WH_003_AMBIENT_171,SKU_00148,BATCH_0006062,2024-12-02,2027-05-29,2024-12-08,3,0,good,367
INV_0006063,WH_003,WH_003_AMBIENT_178,SKU_00290,BATCH_0006063,2026-03-26,2027-08-13,2026-03-31,26,9,good,443
INV_0006064,WH_003,WH_003_AMBIENT_170,SKU_00094,BATCH_0006064,2025-05-25,2027-08-17,2025-05-28,68,0,good,447
INV_0006065,WH_002,WH_002_COLD_076,SKU_00300,BATCH_0006065,2025-09-08,2026-09-08,2025-09-11,33,3,good,104
INV_0006066,WH_002,WH_002_COOL_002,SKU_00210,BATCH_0006066,2025-09-26,2027-09-26,2025-09-28,15,2,good,487
INV_0006067,WH_001,WH_001_AMBIENT_079,SKU_00274,BATCH_0006067,2025-07-22,2026-07-22,2025-07-31,21,0,good,56
INV_0006068,WH_001,WH_001_AMBIENT_129,SKU_00190,BATCH_0006068,2026-03-31,2027-12-08,2026-04-02,22,0,good,560
INV_0006069,WH_003,WH_003_COOL_068,SKU_00206,BATCH_0006069,2026-04-04,2027-09-25,2026-04-16,12,0,good,486
INV_0006070,WH_003,WH_003_AMBIENT_139,SKU_00102,BATCH_0006070,2025-11-24,2028-05-10,2025-11-29,18,0,good,714
INV_0006071,WH_002,WH_002_COOL_067,SKU_00244,BATCH_0006071,2025-07-15,2027-02-15,2025-07-25,333,0,good,264
INV_0006072,WH_002,WH_002_FROZEN_125,SKU_00287,BATCH_0006072,2024-11-20,2026-11-20,2024-12-01,5,0,good,177
INV_0006073,WH_001,WH_001_COOL_030,SKU_00003,BATCH_0006073,2025-05-22,2027-05-22,2025-05-27,38,0,good,360
INV_0006074,WH_001,WH_001_AMBIENT_176,SKU_00103,BATCH_0006074,2026-02-06,2027-02-06,2026-02-07,12,0,good,255
INV_0006075,WH_002,WH_002_AMBIENT_150,SKU_00102,BATCH_0006075,2024-08-06,2027-01-21,2024-08-11,45,0,good,239
INV_0006076,WH_002,WH_002_COLD_200,SKU_00260,BATCH_0006076,2026-03-27,2027-03-27,2026-04-01,77,3,good,304
INV_0006077,WH_002,WH_002_AMBIENT_013,SKU_00005,BATCH_0006077,2024-11-26,2027-01-07,2024-12-07,7,0,good,225
INV_0006078,WH_002,WH_002_COLD_030,SKU_00271,BATCH_0006078,2026-02-16,2026-08-13,2026-02-23,10,0,good,78
INV_0006079,WH_003,WH_003_COOL_061,SKU_00227,BATCH_0006079,2024-08-09,2026-08-09,2024-08-20,5,2,good,74
INV_0006080,WH_002,WH_002_AMBIENT_157,SKU_00278,BATCH_0006080,2024-09-28,2026-10-30,2024-09-30,8,0,good,156
INV_0006081,WH_002,WH_002_COOL_183,SKU_00140,BATCH_0006081,2025-11-21,2026-08-29,2025-12-01,72,11,good,94
INV_0006082,WH_002,WH_002_AMBIENT_156,SKU_00116,BATCH_0006082,2026-02-14,2028-09-21,2026-02-19,14,0,good,848
INV_0006083,WH_001,WH_001_AMBIENT_167,SKU_00288,BATCH_0006083,2025-03-25,2027-04-14,2025-03-28,70,0,good,322
INV_0006084,WH_001,WH_001_COOL_115,SKU_00208,BATCH_0006084,2025-08-24,2027-08-24,2025-09-06,11,2,good,454
INV_0006085,WH_001,WH_001_AMBIENT_024,SKU_00248,BATCH_0006085,2025-06-07,2027-09-09,2025-06-08,81,32,good,470
INV_0006086,WH_003,WH_003_COOL_184,SKU_00031,BATCH_0006086,2025-05-14,2026-11-27,2025-05-19,99,0,good,184
INV_0006087,WH_003,WH_003_AMBIENT_164,SKU_00095,BATCH_0006087,2025-01-12,2027-05-02,2025-01-24,10,0,good,340
INV_0006088,WH_002,WH_002_COOL_132,SKU_00161,BATCH_0006088,2025-12-19,2027-08-03,2025-12-21,15,0,good,433
INV_0006089,WH_002,WH_002_COLD_005,SKU_00134,BATCH_0006089,2025-12-16,2026-12-16,2025-12-17,123,0,good,203
INV_0006090,WH_002,WH_002_AMBIENT_085,SKU_00246,BATCH_0006090,2026-02-10,2027-06-03,2026-02-22,4,0,good,372
INV_0006091,WH_003,WH_003_AMBIENT_100,SKU_00246,BATCH_0006091,2025-04-10,2026-08-01,2025-04-21,5,1,good,66
INV_0006092,WH_002,WH_002_AMBIENT_040,SKU_00188,BATCH_0006092,2026-04-14,2027-04-14,2026-04-17,14,1,good,322
INV_0006093,WH_001,WH_001_AMBIENT_040,SKU_00026,BATCH_0006093,2025-01-04,2026-08-02,2025-01-16,26,0,good,67
INV_0006094,WH_002,WH_002_FROZEN_156,SKU_00189,BATCH_0006094,2025-08-26,2027-08-26,2025-09-05,4,0,good,456
INV_0006095,WH_003,WH_003_COOL_194,SKU_00167,BATCH_0006095,2026-03-05,2026-09-10,2026-03-16,6,0,good,106
INV_0006096,WH_001,WH_001_COLD_054,SKU_00068,BATCH_0006096,2026-02-02,2027-02-02,2026-02-04,73,7,good,251
INV_0006097,WH_003,WH_003_COOL_067,SKU_00072,BATCH_0006097,2026-05-18,2028-05-17,2026-05-26,11,1,good,721
INV_0006098,WH_001,WH_001_AMBIENT_139,SKU_00135,BATCH_0006098,2025-12-30,2026-12-30,2026-01-02,11,0,good,217
INV_0006099,WH_001,WH_001_AMBIENT_190,SKU_00176,BATCH_0006099,2025-09-08,2026-09-08,2025-09-21,413,0,good,104
INV_0006100,WH_001,WH_001_AMBIENT_060,SKU_00104,BATCH_0006100,2024-07-27,2026-09-15,2024-08-06,56,8,good,111
INV_0006101,WH_002,WH_002_AMBIENT_133,SKU_00242,BATCH_0006101,2025-11-02,2026-11-02,2025-11-12,21,5,good,159
INV_0006102,WH_001,WH_001_AMBIENT_027,SKU_00084,BATCH_0006102,2025-12-27,2026-12-27,2026-01-08,247,0,good,214
INV_0006103,WH_001,WH_001_AMBIENT_032,SKU_00125,BATCH_0006103,2026-04-12,2027-04-12,2026-04-16,57,0,good,320
INV_0006104,WH_001,WH_001_AMBIENT_041,SKU_00159,BATCH_0006104,2026-04-16,2027-04-16,2026-04-29,60,9,good,324
INV_0006105,WH_002,WH_002_COLD_087,SKU_00106,BATCH_0006105,2026-02-20,2026-11-28,2026-02-24,19,0,good,185
INV_0006106,WH_002,WH_002_AMBIENT_008,SKU_00071,BATCH_0006106,2025-08-04,2028-05-14,2025-08-14,27,0,good,718
INV_0006107,WH_002,WH_002_COOL_050,SKU_00086,BATCH_0006107,2025-03-27,2027-03-27,2025-04-03,50,0,good,304
INV_0006108,WH_002,WH_002_AMBIENT_032,SKU_00185,BATCH_0006108,2026-01-29,2027-01-29,2026-01-30,24,6,good,247
INV_0006109,WH_002,WH_002_AMBIENT_115,SKU_00176,BATCH_0006109,2025-10-16,2026-10-16,2025-10-28,13,0,good,142
INV_0006110,WH_003,WH_003_AMBIENT_200,SKU_00083,BATCH_0006110,2025-07-18,2026-07-18,2025-07-28,5,0,good,52
INV_0006111,WH_003,WH_003_AMBIENT_083,SKU_00052,BATCH_0006111,2024-08-12,2027-04-30,2024-08-22,2,0,good,338
INV_0006112,WH_002,WH_002_COOL_168,SKU_00280,BATCH_0006112,2024-08-09,2026-08-09,2024-08-21,26,8,good,74
INV_0006113,WH_002,WH_002_COOL_157,SKU_00295,BATCH_0006113,2024-08-19,2026-08-19,2024-08-21,12,0,good,84
INV_0006114,WH_001,WH_001_COLD_134,SKU_00090,BATCH_0006114,2026-03-09,2026-08-04,2026-03-20,18,0,good,69
INV_0006115,WH_003,WH_003_AMBIENT_178,SKU_00067,BATCH_0006115,2026-02-07,2028-02-13,2026-02-11,27,0,good,627
INV_0006116,WH_003,WH_003_AMBIENT_084,SKU_00232,BATCH_0006116,2025-01-28,2026-10-17,2025-02-04,55,0,good,143
INV_0006117,WH_003,WH_003_AMBIENT_027,SKU_00012,BATCH_0006117,2025-10-29,2026-10-29,2025-11-01,28,0,good,155
INV_0006118,WH_001,WH_001_COLD_031,SKU_00137,BATCH_0006118,2026-02-09,2027-02-09,2026-02-21,3,0,good,258
INV_0006119,WH_002,WH_002_FROZEN_043,SKU_00201,BATCH_0006119,2025-02-07,2027-02-06,2025-02-13,25,0,good,255
INV_0006120,WH_001,WH_001_COLD_140,SKU_00110,BATCH_0006120,2026-02-24,2026-10-04,2026-02-26,34,0,good,130
INV_0006121,WH_001,WH_001_AMBIENT_095,SKU_00235,BATCH_0006121,2025-12-03,2026-12-03,2025-12-16,195,0,good,190
INV_0006122,WH_002,WH_002_COOL_200,SKU_00220,BATCH_0006122,2026-04-01,2026-11-30,2026-04-09,8,0,good,187
INV_0006123,WH_003,WH_003_AMBIENT_036,SKU_00288,BATCH_0006123,2025-12-06,2027-12-26,2025-12-16,10,0,good,578
INV_0006124,WH_001,WH_001_AMBIENT_160,SKU_00156,BATCH_0006124,2024-09-27,2027-03-02,2024-10-07,35,0,good,279
INV_0006125,WH_002,WH_002_COOL_132,SKU_00119,BATCH_0006125,2025-04-10,2026-08-04,2025-04-15,2,0,good,69
INV_0006126,WH_001,WH_001_AMBIENT_134,SKU_00048,BATCH_0006126,2025-10-07,2026-12-25,2025-10-12,17,0,good,212
INV_0006127,WH_001,WH_001_COOL_120,SKU_00187,BATCH_0006127,2026-01-19,2027-06-22,2026-01-24,8,0,good,391
INV_0006128,WH_001,WH_001_AMBIENT_100,SKU_00279,BATCH_0006128,2024-09-24,2027-07-24,2024-09-30,204,0,good,423
INV_0006129,WH_002,WH_002_COLD_104,SKU_00040,BATCH_0006129,2026-04-22,2026-09-06,2026-04-25,8,1,good,102
INV_0006130,WH_001,WH_001_AMBIENT_127,SKU_00230,BATCH_0006130,2024-08-27,2026-09-04,2024-08-28,9,0,good,100
INV_0006131,WH_002,WH_002_AMBIENT_098,SKU_00025,BATCH_0006131,2025-07-15,2026-07-15,2025-07-18,68,0,good,49
INV_0006132,WH_002,WH_002_AMBIENT_001,SKU_00166,BATCH_0006132,2026-02-08,2027-08-20,2026-02-14,5,0,good,450
INV_0006133,WH_003,WH_003_COOL_198,SKU_00227,BATCH_0006133,2025-09-14,2027-09-14,2025-09-25,11,0,good,475
INV_0006134,WH_001,WH_001_AMBIENT_029,SKU_00278,BATCH_0006134,2024-08-19,2026-09-20,2024-08-25,7,0,good,116
INV_0006135,WH_003,WH_003_AMBIENT_087,SKU_00097,BATCH_0006135,2025-10-29,2028-01-29,2025-10-31,58,0,good,612
INV_0006136,WH_002,WH_002_COOL_111,SKU_00058,BATCH_0006136,2026-04-13,2027-02-06,2026-04-19,45,0,good,255
INV_0006137,WH_002,WH_002_AMBIENT_110,SKU_00257,BATCH_0006137,2025-05-28,2026-11-24,2025-06-09,42,0,good,181
INV_0006138,WH_002,WH_002_AMBIENT_199,SKU_00203,BATCH_0006138,2025-02-09,2026-10-25,2025-02-20,36,0,good,151
INV_0006139,WH_003,WH_003_AMBIENT_134,SKU_00157,BATCH_0006139,2026-05-03,2027-05-03,2026-05-08,21,0,good,341
INV_0006140,WH_002,WH_002_COOL_186,SKU_00275,BATCH_0006140,2025-06-16,2027-06-16,2025-06-24,20,0,good,385
INV_0006141,WH_001,WH_001_AMBIENT_165,SKU_00019,BATCH_0006141,2024-11-01,2027-08-17,2024-11-03,32,0,good,447
INV_0006142,WH_001,WH_001_AMBIENT_098,SKU_00034,BATCH_0006142,2025-08-01,2026-09-26,2025-08-13,551,0,good,122
INV_0006143,WH_002,WH_002_AMBIENT_133,SKU_00104,BATCH_0006143,2025-02-27,2027-04-18,2025-03-10,20,7,good,326
INV_0006144,WH_001,WH_001_AMBIENT_116,SKU_00248,BATCH_0006144,2026-03-12,2028-06-13,2026-03-17,16,0,good,748
INV_0006145,WH_002,WH_002_AMBIENT_071,SKU_00242,BATCH_0006145,2026-02-10,2027-02-10,2026-02-23,13,0,good,259
INV_0006146,WH_002,WH_002_AMBIENT_068,SKU_00267,BATCH_0006146,2024-09-07,2026-09-19,2024-09-18,141,0,good,115
INV_0006147,WH_003,WH_003_COLD_006,SKU_00251,BATCH_0006147,2025-10-18,2026-10-18,2025-10-20,17,0,good,144
INV_0006148,WH_002,WH_002_AMBIENT_111,SKU_00063,BATCH_0006148,2026-01-16,2027-05-25,2026-01-29,694,0,good,363
INV_0006149,WH_001,WH_001_COOL_037,SKU_00064,BATCH_0006149,2025-10-17,2027-10-17,2025-10-21,35,0,good,508
INV_0006150,WH_001,WH_001_COOL_116,SKU_00074,BATCH_0006150,2025-12-01,2027-12-01,2025-12-09,46,0,good,553
INV_0006151,WH_002,WH_002_COOL_092,SKU_00289,BATCH_0006151,2025-07-22,2026-08-21,2025-08-04,5,0,good,86
INV_0006152,WH_002,WH_002_COLD_032,SKU_00149,BATCH_0006152,2026-04-07,2026-08-30,2026-04-15,20,8,good,95
INV_0006153,WH_001,WH_001_AMBIENT_130,SKU_00048,BATCH_0006153,2025-11-09,2027-01-27,2025-11-14,121,23,good,245
INV_0006154,WH_001,WH_001_COLD_148,SKU_00136,BATCH_0006154,2026-04-24,2027-01-21,2026-04-30,20,0,good,239
INV_0006155,WH_001,WH_001_COLD_150,SKU_00068,BATCH_0006155,2026-05-17,2027-05-17,2026-05-18,9,2,good,355
INV_0006156,WH_001,WH_001_AMBIENT_144,SKU_00250,BATCH_0006156,2025-05-27,2027-12-14,2025-06-05,200,0,good,566
INV_0006157,WH_002,WH_002_AMBIENT_066,SKU_00255,BATCH_0006157,2025-11-29,2026-12-16,2025-12-07,3,0,good,203
INV_0006158,WH_002,WH_002_AMBIENT_079,SKU_00223,BATCH_0006158,2023-12-29,2026-11-16,2023-12-30,5,0,good,173
INV_0006159,WH_003,WH_003_AMBIENT_011,SKU_00232,BATCH_0006159,2025-06-23,2027-03-12,2025-06-27,9,0,good,289
INV_0006160,WH_003,WH_003_AMBIENT_183,SKU_00259,BATCH_0006160,2025-07-02,2027-06-20,2025-07-11,26,6,good,389
INV_0006161,WH_002,WH_002_AMBIENT_067,SKU_00116,BATCH_0006161,2026-01-29,2028-09-05,2026-02-02,21,0,good,832
INV_0006162,WH_001,WH_001_COOL_008,SKU_00130,BATCH_0006162,2024-09-11,2026-09-11,2024-09-22,42,0,good,107
INV_0006163,WH_002,WH_002_AMBIENT_190,SKU_00018,BATCH_0006163,2025-08-29,2026-12-29,2025-09-06,9,1,good,216
INV_0006164,WH_003,WH_003_COOL_164,SKU_00060,BATCH_0006164,2025-07-08,2027-07-08,2025-07-18,23,0,good,407
INV_0006165,WH_003,WH_003_COOL_118,SKU_00244,BATCH_0006165,2026-01-20,2027-08-23,2026-01-26,19,0,good,453
INV_0006166,WH_002,WH_002_COLD_118,SKU_00127,BATCH_0006166,2026-03-03,2026-09-29,2026-03-12,5,0,good,125
INV_0006167,WH_003,WH_003_COOL_132,SKU_00275,BATCH_0006167,2025-10-22,2027-10-22,2025-11-02,16,0,good,513
INV_0006168,WH_002,WH_002_AMBIENT_169,SKU_00292,BATCH_0006168,2026-04-14,2027-09-03,2026-04-18,13,0,good,464
INV_0006169,WH_002,WH_002_AMBIENT_183,SKU_00100,BATCH_0006169,2026-05-13,2028-12-26,2026-05-14,4,0,good,944
INV_0006170,WH_002,WH_002_COOL_113,SKU_00112,BATCH_0006170,2025-04-09,2027-04-09,2025-04-16,6,0,good,317
INV_0006171,WH_001,WH_001_COOL_084,SKU_00162,BATCH_0006171,2025-12-07,2027-12-07,2025-12-15,24,0,good,559
INV_0006172,WH_002,WH_002_COOL_158,SKU_00298,BATCH_0006172,2026-02-09,2027-02-05,2026-02-13,32,0,good,254
INV_0006173,WH_002,WH_002_FROZEN_110,SKU_00171,BATCH_0006173,2024-10-05,2026-09-15,2024-10-07,29,0,good,111
INV_0006174,WH_001,WH_001_AMBIENT_041,SKU_00246,BATCH_0006174,2025-10-26,2027-02-16,2025-11-07,13,0,good,265
INV_0006175,WH_001,WH_001_COLD_199,SKU_00154,BATCH_0006175,2026-02-01,2026-06-28,2026-02-13,6,0,good,32
INV_0006176,WH_002,WH_002_COLD_188,SKU_00134,BATCH_0006176,2025-10-15,2026-10-15,2025-10-25,8,1,good,141
INV_0006177,WH_003,WH_003_COLD_174,SKU_00106,BATCH_0006177,2026-03-15,2026-12-21,2026-03-16,6,0,good,208
INV_0006178,WH_003,WH_003_COOL_194,SKU_00161,BATCH_0006178,2025-08-05,2027-03-20,2025-08-13,19,5,good,297
INV_0006179,WH_002,WH_002_AMBIENT_194,SKU_00018,BATCH_0006179,2025-05-20,2026-09-19,2025-05-23,6,0,good,115
INV_0006180,WH_003,WH_003_AMBIENT_034,SKU_00163,BATCH_0006180,2025-08-05,2027-02-18,2025-08-15,33,0,good,267
INV_0006181,WH_001,WH_001_COOL_182,SKU_00130,BATCH_0006181,2025-01-19,2027-01-19,2025-01-27,0,0,good,237
INV_0006182,WH_002,WH_002_AMBIENT_149,SKU_00004,BATCH_0006182,2025-11-11,2027-04-18,2025-11-13,9,0,good,326
INV_0006183,WH_002,WH_002_COOL_082,SKU_00138,BATCH_0006183,2025-04-11,2027-02-19,2025-04-20,17,5,good,268
INV_0006184,WH_002,WH_002_AMBIENT_054,SKU_00254,BATCH_0006184,2025-11-26,2026-11-26,2025-11-30,41,0,good,183
INV_0006185,WH_002,WH_002_COOL_191,SKU_00175,BATCH_0006185,2026-01-16,2027-01-02,2026-01-26,1,0,good,220
INV_0006186,WH_001,WH_001_COLD_163,SKU_00039,BATCH_0006186,2026-04-05,2027-04-05,2026-04-14,17,1,good,313
INV_0006187,WH_002,WH_002_COOL_128,SKU_00011,BATCH_0006187,2024-10-11,2026-10-11,2024-10-24,29,8,good,137
INV_0006188,WH_003,WH_003_AMBIENT_123,SKU_00233,BATCH_0006188,2025-09-24,2027-05-06,2025-10-06,160,0,good,344
INV_0006189,WH_002,WH_002_COLD_146,SKU_00228,BATCH_0006189,2025-10-19,2026-08-16,2025-10-25,9,2,good,81
INV_0006190,WH_001,WH_001_AMBIENT_052,SKU_00019,BATCH_0006190,2024-11-15,2027-08-31,2024-11-25,3,0,good,461
INV_0006191,WH_002,WH_002_AMBIENT_091,SKU_00281,BATCH_0006191,2025-09-22,2026-09-22,2025-09-28,3,0,good,118
INV_0006192,WH_003,WH_003_COLD_049,SKU_00029,BATCH_0006192,2025-08-10,2026-08-10,2025-08-11,48,0,good,75
INV_0006193,WH_002,WH_002_AMBIENT_137,SKU_00230,BATCH_0006193,2025-05-05,2027-05-13,2025-05-12,18,0,good,351
INV_0006194,WH_003,WH_003_AMBIENT_083,SKU_00109,BATCH_0006194,2026-01-16,2027-02-10,2026-01-23,5,0,good,259
INV_0006195,WH_001,WH_001_COLD_041,SKU_00040,BATCH_0006195,2026-04-14,2026-08-29,2026-04-24,0,0,good,94
INV_0006196,WH_002,WH_002_AMBIENT_001,SKU_00048,BATCH_0006196,2025-11-28,2027-02-15,2025-12-08,73,0,good,264
INV_0006197,WH_001,WH_001_AMBIENT_076,SKU_00049,BATCH_0006197,2025-11-10,2026-12-27,2025-11-22,39,10,good,214
INV_0006198,WH_003,WH_003_COOL_184,SKU_00060,BATCH_0006198,2026-03-07,2028-03-06,2026-03-16,22,0,good,649
INV_0006199,WH_003,WH_003_AMBIENT_186,SKU_00055,BATCH_0006199,2025-10-15,2027-02-18,2025-10-24,32,0,good,267
INV_0006200,WH_001,WH_001_AMBIENT_013,SKU_00114,BATCH_0006200,2024-11-20,2027-04-11,2024-11-30,28,1,good,319
INV_0006201,WH_003,WH_003_COOL_148,SKU_00261,BATCH_0006201,2026-04-14,2027-04-29,2026-04-23,4,0,good,337
INV_0006202,WH_001,WH_001_AMBIENT_180,SKU_00248,BATCH_0006202,2024-06-23,2026-09-25,2024-07-03,35,1,good,121
INV_0006203,WH_003,WH_003_AMBIENT_010,SKU_00091,BATCH_0006203,2026-04-19,2028-11-19,2026-04-23,17,0,good,907
INV_0006204,WH_001,WH_001_AMBIENT_132,SKU_00297,BATCH_0006204,2025-05-17,2026-12-03,2025-05-21,20,0,good,190
INV_0006205,WH_002,WH_002_AMBIENT_042,SKU_00203,BATCH_0006205,2025-09-01,2027-05-17,2025-09-14,15,0,good,355
INV_0006206,WH_002,WH_002_COLD_102,SKU_00029,BATCH_0006206,2025-12-01,2026-12-01,2025-12-13,6,0,good,188
INV_0006207,WH_003,WH_003_AMBIENT_189,SKU_00049,BATCH_0006207,2026-01-24,2027-03-12,2026-02-02,220,0,good,289
INV_0006208,WH_002,WH_002_AMBIENT_017,SKU_00158,BATCH_0006208,2025-10-28,2027-07-26,2025-11-01,48,0,good,425
INV_0006209,WH_002,WH_002_AMBIENT_133,SKU_00108,BATCH_0006209,2025-05-19,2028-03-20,2025-05-29,36,0,good,663
INV_0006210,WH_003,WH_003_FROZEN_052,SKU_00216,BATCH_0006210,2024-11-18,2026-09-23,2024-11-20,21,0,good,119
INV_0006211,WH_002,WH_002_AMBIENT_025,SKU_00001,BATCH_0006211,2025-02-15,2026-09-17,2025-02-19,8,0,good,113
INV_0006212,WH_002,WH_002_AMBIENT_066,SKU_00232,BATCH_0006212,2024-11-10,2026-07-30,2024-11-16,147,0,good,64
INV_0006213,WH_003,WH_003_AMBIENT_006,SKU_00034,BATCH_0006213,2025-12-28,2027-02-22,2026-01-08,10,0,good,271
INV_0006214,WH_001,WH_001_AMBIENT_095,SKU_00214,BATCH_0006214,2025-06-23,2027-09-25,2025-07-05,12,0,good,486
INV_0006215,WH_003,WH_003_AMBIENT_038,SKU_00232,BATCH_0006215,2026-04-16,2028-01-03,2026-04-27,66,0,good,586
INV_0006216,WH_001,WH_001_COOL_042,SKU_00276,BATCH_0006216,2025-11-21,2027-08-22,2025-11-28,2,0,good,452
INV_0006217,WH_002,WH_002_AMBIENT_190,SKU_00062,BATCH_0006217,2025-02-13,2027-02-04,2025-02-21,22,0,good,253
INV_0006218,WH_001,WH_001_AMBIENT_157,SKU_00160,BATCH_0006218,2024-09-26,2026-08-25,2024-10-05,26,0,good,90
INV_0006219,WH_001,WH_001_AMBIENT_036,SKU_00288,BATCH_0006219,2025-03-05,2027-03-25,2025-03-16,17,0,good,302
INV_0006220,WH_001,WH_001_AMBIENT_107,SKU_00051,BATCH_0006220,2025-12-03,2026-12-20,2025-12-05,16,0,good,207
INV_0006221,WH_002,WH_002_AMBIENT_114,SKU_00180,BATCH_0006221,2025-08-16,2026-08-16,2025-08-28,55,3,good,81
INV_0006222,WH_001,WH_001_COOL_159,SKU_00261,BATCH_0006222,2025-08-24,2026-09-08,2025-09-01,5,0,good,104
INV_0006223,WH_003,WH_003_COOL_094,SKU_00224,BATCH_0006223,2026-01-17,2027-03-09,2026-01-18,10,0,good,286
INV_0006224,WH_002,WH_002_COLD_163,SKU_00264,BATCH_0006224,2026-02-26,2026-07-16,2026-03-09,22,0,good,50
INV_0006225,WH_003,WH_003_AMBIENT_022,SKU_00094,BATCH_0006225,2026-01-16,2028-04-09,2026-01-18,4,0,good,683
INV_0006226,WH_003,WH_003_COLD_144,SKU_00106,BATCH_0006226,2026-04-25,2027-01-31,2026-05-04,21,0,good,249
INV_0006227,WH_003,WH_003_AMBIENT_118,SKU_00155,BATCH_0006227,2025-08-05,2026-11-02,2025-08-07,8,0,good,159
INV_0006228,WH_001,WH_001_AMBIENT_196,SKU_00218,BATCH_0006228,2025-12-25,2028-02-11,2025-12-28,25,0,good,625
INV_0006229,WH_001,WH_001_COLD_001,SKU_00193,BATCH_0006229,2026-04-14,2027-03-14,2026-04-20,7,0,good,291
INV_0006230,WH_001,WH_001_COOL_030,SKU_00139,BATCH_0006230,2026-03-18,2028-03-17,2026-03-31,104,2,good,660
INV_0006231,WH_001,WH_001_FROZEN_065,SKU_00201,BATCH_0006231,2024-11-20,2026-11-19,2024-12-01,33,0,good,176
INV_0006232,WH_002,WH_002_AMBIENT_105,SKU_00191,BATCH_0006232,2025-12-02,2028-06-21,2025-12-12,3,0,good,756
INV_0006233,WH_001,WH_001_AMBIENT_115,SKU_00141,BATCH_0006233,2026-04-28,2027-04-28,2026-05-06,16,0,good,336
INV_0006234,WH_003,WH_003_AMBIENT_028,SKU_00080,BATCH_0006234,2025-02-27,2027-07-14,2025-03-11,60,14,good,413
INV_0006235,WH_001,WH_001_AMBIENT_051,SKU_00258,BATCH_0006235,2026-04-23,2027-09-02,2026-04-30,48,0,good,463
INV_0006236,WH_001,WH_001_COOL_118,SKU_00211,BATCH_0006236,2025-02-05,2027-02-05,2025-02-10,3,0,good,254
INV_0006237,WH_003,WH_003_COOL_115,SKU_00275,BATCH_0006237,2026-02-08,2028-02-08,2026-02-20,4,0,good,622
INV_0006238,WH_002,WH_002_AMBIENT_012,SKU_00190,BATCH_0006238,2025-01-24,2026-10-03,2025-01-28,32,0,good,129
INV_0006239,WH_003,WH_003_COOL_007,SKU_00142,BATCH_0006239,2025-05-04,2026-08-21,2025-05-11,5,0,good,86
INV_0006240,WH_002,WH_002_COOL_193,SKU_00162,BATCH_0006240,2025-12-12,2027-12-12,2025-12-15,6,0,good,564
INV_0006241,WH_002,WH_002_AMBIENT_154,SKU_00282,BATCH_0006241,2025-12-20,2028-05-03,2025-12-29,14,0,good,707
INV_0006242,WH_002,WH_002_COOL_165,SKU_00270,BATCH_0006242,2025-10-20,2026-10-16,2025-10-23,15,0,good,142
INV_0006243,WH_002,WH_002_COOL_153,SKU_00041,BATCH_0006243,2025-09-03,2027-03-03,2025-09-09,53,0,good,280
INV_0006244,WH_001,WH_001_AMBIENT_043,SKU_00036,BATCH_0006244,2026-05-06,2027-08-07,2026-05-08,2,0,good,437
INV_0006245,WH_002,WH_002_COOL_138,SKU_00219,BATCH_0006245,2025-06-13,2027-03-17,2025-06-19,8,0,good,294
INV_0006246,WH_003,WH_003_COOL_073,SKU_00002,BATCH_0006246,2026-02-17,2028-02-17,2026-02-24,21,5,good,631
INV_0006247,WH_001,WH_001_AMBIENT_114,SKU_00048,BATCH_0006247,2025-12-02,2027-02-19,2025-12-09,37,0,good,268
INV_0006248,WH_003,WH_003_AMBIENT_101,SKU_00095,BATCH_0006248,2025-03-22,2027-07-10,2025-03-25,9,0,good,409
INV_0006249,WH_001,WH_001_COOL_013,SKU_00003,BATCH_0006249,2026-01-22,2028-01-22,2026-01-31,231,9,good,605
INV_0006250,WH_003,WH_003_COOL_004,SKU_00289,BATCH_0006250,2025-10-19,2026-11-18,2025-10-24,15,0,good,175
INV_0006251,WH_003,WH_003_AMBIENT_059,SKU_00150,BATCH_0006251,2025-05-27,2026-08-12,2025-06-07,43,6,good,77
INV_0006252,WH_002,WH_002_AMBIENT_140,SKU_00239,BATCH_0006252,2025-12-12,2026-12-12,2025-12-21,26,0,good,199
INV_0006253,WH_002,WH_002_AMBIENT_121,SKU_00001,BATCH_0006253,2025-09-28,2027-04-30,2025-10-03,5,0,good,338
INV_0006254,WH_002,WH_002_COOL_080,SKU_00087,BATCH_0006254,2025-10-23,2027-10-23,2025-11-04,47,0,good,514
INV_0006255,WH_002,WH_002_AMBIENT_191,SKU_00233,BATCH_0006255,2025-01-27,2026-09-08,2025-02-03,15,6,good,104
INV_0006256,WH_001,WH_001_AMBIENT_039,SKU_00235,BATCH_0006256,2026-03-18,2027-03-18,2026-03-26,29,8,good,295
INV_0006257,WH_001,WH_001_COOL_153,SKU_00140,BATCH_0006257,2025-12-16,2026-09-23,2025-12-17,48,0,good,119
INV_0006258,WH_003,WH_003_AMBIENT_097,SKU_00075,BATCH_0006258,2026-04-27,2027-04-27,2026-05-07,46,0,good,335
INV_0006259,WH_003,WH_003_COOL_096,SKU_00144,BATCH_0006259,2025-08-11,2027-08-02,2025-08-18,8,0,good,432
INV_0006260,WH_002,WH_002_AMBIENT_119,SKU_00267,BATCH_0006260,2025-05-16,2027-05-28,2025-05-22,214,0,good,366
INV_0006261,WH_001,WH_001_AMBIENT_186,SKU_00153,BATCH_0006261,2025-07-28,2026-08-03,2025-07-29,48,12,good,68
INV_0006262,WH_001,WH_001_AMBIENT_104,SKU_00232,BATCH_0006262,2025-11-04,2027-07-24,2025-11-15,314,0,good,423
INV_0006263,WH_001,WH_001_COOL_040,SKU_00270,BATCH_0006263,2026-01-28,2027-01-24,2026-01-29,13,0,good,242
INV_0006264,WH_003,WH_003_COLD_039,SKU_00096,BATCH_0006264,2026-02-20,2027-02-20,2026-03-02,5,0,good,269
INV_0006265,WH_003,WH_003_COOL_149,SKU_00015,BATCH_0006265,2026-02-27,2027-11-17,2026-03-08,13,0,good,539
INV_0006266,WH_002,WH_002_AMBIENT_086,SKU_00278,BATCH_0006266,2024-08-11,2026-09-12,2024-08-19,8,2,good,108
INV_0006267,WH_001,WH_001_COOL_027,SKU_00077,BATCH_0006267,2025-10-18,2026-12-07,2025-10-25,14,4,good,194
INV_0006268,WH_003,WH_003_COOL_073,SKU_00003,BATCH_0006268,2025-06-10,2027-06-10,2025-06-12,104,0,good,379
INV_0006269,WH_001,WH_001_AMBIENT_084,SKU_00290,BATCH_0006269,2026-05-16,2027-10-03,2026-05-17,98,0,good,494
INV_0006270,WH_002,WH_002_COLD_076,SKU_00092,BATCH_0006270,2026-05-27,2027-05-27,2026-06-01,5,1,good,365
INV_0006271,WH_002,WH_002_COOL_017,SKU_00131,BATCH_0006271,2026-03-27,2028-01-24,2026-03-30,9,1,good,607
INV_0006272,WH_001,WH_001_COOL_040,SKU_00112,BATCH_0006272,2024-09-10,2026-09-10,2024-09-16,9,0,good,106
INV_0006273,WH_002,WH_002_AMBIENT_149,SKU_00232,BATCH_0006273,2025-05-14,2027-01-31,2025-05-25,160,0,good,249
INV_0006274,WH_001,WH_001_AMBIENT_062,SKU_00258,BATCH_0006274,2026-02-28,2027-07-10,2026-03-09,47,0,good,409
INV_0006275,WH_001,WH_001_AMBIENT_102,SKU_00124,BATCH_0006275,2026-01-26,2028-02-03,2026-02-03,27,9,good,617
INV_0006276,WH_001,WH_001_AMBIENT_178,SKU_00215,BATCH_0006276,2025-12-09,2027-05-25,2025-12-13,142,0,good,363
INV_0006277,WH_002,WH_002_AMBIENT_199,SKU_00234,BATCH_0006277,2025-07-10,2026-07-10,2025-07-12,4,1,good,44
INV_0006278,WH_001,WH_001_COLD_020,SKU_00037,BATCH_0006278,2025-09-15,2026-09-15,2025-09-25,13,0,good,111
INV_0006279,WH_002,WH_002_AMBIENT_043,SKU_00052,BATCH_0006279,2025-08-25,2028-05-12,2025-08-26,2,0,good,716
INV_0006280,WH_002,WH_002_COOL_070,SKU_00270,BATCH_0006280,2025-09-12,2026-09-08,2025-09-13,9,0,good,104
INV_0006281,WH_002,WH_002_COLD_022,SKU_00204,BATCH_0006281,2025-12-17,2026-12-12,2025-12-29,1,0,good,199
INV_0006282,WH_001,WH_001_COOL_068,SKU_00087,BATCH_0006282,2024-10-01,2026-10-01,2024-10-11,118,0,good,127
INV_0006283,WH_002,WH_002_AMBIENT_173,SKU_00071,BATCH_0006283,2025-02-25,2027-12-06,2025-03-01,34,0,good,558
INV_0006284,WH_001,WH_001_COLD_009,SKU_00183,BATCH_0006284,2025-10-14,2026-10-14,2025-10-18,23,0,good,140
INV_0006285,WH_003,WH_003_COOL_128,SKU_00222,BATCH_0006285,2026-04-09,2027-01-03,2026-04-17,24,8,good,221
INV_0006286,WH_002,WH_002_COLD_119,SKU_00053,BATCH_0006286,2026-03-03,2026-10-17,2026-03-04,7,2,good,143
INV_0006287,WH_001,WH_001_COLD_056,SKU_00260,BATCH_0006287,2026-05-05,2027-05-05,2026-05-09,88,24,good,343
INV_0006288,WH_001,WH_001_AMBIENT_020,SKU_00030,BATCH_0006288,2026-03-10,2028-07-20,2026-03-21,22,3,good,785
INV_0006289,WH_003,WH_003_COOL_120,SKU_00261,BATCH_0006289,2026-04-09,2027-04-24,2026-04-20,93,3,good,332
INV_0006290,WH_003,WH_003_AMBIENT_170,SKU_00236,BATCH_0006290,2026-02-12,2027-06-01,2026-02-24,20,2,good,370
INV_0006291,WH_003,WH_003_AMBIENT_070,SKU_00281,BATCH_0006291,2026-03-25,2027-03-25,2026-04-05,21,0,good,302
INV_0006292,WH_001,WH_001_AMBIENT_024,SKU_00063,BATCH_0006292,2025-07-04,2026-11-10,2025-07-14,22,0,good,167
INV_0006293,WH_001,WH_001_AMBIENT_029,SKU_00188,BATCH_0006293,2026-04-09,2027-04-09,2026-04-11,21,0,good,317
INV_0006294,WH_003,WH_003_AMBIENT_064,SKU_00067,BATCH_0006294,2026-02-13,2028-02-19,2026-02-17,23,0,good,633
INV_0006295,WH_002,WH_002_AMBIENT_191,SKU_00235,BATCH_0006295,2026-05-18,2027-05-18,2026-05-22,22,0,good,356
INV_0006296,WH_001,WH_001_AMBIENT_028,SKU_00113,BATCH_0006296,2025-07-14,2026-07-14,2025-07-26,143,23,good,48
INV_0006297,WH_001,WH_001_AMBIENT_009,SKU_00205,BATCH_0006297,2026-04-09,2027-05-05,2026-04-20,2,0,good,343
INV_0006298,WH_003,WH_003_COOL_008,SKU_00021,BATCH_0006298,2025-09-09,2026-06-28,2025-09-11,50,0,good,32
INV_0006299,WH_002,WH_002_COLD_045,SKU_00164,BATCH_0006299,2025-08-01,2026-08-01,2025-08-08,99,0,good,66
INV_0006300,WH_003,WH_003_AMBIENT_193,SKU_00113,BATCH_0006300,2026-01-21,2027-01-21,2026-02-02,6,0,good,239
INV_0006301,WH_002,WH_002_AMBIENT_054,SKU_00258,BATCH_0006301,2025-10-20,2027-03-01,2025-10-29,9,0,good,278
INV_0006302,WH_002,WH_002_AMBIENT_032,SKU_00008,BATCH_0006302,2025-09-13,2026-09-13,2025-09-21,6,0,good,109
INV_0006303,WH_003,WH_003_AMBIENT_010,SKU_00292,BATCH_0006303,2025-03-01,2026-07-21,2025-03-13,9,1,good,55
INV_0006304,WH_001,WH_001_COOL_146,SKU_00206,BATCH_0006304,2025-08-24,2027-02-14,2025-09-03,1,0,good,263
INV_0006305,WH_002,WH_002_AMBIENT_161,SKU_00247,BATCH_0006305,2024-10-25,2026-12-16,2024-11-03,3,0,good,203
INV_0006306,WH_001,WH_001_COLD_006,SKU_00092,BATCH_0006306,2026-03-02,2027-03-02,2026-03-10,26,0,good,279
INV_0006307,WH_003,WH_003_FROZEN_179,SKU_00287,BATCH_0006307,2026-01-12,2028-01-12,2026-01-23,38,0,good,595
INV_0006308,WH_003,WH_003_COLD_121,SKU_00182,BATCH_0006308,2025-10-20,2026-06-29,2025-10-22,33,0,good,33
INV_0006309,WH_002,WH_002_COOL_195,SKU_00112,BATCH_0006309,2025-10-22,2027-10-22,2025-11-04,55,0,good,513
INV_0006310,WH_003,WH_003_AMBIENT_033,SKU_00239,BATCH_0006310,2025-07-17,2026-07-17,2025-07-25,4,0,good,51
INV_0006311,WH_003,WH_003_COOL_073,SKU_00270,BATCH_0006311,2026-02-02,2027-01-29,2026-02-03,13,0,good,247
INV_0006312,WH_001,WH_001_FROZEN_003,SKU_00171,BATCH_0006312,2026-02-21,2028-02-01,2026-03-05,28,4,good,615
INV_0006313,WH_003,WH_003_AMBIENT_082,SKU_00126,BATCH_0006313,2025-03-03,2027-07-05,2025-03-05,6,0,good,404
INV_0006314,WH_001,WH_001_COLD_102,SKU_00082,BATCH_0006314,2026-03-21,2027-03-21,2026-04-02,301,0,good,298
INV_0006315,WH_003,WH_003_COOL_092,SKU_00222,BATCH_0006315,2025-11-21,2026-08-17,2025-11-29,395,8,good,82
INV_0006316,WH_003,WH_003_COOL_108,SKU_00016,BATCH_0006316,2026-03-29,2027-09-05,2026-04-09,5,0,good,466
INV_0006317,WH_001,WH_001_COLD_120,SKU_00069,BATCH_0006317,2025-08-07,2026-07-04,2025-08-17,23,0,good,38
INV_0006318,WH_001,WH_001_COLD_076,SKU_00183,BATCH_0006318,2025-07-26,2026-07-26,2025-08-03,27,4,good,60
INV_0006319,WH_003,WH_003_COOL_191,SKU_00089,BATCH_0006319,2025-07-15,2026-10-13,2025-07-19,10,0,good,139
INV_0006320,WH_002,WH_002_COOL_156,SKU_00244,BATCH_0006320,2025-08-20,2027-03-23,2025-08-29,73,0,good,300
INV_0006321,WH_002,WH_002_FROZEN_051,SKU_00201,BATCH_0006321,2025-11-09,2027-11-08,2025-11-13,13,0,good,530
INV_0006322,WH_003,WH_003_COOL_183,SKU_00240,BATCH_0006322,2026-01-28,2026-11-10,2026-02-08,45,0,good,167
INV_0006323,WH_001,WH_001_COLD_059,SKU_00183,BATCH_0006323,2026-04-14,2027-04-14,2026-04-20,37,0,good,322
INV_0006324,WH_001,WH_001_COOL_164,SKU_00131,BATCH_0006324,2024-12-04,2026-10-03,2024-12-14,22,0,good,129
INV_0006325,WH_003,WH_003_AMBIENT_124,SKU_00223,BATCH_0006325,2024-12-20,2027-11-08,2024-12-29,1,0,good,530
INV_0006326,WH_001,WH_001_AMBIENT_147,SKU_00262,BATCH_0006326,2025-03-15,2026-09-25,2025-03-16,38,4,good,121
INV_0006327,WH_002,WH_002_COOL_061,SKU_00295,BATCH_0006327,2026-01-14,2028-01-14,2026-01-22,46,17,good,597
INV_0006328,WH_001,WH_001_COOL_148,SKU_00140,BATCH_0006328,2026-01-16,2026-10-24,2026-01-26,382,85,good,150
INV_0006329,WH_001,WH_001_FROZEN_106,SKU_00171,BATCH_0006329,2024-08-30,2026-08-10,2024-09-02,4,0,good,75
INV_0006330,WH_002,WH_002_AMBIENT_188,SKU_00108,BATCH_0006330,2025-07-25,2028-05-26,2025-08-02,29,0,good,730
INV_0006331,WH_002,WH_002_COOL_065,SKU_00224,BATCH_0006331,2025-09-26,2026-11-16,2025-10-02,4,0,good,173
INV_0006332,WH_003,WH_003_COOL_085,SKU_00015,BATCH_0006332,2025-11-29,2027-08-19,2025-12-01,15,0,good,449
INV_0006333,WH_001,WH_001_COOL_180,SKU_00175,BATCH_0006333,2025-11-28,2026-11-14,2025-12-02,16,0,good,171
INV_0006334,WH_003,WH_003_AMBIENT_139,SKU_00066,BATCH_0006334,2025-11-21,2027-05-06,2025-11-29,24,0,good,344
INV_0006335,WH_003,WH_003_AMBIENT_133,SKU_00129,BATCH_0006335,2026-01-14,2027-01-14,2026-01-23,4,0,good,232
INV_0006336,WH_002,WH_002_FROZEN_040,SKU_00171,BATCH_0006336,2026-04-15,2028-03-25,2026-04-17,47,16,good,668
INV_0006337,WH_003,WH_003_COOL_176,SKU_00133,BATCH_0006337,2025-02-26,2026-12-27,2025-02-27,19,0,good,214
INV_0006338,WH_003,WH_003_AMBIENT_047,SKU_00108,BATCH_0006338,2023-12-04,2026-10-05,2023-12-05,8,1,good,131
INV_0006339,WH_001,WH_001_COLD_096,SKU_00065,BATCH_0006339,2026-05-21,2026-09-22,2026-05-25,19,0,good,118
INV_0006340,WH_002,WH_002_AMBIENT_165,SKU_00013,BATCH_0006340,2025-10-26,2028-08-20,2025-10-28,2,0,good,816
INV_0006341,WH_002,WH_002_COOL_048,SKU_00276,BATCH_0006341,2025-08-22,2027-05-23,2025-09-04,8,0,good,361
INV_0006342,WH_002,WH_002_COOL_116,SKU_00070,BATCH_0006342,2026-03-21,2028-03-20,2026-03-24,120,0,good,663
INV_0006343,WH_003,WH_003_AMBIENT_195,SKU_00283,BATCH_0006343,2025-07-26,2026-07-26,2025-07-31,24,0,good,60
INV_0006344,WH_002,WH_002_COLD_148,SKU_00228,BATCH_0006344,2026-05-06,2027-03-03,2026-05-07,7,0,good,280
INV_0006345,WH_001,WH_001_COOL_090,SKU_00243,BATCH_0006345,2026-02-27,2028-02-27,2026-03-06,25,0,good,641
INV_0006346,WH_001,WH_001_COLD_165,SKU_00264,BATCH_0006346,2026-02-14,2026-07-04,2026-02-20,14,3,good,38
INV_0006347,WH_003,WH_003_AMBIENT_177,SKU_00299,BATCH_0006347,2025-02-07,2026-09-30,2025-02-16,6,0,good,126
INV_0006348,WH_002,WH_002_COLD_007,SKU_00237,BATCH_0006348,2025-12-05,2026-12-05,2025-12-11,16,0,good,192
INV_0006349,WH_002,WH_002_COLD_094,SKU_00183,BATCH_0006349,2026-03-15,2027-03-15,2026-03-21,50,16,good,292
INV_0006350,WH_002,WH_002_AMBIENT_174,SKU_00203,BATCH_0006350,2025-04-21,2027-01-04,2025-05-01,40,4,good,222
INV_0006351,WH_003,WH_003_AMBIENT_006,SKU_00173,BATCH_0006351,2025-07-25,2027-07-07,2025-07-31,7,1,good,406
INV_0006352,WH_001,WH_001_AMBIENT_092,SKU_00292,BATCH_0006352,2025-07-23,2026-12-12,2025-08-03,9,0,good,199
INV_0006353,WH_002,WH_002_AMBIENT_038,SKU_00254,BATCH_0006353,2025-08-05,2026-08-05,2025-08-08,3,0,good,70
INV_0006354,WH_001,WH_001_AMBIENT_155,SKU_00205,BATCH_0006354,2025-11-09,2026-12-05,2025-11-12,192,0,good,192
INV_0006355,WH_002,WH_002_COOL_060,SKU_00059,BATCH_0006355,2024-12-14,2026-11-18,2024-12-16,39,0,good,175
INV_0006356,WH_003,WH_003_COOL_030,SKU_00275,BATCH_0006356,2025-10-22,2027-10-22,2025-10-24,24,0,good,513
INV_0006357,WH_003,WH_003_AMBIENT_010,SKU_00292,BATCH_0006357,2025-12-16,2027-05-07,2025-12-18,3,0,good,345
INV_0006358,WH_003,WH_003_AMBIENT_014,SKU_00129,BATCH_0006358,2025-12-10,2026-12-10,2025-12-21,40,5,good,197
INV_0006359,WH_003,WH_003_COOL_143,SKU_00043,BATCH_0006359,2026-05-19,2028-05-18,2026-06-01,32,0,good,722
INV_0006360,WH_002,WH_002_AMBIENT_057,SKU_00107,BATCH_0006360,2025-08-16,2026-08-16,2025-08-29,40,0,good,81
INV_0006361,WH_003,WH_003_COLD_186,SKU_00069,BATCH_0006361,2026-01-03,2026-11-30,2026-01-14,19,0,good,187
INV_0006362,WH_003,WH_003_COOL_184,SKU_00112,BATCH_0006362,2024-11-09,2026-11-09,2024-11-12,133,0,good,166
INV_0006363,WH_003,WH_003_AMBIENT_137,SKU_00285,BATCH_0006363,2026-02-23,2027-02-23,2026-03-05,86,0,good,272
INV_0006364,WH_002,WH_002_COOL_093,SKU_00151,BATCH_0006364,2026-03-26,2027-09-30,2026-04-03,176,0,good,491
INV_0006365,WH_003,WH_003_COOL_017,SKU_00240,BATCH_0006365,2025-11-12,2026-08-25,2025-11-14,46,11,good,90
INV_0006366,WH_001,WH_001_AMBIENT_029,SKU_00274,BATCH_0006366,2025-10-05,2026-10-05,2025-10-16,7,1,good,131
INV_0006367,WH_001,WH_001_COOL_200,SKU_00181,BATCH_0006367,2026-03-24,2027-03-30,2026-04-01,30,0,good,307
INV_0006368,WH_003,WH_003_AMBIENT_066,SKU_00048,BATCH_0006368,2025-06-26,2026-09-13,2025-07-03,27,0,good,109
INV_0006369,WH_003,WH_003_AMBIENT_026,SKU_00239,BATCH_0006369,2026-01-02,2027-01-02,2026-01-12,5,1,good,220
INV_0006370,WH_003,WH_003_AMBIENT_006,SKU_00297,BATCH_0006370,2025-05-21,2026-12-07,2025-05-30,20,0,good,194
INV_0006371,WH_003,WH_003_AMBIENT_001,SKU_00282,BATCH_0006371,2025-11-27,2028-04-10,2025-12-04,96,0,good,684
INV_0006372,WH_003,WH_003_COOL_084,SKU_00086,BATCH_0006372,2025-07-22,2027-07-22,2025-08-03,31,0,good,421
INV_0006373,WH_001,WH_001_COLD_075,SKU_00035,BATCH_0006373,2026-02-19,2026-07-26,2026-03-01,35,0,good,60
INV_0006374,WH_003,WH_003_COOL_200,SKU_00181,BATCH_0006374,2026-02-12,2027-02-18,2026-02-19,145,38,good,267
INV_0006375,WH_002,WH_002_AMBIENT_044,SKU_00153,BATCH_0006375,2025-11-02,2026-11-08,2025-11-10,3,0,good,165
INV_0006376,WH_002,WH_002_AMBIENT_102,SKU_00115,BATCH_0006376,2025-03-08,2027-01-02,2025-03-16,15,3,good,220
INV_0006377,WH_002,WH_002_COOL_086,SKU_00210,BATCH_0006377,2025-12-08,2027-12-08,2025-12-18,95,0,good,560
INV_0006378,WH_001,WH_001_FROZEN_110,SKU_00216,BATCH_0006378,2025-05-05,2027-03-10,2025-05-10,71,0,good,287
INV_0006379,WH_003,WH_003_COLD_109,SKU_00271,BATCH_0006379,2026-02-27,2026-08-24,2026-03-05,22,4,good,89
INV_0006380,WH_002,WH_002_AMBIENT_133,SKU_00113,BATCH_0006380,2025-12-03,2026-12-03,2025-12-04,43,0,good,190
INV_0006381,WH_002,WH_002_COOL_194,SKU_00142,BATCH_0006381,2025-05-31,2026-09-17,2025-06-02,21,0,good,113
INV_0006382,WH_003,WH_003_AMBIENT_021,SKU_00013,BATCH_0006382,2025-12-29,2028-10-23,2025-12-30,1,0,good,880
INV_0006383,WH_001,WH_001_COLD_038,SKU_00237,BATCH_0006383,2025-10-28,2026-10-28,2025-11-06,31,8,good,154
INV_0006384,WH_003,WH_003_AMBIENT_078,SKU_00269,BATCH_0006384,2026-04-03,2027-08-03,2026-04-14,6,0,good,433
INV_0006385,WH_003,WH_003_COOL_126,SKU_00211,BATCH_0006385,2026-01-25,2028-01-25,2026-01-26,31,0,good,608
INV_0006386,WH_001,WH_001_COOL_120,SKU_00119,BATCH_0006386,2026-03-07,2027-07-01,2026-03-14,3,0,good,400
INV_0006387,WH_003,WH_003_AMBIENT_174,SKU_00235,BATCH_0006387,2025-12-15,2026-12-15,2025-12-17,43,0,good,202
INV_0006388,WH_002,WH_002_AMBIENT_082,SKU_00073,BATCH_0006388,2026-01-25,2027-01-25,2026-01-31,6,0,good,243
INV_0006389,WH_003,WH_003_AMBIENT_158,SKU_00091,BATCH_0006389,2025-12-14,2028-07-16,2025-12-21,2,0,good,781
INV_0006390,WH_002,WH_002_AMBIENT_070,SKU_00008,BATCH_0006390,2025-09-13,2026-09-13,2025-09-14,43,6,good,109
INV_0006391,WH_003,WH_003_COOL_177,SKU_00010,BATCH_0006391,2025-04-28,2027-04-28,2025-04-30,8,0,good,336
INV_0006392,WH_001,WH_001_AMBIENT_196,SKU_00213,BATCH_0006392,2025-06-28,2027-11-10,2025-07-06,27,0,good,532
INV_0006393,WH_002,WH_002_COLD_145,SKU_00264,BATCH_0006393,2026-03-01,2026-07-19,2026-03-12,22,0,good,53
INV_0006394,WH_002,WH_002_AMBIENT_120,SKU_00126,BATCH_0006394,2024-09-29,2027-01-31,2024-10-09,45,0,good,249
INV_0006395,WH_002,WH_002_AMBIENT_131,SKU_00205,BATCH_0006395,2026-04-09,2027-05-05,2026-04-17,13,0,good,343
INV_0006396,WH_001,WH_001_COOL_098,SKU_00119,BATCH_0006396,2025-04-17,2026-08-11,2025-04-21,54,14,good,76
INV_0006397,WH_003,WH_003_AMBIENT_059,SKU_00141,BATCH_0006397,2025-09-30,2026-09-30,2025-10-01,20,0,good,126
INV_0006398,WH_003,WH_003_AMBIENT_066,SKU_00005,BATCH_0006398,2025-02-27,2027-04-10,2025-02-28,24,0,good,318
INV_0006399,WH_002,WH_002_COOL_155,SKU_00169,BATCH_0006399,2026-03-12,2027-03-19,2026-03-24,7,2,good,296
INV_0006400,WH_002,WH_002_COOL_072,SKU_00006,BATCH_0006400,2026-05-19,2028-05-18,2026-05-29,5,0,good,722
INV_0006401,WH_002,WH_002_AMBIENT_171,SKU_00013,BATCH_0006401,2026-04-27,2029-02-19,2026-05-09,10,0,good,999
INV_0006402,WH_001,WH_001_AMBIENT_054,SKU_00155,BATCH_0006402,2026-05-16,2027-08-13,2026-05-29,7,0,good,443
INV_0006403,WH_001,WH_001_AMBIENT_125,SKU_00062,BATCH_0006403,2024-12-01,2026-11-22,2024-12-10,61,14,good,179
INV_0006404,WH_003,WH_003_AMBIENT_133,SKU_00143,BATCH_0006404,2026-05-01,2027-05-01,2026-05-02,32,8,good,339
INV_0006405,WH_002,WH_002_AMBIENT_022,SKU_00200,BATCH_0006405,2025-08-13,2027-04-08,2025-08-17,16,0,good,316
INV_0006406,WH_001,WH_001_COOL_019,SKU_00169,BATCH_0006406,2026-04-19,2027-04-26,2026-05-02,21,0,good,334
INV_0006407,WH_003,WH_003_COOL_073,SKU_00244,BATCH_0006407,2026-04-13,2027-11-14,2026-04-18,17,0,good,536
INV_0006408,WH_001,WH_001_AMBIENT_186,SKU_00080,BATCH_0006408,2024-12-21,2027-05-07,2025-01-02,59,0,good,345
INV_0006409,WH_002,WH_002_AMBIENT_163,SKU_00234,BATCH_0006409,2026-03-22,2027-03-22,2026-04-04,6,2,good,299
INV_0006410,WH_002,WH_002_COLD_112,SKU_00137,BATCH_0006410,2025-09-12,2026-09-12,2025-09-22,6,0,good,108
INV_0006411,WH_002,WH_002_AMBIENT_042,SKU_00141,BATCH_0006411,2025-09-12,2026-09-12,2025-09-13,4,0,good,108
INV_0006412,WH_002,WH_002_AMBIENT_064,SKU_00066,BATCH_0006412,2026-03-13,2027-08-26,2026-03-24,44,0,good,456
INV_0006413,WH_003,WH_003_COOL_025,SKU_00099,BATCH_0006413,2026-04-02,2027-09-12,2026-04-13,15,0,good,473
INV_0006414,WH_001,WH_001_AMBIENT_073,SKU_00125,BATCH_0006414,2025-08-27,2026-08-27,2025-08-30,50,0,good,92
INV_0006415,WH_002,WH_002_AMBIENT_015,SKU_00009,BATCH_0006415,2024-11-17,2026-12-01,2024-11-27,21,0,good,188
INV_0006416,WH_001,WH_001_AMBIENT_077,SKU_00246,BATCH_0006416,2025-04-26,2026-08-17,2025-05-08,1,0,good,82
INV_0006417,WH_002,WH_002_COOL_023,SKU_00293,BATCH_0006417,2026-02-27,2028-02-27,2026-03-12,1,0,good,641
INV_0006418,WH_003,WH_003_FROZEN_183,SKU_00007,BATCH_0006418,2026-04-29,2026-11-08,2026-05-07,40,2,good,165
INV_0006419,WH_003,WH_003_AMBIENT_014,SKU_00102,BATCH_0006419,2025-11-01,2028-04-17,2025-11-03,103,0,good,691
INV_0006420,WH_003,WH_003_COOL_067,SKU_00070,BATCH_0006420,2025-09-20,2027-09-20,2025-09-22,48,0,good,481
INV_0006421,WH_003,WH_003_AMBIENT_198,SKU_00105,BATCH_0006421,2025-10-15,2026-10-15,2025-10-19,63,0,good,141
INV_0006422,WH_003,WH_003_AMBIENT_176,SKU_00132,BATCH_0006422,2026-05-01,2027-05-01,2026-05-10,12,0,good,339
INV_0006423,WH_002,WH_002_COOL_076,SKU_00006,BATCH_0006423,2025-10-02,2027-10-02,2025-10-15,17,0,good,493
INV_0006424,WH_001,WH_001_AMBIENT_104,SKU_00048,BATCH_0006424,2026-04-20,2027-07-08,2026-04-29,13,0,good,407
INV_0006425,WH_002,WH_002_AMBIENT_097,SKU_00018,BATCH_0006425,2025-04-26,2026-08-26,2025-04-29,30,0,good,91
INV_0006426,WH_002,WH_002_AMBIENT_197,SKU_00129,BATCH_0006426,2026-04-24,2027-04-24,2026-05-02,19,6,good,332
INV_0006427,WH_003,WH_003_AMBIENT_164,SKU_00025,BATCH_0006427,2026-02-07,2027-02-07,2026-02-19,23,1,good,256
INV_0006428,WH_002,WH_002_AMBIENT_024,SKU_00258,BATCH_0006428,2025-07-04,2026-11-13,2025-07-07,41,0,good,170
INV_0006429,WH_002,WH_002_FROZEN_137,SKU_00189,BATCH_0006429,2026-05-20,2028-05-19,2026-05-22,11,0,good,723
INV_0006430,WH_002,WH_002_AMBIENT_124,SKU_00030,BATCH_0006430,2025-07-12,2027-11-22,2025-07-17,11,0,good,544
INV_0006431,WH_002,WH_002_COLD_152,SKU_00228,BATCH_0006431,2025-10-20,2026-08-17,2025-10-29,4,0,good,82
INV_0006432,WH_001,WH_001_COLD_152,SKU_00149,BATCH_0006432,2026-03-30,2026-08-22,2026-04-05,44,0,good,87
INV_0006433,WH_002,WH_002_COOL_031,SKU_00033,BATCH_0006433,2025-12-28,2027-03-04,2026-01-05,9,3,good,281
INV_0006434,WH_001,WH_001_COOL_163,SKU_00206,BATCH_0006434,2026-04-21,2027-10-12,2026-05-03,18,3,good,503
INV_0006435,WH_002,WH_002_AMBIENT_118,SKU_00076,BATCH_0006435,2026-05-06,2028-07-15,2026-05-13,37,0,good,780
INV_0006436,WH_003,WH_003_AMBIENT_194,SKU_00094,BATCH_0006436,2024-08-29,2026-11-21,2024-09-05,4,0,good,178
INV_0006437,WH_001,WH_001_AMBIENT_078,SKU_00200,BATCH_0006437,2025-01-31,2026-09-26,2025-02-08,37,9,good,122
INV_0006438,WH_003,WH_003_COOL_170,SKU_00006,BATCH_0006438,2025-04-02,2027-04-02,2025-04-15,1,0,good,310
INV_0006439,WH_002,WH_002_AMBIENT_177,SKU_00141,BATCH_0006439,2025-08-01,2026-08-01,2025-08-06,10,2,good,66
INV_0006440,WH_001,WH_001_COOL_101,SKU_00079,BATCH_0006440,2025-07-10,2027-02-07,2025-07-21,26,0,good,256
INV_0006441,WH_001,WH_001_AMBIENT_199,SKU_00286,BATCH_0006441,2024-11-27,2026-10-14,2024-12-09,18,0,good,140
INV_0006442,WH_001,WH_001_AMBIENT_150,SKU_00217,BATCH_0006442,2025-09-18,2027-11-16,2025-09-23,6,0,good,538
INV_0006443,WH_002,WH_002_COOL_168,SKU_00038,BATCH_0006443,2026-02-11,2027-11-09,2026-02-21,2,0,good,531
INV_0006444,WH_003,WH_003_AMBIENT_063,SKU_00018,BATCH_0006444,2025-06-13,2026-10-13,2025-06-26,3,0,good,139
INV_0006445,WH_003,WH_003_AMBIENT_123,SKU_00075,BATCH_0006445,2025-07-10,2026-07-10,2025-07-19,5,0,good,44
INV_0006446,WH_002,WH_002_COOL_115,SKU_00099,BATCH_0006446,2025-09-01,2027-02-11,2025-09-10,3,0,good,260
INV_0006447,WH_001,WH_001_AMBIENT_196,SKU_00250,BATCH_0006447,2025-04-19,2027-11-06,2025-04-22,183,0,good,528
INV_0006448,WH_002,WH_002_AMBIENT_137,SKU_00246,BATCH_0006448,2025-07-19,2026-11-09,2025-07-30,23,0,good,166
INV_0006449,WH_002,WH_002_COOL_028,SKU_00162,BATCH_0006449,2024-12-16,2026-12-16,2024-12-23,23,0,good,203
INV_0006450,WH_002,WH_002_AMBIENT_057,SKU_00166,BATCH_0006450,2026-01-06,2027-07-18,2026-01-14,148,10,good,417
INV_0006451,WH_001,WH_001_AMBIENT_057,SKU_00250,BATCH_0006451,2025-05-01,2027-11-18,2025-05-10,10,0,good,540
INV_0006452,WH_001,WH_001_AMBIENT_014,SKU_00066,BATCH_0006452,2026-04-04,2027-09-17,2026-04-11,11,0,good,478
INV_0006453,WH_003,WH_003_COOL_166,SKU_00074,BATCH_0006453,2024-10-26,2026-10-26,2024-11-03,148,29,good,152
INV_0006454,WH_002,WH_002_COOL_002,SKU_00003,BATCH_0006454,2025-06-18,2027-06-18,2025-06-26,4,0,good,387
INV_0006455,WH_003,WH_003_COLD_172,SKU_00053,BATCH_0006455,2026-03-26,2026-11-09,2026-04-06,221,71,good,166
INV_0006456,WH_003,WH_003_COLD_051,SKU_00154,BATCH_0006456,2026-03-20,2026-08-14,2026-03-31,30,0,good,79
INV_0006457,WH_001,WH_001_AMBIENT_147,SKU_00163,BATCH_0006457,2025-08-19,2027-03-04,2025-08-24,94,0,good,281
INV_0006458,WH_001,WH_001_COOL_022,SKU_00119,BATCH_0006458,2026-04-04,2027-07-29,2026-04-05,2,0,good,428
INV_0006459,WH_003,WH_003_COLD_166,SKU_00204,BATCH_0006459,2025-10-31,2026-10-26,2025-11-04,86,0,good,152
INV_0006460,WH_001,WH_001_COLD_156,SKU_00134,BATCH_0006460,2025-11-02,2026-11-02,2025-11-03,10,0,good,159
INV_0006461,WH_003,WH_003_COOL_062,SKU_00079,BATCH_0006461,2025-12-15,2027-07-15,2025-12-20,26,0,good,414
INV_0006462,WH_003,WH_003_AMBIENT_041,SKU_00277,BATCH_0006462,2025-06-10,2027-05-24,2025-06-18,23,0,good,362
INV_0006463,WH_002,WH_002_AMBIENT_104,SKU_00118,BATCH_0006463,2025-07-25,2026-07-25,2025-07-29,12,3,good,59
INV_0006464,WH_003,WH_003_COLD_118,SKU_00037,BATCH_0006464,2026-04-20,2027-04-20,2026-04-28,4,1,good,328
INV_0006465,WH_003,WH_003_AMBIENT_176,SKU_00105,BATCH_0006465,2025-07-07,2026-07-07,2025-07-12,12,0,good,41
INV_0006466,WH_003,WH_003_COLD_052,SKU_00183,BATCH_0006466,2026-01-26,2027-01-26,2026-01-30,15,0,good,244
INV_0006467,WH_001,WH_001_COLD_073,SKU_00092,BATCH_0006467,2025-09-01,2026-09-01,2025-09-08,4,0,good,97
INV_0006468,WH_002,WH_002_COOL_131,SKU_00130,BATCH_0006468,2025-07-17,2027-07-17,2025-07-20,27,0,good,416
INV_0006469,WH_003,WH_003_COLD_153,SKU_00196,BATCH_0006469,2025-12-12,2026-07-02,2025-12-24,12,0,good,36
INV_0006470,WH_001,WH_001_COOL_019,SKU_00276,BATCH_0006470,2025-11-29,2027-08-30,2025-12-05,12,0,good,460
INV_0006471,WH_001,WH_001_AMBIENT_200,SKU_00274,BATCH_0006471,2026-05-05,2027-05-05,2026-05-12,9,0,good,343
INV_0006472,WH_001,WH_001_AMBIENT_195,SKU_00135,BATCH_0006472,2025-11-24,2026-11-24,2025-11-26,36,0,good,181
INV_0006473,WH_003,WH_003_COLD_137,SKU_00251,BATCH_0006473,2025-11-07,2026-11-07,2025-11-14,39,0,good,164
INV_0006474,WH_003,WH_003_COLD_053,SKU_00183,BATCH_0006474,2025-11-22,2026-11-22,2025-11-29,24,0,good,179
INV_0006475,WH_002,WH_002_AMBIENT_162,SKU_00012,BATCH_0006475,2026-01-08,2027-01-08,2026-01-16,2,0,good,226
INV_0006476,WH_001,WH_001_AMBIENT_174,SKU_00233,BATCH_0006476,2026-04-18,2027-11-28,2026-04-20,1,0,good,550
INV_0006477,WH_002,WH_002_AMBIENT_016,SKU_00250,BATCH_0006477,2026-03-10,2028-09-26,2026-03-16,5,0,good,853
INV_0006478,WH_003,WH_003_COLD_019,SKU_00092,BATCH_0006478,2026-01-01,2027-01-01,2026-01-03,13,0,good,219
INV_0006479,WH_003,WH_003_COLD_030,SKU_00090,BATCH_0006479,2026-02-20,2026-07-18,2026-02-22,122,19,good,52
INV_0006480,WH_002,WH_002_AMBIENT_147,SKU_00170,BATCH_0006480,2025-12-13,2026-12-13,2025-12-15,20,0,good,200
INV_0006481,WH_001,WH_001_COLD_008,SKU_00251,BATCH_0006481,2026-04-26,2027-04-26,2026-05-09,44,0,good,334
INV_0006482,WH_001,WH_001_AMBIENT_170,SKU_00019,BATCH_0006482,2025-03-25,2028-01-08,2025-04-01,109,0,good,591
INV_0006483,WH_001,WH_001_AMBIENT_075,SKU_00104,BATCH_0006483,2025-05-28,2027-07-17,2025-06-07,9,2,good,416
INV_0006484,WH_002,WH_002_COOL_179,SKU_00162,BATCH_0006484,2025-08-11,2027-08-11,2025-08-15,12,0,good,441
INV_0006485,WH_001,WH_001_COOL_040,SKU_00101,BATCH_0006485,2024-10-08,2026-10-08,2024-10-11,3,0,good,134
INV_0006486,WH_001,WH_001_AMBIENT_041,SKU_00286,BATCH_0006486,2026-05-12,2028-03-28,2026-05-19,32,0,good,671
INV_0006487,WH_001,WH_001_AMBIENT_010,SKU_00257,BATCH_0006487,2025-10-06,2027-04-04,2025-10-16,8,0,good,312
INV_0006488,WH_002,WH_002_COOL_121,SKU_00276,BATCH_0006488,2025-11-12,2027-08-13,2025-11-20,39,13,good,443
INV_0006489,WH_001,WH_001_COLD_067,SKU_00193,BATCH_0006489,2025-08-30,2026-07-30,2025-09-07,10,0,good,64
INV_0006490,WH_002,WH_002_AMBIENT_162,SKU_00248,BATCH_0006490,2025-03-05,2027-06-07,2025-03-18,18,1,good,376
INV_0006491,WH_001,WH_001_AMBIENT_072,SKU_00080,BATCH_0006491,2024-06-09,2026-10-24,2024-06-12,6,1,good,150
INV_0006492,WH_001,WH_001_COLD_006,SKU_00149,BATCH_0006492,2026-03-15,2026-08-07,2026-03-20,73,0,good,72
INV_0006493,WH_002,WH_002_AMBIENT_147,SKU_00259,BATCH_0006493,2025-09-16,2027-09-04,2025-09-26,35,1,good,465
INV_0006494,WH_001,WH_001_COLD_152,SKU_00182,BATCH_0006494,2026-02-01,2026-10-11,2026-02-13,5,0,good,137
INV_0006495,WH_002,WH_002_AMBIENT_035,SKU_00230,BATCH_0006495,2025-07-03,2027-07-11,2025-07-06,17,0,good,410
INV_0006496,WH_001,WH_001_COOL_011,SKU_00187,BATCH_0006496,2025-03-11,2026-08-12,2025-03-19,5,0,good,77
INV_0006497,WH_002,WH_002_COOL_148,SKU_00273,BATCH_0006497,2025-05-22,2026-12-30,2025-05-31,9,0,good,217
INV_0006498,WH_003,WH_003_COOL_030,SKU_00145,BATCH_0006498,2026-03-08,2027-06-29,2026-03-21,63,0,good,398
INV_0006499,WH_003,WH_003_AMBIENT_068,SKU_00036,BATCH_0006499,2026-01-13,2027-04-16,2026-01-15,18,0,good,324
INV_0006500,WH_002,WH_002_COOL_110,SKU_00289,BATCH_0006500,2025-07-19,2026-08-18,2025-08-01,11,0,good,83
INV_0006501,WH_003,WH_003_COLD_199,SKU_00053,BATCH_0006501,2026-04-06,2026-11-20,2026-04-10,15,0,good,177
INV_0006502,WH_003,WH_003_AMBIENT_161,SKU_00025,BATCH_0006502,2026-05-25,2027-05-25,2026-05-27,14,0,good,363
INV_0006503,WH_001,WH_001_AMBIENT_088,SKU_00246,BATCH_0006503,2025-09-23,2027-01-14,2025-09-26,7,0,good,232
INV_0006504,WH_002,WH_002_AMBIENT_161,SKU_00008,BATCH_0006504,2025-07-21,2026-07-21,2025-07-27,34,6,good,55
INV_0006505,WH_001,WH_001_AMBIENT_088,SKU_00234,BATCH_0006505,2025-08-26,2026-08-26,2025-09-01,100,0,good,91
INV_0006506,WH_002,WH_002_COOL_086,SKU_00224,BATCH_0006506,2026-03-23,2027-05-13,2026-03-28,10,0,good,351
INV_0006507,WH_003,WH_003_AMBIENT_024,SKU_00118,BATCH_0006507,2025-11-08,2026-11-08,2025-11-16,28,8,good,165
INV_0006508,WH_001,WH_001_AMBIENT_098,SKU_00177,BATCH_0006508,2026-01-02,2027-12-17,2026-01-12,29,1,good,569
INV_0006509,WH_003,WH_003_FROZEN_011,SKU_00032,BATCH_0006509,2025-12-02,2026-08-14,2025-12-06,53,0,good,79
INV_0006510,WH_002,WH_002_AMBIENT_095,SKU_00036,BATCH_0006510,2025-07-27,2026-10-28,2025-08-07,131,0,good,154
INV_0006511,WH_001,WH_001_COOL_091,SKU_00015,BATCH_0006511,2025-02-03,2026-10-24,2025-02-14,19,0,good,150
INV_0006512,WH_003,WH_003_COLD_069,SKU_00193,BATCH_0006512,2025-11-15,2026-10-15,2025-11-19,3,0,good,141
INV_0006513,WH_002,WH_002_COOL_166,SKU_00144,BATCH_0006513,2024-10-25,2026-10-16,2024-11-03,16,0,good,142
INV_0006514,WH_002,WH_002_AMBIENT_067,SKU_00234,BATCH_0006514,2026-03-21,2027-03-21,2026-04-03,1,0,good,298
INV_0006515,WH_001,WH_001_AMBIENT_101,SKU_00200,BATCH_0006515,2026-01-26,2027-09-21,2026-01-31,111,1,good,482
INV_0006516,WH_003,WH_003_COOL_181,SKU_00275,BATCH_0006516,2024-11-27,2026-11-27,2024-12-06,53,0,good,184
INV_0006517,WH_002,WH_002_COLD_021,SKU_00149,BATCH_0006517,2026-04-03,2026-08-26,2026-04-05,24,0,good,91
INV_0006518,WH_003,WH_003_COOL_132,SKU_00070,BATCH_0006518,2026-05-08,2028-05-07,2026-05-21,1,0,good,711
INV_0006519,WH_001,WH_001_COOL_053,SKU_00099,BATCH_0006519,2025-04-24,2026-10-04,2025-05-05,37,0,good,130
INV_0006520,WH_002,WH_002_COOL_023,SKU_00289,BATCH_0006520,2026-05-20,2027-06-19,2026-05-27,5,0,good,388
INV_0006521,WH_003,WH_003_AMBIENT_009,SKU_00083,BATCH_0006521,2025-10-10,2026-10-10,2025-10-16,10,0,good,136
INV_0006522,WH_003,WH_003_COOL_075,SKU_00041,BATCH_0006522,2026-01-15,2027-07-15,2026-01-20,40,0,good,414
INV_0006523,WH_003,WH_003_COOL_094,SKU_00280,BATCH_0006523,2025-12-21,2027-12-21,2025-12-22,9,0,good,573
INV_0006524,WH_002,WH_002_COLD_022,SKU_00137,BATCH_0006524,2025-08-30,2026-08-30,2025-09-03,4,0,good,95
INV_0006525,WH_003,WH_003_COOL_135,SKU_00289,BATCH_0006525,2025-06-12,2026-07-12,2025-06-24,22,4,good,46
INV_0006526,WH_003,WH_003_COOL_081,SKU_00253,BATCH_0006526,2026-05-20,2028-05-19,2026-05-22,18,1,good,723
INV_0006527,WH_002,WH_002_AMBIENT_188,SKU_00267,BATCH_0006527,2026-03-04,2028-03-15,2026-03-16,24,0,good,658
INV_0006528,WH_002,WH_002_COLD_026,SKU_00040,BATCH_0006528,2026-04-16,2026-08-31,2026-04-18,41,1,good,96
INV_0006529,WH_002,WH_002_COLD_137,SKU_00146,BATCH_0006529,2025-11-03,2026-11-03,2025-11-16,233,0,good,160
INV_0006530,WH_003,WH_003_AMBIENT_191,SKU_00283,BATCH_0006530,2026-05-10,2027-05-10,2026-05-15,3,0,good,348
INV_0006531,WH_001,WH_001_COOL_127,SKU_00206,BATCH_0006531,2025-12-03,2027-05-26,2025-12-14,3,0,good,364
INV_0006532,WH_002,WH_002_AMBIENT_148,SKU_00213,BATCH_0006532,2026-01-24,2028-06-07,2026-01-27,21,6,good,742
INV_0006533,WH_001,WH_001_AMBIENT_068,SKU_00012,BATCH_0006533,2026-03-30,2027-03-30,2026-04-11,4,0,good,307
INV_0006534,WH_001,WH_001_COOL_017,SKU_00072,BATCH_0006534,2024-10-08,2026-10-08,2024-10-18,29,0,good,134
INV_0006535,WH_001,WH_001_COOL_050,SKU_00175,BATCH_0006535,2025-07-26,2026-07-12,2025-08-01,8,0,good,46
INV_0006536,WH_002,WH_002_COOL_077,SKU_00145,BATCH_0006536,2025-06-24,2026-10-15,2025-07-02,10,0,good,141
INV_0006537,WH_002,WH_002_AMBIENT_174,SKU_00116,BATCH_0006537,2024-12-12,2027-07-20,2024-12-19,7,0,good,419
INV_0006538,WH_002,WH_002_FROZEN_135,SKU_00189,BATCH_0006538,2025-10-05,2027-10-05,2025-10-08,22,3,good,496
INV_0006539,WH_002,WH_002_AMBIENT_104,SKU_00061,BATCH_0006539,2024-12-01,2027-05-07,2024-12-02,19,0,good,345
INV_0006540,WH_001,WH_001_AMBIENT_137,SKU_00241,BATCH_0006540,2024-10-19,2027-04-15,2024-10-28,12,0,good,323
INV_0006541,WH_003,WH_003_AMBIENT_195,SKU_00057,BATCH_0006541,2025-03-16,2027-08-29,2025-03-17,21,0,good,459
INV_0006542,WH_002,WH_002_COOL_182,SKU_00002,BATCH_0006542,2026-04-26,2028-04-25,2026-05-04,3,0,good,699
INV_0006543,WH_003,WH_003_AMBIENT_158,SKU_00095,BATCH_0006543,2025-08-31,2027-12-19,2025-09-09,15,0,good,571
INV_0006544,WH_001,WH_001_COLD_147,SKU_00182,BATCH_0006544,2026-04-10,2026-12-18,2026-04-18,11,0,good,205
INV_0006545,WH_003,WH_003_AMBIENT_152,SKU_00084,BATCH_0006545,2025-07-28,2026-07-28,2025-08-06,79,17,good,62
INV_0006546,WH_002,WH_002_COOL_118,SKU_00261,BATCH_0006546,2026-05-24,2027-06-08,2026-05-31,41,0,good,377
INV_0006547,WH_002,WH_002_COOL_028,SKU_00219,BATCH_0006547,2025-04-15,2027-01-17,2025-04-22,25,2,good,235
INV_0006548,WH_002,WH_002_COLD_041,SKU_00039,BATCH_0006548,2026-04-08,2027-04-08,2026-04-11,19,1,good,316
INV_0006549,WH_003,WH_003_AMBIENT_003,SKU_00277,BATCH_0006549,2024-10-27,2026-10-10,2024-11-06,18,0,good,136
INV_0006550,WH_001,WH_001_AMBIENT_162,SKU_00291,BATCH_0006550,2025-08-06,2027-02-09,2025-08-13,8,0,good,258
INV_0006551,WH_001,WH_001_COLD_063,SKU_00065,BATCH_0006551,2026-04-20,2026-08-22,2026-04-27,2,0,good,87
INV_0006552,WH_001,WH_001_COOL_187,SKU_00031,BATCH_0006552,2025-03-05,2026-09-18,2025-03-11,1,0,good,114
INV_0006553,WH_001,WH_001_COOL_111,SKU_00275,BATCH_0006553,2026-01-17,2028-01-17,2026-01-25,23,0,good,600
INV_0006554,WH_001,WH_001_COOL_016,SKU_00010,BATCH_0006554,2025-08-09,2027-08-09,2025-08-15,63,0,good,439
INV_0006555,WH_002,WH_002_COOL_174,SKU_00130,BATCH_0006555,2025-12-12,2027-12-12,2025-12-17,19,0,good,564
INV_0006556,WH_002,WH_002_AMBIENT_038,SKU_00172,BATCH_0006556,2024-11-02,2027-01-09,2024-11-14,33,2,good,227
INV_0006557,WH_002,WH_002_COOL_030,SKU_00211,BATCH_0006557,2025-05-12,2027-05-12,2025-05-21,24,0,good,350
INV_0006558,WH_003,WH_003_COOL_118,SKU_00112,BATCH_0006558,2025-02-10,2027-02-10,2025-02-15,13,0,good,259
INV_0006559,WH_002,WH_002_COLD_031,SKU_00029,BATCH_0006559,2026-05-24,2027-05-24,2026-06-06,148,0,good,362
INV_0006560,WH_002,WH_002_COLD_171,SKU_00199,BATCH_0006560,2025-09-20,2026-09-20,2025-09-26,43,10,good,116
INV_0006561,WH_001,WH_001_COOL_129,SKU_00167,BATCH_0006561,2025-12-28,2026-07-05,2026-01-09,15,0,good,39
INV_0006562,WH_003,WH_003_AMBIENT_019,SKU_00239,BATCH_0006562,2025-12-11,2026-12-11,2025-12-21,2,0,good,198
INV_0006563,WH_001,WH_001_AMBIENT_163,SKU_00292,BATCH_0006563,2026-05-17,2027-10-06,2026-05-22,25,0,good,497
INV_0006564,WH_002,WH_002_COLD_144,SKU_00229,BATCH_0006564,2025-07-14,2026-07-14,2025-07-26,28,6,good,48
INV_0006565,WH_001,WH_001_COOL_187,SKU_00293,BATCH_0006565,2025-12-25,2027-12-25,2026-01-02,45,16,good,577
INV_0006566,WH_001,WH_001_AMBIENT_068,SKU_00115,BATCH_0006566,2024-11-14,2026-09-10,2024-11-15,11,0,good,106
INV_0006567,WH_002,WH_002_COOL_067,SKU_00099,BATCH_0006567,2025-11-02,2027-04-14,2025-11-15,42,0,good,322
INV_0006568,WH_002,WH_002_AMBIENT_132,SKU_00055,BATCH_0006568,2026-04-21,2027-08-25,2026-05-04,43,0,good,455
INV_0006569,WH_003,WH_003_AMBIENT_167,SKU_00282,BATCH_0006569,2026-05-01,2028-09-12,2026-05-02,92,26,good,839
INV_0006570,WH_003,WH_003_COLD_030,SKU_00256,BATCH_0006570,2026-04-08,2027-04-08,2026-04-10,17,1,good,316
INV_0006571,WH_001,WH_001_COOL_193,SKU_00245,BATCH_0006571,2025-04-28,2026-09-23,2025-05-08,12,0,good,119
INV_0006572,WH_001,WH_001_COOL_178,SKU_00099,BATCH_0006572,2025-06-01,2026-11-11,2025-06-13,12,0,good,168
INV_0006573,WH_001,WH_001_AMBIENT_085,SKU_00022,BATCH_0006573,2025-03-12,2027-05-22,2025-03-16,32,0,good,360
INV_0006574,WH_001,WH_001_COOL_059,SKU_00038,BATCH_0006574,2025-07-11,2027-04-08,2025-07-18,13,0,good,316
INV_0006575,WH_003,WH_003_AMBIENT_055,SKU_00100,BATCH_0006575,2025-12-17,2028-08-01,2025-12-22,31,0,good,797
INV_0006576,WH_002,WH_002_COLD_034,SKU_00182,BATCH_0006576,2026-05-25,2027-02-01,2026-06-03,34,0,good,250
INV_0006577,WH_001,WH_001_COLD_030,SKU_00106,BATCH_0006577,2025-10-12,2026-07-20,2025-10-17,41,0,good,54
INV_0006578,WH_003,WH_003_AMBIENT_044,SKU_00170,BATCH_0006578,2026-01-27,2027-01-27,2026-01-29,30,8,good,245
INV_0006579,WH_003,WH_003_AMBIENT_188,SKU_00067,BATCH_0006579,2025-03-22,2027-03-28,2025-04-02,28,0,good,305
INV_0006580,WH_003,WH_003_AMBIENT_088,SKU_00113,BATCH_0006580,2025-08-21,2026-08-21,2025-08-23,16,5,good,86
INV_0006581,WH_001,WH_001_COOL_196,SKU_00099,BATCH_0006581,2026-05-23,2027-11-02,2026-05-25,4,0,good,524
INV_0006582,WH_003,WH_003_COOL_027,SKU_00212,BATCH_0006582,2025-06-24,2027-02-25,2025-06-28,32,0,good,274
INV_0006583,WH_002,WH_002_COLD_146,SKU_00047,BATCH_0006583,2025-12-22,2026-11-12,2026-01-01,15,0,good,169
INV_0006584,WH_001,WH_001_AMBIENT_174,SKU_00297,BATCH_0006584,2025-03-15,2026-10-01,2025-03-17,88,0,good,127
INV_0006585,WH_001,WH_001_AMBIENT_054,SKU_00248,BATCH_0006585,2024-09-07,2026-12-10,2024-09-08,33,0,good,197
INV_0006586,WH_001,WH_001_AMBIENT_067,SKU_00153,BATCH_0006586,2025-10-13,2026-10-19,2025-10-14,14,0,good,145
INV_0006587,WH_002,WH_002_FROZEN_148,SKU_00192,BATCH_0006587,2025-12-29,2026-08-28,2026-01-01,49,0,good,93
INV_0006588,WH_001,WH_001_AMBIENT_009,SKU_00148,BATCH_0006588,2025-06-19,2027-12-14,2025-06-28,3,0,good,566
INV_0006589,WH_003,WH_003_AMBIENT_178,SKU_00205,BATCH_0006589,2025-09-25,2026-10-21,2025-10-05,87,12,good,147
INV_0006590,WH_002,WH_002_AMBIENT_040,SKU_00152,BATCH_0006590,2025-03-10,2026-10-31,2025-03-15,24,0,good,157
INV_0006591,WH_001,WH_001_AMBIENT_072,SKU_00278,BATCH_0006591,2026-04-29,2028-05-30,2026-05-09,5,0,good,734
INV_0006592,WH_002,WH_002_COOL_035,SKU_00043,BATCH_0006592,2024-12-21,2026-12-21,2024-12-27,190,0,good,208
INV_0006593,WH_002,WH_002_AMBIENT_065,SKU_00185,BATCH_0006593,2026-01-01,2027-01-01,2026-01-08,2,0,good,219
INV_0006594,WH_003,WH_003_AMBIENT_124,SKU_00094,BATCH_0006594,2025-09-20,2027-12-13,2025-10-03,14,0,good,565
INV_0006595,WH_002,WH_002_COOL_020,SKU_00243,BATCH_0006595,2025-11-03,2027-11-03,2025-11-10,9,3,good,525
INV_0006596,WH_003,WH_003_AMBIENT_166,SKU_00026,BATCH_0006596,2025-10-27,2027-05-25,2025-11-05,12,0,good,363
INV_0006597,WH_003,WH_003_COLD_023,SKU_00123,BATCH_0006597,2025-09-05,2026-09-05,2025-09-18,31,0,good,101
INV_0006598,WH_003,WH_003_COLD_107,SKU_00183,BATCH_0006598,2025-08-23,2026-08-23,2025-08-27,15,0,good,88
INV_0006599,WH_003,WH_003_COOL_147,SKU_00227,BATCH_0006599,2025-08-20,2027-08-20,2025-08-24,12,3,good,450
INV_0006600,WH_002,WH_002_AMBIENT_081,SKU_00150,BATCH_0006600,2025-08-02,2026-10-18,2025-08-09,14,0,good,144
INV_0006601,WH_003,WH_003_FROZEN_159,SKU_00192,BATCH_0006601,2026-03-01,2026-10-29,2026-03-13,14,0,good,155
INV_0006602,WH_001,WH_001_AMBIENT_139,SKU_00036,BATCH_0006602,2025-09-15,2026-12-17,2025-09-22,8,0,good,204
INV_0006603,WH_001,WH_001_COOL_138,SKU_00293,BATCH_0006603,2026-03-10,2028-03-09,2026-03-19,15,0,good,652
INV_0006604,WH_003,WH_003_COLD_034,SKU_00082,BATCH_0006604,2025-09-15,2026-09-15,2025-09-16,64,0,good,111
INV_0006605,WH_002,WH_002_AMBIENT_007,SKU_00148,BATCH_0006605,2024-08-29,2027-02-23,2024-09-04,116,0,good,272
INV_0006606,WH_002,WH_002_AMBIENT_032,SKU_00124,BATCH_0006606,2025-05-12,2027-05-20,2025-05-25,6,0,good,358
INV_0006607,WH_003,WH_003_FROZEN_184,SKU_00032,BATCH_0006607,2025-12-15,2026-08-27,2025-12-23,18,2,good,92
INV_0006608,WH_001,WH_001_COLD_135,SKU_00037,BATCH_0006608,2026-03-23,2027-03-23,2026-03-30,49,4,good,300
INV_0006609,WH_002,WH_002_COOL_008,SKU_00031,BATCH_0006609,2025-12-07,2027-06-22,2025-12-20,9,3,good,391
INV_0006610,WH_003,WH_003_COOL_118,SKU_00142,BATCH_0006610,2026-03-21,2027-07-08,2026-04-03,2,0,good,407
INV_0006611,WH_003,WH_003_COOL_188,SKU_00003,BATCH_0006611,2026-03-14,2028-03-13,2026-03-26,29,0,good,656
INV_0006612,WH_001,WH_001_FROZEN_121,SKU_00032,BATCH_0006612,2026-01-19,2026-10-01,2026-01-23,16,3,good,127
INV_0006613,WH_002,WH_002_COOL_028,SKU_00003,BATCH_0006613,2025-04-12,2027-04-12,2025-04-22,89,0,good,320
INV_0006614,WH_001,WH_001_AMBIENT_180,SKU_00147,BATCH_0006614,2025-07-03,2028-03-31,2025-07-07,1,0,good,674
INV_0006615,WH_002,WH_002_COLD_178,SKU_00193,BATCH_0006615,2025-08-17,2026-07-17,2025-08-22,7,2,good,51
INV_0006616,WH_003,WH_003_AMBIENT_090,SKU_00174,BATCH_0006616,2026-05-13,2028-09-19,2026-05-24,133,0,good,846
INV_0006617,WH_003,WH_003_AMBIENT_199,SKU_00075,BATCH_0006617,2025-12-03,2026-12-03,2025-12-06,26,5,good,190
INV_0006618,WH_002,WH_002_AMBIENT_170,SKU_00200,BATCH_0006618,2026-03-15,2027-11-08,2026-03-24,14,0,good,530
INV_0006619,WH_002,WH_002_AMBIENT_123,SKU_00250,BATCH_0006619,2024-03-23,2026-10-10,2024-04-05,35,0,good,136
INV_0006620,WH_002,WH_002_COOL_003,SKU_00169,BATCH_0006620,2025-10-27,2026-11-03,2025-11-06,52,3,good,160
INV_0006621,WH_003,WH_003_COLD_057,SKU_00068,BATCH_0006621,2026-04-28,2027-04-28,2026-05-01,4,0,good,336
INV_0006622,WH_002,WH_002_AMBIENT_095,SKU_00135,BATCH_0006622,2025-08-17,2026-08-17,2025-08-27,42,0,good,82
INV_0006623,WH_003,WH_003_COOL_019,SKU_00175,BATCH_0006623,2025-09-13,2026-08-30,2025-09-15,30,0,good,95
INV_0006624,WH_002,WH_002_AMBIENT_082,SKU_00281,BATCH_0006624,2026-05-15,2027-05-15,2026-05-21,92,0,good,353
INV_0006625,WH_002,WH_002_AMBIENT_109,SKU_00286,BATCH_0006625,2025-10-05,2027-08-22,2025-10-10,6,0,good,452
INV_0006626,WH_001,WH_001_COLD_077,SKU_00264,BATCH_0006626,2026-03-10,2026-07-28,2026-03-19,24,0,good,62
INV_0006627,WH_003,WH_003_COOL_152,SKU_00294,BATCH_0006627,2026-05-15,2028-05-14,2026-05-28,2,0,good,718
INV_0006628,WH_001,WH_001_COLD_027,SKU_00229,BATCH_0006628,2026-02-14,2027-02-14,2026-02-25,14,0,good,263
INV_0006629,WH_001,WH_001_AMBIENT_141,SKU_00257,BATCH_0006629,2025-08-20,2027-02-16,2025-09-02,28,0,good,265
INV_0006630,WH_002,WH_002_AMBIENT_082,SKU_00176,BATCH_0006630,2025-10-05,2026-10-05,2025-10-10,20,0,good,131
INV_0006631,WH_003,WH_003_AMBIENT_149,SKU_00116,BATCH_0006631,2024-05-09,2026-12-15,2024-05-22,13,0,good,202
INV_0006632,WH_001,WH_001_AMBIENT_017,SKU_00200,BATCH_0006632,2025-07-31,2027-03-26,2025-08-03,16,0,good,303
INV_0006633,WH_002,WH_002_AMBIENT_120,SKU_00179,BATCH_0006633,2025-11-19,2026-11-19,2025-11-24,3,0,good,176
INV_0006634,WH_003,WH_003_COOL_006,SKU_00003,BATCH_0006634,2026-03-04,2028-03-03,2026-03-16,36,0,good,646
INV_0006635,WH_003,WH_003_FROZEN_005,SKU_00216,BATCH_0006635,2024-12-08,2026-10-13,2024-12-15,3,0,good,139
INV_0006636,WH_001,WH_001_COOL_155,SKU_00138,BATCH_0006636,2025-05-25,2027-04-04,2025-06-02,35,0,good,312
INV_0006637,WH_002,WH_002_COOL_156,SKU_00059,BATCH_0006637,2026-02-06,2028-01-11,2026-02-15,25,1,good,594
INV_0006638,WH_001,WH_001_FROZEN_060,SKU_00197,BATCH_0006638,2025-06-11,2027-06-11,2025-06-13,8,2,good,380
INV_0006639,WH_002,WH_002_COOL_176,SKU_00088,BATCH_0006639,2026-01-06,2028-01-06,2026-01-07,11,3,good,589
INV_0006640,WH_002,WH_002_AMBIENT_122,SKU_00248,BATCH_0006640,2024-06-23,2026-09-25,2024-06-26,8,2,good,121
INV_0006641,WH_002,WH_002_AMBIENT_089,SKU_00094,BATCH_0006641,2025-01-21,2027-04-15,2025-01-30,4,0,good,323
INV_0006642,WH_002,WH_002_AMBIENT_130,SKU_00285,BATCH_0006642,2025-08-10,2026-08-10,2025-08-14,24,0,good,75
INV_0006643,WH_003,WH_003_AMBIENT_101,SKU_00217,BATCH_0006643,2025-08-10,2027-10-08,2025-08-22,14,3,good,499
INV_0006644,WH_002,WH_002_AMBIENT_159,SKU_00185,BATCH_0006644,2025-07-18,2026-07-18,2025-07-23,53,0,good,52
INV_0006645,WH_002,WH_002_AMBIENT_135,SKU_00262,BATCH_0006645,2025-10-19,2027-05-01,2025-10-28,7,1,good,339
INV_0006646,WH_001,WH_001_COLD_153,SKU_00054,BATCH_0006646,2025-12-15,2026-12-15,2025-12-25,31,7,good,202
INV_0006647,WH_003,WH_003_AMBIENT_088,SKU_00174,BATCH_0006647,2025-05-30,2027-10-07,2025-06-08,13,0,good,498
INV_0006648,WH_002,WH_002_AMBIENT_172,SKU_00205,BATCH_0006648,2026-05-11,2027-06-06,2026-05-18,11,0,good,375
INV_0006649,WH_002,WH_002_AMBIENT_122,SKU_00105,BATCH_0006649,2026-03-11,2027-03-11,2026-03-15,35,0,good,288
INV_0006650,WH_001,WH_001_COOL_177,SKU_00175,BATCH_0006650,2025-12-23,2026-12-09,2026-01-05,21,7,good,196
INV_0006651,WH_003,WH_003_AMBIENT_088,SKU_00108,BATCH_0006651,2025-09-21,2028-07-23,2025-10-01,10,1,good,788
INV_0006652,WH_003,WH_003_COLD_101,SKU_00149,BATCH_0006652,2026-03-19,2026-08-11,2026-03-29,73,0,good,76
INV_0006653,WH_001,WH_001_AMBIENT_171,SKU_00113,BATCH_0006653,2026-05-18,2027-05-18,2026-05-20,50,3,good,356
INV_0006654,WH_001,WH_001_AMBIENT_060,SKU_00098,BATCH_0006654,2026-05-21,2028-12-22,2026-05-29,41,0,good,940
INV_0006655,WH_001,WH_001_COLD_007,SKU_00164,BATCH_0006655,2025-11-20,2026-11-20,2025-12-03,33,0,good,177
INV_0006656,WH_001,WH_001_AMBIENT_081,SKU_00115,BATCH_0006656,2025-04-09,2027-02-03,2025-04-13,25,6,good,252
INV_0006657,WH_003,WH_003_AMBIENT_186,SKU_00254,BATCH_0006657,2025-11-04,2026-11-04,2025-11-12,2,0,good,161
INV_0006658,WH_003,WH_003_COOL_007,SKU_00167,BATCH_0006658,2026-01-04,2026-07-12,2026-01-07,27,0,good,46
INV_0006659,WH_001,WH_001_COLD_197,SKU_00092,BATCH_0006659,2025-08-25,2026-08-25,2025-09-04,1,0,good,90
INV_0006660,WH_001,WH_001_COLD_174,SKU_00045,BATCH_0006660,2025-10-09,2026-10-09,2025-10-16,19,0,good,135
INV_0006661,WH_001,WH_001_COOL_129,SKU_00276,BATCH_0006661,2025-12-27,2027-09-27,2025-12-30,18,0,good,488
INV_0006662,WH_002,WH_002_COOL_079,SKU_00043,BATCH_0006662,2026-02-02,2028-02-02,2026-02-12,136,9,good,616
INV_0006663,WH_003,WH_003_COOL_158,SKU_00121,BATCH_0006663,2025-11-16,2027-01-19,2025-11-17,26,0,good,237
INV_0006664,WH_002,WH_002_COOL_164,SKU_00117,BATCH_0006664,2025-04-24,2026-11-07,2025-04-27,8,0,good,164
INV_0006665,WH_003,WH_003_AMBIENT_083,SKU_00147,BATCH_0006665,2024-08-04,2027-05-03,2024-08-06,4,0,good,341
INV_0006666,WH_003,WH_003_COOL_090,SKU_00181,BATCH_0006666,2026-05-21,2027-05-27,2026-05-31,9,0,good,365
INV_0006667,WH_001,WH_001_COOL_061,SKU_00181,BATCH_0006667,2025-11-24,2026-11-30,2025-11-28,21,6,good,187
INV_0006668,WH_003,WH_003_AMBIENT_107,SKU_00191,BATCH_0006668,2026-01-03,2028-07-23,2026-01-07,52,12,good,788
INV_0006669,WH_002,WH_002_AMBIENT_052,SKU_00159,BATCH_0006669,2025-12-14,2026-12-14,2025-12-17,7,0,good,201
INV_0006670,WH_001,WH_001_COOL_169,SKU_00021,BATCH_0006670,2026-03-27,2027-01-13,2026-04-09,15,0,good,231
INV_0006671,WH_001,WH_001_COOL_161,SKU_00064,BATCH_0006671,2025-08-04,2027-08-04,2025-08-15,55,0,good,434
INV_0006672,WH_002,WH_002_AMBIENT_016,SKU_00291,BATCH_0006672,2025-06-23,2026-12-27,2025-06-27,13,0,good,214
INV_0006673,WH_003,WH_003_COOL_136,SKU_00121,BATCH_0006673,2026-03-07,2027-05-10,2026-03-13,4,0,good,348
INV_0006674,WH_002,WH_002_COOL_142,SKU_00167,BATCH_0006674,2025-12-21,2026-06-28,2025-12-31,54,22,good,32
INV_0006675,WH_001,WH_001_AMBIENT_188,SKU_00109,BATCH_0006675,2025-08-04,2026-08-29,2025-08-07,3,0,good,94
INV_0006676,WH_002,WH_002_COOL_017,SKU_00145,BATCH_0006676,2025-10-05,2027-01-26,2025-10-08,105,0,good,244
INV_0006677,WH_001,WH_001_AMBIENT_148,SKU_00057,BATCH_0006677,2025-04-12,2027-09-25,2025-04-17,25,0,good,486
INV_0006678,WH_003,WH_003_FROZEN_049,SKU_00189,BATCH_0006678,2026-01-21,2028-01-21,2026-01-23,5,0,good,604
INV_0006679,WH_003,WH_003_COLD_114,SKU_00040,BATCH_0006679,2026-05-03,2026-09-17,2026-05-09,137,0,good,113
INV_0006680,WH_001,WH_001_AMBIENT_003,SKU_00116,BATCH_0006680,2024-06-17,2027-01-23,2024-06-25,16,2,good,241
INV_0006681,WH_002,WH_002_AMBIENT_134,SKU_00125,BATCH_0006681,2025-08-31,2026-08-31,2025-09-06,61,0,good,96
INV_0006682,WH_003,WH_003_AMBIENT_106,SKU_00223,BATCH_0006682,2024-11-10,2027-09-29,2024-11-22,36,0,good,490
INV_0006683,WH_003,WH_003_COLD_160,SKU_00110,BATCH_0006683,2026-02-06,2026-09-16,2026-02-15,23,0,good,112
INV_0006684,WH_003,WH_003_AMBIENT_131,SKU_00268,BATCH_0006684,2025-09-02,2026-09-02,2025-09-11,106,0,good,98
INV_0006685,WH_003,WH_003_AMBIENT_080,SKU_00104,BATCH_0006685,2025-12-02,2028-01-21,2025-12-11,4,0,good,604
INV_0006686,WH_002,WH_002_AMBIENT_154,SKU_00102,BATCH_0006686,2024-08-22,2027-02-06,2024-09-02,4,0,good,255
INV_0006687,WH_003,WH_003_COOL_074,SKU_00187,BATCH_0006687,2025-11-14,2027-04-17,2025-11-19,4,1,good,325
INV_0006688,WH_003,WH_003_COLD_028,SKU_00182,BATCH_0006688,2026-05-01,2027-01-08,2026-05-05,2,0,good,226
INV_0006689,WH_001,WH_001_COLD_146,SKU_00096,BATCH_0006689,2025-09-20,2026-09-20,2025-09-29,11,0,good,116
INV_0006690,WH_001,WH_001_COOL_007,SKU_00121,BATCH_0006690,2025-05-21,2026-07-24,2025-05-31,19,0,good,58
INV_0006691,WH_001,WH_001_COOL_043,SKU_00064,BATCH_0006691,2024-11-02,2026-11-02,2024-11-15,66,0,good,159
INV_0006692,WH_002,WH_002_COOL_053,SKU_00272,BATCH_0006692,2026-05-13,2027-03-05,2026-05-16,30,0,good,282
INV_0006693,WH_002,WH_002_COOL_141,SKU_00002,BATCH_0006693,2026-03-20,2028-03-19,2026-03-31,1,0,good,662
INV_0006694,WH_002,WH_002_AMBIENT_111,SKU_00285,BATCH_0006694,2026-04-18,2027-04-18,2026-04-24,14,3,good,326
INV_0006695,WH_003,WH_003_AMBIENT_065,SKU_00109,BATCH_0006695,2025-12-29,2027-01-23,2026-01-07,75,0,good,241
INV_0006696,WH_002,WH_002_COLD_130,SKU_00229,BATCH_0006696,2026-03-13,2027-03-13,2026-03-21,41,0,good,290
INV_0006697,WH_003,WH_003_COLD_172,SKU_00204,BATCH_0006697,2025-10-03,2026-09-28,2025-10-12,4,0,good,124
INV_0006698,WH_002,WH_002_AMBIENT_159,SKU_00285,BATCH_0006698,2026-01-11,2027-01-11,2026-01-21,9,0,good,229
INV_0006699,WH_001,WH_001_AMBIENT_189,SKU_00050,BATCH_0006699,2025-11-25,2027-01-01,2025-12-06,8,0,good,219
INV_0006700,WH_002,WH_002_AMBIENT_188,SKU_00028,BATCH_0006700,2025-11-10,2027-03-28,2025-11-15,81,0,good,305
INV_0006701,WH_002,WH_002_AMBIENT_080,SKU_00257,BATCH_0006701,2025-03-26,2026-09-22,2025-03-27,7,1,good,118
INV_0006702,WH_003,WH_003_AMBIENT_028,SKU_00004,BATCH_0006702,2025-03-27,2026-09-01,2025-03-28,37,0,good,97
INV_0006703,WH_003,WH_003_COLD_004,SKU_00196,BATCH_0006703,2026-04-07,2026-10-26,2026-04-10,8,0,good,152
INV_0006704,WH_002,WH_002_AMBIENT_179,SKU_00013,BATCH_0006704,2024-02-24,2026-12-19,2024-02-26,8,0,good,206
INV_0006705,WH_003,WH_003_COLD_185,SKU_00082,BATCH_0006705,2025-09-28,2026-09-28,2025-10-08,14,2,good,124
INV_0006706,WH_003,WH_003_AMBIENT_152,SKU_00103,BATCH_0006706,2026-02-25,2027-02-25,2026-03-03,70,0,good,274
INV_0006707,WH_002,WH_002_AMBIENT_151,SKU_00165,BATCH_0006707,2025-10-28,2027-01-02,2025-11-10,29,11,good,220
INV_0006708,WH_001,WH_001_COOL_031,SKU_00010,BATCH_0006708,2025-07-30,2027-07-30,2025-08-08,148,0,good,429
INV_0006709,WH_003,WH_003_COOL_166,SKU_00207,BATCH_0006709,2026-05-18,2027-05-24,2026-05-19,14,1,good,362
INV_0006710,WH_002,WH_002_AMBIENT_119,SKU_00076,BATCH_0006710,2025-06-26,2027-09-05,2025-07-09,9,0,good,466
INV_0006711,WH_001,WH_001_AMBIENT_038,SKU_00094,BATCH_0006711,2025-05-06,2027-07-29,2025-05-08,75,15,good,428
INV_0006712,WH_003,WH_003_AMBIENT_004,SKU_00279,BATCH_0006712,2025-09-02,2028-07-01,2025-09-10,14,0,good,766
INV_0006713,WH_003,WH_003_AMBIENT_088,SKU_00001,BATCH_0006713,2025-12-31,2027-08-02,2026-01-04,8,0,good,432
INV_0006714,WH_003,WH_003_COOL_103,SKU_00140,BATCH_0006714,2025-12-27,2026-10-04,2025-12-29,23,0,good,130
INV_0006715,WH_003,WH_003_AMBIENT_119,SKU_00239,BATCH_0006715,2025-12-05,2026-12-05,2025-12-12,7,0,good,192
INV_0006716,WH_001,WH_001_COLD_049,SKU_00183,BATCH_0006716,2025-10-25,2026-10-25,2025-11-05,46,0,good,151
INV_0006717,WH_002,WH_002_COLD_135,SKU_00037,BATCH_0006717,2025-11-30,2026-11-30,2025-12-11,5,0,good,187
INV_0006718,WH_001,WH_001_COOL_031,SKU_00006,BATCH_0006718,2026-01-07,2028-01-07,2026-01-15,6,0,good,590
INV_0006719,WH_002,WH_002_AMBIENT_030,SKU_00221,BATCH_0006719,2025-12-26,2026-12-26,2025-12-30,19,0,good,213
INV_0006720,WH_002,WH_002_AMBIENT_184,SKU_00262,BATCH_0006720,2026-02-09,2027-08-22,2026-02-11,41,0,good,452
INV_0006721,WH_002,WH_002_COOL_011,SKU_00064,BATCH_0006721,2026-02-13,2028-02-13,2026-02-25,78,0,good,627
INV_0006722,WH_001,WH_001_COLD_104,SKU_00065,BATCH_0006722,2026-03-19,2026-07-21,2026-03-31,96,2,good,55
INV_0006723,WH_003,WH_003_COOL_078,SKU_00298,BATCH_0006723,2025-08-27,2026-08-23,2025-09-06,13,0,good,88
INV_0006724,WH_001,WH_001_AMBIENT_177,SKU_00173,BATCH_0006724,2024-10-20,2026-10-02,2024-10-29,6,0,good,128
INV_0006725,WH_001,WH_001_AMBIENT_195,SKU_00174,BATCH_0006725,2024-06-09,2026-10-17,2024-06-12,67,0,good,143
INV_0006726,WH_003,WH_003_COOL_134,SKU_00117,BATCH_0006726,2025-10-09,2027-04-24,2025-10-20,38,9,good,332
INV_0006727,WH_001,WH_001_COLD_028,SKU_00090,BATCH_0006727,2026-02-26,2026-07-24,2026-03-01,30,0,good,58
INV_0006728,WH_001,WH_001_AMBIENT_154,SKU_00156,BATCH_0006728,2026-04-03,2028-09-05,2026-04-11,44,0,good,832
INV_0006729,WH_001,WH_001_AMBIENT_090,SKU_00180,BATCH_0006729,2025-07-31,2026-07-31,2025-08-07,222,0,good,65
INV_0006730,WH_003,WH_003_AMBIENT_088,SKU_00155,BATCH_0006730,2025-08-12,2026-11-09,2025-08-14,50,0,good,166
INV_0006731,WH_002,WH_002_AMBIENT_197,SKU_00076,BATCH_0006731,2026-05-25,2028-08-03,2026-06-01,152,0,good,799
INV_0006732,WH_001,WH_001_FROZEN_194,SKU_00197,BATCH_0006732,2026-04-09,2028-04-08,2026-04-22,38,11,good,682
INV_0006733,WH_001,WH_001_COOL_178,SKU_00089,BATCH_0006733,2026-05-15,2027-08-13,2026-05-24,61,0,good,443
INV_0006734,WH_003,WH_003_COLD_177,SKU_00202,BATCH_0006734,2026-05-26,2026-10-15,2026-05-29,5,0,good,141
INV_0006735,WH_002,WH_002_COOL_138,SKU_00272,BATCH_0006735,2025-12-06,2026-09-28,2025-12-16,18,0,good,124
INV_0006736,WH_003,WH_003_AMBIENT_188,SKU_00230,BATCH_0006736,2025-01-11,2027-01-19,2025-01-18,116,0,good,237
INV_0006737,WH_001,WH_001_AMBIENT_117,SKU_00177,BATCH_0006737,2025-03-21,2027-03-05,2025-03-29,63,0,good,282
INV_0006738,WH_001,WH_001_COOL_070,SKU_00117,BATCH_0006738,2026-05-18,2027-12-01,2026-05-30,13,0,good,553
INV_0006739,WH_003,WH_003_AMBIENT_118,SKU_00107,BATCH_0006739,2026-05-03,2027-05-03,2026-05-04,28,0,good,341
INV_0006740,WH_002,WH_002_COLD_114,SKU_00065,BATCH_0006740,2026-04-17,2026-08-19,2026-04-27,16,0,good,84
INV_0006741,WH_003,WH_003_COLD_138,SKU_00037,BATCH_0006741,2025-08-02,2026-08-02,2025-08-04,4,0,good,67
INV_0006742,WH_001,WH_001_COOL_051,SKU_00208,BATCH_0006742,2025-09-06,2027-09-06,2025-09-14,38,0,good,467
INV_0006743,WH_003,WH_003_COOL_012,SKU_00245,BATCH_0006743,2025-08-20,2027-01-15,2025-08-27,53,0,good,233
INV_0006744,WH_002,WH_002_AMBIENT_012,SKU_00083,BATCH_0006744,2026-05-22,2027-05-22,2026-06-02,60,0,good,360
INV_0006745,WH_001,WH_001_COLD_190,SKU_00136,BATCH_0006745,2025-11-10,2026-08-09,2025-11-15,11,0,good,74
INV_0006746,WH_001,WH_001_AMBIENT_104,SKU_00075,BATCH_0006746,2026-02-25,2027-02-25,2026-03-08,59,0,good,274
INV_0006747,WH_002,WH_002_AMBIENT_190,SKU_00235,BATCH_0006747,2026-02-18,2027-02-18,2026-02-27,72,0,good,267
INV_0006748,WH_003,WH_003_COOL_197,SKU_00093,BATCH_0006748,2024-11-25,2026-11-25,2024-11-26,69,0,good,182
INV_0006749,WH_003,WH_003_COOL_088,SKU_00145,BATCH_0006749,2026-05-03,2027-08-24,2026-05-16,56,0,good,454
INV_0006750,WH_003,WH_003_COOL_051,SKU_00101,BATCH_0006750,2025-06-23,2027-06-23,2025-06-26,8,3,good,392
INV_0006751,WH_003,WH_003_COOL_153,SKU_00208,BATCH_0006751,2024-10-31,2026-10-31,2024-11-05,43,0,good,157
INV_0006752,WH_003,WH_003_COOL_058,SKU_00144,BATCH_0006752,2026-04-21,2028-04-11,2026-04-22,31,12,good,685
INV_0006753,WH_002,WH_002_AMBIENT_145,SKU_00097,BATCH_0006753,2025-10-31,2028-01-31,2025-11-06,5,0,good,614
INV_0006754,WH_001,WH_001_AMBIENT_181,SKU_00104,BATCH_0006754,2024-10-04,2026-11-23,2024-10-05,6,0,good,180
INV_0006755,WH_002,WH_002_AMBIENT_036,SKU_00234,BATCH_0006755,2025-07-28,2026-07-28,2025-08-05,17,4,good,62
INV_0006756,WH_001,WH_001_AMBIENT_183,SKU_00124,BATCH_0006756,2025-07-30,2027-08-07,2025-08-02,6,0,good,437
INV_0006757,WH_003,WH_003_AMBIENT_091,SKU_00147,BATCH_0006757,2025-07-08,2028-04-05,2025-07-11,2,0,good,679
INV_0006758,WH_003,WH_003_COLD_005,SKU_00164,BATCH_0006758,2026-01-20,2027-01-20,2026-01-27,18,0,good,238
INV_0006759,WH_001,WH_001_AMBIENT_114,SKU_00234,BATCH_0006759,2026-04-13,2027-04-13,2026-04-19,30,0,good,321
INV_0006760,WH_003,WH_003_COOL_021,SKU_00219,BATCH_0006760,2025-06-25,2027-03-29,2025-07-08,21,0,good,306
INV_0006761,WH_002,WH_002_COOL_024,SKU_00294,BATCH_0006761,2025-01-22,2027-01-22,2025-01-23,23,0,good,240
INV_0006762,WH_001,WH_001_AMBIENT_178,SKU_00267,BATCH_0006762,2026-04-06,2028-04-17,2026-04-16,8,0,good,691
INV_0006763,WH_003,WH_003_AMBIENT_041,SKU_00001,BATCH_0006763,2025-01-05,2026-08-07,2025-01-09,13,0,good,72
INV_0006764,WH_001,WH_001_AMBIENT_139,SKU_00254,BATCH_0006764,2026-03-11,2027-03-11,2026-03-13,63,0,good,288
INV_0006765,WH_001,WH_001_COLD_178,SKU_00196,BATCH_0006765,2026-04-22,2026-11-10,2026-04-27,20,0,good,167
INV_0006766,WH_003,WH_003_COOL_115,SKU_00184,BATCH_0006766,2025-07-22,2027-04-02,2025-07-30,35,0,good,310
INV_0006767,WH_003,WH_003_AMBIENT_070,SKU_00194,BATCH_0006767,2026-01-28,2027-01-28,2026-01-31,74,0,good,246
INV_0006768,WH_003,WH_003_COLD_150,SKU_00228,BATCH_0006768,2026-03-10,2027-01-05,2026-03-17,10,0,good,223
INV_0006769,WH_002,WH_002_COOL_173,SKU_00273,BATCH_0006769,2026-01-10,2027-08-20,2026-01-12,4,0,good,450
INV_0006770,WH_003,WH_003_AMBIENT_139,SKU_00191,BATCH_0006770,2026-01-28,2028-08-17,2026-01-31,24,0,good,813
INV_0006771,WH_001,WH_001_AMBIENT_163,SKU_00073,BATCH_0006771,2025-08-18,2026-08-18,2025-08-31,48,0,good,83
INV_0006772,WH_001,WH_001_AMBIENT_093,SKU_00061,BATCH_0006772,2025-11-24,2028-04-29,2025-12-07,47,7,good,703
INV_0006773,WH_003,WH_003_COOL_114,SKU_00042,BATCH_0006773,2026-02-06,2027-06-30,2026-02-17,27,0,good,399
INV_0006774,WH_001,WH_001_COOL_093,SKU_00295,BATCH_0006774,2025-02-14,2027-02-14,2025-02-17,75,0,good,263
INV_0006775,WH_003,WH_003_COOL_109,SKU_00224,BATCH_0006775,2025-12-12,2027-02-01,2025-12-23,25,0,good,250
INV_0006776,WH_001,WH_001_AMBIENT_029,SKU_00097,BATCH_0006776,2024-11-30,2027-03-02,2024-12-03,16,5,good,279
INV_0006777,WH_001,WH_001_AMBIENT_103,SKU_00282,BATCH_0006777,2025-09-24,2028-02-06,2025-09-26,34,0,good,620
INV_0006778,WH_001,WH_001_AMBIENT_159,SKU_00277,BATCH_0006778,2025-06-27,2027-06-10,2025-07-01,13,0,good,379
INV_0006779,WH_002,WH_002_AMBIENT_045,SKU_00152,BATCH_0006779,2025-01-24,2026-09-16,2025-02-01,55,0,good,112
INV_0006780,WH_002,WH_002_AMBIENT_127,SKU_00048,BATCH_0006780,2025-06-11,2026-08-29,2025-06-23,26,0,good,94
INV_0006781,WH_003,WH_003_FROZEN_068,SKU_00201,BATCH_0006781,2025-07-02,2027-07-01,2025-07-04,18,0,good,400
INV_0006782,WH_003,WH_003_COOL_101,SKU_00133,BATCH_0006782,2026-04-06,2028-02-04,2026-04-15,73,0,good,618
INV_0006783,WH_002,WH_002_AMBIENT_199,SKU_00052,BATCH_0006783,2024-02-01,2026-10-19,2024-02-02,43,0,good,145
INV_0006784,WH_003,WH_003_AMBIENT_009,SKU_00172,BATCH_0006784,2025-07-12,2027-09-18,2025-07-13,22,0,good,479
INV_0006785,WH_002,WH_002_COLD_177,SKU_00300,BATCH_0006785,2025-08-11,2026-08-11,2025-08-14,54,0,good,76
INV_0006786,WH_003,WH_003_COOL_192,SKU_00042,BATCH_0006786,2025-03-19,2026-08-10,2025-03-28,30,0,good,75
INV_0006787,WH_003,WH_003_AMBIENT_034,SKU_00188,BATCH_0006787,2025-09-07,2026-09-07,2025-09-11,4,0,good,103
INV_0006788,WH_003,WH_003_AMBIENT_112,SKU_00178,BATCH_0006788,2025-10-17,2027-08-05,2025-10-20,1,0,good,435
INV_0006789,WH_001,WH_001_AMBIENT_100,SKU_00055,BATCH_0006789,2026-05-18,2027-09-21,2026-05-22,8,0,good,482
INV_0006790,WH_003,WH_003_COOL_200,SKU_00072,BATCH_0006790,2024-12-19,2026-12-19,2025-01-01,101,0,good,206
INV_0006791,WH_003,WH_003_COLD_011,SKU_00260,BATCH_0006791,2025-12-30,2026-12-30,2026-01-12,4,0,good,217
INV_0006792,WH_002,WH_002_COOL_114,SKU_00089,BATCH_0006792,2025-12-01,2027-03-01,2025-12-11,11,0,good,278
INV_0006793,WH_003,WH_003_AMBIENT_084,SKU_00062,BATCH_0006793,2026-01-15,2028-01-06,2026-01-24,8,0,good,589
INV_0006794,WH_003,WH_003_COLD_147,SKU_00123,BATCH_0006794,2026-03-13,2027-03-13,2026-03-14,34,0,good,290
INV_0006795,WH_002,WH_002_COLD_059,SKU_00251,BATCH_0006795,2026-01-27,2027-01-27,2026-01-30,49,0,good,245
INV_0006796,WH_002,WH_002_COOL_080,SKU_00280,BATCH_0006796,2026-02-22,2028-02-22,2026-03-03,24,0,good,636
INV_0006797,WH_001,WH_001_COOL_051,SKU_00003,BATCH_0006797,2025-10-15,2027-10-15,2025-10-20,3,0,good,506
INV_0006798,WH_003,WH_003_COOL_190,SKU_00099,BATCH_0006798,2025-12-14,2027-05-26,2025-12-27,150,0,good,364
INV_0006799,WH_001,WH_001_COOL_039,SKU_00175,BATCH_0006799,2026-01-24,2027-01-10,2026-01-25,9,0,good,228
INV_0006800,WH_003,WH_003_COOL_016,SKU_00207,BATCH_0006800,2025-10-28,2026-11-03,2025-11-07,30,6,good,160
INV_0006801,WH_001,WH_001_AMBIENT_016,SKU_00067,BATCH_0006801,2026-02-09,2028-02-15,2026-02-13,15,0,good,629
INV_0006802,WH_003,WH_003_COLD_181,SKU_00123,BATCH_0006802,2026-03-23,2027-03-23,2026-03-27,40,0,good,300
INV_0006803,WH_001,WH_001_COOL_047,SKU_00222,BATCH_0006803,2025-12-09,2026-09-04,2025-12-19,4,0,good,100
INV_0006804,WH_002,WH_002_COOL_061,SKU_00003,BATCH_0006804,2025-03-01,2027-03-01,2025-03-08,82,27,good,278
INV_0006805,WH_002,WH_002_COOL_168,SKU_00070,BATCH_0006805,2026-01-21,2028-01-21,2026-02-02,34,0,good,604
INV_0006806,WH_002,WH_002_COOL_067,SKU_00059,BATCH_0006806,2025-05-05,2027-04-09,2025-05-18,2,0,good,317
INV_0006807,WH_003,WH_003_COOL_093,SKU_00219,BATCH_0006807,2025-02-14,2026-11-18,2025-02-24,16,0,good,175
INV_0006808,WH_002,WH_002_COOL_188,SKU_00294,BATCH_0006808,2025-09-12,2027-09-12,2025-09-13,3,0,good,473
INV_0006809,WH_003,WH_003_AMBIENT_107,SKU_00005,BATCH_0006809,2025-07-21,2027-09-01,2025-07-22,44,0,good,462
INV_0006810,WH_001,WH_001_COLD_143,SKU_00065,BATCH_0006810,2026-02-18,2026-06-22,2026-03-01,25,0,near_expiry,26
INV_0006811,WH_003,WH_003_COOL_159,SKU_00253,BATCH_0006811,2026-02-10,2028-02-10,2026-02-11,87,0,good,624
INV_0006812,WH_002,WH_002_AMBIENT_095,SKU_00048,BATCH_0006812,2025-07-21,2026-10-08,2025-08-02,10,0,good,134
INV_0006813,WH_003,WH_003_COLD_100,SKU_00182,BATCH_0006813,2026-01-13,2026-09-22,2026-01-20,25,0,good,118
INV_0006814,WH_001,WH_001_AMBIENT_152,SKU_00078,BATCH_0006814,2025-07-29,2027-12-20,2025-08-01,0,0,good,572
INV_0006815,WH_001,WH_001_AMBIENT_068,SKU_00036,BATCH_0006815,2026-02-26,2027-05-30,2026-03-01,26,0,good,368
INV_0006816,WH_002,WH_002_COLD_109,SKU_00260,BATCH_0006816,2025-09-19,2026-09-19,2025-09-20,14,4,good,115
INV_0006817,WH_002,WH_002_AMBIENT_071,SKU_00126,BATCH_0006817,2025-10-19,2028-02-20,2025-10-29,34,0,good,634
INV_0006818,WH_002,WH_002_AMBIENT_100,SKU_00132,BATCH_0006818,2026-01-04,2027-01-04,2026-01-12,4,0,good,222
INV_0006819,WH_003,WH_003_AMBIENT_013,SKU_00236,BATCH_0006819,2025-10-10,2027-01-27,2025-10-20,200,12,good,245
INV_0006820,WH_001,WH_001_COOL_080,SKU_00145,BATCH_0006820,2025-06-13,2026-10-04,2025-06-24,196,38,good,130
INV_0006821,WH_001,WH_001_AMBIENT_008,SKU_00278,BATCH_0006821,2025-03-09,2027-04-10,2025-03-13,29,0,good,318
INV_0006822,WH_001,WH_001_AMBIENT_003,SKU_00258,BATCH_0006822,2026-02-27,2027-07-09,2026-03-07,9,0,good,408
INV_0006823,WH_002,WH_002_COOL_018,SKU_00222,BATCH_0006823,2025-11-10,2026-08-06,2025-11-22,10,0,good,71
INV_0006824,WH_001,WH_001_COOL_054,SKU_00121,BATCH_0006824,2026-01-04,2027-03-09,2026-01-13,403,0,good,286
INV_0006825,WH_002,WH_002_AMBIENT_149,SKU_00050,BATCH_0006825,2025-10-30,2026-12-06,2025-11-02,6,0,good,193
INV_0006826,WH_001,WH_001_AMBIENT_113,SKU_00147,BATCH_0006826,2026-03-20,2028-12-16,2026-03-30,11,0,good,934
INV_0006827,WH_002,WH_002_COLD_087,SKU_00196,BATCH_0006827,2026-01-20,2026-08-10,2026-01-27,24,0,good,75
INV_0006828,WH_001,WH_001_COLD_009,SKU_00252,BATCH_0006828,2026-03-17,2027-03-17,2026-03-23,15,0,good,294
INV_0006829,WH_003,WH_003_AMBIENT_174,SKU_00157,BATCH_0006829,2025-10-27,2026-10-27,2025-10-31,37,0,good,153
INV_0006830,WH_002,WH_002_AMBIENT_199,SKU_00132,BATCH_0006830,2025-08-11,2026-08-11,2025-08-19,23,0,good,76
INV_0006831,WH_002,WH_002_COLD_153,SKU_00069,BATCH_0006831,2026-04-22,2027-03-19,2026-04-27,21,0,good,296
INV_0006832,WH_003,WH_003_COLD_015,SKU_00090,BATCH_0006832,2026-01-17,2026-06-14,2026-01-26,11,3,near_expiry,18
INV_0006833,WH_002,WH_002_AMBIENT_008,SKU_00218,BATCH_0006833,2025-09-15,2027-11-02,2025-09-23,2,0,good,524
INV_0006834,WH_003,WH_003_AMBIENT_060,SKU_00205,BATCH_0006834,2025-07-25,2026-08-20,2025-07-28,6,0,good,85
INV_0006835,WH_001,WH_001_AMBIENT_028,SKU_00152,BATCH_0006835,2025-10-14,2027-06-06,2025-10-23,15,5,good,375
INV_0006836,WH_002,WH_002_AMBIENT_060,SKU_00188,BATCH_0006836,2026-04-27,2027-04-27,2026-04-28,20,6,good,335
INV_0006837,WH_002,WH_002_COOL_046,SKU_00038,BATCH_0006837,2026-01-15,2027-10-13,2026-01-21,5,0,good,504
INV_0006838,WH_001,WH_001_COOL_127,SKU_00072,BATCH_0006838,2025-01-24,2027-01-24,2025-02-06,7,0,good,242
INV_0006839,WH_001,WH_001_COOL_070,SKU_00226,BATCH_0006839,2025-02-24,2027-02-24,2025-03-02,15,0,good,273
INV_0006840,WH_002,WH_002_AMBIENT_081,SKU_00163,BATCH_0006840,2025-05-16,2026-11-29,2025-05-25,7,0,good,186
INV_0006841,WH_003,WH_003_AMBIENT_180,SKU_00205,BATCH_0006841,2026-02-05,2027-03-03,2026-02-13,6,0,good,280
INV_0006842,WH_002,WH_002_COLD_194,SKU_00110,BATCH_0006842,2026-05-09,2026-12-17,2026-05-15,158,30,good,204
INV_0006843,WH_003,WH_003_AMBIENT_080,SKU_00200,BATCH_0006843,2026-01-27,2027-09-22,2026-01-30,18,0,good,483
INV_0006844,WH_002,WH_002_AMBIENT_115,SKU_00180,BATCH_0006844,2026-04-12,2027-04-12,2026-04-17,11,0,good,320
INV_0006845,WH_002,WH_002_AMBIENT_018,SKU_00230,BATCH_0006845,2024-09-14,2026-09-22,2024-09-18,7,0,good,118
INV_0006846,WH_002,WH_002_COLD_170,SKU_00199,BATCH_0006846,2025-11-15,2026-11-15,2025-11-19,3,0,good,172
INV_0006847,WH_003,WH_003_COLD_109,SKU_00082,BATCH_0006847,2025-12-04,2026-12-04,2025-12-09,4,0,good,191
INV_0006848,WH_001,WH_001_AMBIENT_116,SKU_00292,BATCH_0006848,2025-09-24,2027-02-13,2025-09-30,8,0,good,262
INV_0006849,WH_002,WH_002_COOL_022,SKU_00240,BATCH_0006849,2025-11-22,2026-09-04,2025-11-28,3,0,good,100
INV_0006850,WH_002,WH_002_COOL_071,SKU_00184,BATCH_0006850,2025-05-19,2027-01-28,2025-05-20,3,0,good,246
INV_0006851,WH_003,WH_003_AMBIENT_196,SKU_00177,BATCH_0006851,2024-12-08,2026-11-22,2024-12-10,14,0,good,179
INV_0006852,WH_001,WH_001_AMBIENT_188,SKU_00071,BATCH_0006852,2025-02-12,2027-11-23,2025-02-17,8,0,good,545
INV_0006853,WH_001,WH_001_COOL_009,SKU_00031,BATCH_0006853,2026-01-08,2027-07-24,2026-01-12,2,0,good,423
INV_0006854,WH_001,WH_001_AMBIENT_167,SKU_00143,BATCH_0006854,2025-12-18,2026-12-18,2025-12-28,23,0,good,205
INV_0006855,WH_003,WH_003_FROZEN_170,SKU_00287,BATCH_0006855,2025-12-06,2027-12-06,2025-12-17,5,0,good,558
INV_0006856,WH_001,WH_001_AMBIENT_037,SKU_00108,BATCH_0006856,2024-02-08,2026-12-10,2024-02-17,20,0,good,197
INV_0006857,WH_002,WH_002_COLD_194,SKU_00047,BATCH_0006857,2026-02-15,2027-01-06,2026-02-27,10,0,good,224
INV_0006858,WH_002,WH_002_AMBIENT_151,SKU_00242,BATCH_0006858,2026-02-27,2027-02-27,2026-03-06,4,0,good,276
INV_0006859,WH_002,WH_002_AMBIENT_035,SKU_00012,BATCH_0006859,2026-02-19,2027-02-19,2026-02-25,3,0,good,268
INV_0006860,WH_001,WH_001_COOL_033,SKU_00211,BATCH_0006860,2025-01-09,2027-01-09,2025-01-18,49,0,good,227
INV_0006861,WH_001,WH_001_COOL_068,SKU_00077,BATCH_0006861,2025-06-28,2026-08-17,2025-07-10,3,0,good,82
INV_0006862,WH_003,WH_003_COOL_155,SKU_00064,BATCH_0006862,2025-11-25,2027-11-25,2025-11-27,3,0,good,547
INV_0006863,WH_002,WH_002_AMBIENT_058,SKU_00120,BATCH_0006863,2026-03-17,2027-06-25,2026-03-23,86,0,good,394
INV_0006864,WH_003,WH_003_COOL_193,SKU_00121,BATCH_0006864,2025-09-04,2026-11-07,2025-09-16,25,0,good,164
INV_0006865,WH_002,WH_002_COLD_114,SKU_00054,BATCH_0006865,2025-08-11,2026-08-11,2025-08-16,109,0,good,76
INV_0006866,WH_001,WH_001_AMBIENT_177,SKU_00176,BATCH_0006866,2025-10-20,2026-10-20,2025-10-23,19,0,good,146
INV_0006867,WH_001,WH_001_AMBIENT_074,SKU_00083,BATCH_0006867,2025-10-22,2026-10-22,2025-11-02,51,20,good,148
INV_0006868,WH_003,WH_003_COLD_071,SKU_00082,BATCH_0006868,2025-08-21,2026-08-21,2025-08-23,7,0,good,86
INV_0006869,WH_002,WH_002_COOL_151,SKU_00210,BATCH_0006869,2025-10-05,2027-10-05,2025-10-18,3,0,good,496
INV_0006870,WH_002,WH_002_COOL_187,SKU_00093,BATCH_0006870,2025-05-18,2027-05-18,2025-05-22,450,0,good,356
INV_0006871,WH_003,WH_003_AMBIENT_143,SKU_00190,BATCH_0006871,2024-11-19,2026-07-29,2024-11-23,15,0,good,63
INV_0006872,WH_003,WH_003_AMBIENT_140,SKU_00241,BATCH_0006872,2024-09-11,2027-03-08,2024-09-16,36,0,good,285
INV_0006873,WH_001,WH_001_AMBIENT_059,SKU_00155,BATCH_0006873,2026-02-12,2027-05-12,2026-02-16,69,0,good,350
INV_0006874,WH_002,WH_002_AMBIENT_181,SKU_00290,BATCH_0006874,2026-01-08,2027-05-28,2026-01-21,5,0,good,366
INV_0006875,WH_002,WH_002_FROZEN_021,SKU_00032,BATCH_0006875,2026-04-28,2027-01-08,2026-05-09,145,0,good,226
INV_0006876,WH_002,WH_002_AMBIENT_017,SKU_00052,BATCH_0006876,2025-06-06,2028-02-22,2025-06-11,9,0,good,636
INV_0006877,WH_003,WH_003_AMBIENT_081,SKU_00274,BATCH_0006877,2025-09-29,2026-09-29,2025-09-30,16,0,good,125
INV_0006878,WH_001,WH_001_COOL_048,SKU_00184,BATCH_0006878,2025-01-26,2026-10-07,2025-02-06,25,0,good,133
INV_0006879,WH_003,WH_003_COLD_116,SKU_00228,BATCH_0006879,2026-05-04,2027-03-01,2026-05-15,47,0,good,278
INV_0006880,WH_002,WH_002_COOL_099,SKU_00060,BATCH_0006880,2025-05-21,2027-05-21,2025-05-23,6,0,good,359
INV_0006881,WH_002,WH_002_COLD_104,SKU_00149,BATCH_0006881,2026-03-21,2026-08-13,2026-03-25,17,0,good,78
INV_0006882,WH_003,WH_003_COOL_161,SKU_00021,BATCH_0006882,2026-01-15,2026-11-03,2026-01-22,2,0,good,160
INV_0006883,WH_002,WH_002_AMBIENT_085,SKU_00178,BATCH_0006883,2024-11-16,2026-09-04,2024-11-18,48,20,good,100
INV_0006884,WH_002,WH_002_COOL_158,SKU_00089,BATCH_0006884,2025-12-05,2027-03-05,2025-12-16,59,11,good,282
INV_0006885,WH_001,WH_001_AMBIENT_093,SKU_00115,BATCH_0006885,2025-08-11,2027-06-07,2025-08-13,12,0,good,376
INV_0006886,WH_001,WH_001_AMBIENT_084,SKU_00292,BATCH_0006886,2025-03-11,2026-07-31,2025-03-13,10,0,good,65
INV_0006887,WH_002,WH_002_AMBIENT_097,SKU_00198,BATCH_0006887,2026-03-02,2027-05-04,2026-03-06,29,2,good,342
INV_0006888,WH_002,WH_002_COLD_199,SKU_00040,BATCH_0006888,2026-02-25,2026-07-12,2026-02-28,8,0,good,46
INV_0006889,WH_002,WH_002_AMBIENT_007,SKU_00214,BATCH_0006889,2025-07-27,2027-10-29,2025-08-07,8,0,good,520
INV_0006890,WH_001,WH_001_COLD_072,SKU_00045,BATCH_0006890,2026-03-13,2027-03-13,2026-03-22,17,0,good,290
INV_0006891,WH_003,WH_003_FROZEN_199,SKU_00189,BATCH_0006891,2025-12-21,2027-12-21,2025-12-25,2,0,good,573
INV_0006892,WH_003,WH_003_FROZEN_099,SKU_00284,BATCH_0006892,2025-04-24,2027-04-24,2025-04-28,32,0,good,332
INV_0006893,WH_003,WH_003_COOL_091,SKU_00064,BATCH_0006893,2024-09-07,2026-09-07,2024-09-20,7,2,good,103
INV_0006894,WH_003,WH_003_AMBIENT_034,SKU_00233,BATCH_0006894,2025-12-18,2027-07-30,2025-12-27,20,0,good,429
INV_0006895,WH_002,WH_002_COOL_138,SKU_00142,BATCH_0006895,2025-07-28,2026-11-14,2025-07-30,11,0,good,171
INV_0006896,WH_003,WH_003_AMBIENT_074,SKU_00107,BATCH_0006896,2025-09-05,2026-09-05,2025-09-18,226,0,good,101
INV_0006897,WH_001,WH_001_AMBIENT_069,SKU_00057,BATCH_0006897,2026-05-24,2028-11-05,2026-05-26,12,0,good,893
INV_0006898,WH_001,WH_001_COLD_008,SKU_00237,BATCH_0006898,2025-07-27,2026-07-27,2025-08-03,8,0,good,61
INV_0006899,WH_003,WH_003_AMBIENT_140,SKU_00094,BATCH_0006899,2025-07-28,2027-10-20,2025-08-10,27,3,good,511
INV_0006900,WH_003,WH_003_AMBIENT_093,SKU_00279,BATCH_0006900,2025-03-04,2028-01-01,2025-03-16,9,0,good,584
INV_0006901,WH_002,WH_002_COLD_130,SKU_00123,BATCH_0006901,2026-01-07,2027-01-07,2026-01-08,47,0,good,225
INV_0006902,WH_002,WH_002_FROZEN_134,SKU_00171,BATCH_0006902,2025-04-21,2027-04-01,2025-04-30,12,0,good,309
INV_0006903,WH_002,WH_002_COLD_177,SKU_00096,BATCH_0006903,2025-08-26,2026-08-26,2025-09-04,29,4,good,91
INV_0006904,WH_001,WH_001_COLD_126,SKU_00154,BATCH_0006904,2026-03-22,2026-08-16,2026-04-02,12,1,good,81
INV_0006905,WH_002,WH_002_COOL_017,SKU_00224,BATCH_0006905,2025-10-15,2026-12-05,2025-10-27,9,1,good,192
INV_0006906,WH_003,WH_003_AMBIENT_006,SKU_00283,BATCH_0006906,2025-12-29,2026-12-29,2026-01-08,13,0,good,216
INV_0006907,WH_001,WH_001_AMBIENT_091,SKU_00156,BATCH_0006907,2025-09-20,2028-02-23,2025-09-25,40,0,good,637
INV_0006908,WH_001,WH_001_AMBIENT_121,SKU_00150,BATCH_0006908,2026-01-27,2027-04-14,2026-02-09,43,0,good,322
INV_0006909,WH_002,WH_002_AMBIENT_002,SKU_00114,BATCH_0006909,2025-09-03,2028-01-23,2025-09-13,8,0,good,606
INV_0006910,WH_002,WH_002_COLD_022,SKU_00106,BATCH_0006910,2026-04-24,2027-01-30,2026-04-27,4,0,good,248
INV_0006911,WH_003,WH_003_AMBIENT_120,SKU_00282,BATCH_0006911,2025-04-12,2027-08-25,2025-04-15,71,22,good,455
INV_0006912,WH_003,WH_003_COOL_111,SKU_00074,BATCH_0006912,2025-06-16,2027-06-16,2025-06-24,9,0,good,385
INV_0006913,WH_001,WH_001_COOL_021,SKU_00207,BATCH_0006913,2025-07-27,2026-08-02,2025-07-29,12,0,good,67
INV_0006914,WH_001,WH_001_AMBIENT_037,SKU_00094,BATCH_0006914,2024-06-05,2026-08-28,2024-06-07,92,0,good,93
INV_0006915,WH_001,WH_001_FROZEN_170,SKU_00296,BATCH_0006915,2025-03-20,2027-03-20,2025-03-28,25,0,good,297
INV_0006916,WH_001,WH_001_COOL_008,SKU_00139,BATCH_0006916,2025-03-18,2027-03-18,2025-03-24,7,2,good,295
INV_0006917,WH_002,WH_002_AMBIENT_099,SKU_00012,BATCH_0006917,2025-12-11,2026-12-11,2025-12-15,42,1,good,198
INV_0006918,WH_001,WH_001_AMBIENT_064,SKU_00233,BATCH_0006918,2026-03-09,2027-10-19,2026-03-18,3,0,good,510
INV_0006919,WH_001,WH_001_AMBIENT_024,SKU_00214,BATCH_0006919,2026-03-13,2028-06-14,2026-03-17,14,0,good,749
INV_0006920,WH_001,WH_001_COOL_178,SKU_00010,BATCH_0006920,2025-11-23,2027-11-23,2025-12-02,21,0,good,545
INV_0006921,WH_001,WH_001_COOL_086,SKU_00133,BATCH_0006921,2025-04-14,2027-02-12,2025-04-17,9,0,good,261
INV_0006922,WH_002,WH_002_COOL_010,SKU_00041,BATCH_0006922,2025-02-18,2026-08-18,2025-03-03,14,2,good,83
INV_0006923,WH_003,WH_003_COOL_044,SKU_00101,BATCH_0006923,2025-11-06,2027-11-06,2025-11-07,1,0,good,528
INV_0006924,WH_001,WH_001_AMBIENT_070,SKU_00203,BATCH_0006924,2025-02-02,2026-10-18,2025-02-09,31,0,good,144
INV_0006925,WH_002,WH_002_COOL_179,SKU_00003,BATCH_0006925,2026-02-11,2028-02-11,2026-02-21,2,0,good,625
INV_0006926,WH_002,WH_002_COLD_103,SKU_00256,BATCH_0006926,2026-05-18,2027-05-18,2026-05-24,29,2,good,356
INV_0006927,WH_001,WH_001_COOL_146,SKU_00211,BATCH_0006927,2025-07-29,2027-07-29,2025-08-05,4,0,good,428
INV_0006928,WH_003,WH_003_AMBIENT_122,SKU_00067,BATCH_0006928,2026-04-30,2028-05-05,2026-05-07,352,0,good,709
INV_0006929,WH_002,WH_002_FROZEN_017,SKU_00032,BATCH_0006929,2025-11-03,2026-07-16,2025-11-05,8,0,good,50
INV_0006930,WH_002,WH_002_AMBIENT_091,SKU_00241,BATCH_0006930,2026-01-15,2028-07-11,2026-01-16,2,0,good,776
INV_0006931,WH_002,WH_002_AMBIENT_075,SKU_00018,BATCH_0006931,2025-04-12,2026-08-12,2025-04-23,145,34,good,77
INV_0006932,WH_001,WH_001_COOL_186,SKU_00121,BATCH_0006932,2026-02-23,2027-04-28,2026-03-03,177,10,good,336
INV_0006933,WH_003,WH_003_AMBIENT_081,SKU_00147,BATCH_0006933,2024-07-05,2027-04-03,2024-07-07,76,0,good,311
INV_0006934,WH_001,WH_001_COOL_093,SKU_00038,BATCH_0006934,2026-03-28,2027-12-24,2026-04-10,75,4,good,576
INV_0006935,WH_002,WH_002_AMBIENT_049,SKU_00269,BATCH_0006935,2025-04-04,2026-08-04,2025-04-07,2,0,good,69
INV_0006936,WH_001,WH_001_COOL_107,SKU_00210,BATCH_0006936,2026-05-22,2028-05-21,2026-06-04,14,2,good,725
INV_0006937,WH_002,WH_002_AMBIENT_005,SKU_00239,BATCH_0006937,2026-02-08,2027-02-08,2026-02-16,6,0,good,257
INV_0006938,WH_002,WH_002_COOL_018,SKU_00270,BATCH_0006938,2025-10-04,2026-09-30,2025-10-14,59,0,good,126
INV_0006939,WH_001,WH_001_COLD_039,SKU_00085,BATCH_0006939,2026-02-01,2027-02-01,2026-02-12,44,0,good,250
INV_0006940,WH_003,WH_003_COLD_025,SKU_00249,BATCH_0006940,2025-11-30,2026-10-30,2025-12-03,162,0,good,156
INV_0006941,WH_003,WH_003_AMBIENT_096,SKU_00091,BATCH_0006941,2026-02-25,2028-09-27,2026-03-07,196,0,good,854
INV_0006942,WH_001,WH_001_COOL_056,SKU_00227,BATCH_0006942,2026-03-12,2028-03-11,2026-03-20,15,0,good,654
INV_0006943,WH_003,WH_003_AMBIENT_078,SKU_00225,BATCH_0006943,2025-09-12,2026-09-14,2025-09-17,3,0,good,110
INV_0006944,WH_003,WH_003_COOL_136,SKU_00006,BATCH_0006944,2026-01-21,2028-01-21,2026-01-26,199,0,good,604
INV_0006945,WH_001,WH_001_COOL_158,SKU_00187,BATCH_0006945,2025-11-28,2027-05-01,2025-11-30,44,0,good,339
INV_0006946,WH_003,WH_003_COLD_168,SKU_00196,BATCH_0006946,2025-12-16,2026-07-06,2025-12-19,19,0,good,40
INV_0006947,WH_003,WH_003_COOL_165,SKU_00219,BATCH_0006947,2024-12-01,2026-09-04,2024-12-10,8,0,good,100
INV_0006948,WH_003,WH_003_AMBIENT_091,SKU_00285,BATCH_0006948,2025-08-16,2026-08-16,2025-08-28,20,0,good,81
INV_0006949,WH_002,WH_002_COOL_155,SKU_00006,BATCH_0006949,2025-07-16,2027-07-16,2025-07-19,3,0,good,415
INV_0006950,WH_001,WH_001_AMBIENT_136,SKU_00107,BATCH_0006950,2025-08-09,2026-08-09,2025-08-19,8,0,good,74
INV_0006951,WH_002,WH_002_AMBIENT_082,SKU_00094,BATCH_0006951,2025-09-10,2027-12-03,2025-09-22,31,0,good,555
INV_0006952,WH_003,WH_003_AMBIENT_144,SKU_00283,BATCH_0006952,2025-11-02,2026-11-02,2025-11-15,9,0,good,159
INV_0006953,WH_003,WH_003_AMBIENT_151,SKU_00048,BATCH_0006953,2026-03-09,2027-05-27,2026-03-11,87,0,good,365
INV_0006954,WH_002,WH_002_COOL_146,SKU_00086,BATCH_0006954,2025-05-04,2027-05-04,2025-05-17,14,4,good,342
INV_0006955,WH_001,WH_001_COLD_034,SKU_00045,BATCH_0006955,2025-08-26,2026-08-26,2025-09-06,30,0,good,91
INV_0006956,WH_002,WH_002_AMBIENT_066,SKU_00281,BATCH_0006956,2025-11-12,2026-11-12,2025-11-14,5,0,good,169
INV_0006957,WH_001,WH_001_COOL_125,SKU_00140,BATCH_0006957,2026-03-13,2026-12-19,2026-03-24,99,0,good,206
INV_0006958,WH_002,WH_002_COLD_115,SKU_00199,BATCH_0006958,2026-03-17,2027-03-17,2026-03-19,12,0,good,294
INV_0006959,WH_003,WH_003_AMBIENT_026,SKU_00176,BATCH_0006959,2026-03-29,2027-03-29,2026-04-02,217,49,good,306
INV_0006960,WH_002,WH_002_AMBIENT_102,SKU_00141,BATCH_0006960,2026-03-03,2027-03-03,2026-03-16,52,0,good,280
INV_0006961,WH_003,WH_003_COOL_067,SKU_00219,BATCH_0006961,2025-10-22,2027-07-26,2025-10-30,50,0,good,425
INV_0006962,WH_002,WH_002_AMBIENT_195,SKU_00267,BATCH_0006962,2025-03-09,2027-03-21,2025-03-19,26,6,good,298
INV_0006963,WH_001,WH_001_COOL_139,SKU_00273,BATCH_0006963,2026-01-26,2027-09-05,2026-02-05,20,6,good,466
INV_0006964,WH_001,WH_001_AMBIENT_094,SKU_00100,BATCH_0006964,2026-01-03,2028-08-18,2026-01-15,27,0,good,814
INV_0006965,WH_001,WH_001_COOL_168,SKU_00010,BATCH_0006965,2024-08-12,2026-08-12,2024-08-13,70,0,good,77
INV_0006966,WH_003,WH_003_AMBIENT_076,SKU_00102,BATCH_0006966,2024-10-24,2027-04-10,2024-11-06,17,0,good,318
INV_0006967,WH_001,WH_001_AMBIENT_176,SKU_00076,BATCH_0006967,2025-11-23,2028-02-02,2025-11-26,13,4,good,616
INV_0006968,WH_002,WH_002_AMBIENT_080,SKU_00013,BATCH_0006968,2026-02-02,2028-11-27,2026-02-12,7,0,good,915
INV_0006969,WH_003,WH_003_AMBIENT_153,SKU_00248,BATCH_0006969,2025-10-12,2028-01-14,2025-10-21,66,0,good,597
INV_0006970,WH_003,WH_003_AMBIENT_035,SKU_00118,BATCH_0006970,2026-03-13,2027-03-13,2026-03-22,21,0,good,290
INV_0006971,WH_002,WH_002_AMBIENT_198,SKU_00267,BATCH_0006971,2025-03-08,2027-03-20,2025-03-18,8,0,good,297
INV_0006972,WH_002,WH_002_AMBIENT_132,SKU_00147,BATCH_0006972,2026-03-20,2028-12-16,2026-03-30,23,0,good,934
INV_0006973,WH_002,WH_002_COOL_033,SKU_00227,BATCH_0006973,2026-03-22,2028-03-21,2026-03-28,24,8,good,664
INV_0006974,WH_003,WH_003_COOL_190,SKU_00208,BATCH_0006974,2026-02-03,2028-02-03,2026-02-11,59,0,good,617
INV_0006975,WH_001,WH_001_COOL_070,SKU_00181,BATCH_0006975,2026-01-22,2027-01-28,2026-02-04,41,0,good,246
INV_0006976,WH_002,WH_002_AMBIENT_140,SKU_00198,BATCH_0006976,2026-04-17,2027-06-19,2026-04-22,10,0,good,388
INV_0006977,WH_003,WH_003_AMBIENT_041,SKU_00063,BATCH_0006977,2025-12-04,2027-04-12,2025-12-14,16,2,good,320
INV_0006978,WH_001,WH_001_COOL_156,SKU_00181,BATCH_0006978,2026-03-07,2027-03-13,2026-03-16,5,0,good,290
INV_0006979,WH_002,WH_002_COOL_116,SKU_00079,BATCH_0006979,2025-04-13,2026-11-11,2025-04-23,13,0,good,168
INV_0006980,WH_003,WH_003_COOL_018,SKU_00064,BATCH_0006980,2025-03-19,2027-03-19,2025-03-26,6,1,good,296
INV_0006981,WH_002,WH_002_COLD_056,SKU_00237,BATCH_0006981,2025-09-10,2026-09-10,2025-09-16,20,0,good,106
INV_0006982,WH_003,WH_003_AMBIENT_067,SKU_00241,BATCH_0006982,2025-09-30,2028-03-26,2025-10-13,486,0,good,669
INV_0006983,WH_003,WH_003_AMBIENT_080,SKU_00114,BATCH_0006983,2025-03-24,2027-08-13,2025-04-04,93,36,good,443
INV_0006984,WH_003,WH_003_AMBIENT_083,SKU_00024,BATCH_0006984,2025-08-13,2027-05-15,2025-08-16,5,0,good,353
INV_0006985,WH_002,WH_002_AMBIENT_071,SKU_00094,BATCH_0006985,2025-10-25,2028-01-17,2025-11-02,113,0,good,600
INV_0006986,WH_002,WH_002_COOL_148,SKU_00181,BATCH_0006986,2025-07-10,2026-07-16,2025-07-22,10,0,good,50
INV_0006987,WH_003,WH_003_AMBIENT_057,SKU_00278,BATCH_0006987,2025-05-26,2027-06-27,2025-06-05,11,0,good,396
INV_0006988,WH_001,WH_001_COOL_036,SKU_00266,BATCH_0006988,2025-01-08,2026-09-06,2025-01-16,66,0,good,102
INV_0006989,WH_002,WH_002_AMBIENT_082,SKU_00083,BATCH_0006989,2025-08-27,2026-08-27,2025-08-31,30,0,good,92
INV_0006990,WH_002,WH_002_COLD_046,SKU_00096,BATCH_0006990,2025-09-06,2026-09-06,2025-09-19,56,0,good,102
INV_0006991,WH_001,WH_001_COOL_006,SKU_00224,BATCH_0006991,2025-09-08,2026-10-29,2025-09-18,4,0,good,155
INV_0006992,WH_003,WH_003_AMBIENT_177,SKU_00165,BATCH_0006992,2025-05-12,2026-07-17,2025-05-15,42,10,good,51
INV_0006993,WH_002,WH_002_COOL_118,SKU_00038,BATCH_0006993,2025-08-09,2027-05-07,2025-08-15,10,0,good,345
INV_0006994,WH_002,WH_002_COOL_113,SKU_00238,BATCH_0006994,2025-12-15,2027-08-10,2025-12-22,0,0,good,440
INV_0006995,WH_003,WH_003_COLD_082,SKU_00149,BATCH_0006995,2026-05-08,2026-09-30,2026-05-19,264,0,good,126
INV_0006996,WH_002,WH_002_AMBIENT_126,SKU_00297,BATCH_0006996,2025-07-11,2027-01-27,2025-07-15,3,0,good,245
INV_0006997,WH_002,WH_002_AMBIENT_192,SKU_00098,BATCH_0006997,2025-05-25,2027-12-27,2025-05-26,6,0,good,579
INV_0006998,WH_002,WH_002_AMBIENT_011,SKU_00246,BATCH_0006998,2026-02-06,2027-05-30,2026-02-18,62,0,good,368
INV_0006999,WH_002,WH_002_AMBIENT_099,SKU_00094,BATCH_0006999,2024-08-29,2026-11-21,2024-09-09,32,0,good,178
INV_0007000,WH_003,WH_003_COOL_025,SKU_00212,BATCH_0007000,2026-02-22,2027-10-26,2026-03-06,11,1,good,517
INV_0007001,WH_003,WH_003_COOL_172,SKU_00162,BATCH_0007001,2026-03-06,2028-03-05,2026-03-15,90,0,good,648
INV_0007002,WH_003,WH_003_COOL_056,SKU_00294,BATCH_0007002,2025-03-05,2027-03-05,2025-03-06,40,0,good,282
INV_0007003,WH_001,WH_001_AMBIENT_037,SKU_00046,BATCH_0007003,2026-05-22,2027-05-22,2026-05-25,22,0,good,360
INV_0007004,WH_003,WH_003_AMBIENT_149,SKU_00050,BATCH_0007004,2026-02-25,2027-04-03,2026-03-07,205,0,good,311
INV_0007005,WH_001,WH_001_AMBIENT_086,SKU_00292,BATCH_0007005,2025-06-22,2026-11-11,2025-06-25,19,0,good,168
INV_0007006,WH_001,WH_001_COOL_078,SKU_00224,BATCH_0007006,2025-12-27,2027-02-16,2026-01-03,9,0,good,265
INV_0007007,WH_002,WH_002_COLD_075,SKU_00146,BATCH_0007007,2026-01-21,2027-01-21,2026-01-24,31,5,good,239
INV_0007008,WH_003,WH_003_AMBIENT_019,SKU_00081,BATCH_0007008,2025-03-31,2026-10-03,2025-04-03,59,8,good,129
INV_0007009,WH_003,WH_003_COOL_178,SKU_00070,BATCH_0007009,2024-08-18,2026-08-18,2024-08-23,5,0,good,83
INV_0007010,WH_003,WH_003_COLD_156,SKU_00231,BATCH_0007010,2026-05-10,2027-05-10,2026-05-20,55,0,good,348
INV_0007011,WH_003,WH_003_AMBIENT_106,SKU_00081,BATCH_0007011,2026-05-15,2027-11-17,2026-05-16,88,0,good,539
INV_0007012,WH_001,WH_001_AMBIENT_059,SKU_00153,BATCH_0007012,2025-10-20,2026-10-26,2025-10-28,22,1,good,152
INV_0007013,WH_002,WH_002_AMBIENT_161,SKU_00109,BATCH_0007013,2025-08-20,2026-09-14,2025-08-24,2,0,good,110
INV_0007014,WH_003,WH_003_AMBIENT_119,SKU_00050,BATCH_0007014,2025-09-28,2026-11-04,2025-10-01,5,0,good,161
INV_0007015,WH_003,WH_003_AMBIENT_114,SKU_00008,BATCH_0007015,2026-01-02,2027-01-02,2026-01-10,5,0,good,220
INV_0007016,WH_003,WH_003_AMBIENT_178,SKU_00034,BATCH_0007016,2025-10-27,2026-12-22,2025-10-31,17,0,good,209
INV_0007017,WH_002,WH_002_AMBIENT_167,SKU_00114,BATCH_0007017,2024-10-17,2027-03-08,2024-10-24,3,0,good,285
INV_0007018,WH_001,WH_001_AMBIENT_165,SKU_00100,BATCH_0007018,2024-06-06,2027-01-20,2024-06-14,14,5,good,238
INV_0007019,WH_003,WH_003_COLD_065,SKU_00251,BATCH_0007019,2026-01-20,2027-01-20,2026-01-28,108,0,good,238
INV_0007020,WH_001,WH_001_AMBIENT_162,SKU_00052,BATCH_0007020,2025-09-17,2028-06-04,2025-09-22,117,0,good,739
INV_0007021,WH_002,WH_002_COOL_193,SKU_00184,BATCH_0007021,2026-02-13,2027-10-25,2026-02-18,22,0,good,516
INV_0007022,WH_001,WH_001_AMBIENT_167,SKU_00200,BATCH_0007022,2025-06-03,2027-01-27,2025-06-15,38,0,good,245
INV_0007023,WH_003,WH_003_COOL_056,SKU_00138,BATCH_0007023,2025-11-01,2027-09-11,2025-11-07,63,18,good,472
INV_0007024,WH_001,WH_001_FROZEN_103,SKU_00216,BATCH_0007024,2025-09-14,2027-07-20,2025-09-24,70,0,good,419
INV_0007025,WH_002,WH_002_AMBIENT_062,SKU_00078,BATCH_0007025,2025-01-03,2027-05-27,2025-01-16,39,0,good,365
INV_0007026,WH_001,WH_001_COLD_023,SKU_00014,BATCH_0007026,2025-07-21,2026-07-17,2025-08-01,6,0,good,51
INV_0007027,WH_001,WH_001_COOL_098,SKU_00119,BATCH_0007027,2025-10-06,2027-01-30,2025-10-07,19,0,good,248
INV_0007028,WH_002,WH_002_AMBIENT_026,SKU_00017,BATCH_0007028,2025-04-10,2027-03-16,2025-04-12,76,0,good,293
INV_0007029,WH_003,WH_003_AMBIENT_090,SKU_00232,BATCH_0007029,2024-12-11,2026-08-30,2024-12-16,32,0,good,95
INV_0007030,WH_003,WH_003_AMBIENT_179,SKU_00135,BATCH_0007030,2026-04-27,2027-04-27,2026-05-09,56,0,good,335
INV_0007031,WH_003,WH_003_AMBIENT_039,SKU_00297,BATCH_0007031,2026-01-08,2027-07-27,2026-01-11,52,8,good,426
INV_0007032,WH_001,WH_001_AMBIENT_041,SKU_00109,BATCH_0007032,2026-04-03,2027-04-28,2026-04-15,20,0,good,336
INV_0007033,WH_003,WH_003_AMBIENT_132,SKU_00095,BATCH_0007033,2026-01-29,2028-05-18,2026-02-05,2,0,good,722
INV_0007034,WH_002,WH_002_COOL_094,SKU_00128,BATCH_0007034,2026-01-06,2028-01-06,2026-01-15,2,0,good,589
INV_0007035,WH_003,WH_003_COOL_084,SKU_00175,BATCH_0007035,2026-01-19,2027-01-05,2026-01-24,228,61,good,223
INV_0007036,WH_003,WH_003_AMBIENT_141,SKU_00076,BATCH_0007036,2026-01-02,2028-03-13,2026-01-05,96,0,good,656
INV_0007037,WH_002,WH_002_COOL_099,SKU_00015,BATCH_0007037,2025-10-11,2027-07-01,2025-10-17,2,0,good,400
INV_0007038,WH_001,WH_001_COOL_037,SKU_00293,BATCH_0007038,2025-05-29,2027-05-29,2025-05-31,84,0,good,367
INV_0007039,WH_002,WH_002_AMBIENT_196,SKU_00257,BATCH_0007039,2025-12-25,2027-06-23,2025-12-26,4,0,good,392
INV_0007040,WH_003,WH_003_AMBIENT_056,SKU_00148,BATCH_0007040,2024-03-26,2026-09-20,2024-04-04,46,0,good,116
INV_0007041,WH_003,WH_003_AMBIENT_041,SKU_00152,BATCH_0007041,2026-03-29,2027-11-19,2026-04-06,79,0,good,541
INV_0007042,WH_002,WH_002_COOL_076,SKU_00089,BATCH_0007042,2025-10-11,2027-01-09,2025-10-20,1,0,good,227
INV_0007043,WH_002,WH_002_AMBIENT_101,SKU_00027,BATCH_0007043,2025-04-30,2027-01-11,2025-05-10,1,0,good,229
INV_0007044,WH_001,WH_001_FROZEN_171,SKU_00197,BATCH_0007044,2024-12-26,2026-12-26,2024-12-27,7,0,good,213
INV_0007045,WH_003,WH_003_COOL_009,SKU_00033,BATCH_0007045,2026-02-04,2027-04-11,2026-02-16,1,0,good,319
INV_0007046,WH_001,WH_001_COOL_160,SKU_00280,BATCH_0007046,2024-11-10,2026-11-10,2024-11-12,3,0,good,167
INV_0007047,WH_002,WH_002_COOL_118,SKU_00280,BATCH_0007047,2026-03-31,2028-03-30,2026-04-03,26,0,good,673
INV_0007048,WH_001,WH_001_COOL_187,SKU_00087,BATCH_0007048,2025-12-09,2027-12-09,2025-12-17,24,2,good,561
INV_0007049,WH_002,WH_002_AMBIENT_112,SKU_00019,BATCH_0007049,2025-05-19,2028-03-03,2025-05-20,8,0,good,646
INV_0007050,WH_003,WH_003_COOL_035,SKU_00043,BATCH_0007050,2025-06-01,2027-06-01,2025-06-08,35,0,good,370
INV_0007051,WH_001,WH_001_COLD_030,SKU_00193,BATCH_0007051,2026-01-07,2026-12-07,2026-01-19,17,0,good,194
INV_0007052,WH_002,WH_002_AMBIENT_039,SKU_00214,BATCH_0007052,2025-09-13,2027-12-16,2025-09-23,15,0,good,568
INV_0007053,WH_001,WH_001_AMBIENT_035,SKU_00297,BATCH_0007053,2025-06-13,2026-12-30,2025-06-15,36,0,good,217
INV_0007054,WH_001,WH_001_AMBIENT_101,SKU_00114,BATCH_0007054,2025-04-29,2027-09-18,2025-05-06,3,0,good,479
INV_0007055,WH_003,WH_003_AMBIENT_035,SKU_00263,BATCH_0007055,2025-07-05,2027-04-23,2025-07-15,27,7,good,331
INV_0007056,WH_002,WH_002_COLD_007,SKU_00106,BATCH_0007056,2025-09-28,2026-07-06,2025-10-01,23,0,good,40
INV_0007057,WH_003,WH_003_COOL_094,SKU_00220,BATCH_0007057,2025-10-29,2026-06-29,2025-11-02,56,0,good,33
INV_0007058,WH_003,WH_003_COOL_059,SKU_00227,BATCH_0007058,2026-04-10,2028-04-09,2026-04-17,46,0,good,683
INV_0007059,WH_002,WH_002_COOL_059,SKU_00142,BATCH_0007059,2025-11-04,2027-02-21,2025-11-13,29,0,good,270
INV_0007060,WH_001,WH_001_AMBIENT_088,SKU_00052,BATCH_0007060,2025-07-24,2028-04-10,2025-08-03,27,0,good,684
INV_0007061,WH_002,WH_002_AMBIENT_175,SKU_00205,BATCH_0007061,2025-09-16,2026-10-12,2025-09-26,15,5,good,138
INV_0007062,WH_003,WH_003_COOL_100,SKU_00087,BATCH_0007062,2025-11-07,2027-11-07,2025-11-08,67,9,good,529
INV_0007063,WH_003,WH_003_AMBIENT_139,SKU_00159,BATCH_0007063,2026-04-08,2027-04-08,2026-04-13,11,3,good,316
INV_0007064,WH_003,WH_003_COOL_135,SKU_00144,BATCH_0007064,2025-11-04,2027-10-26,2025-11-11,29,0,good,517
INV_0007065,WH_002,WH_002_AMBIENT_113,SKU_00076,BATCH_0007065,2024-06-19,2026-08-29,2024-06-26,19,0,good,94
INV_0007066,WH_001,WH_001_AMBIENT_060,SKU_00013,BATCH_0007066,2026-03-13,2029-01-05,2026-03-18,53,0,good,954
INV_0007067,WH_002,WH_002_AMBIENT_153,SKU_00055,BATCH_0007067,2026-05-21,2027-09-24,2026-05-23,65,1,good,485
INV_0007068,WH_003,WH_003_COOL_006,SKU_00162,BATCH_0007068,2025-01-15,2027-01-15,2025-01-20,2,0,good,233
INV_0007069,WH_002,WH_002_COLD_158,SKU_00123,BATCH_0007069,2026-01-17,2027-01-17,2026-01-24,18,0,good,235
INV_0007070,WH_002,WH_002_AMBIENT_154,SKU_00248,BATCH_0007070,2025-09-08,2027-12-11,2025-09-20,12,0,good,563
INV_0007071,WH_002,WH_002_FROZEN_064,SKU_00192,BATCH_0007071,2026-05-05,2027-01-02,2026-05-06,15,3,good,220
INV_0007072,WH_003,WH_003_AMBIENT_106,SKU_00180,BATCH_0007072,2026-05-02,2027-05-02,2026-05-03,16,5,good,340
INV_0007073,WH_001,WH_001_AMBIENT_030,SKU_00205,BATCH_0007073,2026-02-16,2027-03-14,2026-02-28,10,0,good,291
INV_0007074,WH_003,WH_003_AMBIENT_170,SKU_00036,BATCH_0007074,2025-10-31,2027-02-01,2025-11-04,33,0,good,250
INV_0007075,WH_002,WH_002_COLD_150,SKU_00045,BATCH_0007075,2026-04-26,2027-04-26,2026-04-29,1,0,good,334
INV_0007076,WH_001,WH_001_AMBIENT_121,SKU_00195,BATCH_0007076,2025-02-24,2027-05-27,2025-03-03,9,0,good,365
INV_0007077,WH_002,WH_002_AMBIENT_177,SKU_00232,BATCH_0007077,2025-10-13,2027-07-02,2025-10-19,3,0,good,401
INV_0007078,WH_001,WH_001_COOL_030,SKU_00121,BATCH_0007078,2025-08-04,2026-10-07,2025-08-05,56,0,good,133
INV_0007079,WH_001,WH_001_COOL_145,SKU_00138,BATCH_0007079,2025-08-21,2027-07-01,2025-08-31,16,0,good,400
INV_0007080,WH_002,WH_002_AMBIENT_183,SKU_00250,BATCH_0007080,2024-10-25,2027-05-14,2024-11-04,11,2,good,352
INV_0007081,WH_001,WH_001_COLD_173,SKU_00068,BATCH_0007081,2026-02-03,2027-02-03,2026-02-11,136,0,good,252
INV_0007082,WH_003,WH_003_AMBIENT_058,SKU_00004,BATCH_0007082,2026-03-30,2027-09-04,2026-04-04,70,24,good,465
INV_0007083,WH_001,WH_001_AMBIENT_048,SKU_00098,BATCH_0007083,2026-04-19,2028-11-20,2026-04-25,29,0,good,908
INV_0007084,WH_001,WH_001_FROZEN_099,SKU_00216,BATCH_0007084,2026-05-24,2028-03-28,2026-06-02,56,0,good,671
INV_0007085,WH_003,WH_003_AMBIENT_186,SKU_00034,BATCH_0007085,2025-10-25,2026-12-20,2025-10-27,15,4,good,207
INV_0007086,WH_003,WH_003_COOL_017,SKU_00010,BATCH_0007086,2024-11-01,2026-11-01,2024-11-10,112,0,good,158
INV_0007087,WH_003,WH_003_AMBIENT_061,SKU_00056,BATCH_0007087,2026-01-22,2027-04-12,2026-01-23,11,1,good,320
INV_0007088,WH_001,WH_001_AMBIENT_103,SKU_00257,BATCH_0007088,2026-01-18,2027-07-17,2026-01-21,29,1,good,416
INV_0007089,WH_002,WH_002_COOL_096,SKU_00298,BATCH_0007089,2026-05-25,2027-05-21,2026-06-04,84,6,good,359
INV_0007090,WH_003,WH_003_FROZEN_010,SKU_00284,BATCH_0007090,2025-07-25,2027-07-25,2025-07-28,113,13,good,424
INV_0007091,WH_001,WH_001_AMBIENT_132,SKU_00213,BATCH_0007091,2025-02-20,2027-07-05,2025-02-26,149,0,good,404
INV_0007092,WH_002,WH_002_AMBIENT_152,SKU_00166,BATCH_0007092,2025-03-16,2026-09-25,2025-03-22,45,0,good,121
INV_0007093,WH_001,WH_001_AMBIENT_081,SKU_00281,BATCH_0007093,2025-10-03,2026-10-03,2025-10-12,2,0,good,129
INV_0007094,WH_001,WH_001_AMBIENT_196,SKU_00120,BATCH_0007094,2025-07-10,2026-10-18,2025-07-12,10,0,good,144
INV_0007095,WH_001,WH_001_COOL_030,SKU_00128,BATCH_0007095,2026-04-13,2028-04-12,2026-04-24,2,0,good,686
INV_0007096,WH_002,WH_002_COOL_173,SKU_00244,BATCH_0007096,2025-01-22,2026-08-25,2025-01-31,15,0,good,90
INV_0007097,WH_003,WH_003_COLD_143,SKU_00065,BATCH_0007097,2026-03-03,2026-07-05,2026-03-06,39,0,good,39
INV_0007098,WH_001,WH_001_COOL_191,SKU_00243,BATCH_0007098,2024-12-05,2026-12-05,2024-12-09,30,0,good,192
INV_0007099,WH_003,WH_003_COLD_153,SKU_00300,BATCH_0007099,2026-04-30,2027-04-30,2026-05-03,26,0,good,338
INV_0007100,WH_002,WH_002_AMBIENT_187,SKU_00179,BATCH_0007100,2025-08-06,2026-08-06,2025-08-08,7,1,good,71
INV_0007101,WH_003,WH_003_AMBIENT_127,SKU_00172,BATCH_0007101,2024-06-16,2026-08-23,2024-06-27,7,0,good,88
INV_0007102,WH_002,WH_002_COOL_107,SKU_00088,BATCH_0007102,2025-03-10,2027-03-10,2025-03-14,95,0,good,287
INV_0007103,WH_001,WH_001_AMBIENT_105,SKU_00126,BATCH_0007103,2024-12-11,2027-04-14,2024-12-23,11,1,good,322
INV_0007104,WH_003,WH_003_AMBIENT_008,SKU_00083,BATCH_0007104,2026-05-05,2027-05-05,2026-05-16,12,5,good,343
INV_0007105,WH_001,WH_001_COOL_106,SKU_00138,BATCH_0007105,2024-11-12,2026-09-22,2024-11-13,29,0,good,118
INV_0007106,WH_003,WH_003_AMBIENT_128,SKU_00166,BATCH_0007106,2026-01-02,2027-07-14,2026-01-03,19,1,good,413
INV_0007107,WH_002,WH_002_AMBIENT_084,SKU_00050,BATCH_0007107,2026-02-02,2027-03-11,2026-02-13,9,0,good,288
INV_0007108,WH_003,WH_003_COOL_076,SKU_00023,BATCH_0007108,2025-02-08,2027-02-08,2025-02-21,9,0,good,257
INV_0007109,WH_002,WH_002_COOL_078,SKU_00070,BATCH_0007109,2026-05-20,2028-05-19,2026-05-23,6,0,good,723
INV_0007110,WH_003,WH_003_AMBIENT_105,SKU_00024,BATCH_0007110,2024-12-26,2026-09-27,2024-12-31,55,0,good,123
INV_0007111,WH_003,WH_003_COOL_141,SKU_00064,BATCH_0007111,2026-01-02,2028-01-02,2026-01-12,16,3,good,585
INV_0007112,WH_001,WH_001_COOL_118,SKU_00119,BATCH_0007112,2026-05-06,2027-08-30,2026-05-13,4,0,good,460
INV_0007113,WH_002,WH_002_AMBIENT_094,SKU_00190,BATCH_0007113,2025-08-04,2027-04-13,2025-08-09,98,0,good,321
INV_0007114,WH_002,WH_002_AMBIENT_131,SKU_00098,BATCH_0007114,2025-08-04,2028-03-07,2025-08-05,50,0,good,650
INV_0007115,WH_003,WH_003_AMBIENT_044,SKU_00091,BATCH_0007115,2024-03-16,2026-10-17,2024-03-29,215,0,good,143
INV_0007116,WH_003,WH_003_COLD_192,SKU_00090,BATCH_0007116,2026-04-23,2026-09-18,2026-05-06,5,0,good,114
INV_0007117,WH_001,WH_001_AMBIENT_002,SKU_00057,BATCH_0007117,2026-04-14,2028-09-26,2026-04-22,96,0,good,853
INV_0007118,WH_003,WH_003_COLD_118,SKU_00209,BATCH_0007118,2026-02-23,2026-10-04,2026-03-02,103,0,good,130
INV_0007119,WH_001,WH_001_AMBIENT_044,SKU_00104,BATCH_0007119,2026-02-28,2028-04-18,2026-03-05,99,0,good,692
INV_0007120,WH_003,WH_003_COLD_024,SKU_00096,BATCH_0007120,2026-01-31,2027-01-31,2026-02-07,28,1,good,249
INV_0007121,WH_003,WH_003_AMBIENT_111,SKU_00200,BATCH_0007121,2025-09-16,2027-05-12,2025-09-26,104,0,good,350
INV_0007122,WH_003,WH_003_AMBIENT_021,SKU_00257,BATCH_0007122,2025-06-10,2026-12-07,2025-06-16,19,0,good,194
INV_0007123,WH_003,WH_003_COLD_032,SKU_00054,BATCH_0007123,2025-09-20,2026-09-20,2025-10-03,120,0,good,116
INV_0007124,WH_003,WH_003_AMBIENT_180,SKU_00235,BATCH_0007124,2025-09-25,2026-09-25,2025-10-05,29,8,good,121
INV_0007125,WH_003,WH_003_COOL_053,SKU_00253,BATCH_0007125,2025-01-29,2027-01-29,2025-02-10,2,0,good,247
INV_0007126,WH_003,WH_003_COOL_007,SKU_00140,BATCH_0007126,2025-10-29,2026-08-06,2025-11-04,34,0,good,71
INV_0007127,WH_003,WH_003_COOL_142,SKU_00243,BATCH_0007127,2024-10-03,2026-10-03,2024-10-05,4,0,good,129
INV_0007128,WH_001,WH_001_COOL_195,SKU_00243,BATCH_0007128,2025-12-08,2027-12-08,2025-12-15,151,0,good,560
INV_0007129,WH_002,WH_002_COLD_152,SKU_00029,BATCH_0007129,2026-03-09,2027-03-09,2026-03-20,1,0,good,286
INV_0007130,WH_002,WH_002_AMBIENT_022,SKU_00098,BATCH_0007130,2025-12-06,2028-07-09,2025-12-16,25,1,good,774
INV_0007131,WH_001,WH_001_AMBIENT_079,SKU_00129,BATCH_0007131,2025-10-31,2026-10-31,2025-11-06,5,0,good,157
INV_0007132,WH_002,WH_002_COOL_093,SKU_00184,BATCH_0007132,2025-05-21,2027-01-30,2025-05-31,25,0,good,248
INV_0007133,WH_003,WH_003_COOL_127,SKU_00245,BATCH_0007133,2025-03-08,2026-08-03,2025-03-11,12,0,good,68
INV_0007134,WH_002,WH_002_COOL_074,SKU_00093,BATCH_0007134,2025-03-08,2027-03-08,2025-03-21,18,2,good,285
INV_0007135,WH_003,WH_003_COOL_155,SKU_00227,BATCH_0007135,2024-10-21,2026-10-21,2024-11-02,11,0,good,147
INV_0007136,WH_002,WH_002_AMBIENT_101,SKU_00159,BATCH_0007136,2026-05-21,2027-05-21,2026-05-26,19,0,good,359
INV_0007137,WH_002,WH_002_AMBIENT_146,SKU_00246,BATCH_0007137,2026-02-09,2027-06-02,2026-02-10,25,2,good,371
INV_0007138,WH_002,WH_002_AMBIENT_196,SKU_00213,BATCH_0007138,2025-04-03,2027-08-16,2025-04-13,74,0,good,446
INV_0007139,WH_003,WH_003_COOL_110,SKU_00072,BATCH_0007139,2025-08-06,2027-08-06,2025-08-11,43,0,good,436
INV_0007140,WH_002,WH_002_COOL_119,SKU_00243,BATCH_0007140,2025-02-28,2027-02-28,2025-03-08,4,0,good,277
INV_0007141,WH_003,WH_003_AMBIENT_180,SKU_00104,BATCH_0007141,2026-01-18,2028-03-08,2026-01-21,33,2,good,651
INV_0007142,WH_002,WH_002_COLD_194,SKU_00264,BATCH_0007142,2026-05-08,2026-09-25,2026-05-09,11,0,good,121
INV_0007143,WH_001,WH_001_AMBIENT_170,SKU_00103,BATCH_0007143,2025-07-31,2026-07-31,2025-08-11,174,0,good,65
INV_0007144,WH_001,WH_001_AMBIENT_054,SKU_00241,BATCH_0007144,2025-10-03,2028-03-29,2025-10-12,5,0,good,672
INV_0007145,WH_002,WH_002_AMBIENT_128,SKU_00081,BATCH_0007145,2025-04-13,2026-10-16,2025-04-22,32,0,good,142
INV_0007146,WH_002,WH_002_AMBIENT_122,SKU_00095,BATCH_0007146,2025-10-16,2028-02-03,2025-10-20,1,0,good,617
INV_0007147,WH_002,WH_002_AMBIENT_121,SKU_00290,BATCH_0007147,2026-04-16,2027-09-03,2026-04-17,4,0,good,464
INV_0007148,WH_003,WH_003_AMBIENT_164,SKU_00166,BATCH_0007148,2025-05-03,2026-11-12,2025-05-08,57,0,good,169
INV_0007149,WH_002,WH_002_AMBIENT_039,SKU_00027,BATCH_0007149,2025-06-14,2027-02-25,2025-06-20,26,0,good,274
INV_0007150,WH_002,WH_002_COOL_198,SKU_00243,BATCH_0007150,2025-10-03,2027-10-03,2025-10-15,20,0,good,494
INV_0007151,WH_003,WH_003_AMBIENT_120,SKU_00078,BATCH_0007151,2024-05-28,2026-10-19,2024-06-01,204,0,good,145
INV_0007152,WH_002,WH_002_AMBIENT_017,SKU_00124,BATCH_0007152,2024-10-16,2026-10-24,2024-10-24,20,3,good,150
INV_0007153,WH_001,WH_001_COOL_024,SKU_00138,BATCH_0007153,2024-12-11,2026-10-21,2024-12-17,3,0,good,147
INV_0007154,WH_001,WH_001_FROZEN_105,SKU_00216,BATCH_0007154,2025-10-13,2027-08-18,2025-10-17,32,0,good,448
INV_0007155,WH_002,WH_002_AMBIENT_079,SKU_00200,BATCH_0007155,2025-02-13,2026-10-09,2025-02-23,4,0,good,135
INV_0007156,WH_003,WH_003_COOL_057,SKU_00211,BATCH_0007156,2025-09-11,2027-09-11,2025-09-21,67,0,good,472
INV_0007157,WH_002,WH_002_COOL_181,SKU_00077,BATCH_0007157,2025-09-26,2026-11-15,2025-09-27,9,0,good,172
INV_0007158,WH_003,WH_003_COOL_192,SKU_00276,BATCH_0007158,2026-05-02,2028-01-31,2026-05-12,279,0,good,614
INV_0007159,WH_001,WH_001_COLD_069,SKU_00054,BATCH_0007159,2025-09-09,2026-09-09,2025-09-16,20,0,good,105
INV_0007160,WH_002,WH_002_COLD_121,SKU_00204,BATCH_0007160,2025-11-12,2026-11-07,2025-11-13,206,0,good,164
INV_0007161,WH_003,WH_003_AMBIENT_081,SKU_00188,BATCH_0007161,2025-09-15,2026-09-15,2025-09-27,18,2,good,111
INV_0007162,WH_001,WH_001_AMBIENT_123,SKU_00180,BATCH_0007162,2025-12-06,2026-12-06,2025-12-18,118,0,good,193
INV_0007163,WH_001,WH_001_AMBIENT_007,SKU_00247,BATCH_0007163,2025-05-27,2027-07-18,2025-05-31,24,1,good,417
INV_0007164,WH_003,WH_003_COOL_110,SKU_00038,BATCH_0007164,2026-01-27,2027-10-25,2026-02-09,4,0,good,516
INV_0007165,WH_001,WH_001_COLD_081,SKU_00193,BATCH_0007165,2026-03-15,2027-02-12,2026-03-24,4,0,good,261
INV_0007166,WH_003,WH_003_AMBIENT_194,SKU_00028,BATCH_0007166,2026-04-04,2027-08-20,2026-04-09,48,4,good,450
INV_0007167,WH_001,WH_001_COLD_082,SKU_00137,BATCH_0007167,2026-01-27,2027-01-27,2026-01-28,3,0,good,245
INV_0007168,WH_003,WH_003_AMBIENT_128,SKU_00259,BATCH_0007168,2025-11-17,2027-11-05,2025-11-27,104,0,good,527
INV_0007169,WH_001,WH_001_COOL_101,SKU_00293,BATCH_0007169,2024-10-30,2026-10-30,2024-10-31,4,0,good,156
INV_0007170,WH_001,WH_001_AMBIENT_085,SKU_00156,BATCH_0007170,2024-09-17,2027-02-20,2024-09-27,19,0,good,269
INV_0007171,WH_002,WH_002_AMBIENT_118,SKU_00034,BATCH_0007171,2025-06-03,2026-07-29,2025-06-05,36,0,good,63
INV_0007172,WH_003,WH_003_COOL_052,SKU_00021,BATCH_0007172,2026-03-24,2027-01-10,2026-03-30,9,0,good,228
INV_0007173,WH_003,WH_003_FROZEN_169,SKU_00007,BATCH_0007173,2026-02-05,2026-08-17,2026-02-15,19,0,good,82
INV_0007174,WH_001,WH_001_AMBIENT_178,SKU_00185,BATCH_0007174,2026-04-13,2027-04-13,2026-04-14,15,0,good,321
INV_0007175,WH_002,WH_002_COLD_055,SKU_00193,BATCH_0007175,2026-04-06,2027-03-06,2026-04-07,4,0,good,283
INV_0007176,WH_003,WH_003_COLD_160,SKU_00260,BATCH_0007176,2025-10-27,2026-10-27,2025-10-30,19,4,good,153
INV_0007177,WH_001,WH_001_COLD_045,SKU_00110,BATCH_0007177,2026-01-03,2026-08-13,2026-01-06,20,0,good,78
INV_0007178,WH_001,WH_001_COLD_191,SKU_00196,BATCH_0007178,2026-01-30,2026-08-20,2026-02-10,10,0,good,85
INV_0007179,WH_001,WH_001_COOL_108,SKU_00289,BATCH_0007179,2026-05-23,2027-06-22,2026-05-27,2,0,good,391
INV_0007180,WH_003,WH_003_AMBIENT_141,SKU_00061,BATCH_0007180,2026-03-18,2028-08-21,2026-03-20,10,0,good,817
INV_0007181,WH_003,WH_003_AMBIENT_193,SKU_00113,BATCH_0007181,2025-09-09,2026-09-09,2025-09-13,88,0,good,105
INV_0007182,WH_001,WH_001_AMBIENT_195,SKU_00250,BATCH_0007182,2024-04-13,2026-10-31,2024-04-19,76,0,good,157
INV_0007183,WH_001,WH_001_AMBIENT_163,SKU_00129,BATCH_0007183,2025-08-31,2026-08-31,2025-09-12,33,0,good,96
INV_0007184,WH_001,WH_001_COLD_183,SKU_00096,BATCH_0007184,2025-07-08,2026-07-08,2025-07-15,11,2,good,42
INV_0007185,WH_002,WH_002_AMBIENT_155,SKU_00052,BATCH_0007185,2025-03-01,2027-11-17,2025-03-10,68,0,good,539
INV_0007186,WH_002,WH_002_AMBIENT_176,SKU_00265,BATCH_0007186,2026-03-03,2028-05-29,2026-03-15,63,0,good,733
INV_0007187,WH_001,WH_001_AMBIENT_021,SKU_00195,BATCH_0007187,2025-05-21,2027-08-21,2025-05-30,5,0,good,451
INV_0007188,WH_001,WH_001_AMBIENT_165,SKU_00236,BATCH_0007188,2025-10-10,2027-01-27,2025-10-21,33,1,good,245
INV_0007189,WH_001,WH_001_AMBIENT_138,SKU_00188,BATCH_0007189,2026-02-04,2027-02-04,2026-02-17,16,4,good,253
INV_0007190,WH_001,WH_001_AMBIENT_102,SKU_00281,BATCH_0007190,2025-07-18,2026-07-18,2025-07-26,13,0,good,52
INV_0007191,WH_003,WH_003_AMBIENT_004,SKU_00258,BATCH_0007191,2026-03-15,2027-07-25,2026-03-17,422,42,good,424
INV_0007192,WH_003,WH_003_COLD_194,SKU_00047,BATCH_0007192,2026-01-19,2026-12-10,2026-01-28,18,2,good,197
INV_0007193,WH_001,WH_001_COOL_196,SKU_00131,BATCH_0007193,2026-02-06,2027-12-06,2026-02-13,3,0,good,558
INV_0007194,WH_002,WH_002_AMBIENT_155,SKU_00188,BATCH_0007194,2025-11-20,2026-11-20,2025-11-29,6,0,good,177
INV_0007195,WH_002,WH_002_AMBIENT_078,SKU_00062,BATCH_0007195,2025-11-22,2027-11-13,2025-11-25,42,0,good,535
INV_0007196,WH_002,WH_002_COLD_022,SKU_00202,BATCH_0007196,2026-02-26,2026-07-18,2026-03-09,4,0,good,52
INV_0007197,WH_002,WH_002_COLD_056,SKU_00085,BATCH_0007197,2025-10-30,2026-10-30,2025-11-11,7,0,good,156
INV_0007198,WH_002,WH_002_COLD_164,SKU_00040,BATCH_0007198,2026-02-22,2026-07-09,2026-02-25,37,0,good,43
INV_0007199,WH_003,WH_003_COOL_079,SKU_00121,BATCH_0007199,2025-08-03,2026-10-06,2025-08-08,99,31,good,132
INV_0007200,WH_002,WH_002_COLD_189,SKU_00068,BATCH_0007200,2026-01-02,2027-01-02,2026-01-07,19,0,good,220
INV_0007201,WH_001,WH_001_AMBIENT_162,SKU_00105,BATCH_0007201,2025-11-24,2026-11-24,2025-12-02,52,6,good,181
INV_0007202,WH_003,WH_003_COLD_051,SKU_00154,BATCH_0007202,2026-04-25,2026-09-19,2026-04-28,30,4,good,115
INV_0007203,WH_003,WH_003_AMBIENT_145,SKU_00191,BATCH_0007203,2024-02-25,2026-09-14,2024-03-04,84,0,good,110
INV_0007204,WH_002,WH_002_COOL_126,SKU_00111,BATCH_0007204,2026-02-08,2027-02-16,2026-02-11,44,0,good,265
INV_0007205,WH_001,WH_001_AMBIENT_062,SKU_00262,BATCH_0007205,2025-07-12,2027-01-22,2025-07-13,7,0,good,240
INV_0007206,WH_003,WH_003_AMBIENT_069,SKU_00097,BATCH_0007206,2024-06-28,2026-09-28,2024-07-02,7,0,good,124
INV_0007207,WH_003,WH_003_AMBIENT_033,SKU_00091,BATCH_0007207,2024-10-17,2027-05-20,2024-10-20,438,0,good,358
INV_0007208,WH_002,WH_002_AMBIENT_067,SKU_00235,BATCH_0007208,2026-05-23,2027-05-23,2026-05-28,10,1,good,361
INV_0007209,WH_003,WH_003_COOL_045,SKU_00275,BATCH_0007209,2025-02-13,2027-02-13,2025-02-19,20,0,good,262
INV_0007210,WH_002,WH_002_AMBIENT_181,SKU_00234,BATCH_0007210,2025-10-07,2026-10-07,2025-10-08,15,0,good,133
INV_0007211,WH_002,WH_002_COOL_180,SKU_00273,BATCH_0007211,2025-12-14,2027-07-24,2025-12-17,7,0,good,423
INV_0007212,WH_001,WH_001_COOL_028,SKU_00220,BATCH_0007212,2026-05-04,2027-01-02,2026-05-09,43,0,good,220
INV_0007213,WH_002,WH_002_COOL_192,SKU_00293,BATCH_0007213,2025-01-24,2027-01-24,2025-02-04,21,0,good,242
INV_0007214,WH_001,WH_001_AMBIENT_064,SKU_00052,BATCH_0007214,2025-04-12,2027-12-29,2025-04-15,3,0,good,581
INV_0007215,WH_002,WH_002_COLD_007,SKU_00127,BATCH_0007215,2026-02-10,2026-09-08,2026-02-23,79,19,good,104
INV_0007216,WH_003,WH_003_COOL_055,SKU_00131,BATCH_0007216,2026-03-11,2028-01-08,2026-03-15,70,9,good,591
INV_0007217,WH_003,WH_003_COLD_137,SKU_00014,BATCH_0007217,2025-08-17,2026-08-13,2025-08-19,50,0,good,78
INV_0007218,WH_002,WH_002_COLD_009,SKU_00149,BATCH_0007218,2026-04-04,2026-08-27,2026-04-14,7,0,good,92
INV_0007219,WH_001,WH_001_COLD_115,SKU_00199,BATCH_0007219,2026-02-09,2027-02-09,2026-02-18,21,0,good,258
INV_0007220,WH_001,WH_001_COOL_200,SKU_00270,BATCH_0007220,2026-04-05,2027-04-01,2026-04-17,6,0,good,309
INV_0007221,WH_003,WH_003_AMBIENT_173,SKU_00274,BATCH_0007221,2026-04-26,2027-04-26,2026-05-05,11,0,good,334
INV_0007222,WH_002,WH_002_AMBIENT_063,SKU_00156,BATCH_0007222,2024-10-21,2027-03-26,2024-10-25,9,0,good,303
INV_0007223,WH_002,WH_002_COOL_108,SKU_00207,BATCH_0007223,2025-07-07,2026-07-13,2025-07-11,55,0,good,47
INV_0007224,WH_002,WH_002_COOL_081,SKU_00121,BATCH_0007224,2026-01-21,2027-03-26,2026-01-22,41,0,good,303
INV_0007225,WH_001,WH_001_AMBIENT_113,SKU_00239,BATCH_0007225,2025-08-26,2026-08-26,2025-08-29,200,0,good,91
INV_0007226,WH_003,WH_003_AMBIENT_120,SKU_00173,BATCH_0007226,2025-05-29,2027-05-11,2025-06-07,4,0,good,349
INV_0007227,WH_003,WH_003_COOL_146,SKU_00207,BATCH_0007227,2025-09-07,2026-09-13,2025-09-17,57,1,good,109
INV_0007228,WH_001,WH_001_COLD_098,SKU_00053,BATCH_0007228,2026-03-07,2026-10-21,2026-03-11,57,2,good,147
INV_0007229,WH_002,WH_002_AMBIENT_070,SKU_00078,BATCH_0007229,2024-09-22,2027-02-13,2024-09-24,249,0,good,262
INV_0007230,WH_003,WH_003_AMBIENT_105,SKU_00274,BATCH_0007230,2025-11-22,2026-11-22,2025-12-04,11,0,good,179
INV_0007231,WH_003,WH_003_AMBIENT_081,SKU_00198,BATCH_0007231,2026-01-09,2027-03-13,2026-01-21,16,0,good,290
INV_0007232,WH_001,WH_001_COLD_034,SKU_00035,BATCH_0007232,2026-03-29,2026-09-02,2026-03-31,34,5,good,98
INV_0007233,WH_001,WH_001_AMBIENT_054,SKU_00218,BATCH_0007233,2026-05-13,2028-06-29,2026-05-26,28,2,good,764
INV_0007234,WH_001,WH_001_AMBIENT_107,SKU_00285,BATCH_0007234,2026-01-20,2027-01-20,2026-01-25,65,0,good,238
INV_0007235,WH_002,WH_002_AMBIENT_054,SKU_00165,BATCH_0007235,2025-08-21,2026-10-26,2025-09-03,19,0,good,152
INV_0007236,WH_002,WH_002_COLD_180,SKU_00164,BATCH_0007236,2025-10-09,2026-10-09,2025-10-18,21,0,good,135
INV_0007237,WH_001,WH_001_COLD_094,SKU_00300,BATCH_0007237,2026-04-28,2027-04-28,2026-05-02,8,0,good,336
INV_0007238,WH_002,WH_002_AMBIENT_077,SKU_00214,BATCH_0007238,2024-09-02,2026-12-05,2024-09-11,5,0,good,192
INV_0007239,WH_001,WH_001_AMBIENT_107,SKU_00055,BATCH_0007239,2025-06-06,2026-10-10,2025-06-18,8,0,good,136
INV_0007240,WH_001,WH_001_COLD_185,SKU_00096,BATCH_0007240,2025-12-07,2026-12-07,2025-12-20,68,0,good,194
INV_0007241,WH_003,WH_003_AMBIENT_152,SKU_00166,BATCH_0007241,2025-12-13,2027-06-24,2025-12-21,71,0,good,393
INV_0007242,WH_003,WH_003_COOL_010,SKU_00117,BATCH_0007242,2025-05-12,2026-11-25,2025-05-23,52,8,good,182
INV_0007243,WH_003,WH_003_COLD_189,SKU_00260,BATCH_0007243,2025-11-30,2026-11-30,2025-12-10,34,0,good,187
INV_0007244,WH_002,WH_002_AMBIENT_161,SKU_00057,BATCH_0007244,2025-09-08,2028-02-21,2025-09-21,21,3,good,635
INV_0007245,WH_003,WH_003_AMBIENT_143,SKU_00019,BATCH_0007245,2024-12-28,2027-10-13,2024-12-31,30,0,good,504
INV_0007246,WH_002,WH_002_AMBIENT_119,SKU_00132,BATCH_0007246,2025-10-05,2026-10-05,2025-10-08,33,0,good,131
INV_0007247,WH_001,WH_001_AMBIENT_142,SKU_00230,BATCH_0007247,2025-01-13,2027-01-21,2025-01-25,70,28,good,239
INV_0007248,WH_003,WH_003_AMBIENT_053,SKU_00239,BATCH_0007248,2025-10-24,2026-10-24,2025-11-04,2,0,good,150
INV_0007249,WH_001,WH_001_AMBIENT_167,SKU_00155,BATCH_0007249,2025-06-28,2026-09-25,2025-07-07,54,0,good,121
INV_0007250,WH_002,WH_002_COLD_020,SKU_00045,BATCH_0007250,2025-07-08,2026-07-08,2025-07-21,30,0,good,42
INV_0007251,WH_001,WH_001_COOL_148,SKU_00212,BATCH_0007251,2025-09-25,2027-05-29,2025-09-29,18,7,good,367
INV_0007252,WH_003,WH_003_COOL_110,SKU_00294,BATCH_0007252,2024-09-07,2026-09-07,2024-09-15,105,0,good,103
INV_0007253,WH_001,WH_001_AMBIENT_059,SKU_00259,BATCH_0007253,2025-10-13,2027-10-01,2025-10-23,16,0,good,492
INV_0007254,WH_003,WH_003_COOL_046,SKU_00101,BATCH_0007254,2025-12-02,2027-12-02,2025-12-13,9,0,good,554
INV_0007255,WH_003,WH_003_AMBIENT_041,SKU_00156,BATCH_0007255,2026-02-14,2028-07-19,2026-02-20,15,0,good,784
INV_0007256,WH_002,WH_002_AMBIENT_126,SKU_00036,BATCH_0007256,2026-04-30,2027-08-01,2026-05-09,30,0,good,431
INV_0007257,WH_001,WH_001_COOL_068,SKU_00245,BATCH_0007257,2025-07-13,2026-12-08,2025-07-22,33,0,good,195
INV_0007258,WH_001,WH_001_COLD_053,SKU_00069,BATCH_0007258,2025-11-21,2026-10-18,2025-11-30,15,0,good,144
INV_0007259,WH_002,WH_002_COOL_127,SKU_00295,BATCH_0007259,2025-03-15,2027-03-15,2025-03-26,7,2,good,292
INV_0007260,WH_001,WH_001_AMBIENT_171,SKU_00205,BATCH_0007260,2025-06-22,2026-07-18,2025-06-30,21,5,good,52
INV_0007261,WH_003,WH_003_COOL_162,SKU_00002,BATCH_0007261,2024-10-04,2026-10-04,2024-10-14,8,1,good,130
INV_0007262,WH_003,WH_003_AMBIENT_070,SKU_00250,BATCH_0007262,2024-09-20,2027-04-09,2024-10-02,20,8,good,317
INV_0007263,WH_003,WH_003_COOL_169,SKU_00167,BATCH_0007263,2026-04-30,2026-11-05,2026-05-12,29,0,good,162
INV_0007264,WH_003,WH_003_AMBIENT_111,SKU_00254,BATCH_0007264,2025-12-03,2026-12-03,2025-12-16,109,0,good,190
INV_0007265,WH_003,WH_003_COOL_054,SKU_00275,BATCH_0007265,2026-01-29,2028-01-29,2026-02-10,44,0,good,612
INV_0007266,WH_002,WH_002_AMBIENT_185,SKU_00292,BATCH_0007266,2025-08-05,2026-12-25,2025-08-17,26,0,good,212
INV_0007267,WH_001,WH_001_COLD_133,SKU_00237,BATCH_0007267,2025-09-01,2026-09-01,2025-09-02,9,0,good,97
INV_0007268,WH_001,WH_001_AMBIENT_135,SKU_00200,BATCH_0007268,2026-01-19,2027-09-14,2026-01-23,0,0,good,475
INV_0007269,WH_003,WH_003_COOL_182,SKU_00207,BATCH_0007269,2025-08-10,2026-08-16,2025-08-12,8,0,good,81
INV_0007270,WH_001,WH_001_AMBIENT_107,SKU_00234,BATCH_0007270,2026-03-28,2027-03-28,2026-04-08,612,8,good,305
INV_0007271,WH_001,WH_001_AMBIENT_139,SKU_00278,BATCH_0007271,2025-10-11,2027-11-12,2025-10-14,21,2,good,534
INV_0007272,WH_003,WH_003_COOL_086,SKU_00220,BATCH_0007272,2025-10-30,2026-06-30,2025-11-05,25,0,good,34
INV_0007273,WH_002,WH_002_COLD_031,SKU_00069,BATCH_0007273,2026-05-02,2027-03-29,2026-05-12,21,0,good,306
INV_0007274,WH_002,WH_002_AMBIENT_041,SKU_00230,BATCH_0007274,2025-07-05,2027-07-13,2025-07-10,76,0,good,412
INV_0007275,WH_003,WH_003_AMBIENT_188,SKU_00278,BATCH_0007275,2025-02-24,2027-03-28,2025-02-26,8,0,good,305
INV_0007276,WH_001,WH_001_FROZEN_010,SKU_00192,BATCH_0007276,2026-03-19,2026-11-16,2026-03-29,15,4,good,173
INV_0007277,WH_001,WH_001_COLD_029,SKU_00090,BATCH_0007277,2026-05-23,2026-10-18,2026-05-24,72,0,good,144
INV_0007278,WH_002,WH_002_AMBIENT_194,SKU_00265,BATCH_0007278,2025-10-17,2028-01-13,2025-10-20,42,0,good,596
INV_0007279,WH_003,WH_003_AMBIENT_047,SKU_00286,BATCH_0007279,2025-11-15,2027-10-02,2025-11-16,60,0,good,493
INV_0007280,WH_002,WH_002_AMBIENT_192,SKU_00061,BATCH_0007280,2026-02-14,2028-07-20,2026-02-18,19,0,good,785
INV_0007281,WH_001,WH_001_AMBIENT_145,SKU_00234,BATCH_0007281,2026-02-06,2027-02-06,2026-02-08,48,11,good,255
INV_0007282,WH_003,WH_003_COOL_145,SKU_00211,BATCH_0007282,2025-11-28,2027-11-28,2025-11-30,9,1,good,550
INV_0007283,WH_003,WH_003_AMBIENT_177,SKU_00163,BATCH_0007283,2025-11-29,2027-06-14,2025-12-12,31,0,good,383
INV_0007284,WH_003,WH_003_AMBIENT_129,SKU_00135,BATCH_0007284,2025-07-24,2026-07-24,2025-07-30,10,0,good,58
INV_0007285,WH_003,WH_003_COLD_010,SKU_00047,BATCH_0007285,2026-05-13,2027-04-03,2026-05-23,38,0,good,311
INV_0007286,WH_003,WH_003_COOL_015,SKU_00041,BATCH_0007286,2026-01-27,2027-07-27,2026-01-31,36,4,good,426
INV_0007287,WH_002,WH_002_AMBIENT_127,SKU_00242,BATCH_0007287,2025-09-09,2026-09-09,2025-09-22,200,0,good,105
INV_0007288,WH_001,WH_001_COOL_160,SKU_00151,BATCH_0007288,2025-09-24,2027-03-31,2025-09-27,10,1,good,308
INV_0007289,WH_002,WH_002_AMBIENT_179,SKU_00050,BATCH_0007289,2026-02-06,2027-03-15,2026-02-12,58,0,good,292
INV_0007290,WH_002,WH_002_AMBIENT_044,SKU_00108,BATCH_0007290,2024-08-17,2027-06-19,2024-08-25,9,0,good,388
INV_0007291,WH_003,WH_003_AMBIENT_114,SKU_00258,BATCH_0007291,2025-11-19,2027-03-31,2025-11-21,16,2,good,308
INV_0007292,WH_001,WH_001_COOL_052,SKU_00210,BATCH_0007292,2025-07-14,2027-07-14,2025-07-17,21,0,good,413
INV_0007293,WH_002,WH_002_AMBIENT_131,SKU_00215,BATCH_0007293,2026-02-23,2027-08-09,2026-03-04,24,0,good,439
INV_0007294,WH_003,WH_003_AMBIENT_051,SKU_00246,BATCH_0007294,2025-10-13,2027-02-03,2025-10-24,29,0,good,252
INV_0007295,WH_003,WH_003_AMBIENT_049,SKU_00084,BATCH_0007295,2026-05-10,2027-05-10,2026-05-21,8,0,good,348
INV_0007296,WH_002,WH_002_AMBIENT_039,SKU_00281,BATCH_0007296,2025-12-20,2026-12-20,2025-12-22,132,0,good,207
INV_0007297,WH_003,WH_003_COOL_087,SKU_00020,BATCH_0007297,2025-10-28,2027-07-08,2025-10-31,76,0,good,407
INV_0007298,WH_001,WH_001_COLD_037,SKU_00264,BATCH_0007298,2026-02-18,2026-07-08,2026-02-27,10,0,good,42
INV_0007299,WH_003,WH_003_COOL_089,SKU_00060,BATCH_0007299,2024-10-06,2026-10-06,2024-10-13,29,0,good,132
INV_0007300,WH_001,WH_001_AMBIENT_093,SKU_00177,BATCH_0007300,2026-03-11,2028-02-23,2026-03-24,38,0,good,637
INV_0007301,WH_003,WH_003_AMBIENT_199,SKU_00218,BATCH_0007301,2025-10-02,2027-11-19,2025-10-12,30,0,good,541
INV_0007302,WH_002,WH_002_COOL_093,SKU_00072,BATCH_0007302,2026-03-31,2028-03-30,2026-04-06,55,19,good,673
INV_0007303,WH_003,WH_003_COOL_150,SKU_00077,BATCH_0007303,2025-09-14,2026-11-03,2025-09-19,9,2,good,160
INV_0007304,WH_001,WH_001_COOL_156,SKU_00206,BATCH_0007304,2025-12-10,2027-06-02,2025-12-14,4,0,good,371
INV_0007305,WH_003,WH_003_COOL_088,SKU_00226,BATCH_0007305,2025-04-12,2027-04-12,2025-04-14,174,0,good,320
INV_0007306,WH_001,WH_001_AMBIENT_022,SKU_00027,BATCH_0007306,2026-02-16,2027-10-30,2026-02-28,12,4,good,521
INV_0007307,WH_001,WH_001_COLD_148,SKU_00039,BATCH_0007307,2026-02-27,2027-02-27,2026-03-06,9,0,good,276
INV_0007308,WH_001,WH_001_AMBIENT_169,SKU_00107,BATCH_0007308,2026-05-12,2027-05-12,2026-05-25,11,4,good,350
INV_0007309,WH_003,WH_003_AMBIENT_094,SKU_00236,BATCH_0007309,2025-06-20,2026-10-07,2025-07-02,11,0,good,133
INV_0007310,WH_003,WH_003_AMBIENT_180,SKU_00291,BATCH_0007310,2026-01-15,2027-07-21,2026-01-16,59,2,good,420
INV_0007311,WH_002,WH_002_AMBIENT_180,SKU_00063,BATCH_0007311,2025-07-18,2026-11-24,2025-07-21,44,0,good,181
INV_0007312,WH_003,WH_003_COOL_178,SKU_00133,BATCH_0007312,2024-11-07,2026-09-07,2024-11-17,2,0,good,103
INV_0007313,WH_001,WH_001_AMBIENT_197,SKU_00051,BATCH_0007313,2025-07-03,2026-07-20,2025-07-05,21,0,good,54
INV_0007314,WH_001,WH_001_AMBIENT_059,SKU_00150,BATCH_0007314,2026-05-26,2027-08-11,2026-06-03,41,0,good,441
INV_0007315,WH_001,WH_001_COOL_187,SKU_00031,BATCH_0007315,2025-09-08,2027-03-24,2025-09-18,4,0,good,301
INV_0007316,WH_003,WH_003_AMBIENT_130,SKU_00143,BATCH_0007316,2025-12-15,2026-12-15,2025-12-18,32,0,good,202
INV_0007317,WH_003,WH_003_COOL_024,SKU_00212,BATCH_0007317,2025-07-27,2027-03-30,2025-08-02,8,0,good,307
INV_0007318,WH_003,WH_003_COOL_054,SKU_00020,BATCH_0007318,2025-07-23,2027-04-02,2025-07-27,2,0,good,310
INV_0007319,WH_001,WH_001_COOL_070,SKU_00144,BATCH_0007319,2025-11-30,2027-11-21,2025-12-05,0,0,good,543
INV_0007320,WH_002,WH_002_COOL_183,SKU_00142,BATCH_0007320,2026-04-16,2027-08-03,2026-04-29,55,0,good,433
INV_0007321,WH_002,WH_002_AMBIENT_102,SKU_00176,BATCH_0007321,2025-10-04,2026-10-04,2025-10-06,6,0,good,130
INV_0007322,WH_002,WH_002_COLD_136,SKU_00256,BATCH_0007322,2025-11-10,2026-11-10,2025-11-14,23,0,good,167
INV_0007323,WH_001,WH_001_AMBIENT_109,SKU_00205,BATCH_0007323,2026-01-21,2027-02-16,2026-01-31,19,0,good,265
INV_0007324,WH_003,WH_003_COLD_180,SKU_00045,BATCH_0007324,2025-12-14,2026-12-14,2025-12-16,14,0,good,201
INV_0007325,WH_003,WH_003_FROZEN_085,SKU_00192,BATCH_0007325,2026-03-19,2026-11-16,2026-03-26,20,0,good,173
INV_0007326,WH_003,WH_003_AMBIENT_146,SKU_00170,BATCH_0007326,2025-08-17,2026-08-17,2025-08-23,9,0,good,82
INV_0007327,WH_003,WH_003_FROZEN_028,SKU_00287,BATCH_0007327,2025-02-10,2027-02-10,2025-02-21,1,0,good,259
INV_0007328,WH_002,WH_002_AMBIENT_068,SKU_00218,BATCH_0007328,2024-10-09,2026-11-26,2024-10-21,20,0,good,183
INV_0007329,WH_003,WH_003_COOL_112,SKU_00111,BATCH_0007329,2026-04-18,2027-04-26,2026-04-25,16,2,good,334
INV_0007330,WH_001,WH_001_AMBIENT_196,SKU_00057,BATCH_0007330,2025-11-13,2028-04-27,2025-11-22,80,0,good,701
INV_0007331,WH_001,WH_001_AMBIENT_141,SKU_00107,BATCH_0007331,2025-07-15,2026-07-15,2025-07-23,6,0,good,49
INV_0007332,WH_001,WH_001_COLD_183,SKU_00300,BATCH_0007332,2025-11-16,2026-11-16,2025-11-24,22,3,good,173
INV_0007333,WH_001,WH_001_AMBIENT_044,SKU_00049,BATCH_0007333,2025-08-21,2026-10-07,2025-08-25,5,0,good,133
INV_0007334,WH_002,WH_002_AMBIENT_162,SKU_00009,BATCH_0007334,2025-09-02,2027-09-16,2025-09-04,30,0,good,477
INV_0007335,WH_002,WH_002_COLD_146,SKU_00136,BATCH_0007335,2025-11-06,2026-08-05,2025-11-17,50,0,good,70
INV_0007336,WH_003,WH_003_COLD_009,SKU_00209,BATCH_0007336,2026-01-14,2026-08-25,2026-01-22,3,0,good,90
INV_0007337,WH_003,WH_003_COOL_064,SKU_00161,BATCH_0007337,2026-05-18,2027-12-31,2026-05-27,80,0,good,583
INV_0007338,WH_002,WH_002_COOL_139,SKU_00006,BATCH_0007338,2025-02-12,2027-02-12,2025-02-18,33,0,good,261
INV_0007339,WH_002,WH_002_COOL_173,SKU_00253,BATCH_0007339,2025-08-17,2027-08-17,2025-08-27,74,0,good,447
INV_0007340,WH_003,WH_003_AMBIENT_149,SKU_00285,BATCH_0007340,2026-02-26,2027-02-26,2026-03-01,22,0,good,275
INV_0007341,WH_002,WH_002_COOL_193,SKU_00003,BATCH_0007341,2025-07-10,2027-07-10,2025-07-14,7,0,good,409
INV_0007342,WH_002,WH_002_COOL_018,SKU_00111,BATCH_0007342,2025-08-24,2026-09-01,2025-08-26,2,0,good,97
INV_0007343,WH_001,WH_001_AMBIENT_194,SKU_00278,BATCH_0007343,2025-02-28,2027-04-01,2025-03-06,87,0,good,309
INV_0007344,WH_002,WH_002_COOL_120,SKU_00133,BATCH_0007344,2025-05-19,2027-03-19,2025-05-30,45,4,good,296
INV_0007345,WH_003,WH_003_COLD_018,SKU_00228,BATCH_0007345,2026-05-19,2027-03-16,2026-05-20,68,12,good,293
INV_0007346,WH_002,WH_002_AMBIENT_181,SKU_00125,BATCH_0007346,2025-12-09,2026-12-09,2025-12-18,26,0,good,196
INV_0007347,WH_002,WH_002_FROZEN_163,SKU_00284,BATCH_0007347,2025-06-28,2027-06-28,2025-06-30,20,0,good,397
INV_0007348,WH_003,WH_003_FROZEN_059,SKU_00007,BATCH_0007348,2026-02-22,2026-09-03,2026-02-27,9,0,good,99
INV_0007349,WH_001,WH_001_AMBIENT_122,SKU_00081,BATCH_0007349,2025-10-12,2027-04-16,2025-10-18,53,0,good,324
INV_0007350,WH_001,WH_001_AMBIENT_108,SKU_00268,BATCH_0007350,2026-02-25,2027-02-25,2026-03-07,90,0,good,274
INV_0007351,WH_003,WH_003_AMBIENT_116,SKU_00223,BATCH_0007351,2026-01-15,2028-12-03,2026-01-26,19,0,good,921
INV_0007352,WH_002,WH_002_AMBIENT_048,SKU_00163,BATCH_0007352,2026-03-18,2027-10-01,2026-03-24,20,0,good,492
INV_0007353,WH_003,WH_003_COOL_042,SKU_00238,BATCH_0007353,2026-04-09,2027-12-03,2026-04-16,7,0,good,555
INV_0007354,WH_002,WH_002_AMBIENT_117,SKU_00198,BATCH_0007354,2025-07-15,2026-09-16,2025-07-16,17,1,good,112
INV_0007355,WH_003,WH_003_FROZEN_105,SKU_00216,BATCH_0007355,2025-02-25,2026-12-31,2025-03-04,25,2,good,218
INV_0007356,WH_001,WH_001_AMBIENT_187,SKU_00232,BATCH_0007356,2026-04-01,2027-12-19,2026-04-08,11,1,good,571
INV_0007357,WH_002,WH_002_AMBIENT_131,SKU_00030,BATCH_0007357,2025-03-22,2027-08-02,2025-04-03,29,10,good,432
INV_0007358,WH_003,WH_003_COLD_112,SKU_00199,BATCH_0007358,2025-08-30,2026-08-30,2025-09-02,2,0,good,95
INV_0007359,WH_003,WH_003_AMBIENT_033,SKU_00063,BATCH_0007359,2025-07-18,2026-11-24,2025-07-30,26,2,good,181
INV_0007360,WH_003,WH_003_AMBIENT_108,SKU_00150,BATCH_0007360,2026-02-27,2027-05-15,2026-03-04,3,0,good,353
INV_0007361,WH_001,WH_001_FROZEN_158,SKU_00192,BATCH_0007361,2026-04-05,2026-12-03,2026-04-16,8,0,good,190
INV_0007362,WH_003,WH_003_AMBIENT_098,SKU_00176,BATCH_0007362,2026-01-08,2027-01-08,2026-01-11,56,11,good,226
INV_0007363,WH_002,WH_002_COLD_017,SKU_00123,BATCH_0007363,2026-02-08,2027-02-08,2026-02-11,6,1,good,257
INV_0007364,WH_003,WH_003_COOL_200,SKU_00227,BATCH_0007364,2026-01-29,2028-01-29,2026-02-05,36,0,good,612
INV_0007365,WH_003,WH_003_AMBIENT_137,SKU_00234,BATCH_0007365,2025-07-27,2026-07-27,2025-08-03,21,0,good,61
INV_0007366,WH_001,WH_001_AMBIENT_134,SKU_00103,BATCH_0007366,2025-09-11,2026-09-11,2025-09-12,32,4,good,107
INV_0007367,WH_002,WH_002_AMBIENT_145,SKU_00095,BATCH_0007367,2024-05-29,2026-09-16,2024-06-10,27,0,good,112
INV_0007368,WH_003,WH_003_AMBIENT_063,SKU_00233,BATCH_0007368,2026-01-13,2027-08-25,2026-01-19,7,0,good,455
INV_0007369,WH_003,WH_003_AMBIENT_190,SKU_00027,BATCH_0007369,2025-12-22,2027-09-04,2026-01-03,4,0,good,465
INV_0007370,WH_001,WH_001_AMBIENT_047,SKU_00278,BATCH_0007370,2025-03-25,2027-04-26,2025-04-02,122,0,good,334
INV_0007371,WH_003,WH_003_COOL_015,SKU_00261,BATCH_0007371,2026-02-03,2027-02-18,2026-02-05,7,0,good,267
INV_0007372,WH_002,WH_002_AMBIENT_197,SKU_00022,BATCH_0007372,2025-10-31,2028-01-10,2025-11-10,69,16,good,593
INV_0007373,WH_002,WH_002_AMBIENT_114,SKU_00126,BATCH_0007373,2025-07-29,2027-11-30,2025-08-08,13,0,good,552
INV_0007374,WH_002,WH_002_COOL_014,SKU_00210,BATCH_0007374,2024-12-18,2026-12-18,2024-12-26,40,0,good,205
INV_0007375,WH_003,WH_003_AMBIENT_004,SKU_00102,BATCH_0007375,2025-01-18,2027-07-05,2025-01-31,2,0,good,404
INV_0007376,WH_003,WH_003_COOL_004,SKU_00145,BATCH_0007376,2026-01-27,2027-05-20,2026-01-31,65,0,good,358
INV_0007377,WH_003,WH_003_COLD_140,SKU_00229,BATCH_0007377,2026-03-24,2027-03-24,2026-04-01,3,0,good,301
INV_0007378,WH_003,WH_003_COLD_130,SKU_00271,BATCH_0007378,2026-01-19,2026-07-16,2026-01-29,66,15,good,50
INV_0007379,WH_001,WH_001_COOL_194,SKU_00021,BATCH_0007379,2025-11-16,2026-09-04,2025-11-29,23,0,good,100
INV_0007380,WH_001,WH_001_COLD_095,SKU_00029,BATCH_0007380,2026-02-19,2027-02-19,2026-02-21,48,0,good,268
INV_0007381,WH_002,WH_002_AMBIENT_115,SKU_00180,BATCH_0007381,2025-11-08,2026-11-08,2025-11-09,25,0,good,165
INV_0007382,WH_003,WH_003_COLD_018,SKU_00090,BATCH_0007382,2026-03-10,2026-08-05,2026-03-18,3,0,good,70
INV_0007383,WH_003,WH_003_AMBIENT_155,SKU_00135,BATCH_0007383,2025-08-22,2026-08-22,2025-08-24,5,0,good,87
INV_0007384,WH_002,WH_002_COOL_180,SKU_00086,BATCH_0007384,2025-04-12,2027-04-12,2025-04-23,10,0,good,320
INV_0007385,WH_003,WH_003_AMBIENT_070,SKU_00299,BATCH_0007385,2026-05-02,2027-12-23,2026-05-04,29,0,good,575
INV_0007386,WH_001,WH_001_AMBIENT_009,SKU_00195,BATCH_0007386,2024-10-12,2027-01-12,2024-10-18,21,0,good,230
INV_0007387,WH_001,WH_001_AMBIENT_056,SKU_00195,BATCH_0007387,2025-10-09,2028-01-09,2025-10-21,17,0,good,592
INV_0007388,WH_003,WH_003_COOL_061,SKU_00175,BATCH_0007388,2025-12-14,2026-11-30,2025-12-24,11,1,good,187
INV_0007389,WH_001,WH_001_COOL_164,SKU_00139,BATCH_0007389,2025-03-15,2027-03-15,2025-03-23,4,0,good,292
INV_0007390,WH_001,WH_001_FROZEN_077,SKU_00032,BATCH_0007390,2026-02-11,2026-10-24,2026-02-15,413,0,good,150
INV_0007391,WH_001,WH_001_COOL_200,SKU_00117,BATCH_0007391,2026-03-31,2027-10-14,2026-04-10,35,0,good,505
INV_0007392,WH_003,WH_003_AMBIENT_007,SKU_00230,BATCH_0007392,2025-07-11,2027-07-19,2025-07-20,17,4,good,418
INV_0007393,WH_002,WH_002_COOL_034,SKU_00207,BATCH_0007393,2025-10-04,2026-10-10,2025-10-05,27,0,good,136
INV_0007394,WH_002,WH_002_AMBIENT_197,SKU_00132,BATCH_0007394,2025-11-06,2026-11-06,2025-11-07,21,0,good,163
INV_0007395,WH_001,WH_001_AMBIENT_143,SKU_00194,BATCH_0007395,2026-04-19,2027-04-19,2026-04-21,21,0,good,327
INV_0007396,WH_001,WH_001_AMBIENT_020,SKU_00283,BATCH_0007396,2026-01-12,2027-01-12,2026-01-15,14,0,good,230
INV_0007397,WH_001,WH_001_AMBIENT_152,SKU_00213,BATCH_0007397,2026-04-05,2028-08-17,2026-04-08,3,1,good,813
INV_0007398,WH_001,WH_001_COOL_112,SKU_00272,BATCH_0007398,2025-10-29,2026-08-21,2025-11-07,14,0,good,86
INV_0007399,WH_003,WH_003_FROZEN_035,SKU_00201,BATCH_0007399,2025-01-31,2027-01-30,2025-02-08,27,1,good,248
INV_0007400,WH_002,WH_002_FROZEN_015,SKU_00007,BATCH_0007400,2026-04-14,2026-10-24,2026-04-26,5,0,good,150
INV_0007401,WH_002,WH_002_COLD_040,SKU_00106,BATCH_0007401,2026-03-25,2026-12-31,2026-04-02,99,0,good,218
INV_0007402,WH_003,WH_003_COLD_146,SKU_00164,BATCH_0007402,2025-10-18,2026-10-18,2025-10-26,8,0,good,144
INV_0007403,WH_003,WH_003_COOL_110,SKU_00207,BATCH_0007403,2026-05-02,2027-05-08,2026-05-13,91,20,good,346
INV_0007404,WH_003,WH_003_AMBIENT_123,SKU_00051,BATCH_0007404,2025-07-18,2026-08-04,2025-07-22,6,0,good,69
INV_0007405,WH_001,WH_001_AMBIENT_166,SKU_00269,BATCH_0007405,2026-03-02,2027-07-02,2026-03-07,43,2,good,401
INV_0007406,WH_003,WH_003_COOL_190,SKU_00042,BATCH_0007406,2026-02-14,2027-07-08,2026-02-19,22,8,good,407
INV_0007407,WH_002,WH_002_AMBIENT_060,SKU_00018,BATCH_0007407,2025-11-07,2027-03-09,2025-11-14,2,0,good,286
INV_0007408,WH_001,WH_001_COOL_110,SKU_00121,BATCH_0007408,2025-06-25,2026-08-28,2025-06-29,39,4,good,93
INV_0007409,WH_002,WH_002_COLD_103,SKU_00149,BATCH_0007409,2026-01-19,2026-06-13,2026-01-24,65,0,good,17
INV_0007410,WH_001,WH_001_COOL_199,SKU_00042,BATCH_0007410,2025-10-27,2027-03-20,2025-11-06,1,0,good,297
INV_0007411,WH_002,WH_002_AMBIENT_017,SKU_00052,BATCH_0007411,2024-08-03,2027-04-21,2024-08-12,1,0,good,329
INV_0007412,WH_002,WH_002_COLD_049,SKU_00154,BATCH_0007412,2026-02-13,2026-07-10,2026-02-20,21,7,good,44
INV_0007413,WH_002,WH_002_AMBIENT_037,SKU_00108,BATCH_0007413,2024-05-24,2027-03-26,2024-06-01,5,0,good,303
INV_0007414,WH_002,WH_002_AMBIENT_121,SKU_00001,BATCH_0007414,2024-12-31,2026-08-02,2025-01-07,25,0,good,67
INV_0007415,WH_002,WH_002_AMBIENT_074,SKU_00257,BATCH_0007415,2025-08-02,2027-01-29,2025-08-07,90,0,good,247
INV_0007416,WH_003,WH_003_COOL_188,SKU_00207,BATCH_0007416,2025-09-09,2026-09-15,2025-09-13,3,0,good,111
INV_0007417,WH_003,WH_003_COOL_054,SKU_00015,BATCH_0007417,2024-12-22,2026-09-11,2024-12-31,3,0,good,107
INV_0007418,WH_003,WH_003_COOL_158,SKU_00238,BATCH_0007418,2025-11-21,2027-07-17,2025-11-28,35,0,good,416
INV_0007419,WH_003,WH_003_COOL_128,SKU_00077,BATCH_0007419,2025-11-12,2027-01-01,2025-11-21,47,14,good,219
INV_0007420,WH_001,WH_001_COLD_066,SKU_00085,BATCH_0007420,2026-03-03,2027-03-03,2026-03-06,82,0,good,280
INV_0007421,WH_003,WH_003_AMBIENT_034,SKU_00190,BATCH_0007421,2025-01-16,2026-09-25,2025-01-17,108,0,good,121
INV_0007422,WH_002,WH_002_AMBIENT_171,SKU_00120,BATCH_0007422,2025-05-15,2026-08-23,2025-05-21,11,0,good,88
INV_0007423,WH_001,WH_001_FROZEN_050,SKU_00201,BATCH_0007423,2025-08-25,2027-08-24,2025-08-30,23,0,good,454
INV_0007424,WH_003,WH_003_COLD_107,SKU_00154,BATCH_0007424,2026-02-14,2026-07-11,2026-02-26,167,34,good,45
INV_0007425,WH_002,WH_002_AMBIENT_134,SKU_00257,BATCH_0007425,2026-02-12,2027-08-11,2026-02-18,245,25,good,441
INV_0007426,WH_002,WH_002_COOL_126,SKU_00270,BATCH_0007426,2026-03-17,2027-03-13,2026-03-18,23,0,good,290
INV_0007427,WH_003,WH_003_AMBIENT_167,SKU_00221,BATCH_0007427,2025-10-07,2026-10-07,2025-10-14,1,0,good,133
INV_0007428,WH_002,WH_002_AMBIENT_003,SKU_00218,BATCH_0007428,2025-07-16,2027-09-02,2025-07-27,125,0,good,463
INV_0007429,WH_003,WH_003_AMBIENT_085,SKU_00225,BATCH_0007429,2025-12-10,2026-12-12,2025-12-20,94,13,good,199
INV_0007430,WH_001,WH_001_AMBIENT_027,SKU_00282,BATCH_0007430,2025-12-08,2028-04-21,2025-12-19,85,25,good,695
INV_0007431,WH_001,WH_001_COLD_067,SKU_00228,BATCH_0007431,2025-10-12,2026-08-09,2025-10-25,27,0,good,74
INV_0007432,WH_003,WH_003_COLD_153,SKU_00193,BATCH_0007432,2026-01-27,2026-12-27,2026-01-30,10,0,good,214
INV_0007433,WH_001,WH_001_COLD_037,SKU_00123,BATCH_0007433,2025-07-03,2026-07-03,2025-07-07,215,0,good,37
INV_0007434,WH_002,WH_002_AMBIENT_144,SKU_00118,BATCH_0007434,2025-08-09,2026-08-09,2025-08-10,199,0,good,74
INV_0007435,WH_003,WH_003_AMBIENT_017,SKU_00102,BATCH_0007435,2025-10-09,2028-03-25,2025-10-20,253,0,good,668
INV_0007436,WH_002,WH_002_COLD_100,SKU_00047,BATCH_0007436,2026-03-18,2027-02-06,2026-03-22,39,0,good,255
INV_0007437,WH_002,WH_002_COOL_039,SKU_00138,BATCH_0007437,2026-02-20,2027-12-31,2026-02-21,8,0,good,583
INV_0007438,WH_002,WH_002_AMBIENT_164,SKU_00152,BATCH_0007438,2025-06-25,2027-02-15,2025-06-28,10,0,good,264
INV_0007439,WH_001,WH_001_AMBIENT_047,SKU_00078,BATCH_0007439,2026-03-15,2028-08-05,2026-03-23,217,0,good,801
INV_0007440,WH_003,WH_003_COOL_129,SKU_00033,BATCH_0007440,2025-05-31,2026-08-05,2025-06-03,20,0,good,70
INV_0007441,WH_002,WH_002_COOL_003,SKU_00162,BATCH_0007441,2024-12-25,2026-12-25,2025-01-07,25,0,good,212
INV_0007442,WH_001,WH_001_AMBIENT_110,SKU_00026,BATCH_0007442,2025-08-25,2027-03-23,2025-09-07,53,0,good,300
INV_0007443,WH_001,WH_001_COOL_160,SKU_00089,BATCH_0007443,2025-11-16,2027-02-14,2025-11-20,29,3,good,263
INV_0007444,WH_002,WH_002_COLD_171,SKU_00040,BATCH_0007444,2026-05-09,2026-09-23,2026-05-18,159,0,good,119
INV_0007445,WH_003,WH_003_AMBIENT_091,SKU_00170,BATCH_0007445,2025-07-31,2026-07-31,2025-08-11,162,0,good,65
INV_0007446,WH_002,WH_002_AMBIENT_118,SKU_00062,BATCH_0007446,2025-10-22,2027-10-13,2025-10-29,2,0,good,504
INV_0007447,WH_003,WH_003_AMBIENT_049,SKU_00283,BATCH_0007447,2026-04-28,2027-04-28,2026-05-03,9,0,good,336
INV_0007448,WH_002,WH_002_AMBIENT_135,SKU_00269,BATCH_0007448,2025-09-22,2027-01-22,2025-10-04,12,0,good,240
INV_0007449,WH_003,WH_003_AMBIENT_007,SKU_00288,BATCH_0007449,2025-06-21,2027-07-11,2025-07-03,30,0,good,410
INV_0007450,WH_001,WH_001_COLD_093,SKU_00090,BATCH_0007450,2026-03-20,2026-08-15,2026-03-31,37,0,good,80
INV_0007451,WH_003,WH_003_AMBIENT_114,SKU_00250,BATCH_0007451,2024-06-21,2027-01-08,2024-07-01,267,0,good,226
INV_0007452,WH_002,WH_002_COOL_077,SKU_00031,BATCH_0007452,2025-09-14,2027-03-30,2025-09-22,6,0,good,307
INV_0007453,WH_002,WH_002_AMBIENT_168,SKU_00012,BATCH_0007453,2025-09-30,2026-09-30,2025-10-07,10,1,good,126
INV_0007454,WH_003,WH_003_AMBIENT_024,SKU_00299,BATCH_0007454,2026-02-04,2027-09-27,2026-02-15,2,0,good,488
INV_0007455,WH_003,WH_003_AMBIENT_140,SKU_00155,BATCH_0007455,2025-07-09,2026-10-06,2025-07-10,35,7,good,132
INV_0007456,WH_002,WH_002_COOL_137,SKU_00044,BATCH_0007456,2025-01-17,2026-11-30,2025-01-18,13,0,good,187
INV_0007457,WH_002,WH_002_AMBIENT_087,SKU_00278,BATCH_0007457,2024-09-02,2026-10-04,2024-09-11,14,1,good,130
INV_0007458,WH_002,WH_002_FROZEN_056,SKU_00192,BATCH_0007458,2026-01-15,2026-09-14,2026-01-26,46,0,good,110
INV_0007459,WH_001,WH_001_AMBIENT_090,SKU_00233,BATCH_0007459,2025-09-24,2027-05-06,2025-10-01,20,0,good,344
INV_0007460,WH_002,WH_002_COOL_059,SKU_00131,BATCH_0007460,2025-01-05,2026-11-04,2025-01-12,43,8,good,161
INV_0007461,WH_001,WH_001_AMBIENT_085,SKU_00076,BATCH_0007461,2025-12-13,2028-02-22,2025-12-21,24,0,good,636
INV_0007462,WH_003,WH_003_AMBIENT_119,SKU_00017,BATCH_0007462,2024-12-22,2026-11-27,2024-12-24,29,2,good,184
INV_0007463,WH_002,WH_002_AMBIENT_091,SKU_00109,BATCH_0007463,2025-10-01,2026-10-26,2025-10-12,8,0,good,152
INV_0007464,WH_002,WH_002_AMBIENT_089,SKU_00080,BATCH_0007464,2025-07-07,2027-11-21,2025-07-17,19,0,good,543
INV_0007465,WH_002,WH_002_AMBIENT_131,SKU_00277,BATCH_0007465,2026-04-02,2028-03-15,2026-04-15,474,0,good,658
INV_0007466,WH_003,WH_003_COOL_035,SKU_00245,BATCH_0007466,2025-11-06,2027-04-03,2025-11-12,25,0,good,311
INV_0007467,WH_002,WH_002_AMBIENT_159,SKU_00186,BATCH_0007467,2026-02-15,2028-03-29,2026-02-27,98,0,good,672
INV_0007468,WH_003,WH_003_AMBIENT_122,SKU_00030,BATCH_0007468,2025-04-03,2027-08-14,2025-04-06,20,6,good,444
INV_0007469,WH_002,WH_002_COLD_148,SKU_00231,BATCH_0007469,2025-11-14,2026-11-14,2025-11-19,5,0,good,171
INV_0007470,WH_002,WH_002_COLD_149,SKU_00092,BATCH_0007470,2026-02-28,2027-02-28,2026-03-04,2,0,good,277
INV_0007471,WH_001,WH_001_AMBIENT_114,SKU_00046,BATCH_0007471,2025-10-22,2026-10-22,2025-11-01,45,0,good,148
INV_0007472,WH_003,WH_003_AMBIENT_179,SKU_00217,BATCH_0007472,2025-11-12,2028-01-10,2025-11-17,38,0,good,593
INV_0007473,WH_002,WH_002_COOL_187,SKU_00074,BATCH_0007473,2025-12-16,2027-12-16,2025-12-23,15,1,good,568
INV_0007474,WH_003,WH_003_AMBIENT_054,SKU_00191,BATCH_0007474,2025-07-06,2028-01-24,2025-07-19,51,0,good,607
INV_0007475,WH_002,WH_002_FROZEN_053,SKU_00032,BATCH_0007475,2026-03-18,2026-11-28,2026-03-20,10,0,good,185
INV_0007476,WH_002,WH_002_AMBIENT_148,SKU_00105,BATCH_0007476,2025-11-06,2026-11-06,2025-11-12,5,0,good,163
INV_0007477,WH_002,WH_002_AMBIENT_131,SKU_00177,BATCH_0007477,2025-04-14,2027-03-29,2025-04-21,6,0,good,306
INV_0007478,WH_001,WH_001_AMBIENT_008,SKU_00080,BATCH_0007478,2024-09-06,2027-01-21,2024-09-16,7,0,good,239
INV_0007479,WH_003,WH_003_AMBIENT_030,SKU_00241,BATCH_0007479,2024-06-04,2026-11-29,2024-06-11,113,0,good,186
INV_0007480,WH_002,WH_002_AMBIENT_190,SKU_00178,BATCH_0007480,2025-06-05,2027-03-24,2025-06-10,48,0,good,301
INV_0007481,WH_003,WH_003_COLD_116,SKU_00228,BATCH_0007481,2025-10-31,2026-08-28,2025-11-06,25,0,good,93
INV_0007482,WH_001,WH_001_AMBIENT_063,SKU_00005,BATCH_0007482,2025-03-08,2027-04-19,2025-03-09,52,0,good,327
INV_0007483,WH_002,WH_002_AMBIENT_045,SKU_00055,BATCH_0007483,2025-09-04,2027-01-08,2025-09-05,32,0,good,226
INV_0007484,WH_002,WH_002_COLD_048,SKU_00123,BATCH_0007484,2026-02-01,2027-02-01,2026-02-03,4,0,good,250
INV_0007485,WH_002,WH_002_AMBIENT_131,SKU_00213,BATCH_0007485,2025-11-25,2028-04-08,2025-12-06,8,0,good,682
INV_0007486,WH_001,WH_001_COOL_033,SKU_00161,BATCH_0007486,2026-03-06,2027-10-19,2026-03-14,43,0,good,510
INV_0007487,WH_002,WH_002_AMBIENT_047,SKU_00190,BATCH_0007487,2025-04-26,2027-01-03,2025-05-04,20,8,good,221
INV_0007488,WH_003,WH_003_COOL_067,SKU_00140,BATCH_0007488,2025-12-01,2026-09-08,2025-12-06,8,2,good,104
INV_0007489,WH_003,WH_003_COLD_046,SKU_00300,BATCH_0007489,2025-08-12,2026-08-12,2025-08-19,53,6,good,77
INV_0007490,WH_002,WH_002_AMBIENT_159,SKU_00152,BATCH_0007490,2025-04-03,2026-11-24,2025-04-04,4,0,good,181
INV_0007491,WH_003,WH_003_COOL_021,SKU_00021,BATCH_0007491,2025-10-17,2026-08-05,2025-10-30,49,0,good,70
INV_0007492,WH_002,WH_002_AMBIENT_113,SKU_00055,BATCH_0007492,2025-10-09,2027-02-12,2025-10-18,20,0,good,261
INV_0007493,WH_001,WH_001_COLD_181,SKU_00209,BATCH_0007493,2026-03-20,2026-10-29,2026-03-27,22,0,good,155
INV_0007494,WH_002,WH_002_COOL_055,SKU_00289,BATCH_0007494,2025-08-23,2026-09-22,2025-08-24,9,0,good,118
INV_0007495,WH_003,WH_003_AMBIENT_171,SKU_00299,BATCH_0007495,2026-05-25,2028-01-15,2026-06-04,13,0,good,598
INV_0007496,WH_001,WH_001_AMBIENT_106,SKU_00200,BATCH_0007496,2025-10-19,2027-06-14,2025-10-28,46,0,good,383
INV_0007497,WH_002,WH_002_COOL_091,SKU_00244,BATCH_0007497,2026-01-16,2027-08-19,2026-01-27,144,0,good,449
INV_0007498,WH_001,WH_001_AMBIENT_038,SKU_00268,BATCH_0007498,2026-04-05,2027-04-05,2026-04-14,365,0,good,313
INV_0007499,WH_001,WH_001_COOL_092,SKU_00280,BATCH_0007499,2026-04-05,2028-04-04,2026-04-15,17,0,good,678
INV_0007500,WH_001,WH_001_COLD_027,SKU_00053,BATCH_0007500,2026-01-13,2026-08-29,2026-01-17,269,0,good,94
INV_0007501,WH_002,WH_002_COLD_101,SKU_00106,BATCH_0007501,2026-02-21,2026-11-29,2026-02-28,14,0,good,186
INV_0007502,WH_001,WH_001_AMBIENT_048,SKU_00188,BATCH_0007502,2025-07-08,2026-07-08,2025-07-20,28,0,good,42
INV_0007503,WH_003,WH_003_AMBIENT_097,SKU_00242,BATCH_0007503,2025-11-18,2026-11-18,2025-12-01,71,2,good,175
INV_0007504,WH_001,WH_001_COOL_101,SKU_00112,BATCH_0007504,2024-12-27,2026-12-27,2025-01-02,27,9,good,214
INV_0007505,WH_002,WH_002_COOL_182,SKU_00074,BATCH_0007505,2025-06-18,2027-06-18,2025-06-28,12,0,good,387
INV_0007506,WH_002,WH_002_COOL_149,SKU_00140,BATCH_0007506,2026-01-05,2026-10-13,2026-01-06,8,0,good,139
INV_0007507,WH_003,WH_003_AMBIENT_159,SKU_00132,BATCH_0007507,2025-09-13,2026-09-13,2025-09-26,65,0,good,109
INV_0007508,WH_003,WH_003_AMBIENT_136,SKU_00148,BATCH_0007508,2025-06-20,2027-12-15,2025-06-26,7,0,good,567
INV_0007509,WH_003,WH_003_COLD_060,SKU_00136,BATCH_0007509,2026-04-19,2027-01-16,2026-04-22,41,16,good,234
INV_0007510,WH_001,WH_001_AMBIENT_032,SKU_00028,BATCH_0007510,2026-03-12,2027-07-28,2026-03-16,46,0,good,427
INV_0007511,WH_002,WH_002_AMBIENT_030,SKU_00179,BATCH_0007511,2026-01-13,2027-01-13,2026-01-19,17,1,good,231
INV_0007512,WH_002,WH_002_COLD_141,SKU_00045,BATCH_0007512,2026-01-24,2027-01-24,2026-01-27,113,0,good,242
INV_0007513,WH_003,WH_003_COLD_186,SKU_00229,BATCH_0007513,2025-09-09,2026-09-09,2025-09-13,69,0,good,105
INV_0007514,WH_002,WH_002_AMBIENT_054,SKU_00185,BATCH_0007514,2026-02-15,2027-02-15,2026-02-22,11,0,good,264
INV_0007515,WH_003,WH_003_COLD_184,SKU_00110,BATCH_0007515,2026-04-17,2026-11-25,2026-04-25,46,0,good,182
INV_0007516,WH_003,WH_003_COOL_089,SKU_00060,BATCH_0007516,2025-05-28,2027-05-28,2025-06-09,7,0,good,366
INV_0007517,WH_002,WH_002_AMBIENT_017,SKU_00257,BATCH_0007517,2025-06-07,2026-12-04,2025-06-15,11,2,good,191
INV_0007518,WH_001,WH_001_AMBIENT_121,SKU_00190,BATCH_0007518,2024-12-11,2026-08-20,2024-12-16,53,0,good,85
INV_0007519,WH_002,WH_002_FROZEN_178,SKU_00192,BATCH_0007519,2026-01-21,2026-09-20,2026-01-25,59,1,good,116
INV_0007520,WH_003,WH_003_COOL_111,SKU_00074,BATCH_0007520,2024-10-24,2026-10-24,2024-11-05,31,0,good,150
INV_0007521,WH_002,WH_002_COOL_065,SKU_00139,BATCH_0007521,2025-02-04,2027-02-04,2025-02-13,10,0,good,253
INV_0007522,WH_003,WH_003_COOL_136,SKU_00162,BATCH_0007522,2026-03-02,2028-03-01,2026-03-03,31,2,good,644
INV_0007523,WH_001,WH_001_AMBIENT_196,SKU_00178,BATCH_0007523,2025-09-04,2027-06-23,2025-09-12,41,0,good,392
INV_0007524,WH_003,WH_003_COOL_155,SKU_00079,BATCH_0007524,2025-10-29,2027-05-29,2025-11-11,8,0,good,367
INV_0007525,WH_003,WH_003_COOL_052,SKU_00273,BATCH_0007525,2025-10-24,2027-06-03,2025-10-29,5,0,good,372
INV_0007526,WH_001,WH_001_COLD_096,SKU_00106,BATCH_0007526,2026-02-22,2026-11-30,2026-03-06,14,0,good,187
INV_0007527,WH_001,WH_001_COOL_010,SKU_00298,BATCH_0007527,2026-04-09,2027-04-05,2026-04-22,8,0,good,313
INV_0007528,WH_003,WH_003_AMBIENT_076,SKU_00217,BATCH_0007528,2026-02-28,2028-04-27,2026-03-09,63,0,good,701
INV_0007529,WH_001,WH_001_AMBIENT_059,SKU_00174,BATCH_0007529,2024-11-04,2027-03-14,2024-11-12,6,0,good,291
INV_0007530,WH_001,WH_001_COOL_032,SKU_00131,BATCH_0007530,2024-12-24,2026-10-23,2025-01-01,2,0,good,149
INV_0007531,WH_002,WH_002_AMBIENT_169,SKU_00102,BATCH_0007531,2026-05-18,2028-11-01,2026-05-30,17,0,good,889
INV_0007532,WH_002,WH_002_COOL_187,SKU_00162,BATCH_0007532,2026-02-11,2028-02-11,2026-02-24,13,1,good,625
INV_0007533,WH_001,WH_001_AMBIENT_135,SKU_00062,BATCH_0007533,2025-10-31,2027-10-22,2025-11-01,12,0,good,513
INV_0007534,WH_001,WH_001_AMBIENT_140,SKU_00152,BATCH_0007534,2025-02-13,2026-10-06,2025-02-26,4,0,good,132
INV_0007535,WH_003,WH_003_FROZEN_175,SKU_00296,BATCH_0007535,2025-10-03,2027-10-03,2025-10-06,6,1,good,494
INV_0007536,WH_003,WH_003_COLD_161,SKU_00047,BATCH_0007536,2025-10-15,2026-09-05,2025-10-20,35,1,good,101
INV_0007537,WH_001,WH_001_FROZEN_200,SKU_00171,BATCH_0007537,2025-12-20,2027-11-30,2025-12-21,211,0,good,552
INV_0007538,WH_002,WH_002_FROZEN_081,SKU_00216,BATCH_0007538,2024-11-08,2026-09-13,2024-11-21,4,0,good,109
INV_0007539,WH_001,WH_001_AMBIENT_118,SKU_00265,BATCH_0007539,2025-01-07,2027-04-05,2025-01-11,27,0,good,313
INV_0007540,WH_002,WH_002_COOL_107,SKU_00139,BATCH_0007540,2025-01-03,2027-01-03,2025-01-12,11,3,good,221
INV_0007541,WH_002,WH_002_AMBIENT_105,SKU_00049,BATCH_0007541,2025-06-26,2026-08-12,2025-06-28,27,0,good,77
INV_0007542,WH_001,WH_001_COLD_082,SKU_00069,BATCH_0007542,2025-12-13,2026-11-09,2025-12-15,87,19,good,166
INV_0007543,WH_002,WH_002_FROZEN_141,SKU_00287,BATCH_0007543,2024-11-15,2026-11-15,2024-11-27,196,0,good,172
INV_0007544,WH_002,WH_002_AMBIENT_118,SKU_00126,BATCH_0007544,2025-02-19,2027-06-23,2025-02-24,21,0,good,392
INV_0007545,WH_002,WH_002_AMBIENT_135,SKU_00269,BATCH_0007545,2026-05-21,2027-09-20,2026-05-26,4,0,good,481
INV_0007546,WH_003,WH_003_AMBIENT_118,SKU_00246,BATCH_0007546,2025-07-06,2026-10-27,2025-07-09,10,0,good,153
INV_0007547,WH_001,WH_001_FROZEN_042,SKU_00189,BATCH_0007547,2024-10-14,2026-10-14,2024-10-18,39,0,good,140
INV_0007548,WH_001,WH_001_AMBIENT_024,SKU_00234,BATCH_0007548,2026-05-10,2027-05-10,2026-05-17,29,0,good,348
INV_0007549,WH_001,WH_001_COLD_198,SKU_00183,BATCH_0007549,2025-10-27,2026-10-27,2025-11-05,13,1,good,153
INV_0007550,WH_003,WH_003_COLD_142,SKU_00127,BATCH_0007550,2025-12-23,2026-07-21,2026-01-03,100,0,good,55
INV_0007551,WH_001,WH_001_AMBIENT_109,SKU_00259,BATCH_0007551,2025-03-08,2027-02-24,2025-03-10,27,1,good,273
INV_0007552,WH_002,WH_002_AMBIENT_185,SKU_00005,BATCH_0007552,2025-05-03,2027-06-14,2025-05-16,7,0,good,383
INV_0007553,WH_003,WH_003_AMBIENT_197,SKU_00012,BATCH_0007553,2025-11-25,2026-11-25,2025-11-26,29,0,good,182
INV_0007554,WH_003,WH_003_AMBIENT_137,SKU_00165,BATCH_0007554,2025-12-23,2027-02-27,2026-01-03,3,0,good,276
INV_0007555,WH_002,WH_002_COOL_112,SKU_00003,BATCH_0007555,2025-06-20,2027-06-20,2025-06-22,52,0,good,389
INV_0007556,WH_001,WH_001_COOL_185,SKU_00227,BATCH_0007556,2025-03-15,2027-03-15,2025-03-26,19,0,good,292
INV_0007557,WH_002,WH_002_COLD_076,SKU_00123,BATCH_0007557,2026-02-15,2027-02-15,2026-02-16,14,0,good,264
INV_0007558,WH_001,WH_001_AMBIENT_107,SKU_00232,BATCH_0007558,2025-03-05,2026-11-22,2025-03-18,5,0,good,179
INV_0007559,WH_003,WH_003_AMBIENT_083,SKU_00083,BATCH_0007559,2026-05-01,2027-05-01,2026-05-10,10,2,good,339
INV_0007560,WH_001,WH_001_COOL_088,SKU_00072,BATCH_0007560,2024-11-09,2026-11-09,2024-11-21,3,0,good,166
INV_0007561,WH_003,WH_003_AMBIENT_005,SKU_00150,BATCH_0007561,2025-12-30,2027-03-17,2026-01-07,105,0,good,294
INV_0007562,WH_001,WH_001_COLD_153,SKU_00127,BATCH_0007562,2026-03-14,2026-10-10,2026-03-25,6,0,good,136
INV_0007563,WH_003,WH_003_COOL_020,SKU_00015,BATCH_0007563,2025-11-11,2027-08-01,2025-11-14,54,0,good,431
INV_0007564,WH_001,WH_001_AMBIENT_171,SKU_00075,BATCH_0007564,2026-03-11,2027-03-11,2026-03-13,23,0,good,288
INV_0007565,WH_002,WH_002_COLD_199,SKU_00229,BATCH_0007565,2025-10-11,2026-10-11,2025-10-14,4,1,good,137
INV_0007566,WH_001,WH_001_COOL_106,SKU_00298,BATCH_0007566,2026-01-13,2027-01-09,2026-01-19,2,0,good,227
INV_0007567,WH_001,WH_001_AMBIENT_173,SKU_00073,BATCH_0007567,2025-10-21,2026-10-21,2025-10-31,9,2,good,147
INV_0007568,WH_002,WH_002_AMBIENT_188,SKU_00200,BATCH_0007568,2025-04-14,2026-12-08,2025-04-22,6,0,good,195
INV_0007569,WH_002,WH_002_COLD_016,SKU_00037,BATCH_0007569,2026-01-29,2027-01-29,2026-02-01,7,0,good,247
INV_0007570,WH_002,WH_002_AMBIENT_121,SKU_00265,BATCH_0007570,2024-08-13,2026-11-09,2024-08-14,126,0,good,166
INV_0007571,WH_002,WH_002_AMBIENT_010,SKU_00255,BATCH_0007571,2026-05-26,2027-06-12,2026-06-07,3,0,good,381
INV_0007572,WH_003,WH_003_COLD_106,SKU_00271,BATCH_0007572,2026-04-05,2026-09-30,2026-04-12,37,0,good,126
INV_0007573,WH_003,WH_003_COLD_003,SKU_00300,BATCH_0007573,2026-04-23,2027-04-23,2026-04-29,25,0,good,331
INV_0007574,WH_003,WH_003_AMBIENT_094,SKU_00075,BATCH_0007574,2025-08-23,2026-08-23,2025-08-25,15,0,good,88
INV_0007575,WH_003,WH_003_AMBIENT_097,SKU_00223,BATCH_0007575,2025-10-12,2028-08-30,2025-10-19,17,0,good,826
INV_0007576,WH_001,WH_001_AMBIENT_158,SKU_00255,BATCH_0007576,2025-09-28,2026-10-15,2025-10-09,131,31,good,141
INV_0007577,WH_003,WH_003_AMBIENT_004,SKU_00268,BATCH_0007577,2026-05-24,2027-05-24,2026-06-05,29,8,good,362
INV_0007578,WH_002,WH_002_FROZEN_024,SKU_00287,BATCH_0007578,2025-05-23,2027-05-23,2025-05-24,2,0,good,361
INV_0007579,WH_002,WH_002_AMBIENT_164,SKU_00107,BATCH_0007579,2026-01-27,2027-01-27,2026-02-05,24,1,good,245
INV_0007580,WH_001,WH_001_COLD_128,SKU_00146,BATCH_0007580,2026-04-27,2027-04-27,2026-05-08,4,0,good,335
INV_0007581,WH_003,WH_003_COOL_120,SKU_00128,BATCH_0007581,2025-01-25,2027-01-25,2025-02-01,85,0,good,243
INV_0007582,WH_001,WH_001_COOL_016,SKU_00210,BATCH_0007582,2025-05-16,2027-05-16,2025-05-28,33,0,good,354
INV_0007583,WH_001,WH_001_AMBIENT_111,SKU_00297,BATCH_0007583,2025-03-18,2026-10-04,2025-03-31,16,0,good,130
INV_0007584,WH_002,WH_002_COOL_166,SKU_00276,BATCH_0007584,2024-11-04,2026-08-05,2024-11-06,2,0,good,70
INV_0007585,WH_003,WH_003_AMBIENT_133,SKU_00050,BATCH_0007585,2026-03-30,2027-05-06,2026-04-02,11,1,good,344
INV_0007586,WH_001,WH_001_COOL_045,SKU_00112,BATCH_0007586,2025-08-07,2027-08-07,2025-08-18,12,0,good,437
INV_0007587,WH_001,WH_001_COLD_172,SKU_00069,BATCH_0007587,2025-10-04,2026-08-31,2025-10-07,3,0,good,96
INV_0007588,WH_003,WH_003_AMBIENT_145,SKU_00084,BATCH_0007588,2025-09-09,2026-09-09,2025-09-21,2,0,good,105
INV_0007589,WH_001,WH_001_COLD_072,SKU_00252,BATCH_0007589,2026-02-16,2027-02-16,2026-02-22,16,3,good,265
INV_0007590,WH_003,WH_003_COOL_100,SKU_00011,BATCH_0007590,2025-06-08,2027-06-08,2025-06-15,13,0,good,377
INV_0007591,WH_001,WH_001_COLD_088,SKU_00231,BATCH_0007591,2026-02-11,2027-02-11,2026-02-12,3,0,good,260
INV_0007592,WH_002,WH_002_COOL_117,SKU_00128,BATCH_0007592,2024-09-09,2026-09-09,2024-09-11,385,0,good,105
INV_0007593,WH_001,WH_001_AMBIENT_149,SKU_00141,BATCH_0007593,2025-11-29,2026-11-29,2025-12-05,7,0,good,186
INV_0007594,WH_003,WH_003_AMBIENT_138,SKU_00091,BATCH_0007594,2024-04-01,2026-11-02,2024-04-02,29,0,good,159
INV_0007595,WH_003,WH_003_COOL_189,SKU_00060,BATCH_0007595,2025-05-16,2027-05-16,2025-05-24,13,0,good,354
INV_0007596,WH_003,WH_003_COOL_145,SKU_00289,BATCH_0007596,2025-10-11,2026-11-10,2025-10-21,76,0,good,167
INV_0007597,WH_001,WH_001_COOL_061,SKU_00059,BATCH_0007597,2026-02-10,2028-01-15,2026-02-11,93,0,good,598
INV_0007598,WH_001,WH_001_AMBIENT_041,SKU_00185,BATCH_0007598,2025-10-21,2026-10-21,2025-11-02,3,0,good,147
INV_0007599,WH_002,WH_002_AMBIENT_193,SKU_00004,BATCH_0007599,2025-08-10,2027-01-15,2025-08-23,41,0,good,233
INV_0007600,WH_003,WH_003_FROZEN_143,SKU_00189,BATCH_0007600,2026-01-15,2028-01-15,2026-01-28,10,0,good,598
INV_0007601,WH_001,WH_001_COOL_022,SKU_00226,BATCH_0007601,2025-06-14,2027-06-14,2025-06-15,0,0,good,383
INV_0007602,WH_001,WH_001_AMBIENT_031,SKU_00277,BATCH_0007602,2025-03-28,2027-03-11,2025-04-09,164,0,good,288
INV_0007603,WH_001,WH_001_AMBIENT_069,SKU_00267,BATCH_0007603,2026-03-06,2028-03-17,2026-03-16,23,0,good,660
INV_0007604,WH_001,WH_001_COOL_094,SKU_00224,BATCH_0007604,2026-01-31,2027-03-23,2026-02-10,7,2,good,300
INV_0007605,WH_001,WH_001_AMBIENT_157,SKU_00172,BATCH_0007605,2024-08-13,2026-10-20,2024-08-26,84,0,good,146
INV_0007606,WH_002,WH_002_COOL_147,SKU_00117,BATCH_0007606,2026-03-20,2027-10-03,2026-03-31,5,0,good,494
INV_0007607,WH_003,WH_003_AMBIENT_059,SKU_00028,BATCH_0007607,2025-09-22,2027-02-07,2025-09-28,135,0,good,256
INV_0007608,WH_001,WH_001_COOL_199,SKU_00020,BATCH_0007608,2025-04-25,2027-01-03,2025-04-27,14,1,good,221
INV_0007609,WH_003,WH_003_COLD_012,SKU_00146,BATCH_0007609,2025-07-10,2026-07-10,2025-07-14,16,0,good,44
INV_0007610,WH_001,WH_001_COOL_091,SKU_00298,BATCH_0007610,2025-07-19,2026-07-15,2025-07-23,27,0,good,49
INV_0007611,WH_002,WH_002_COLD_109,SKU_00251,BATCH_0007611,2026-03-17,2027-03-17,2026-03-28,49,0,good,294
INV_0007612,WH_002,WH_002_AMBIENT_024,SKU_00097,BATCH_0007612,2024-11-03,2027-02-03,2024-11-04,30,0,good,252
INV_0007613,WH_001,WH_001_COOL_190,SKU_00244,BATCH_0007613,2025-08-13,2027-03-16,2025-08-24,12,0,good,293
INV_0007614,WH_003,WH_003_COOL_084,SKU_00016,BATCH_0007614,2025-02-19,2026-07-29,2025-02-22,6,0,good,63
INV_0007615,WH_003,WH_003_AMBIENT_085,SKU_00215,BATCH_0007615,2025-10-26,2027-04-11,2025-10-30,3,0,good,319
INV_0007616,WH_002,WH_002_COLD_114,SKU_00271,BATCH_0007616,2026-03-02,2026-08-27,2026-03-05,3,0,good,92
INV_0007617,WH_003,WH_003_AMBIENT_005,SKU_00265,BATCH_0007617,2026-05-27,2028-08-22,2026-06-03,4,0,good,818
INV_0007618,WH_002,WH_002_AMBIENT_176,SKU_00158,BATCH_0007618,2025-10-15,2027-07-13,2025-10-26,19,0,good,412
INV_0007619,WH_001,WH_001_AMBIENT_140,SKU_00080,BATCH_0007619,2024-12-04,2027-04-20,2024-12-13,10,0,good,328
INV_0007620,WH_003,WH_003_COLD_015,SKU_00260,BATCH_0007620,2025-07-16,2026-07-16,2025-07-21,64,0,good,50
INV_0007621,WH_003,WH_003_COLD_050,SKU_00082,BATCH_0007621,2025-12-31,2026-12-31,2026-01-11,2,0,good,218
INV_0007622,WH_003,WH_003_AMBIENT_021,SKU_00114,BATCH_0007622,2024-07-03,2026-11-22,2024-07-06,17,2,good,179
INV_0007623,WH_002,WH_002_COOL_016,SKU_00020,BATCH_0007623,2026-01-24,2027-10-04,2026-01-28,49,4,good,495
INV_0007624,WH_003,WH_003_AMBIENT_197,SKU_00026,BATCH_0007624,2025-04-01,2026-10-28,2025-04-06,63,0,good,154
INV_0007625,WH_002,WH_002_FROZEN_047,SKU_00201,BATCH_0007625,2025-03-17,2027-03-16,2025-03-20,19,7,good,293
INV_0007626,WH_002,WH_002_COOL_059,SKU_00139,BATCH_0007626,2025-12-02,2027-12-02,2025-12-03,31,0,good,554
INV_0007627,WH_002,WH_002_COOL_128,SKU_00240,BATCH_0007627,2026-01-14,2026-10-27,2026-01-22,96,0,good,153
INV_0007628,WH_002,WH_002_COLD_132,SKU_00300,BATCH_0007628,2026-04-05,2027-04-05,2026-04-13,139,2,good,313
INV_0007629,WH_002,WH_002_AMBIENT_184,SKU_00094,BATCH_0007629,2025-08-26,2027-11-18,2025-08-31,12,1,good,540
INV_0007630,WH_002,WH_002_COOL_143,SKU_00208,BATCH_0007630,2024-09-17,2026-09-17,2024-09-24,11,0,good,113
INV_0007631,WH_003,WH_003_AMBIENT_136,SKU_00017,BATCH_0007631,2025-08-08,2027-07-14,2025-08-11,7,2,good,413
INV_0007632,WH_002,WH_002_AMBIENT_016,SKU_00022,BATCH_0007632,2024-12-20,2027-03-01,2024-12-27,63,0,good,278
INV_0007633,WH_002,WH_002_AMBIENT_180,SKU_00288,BATCH_0007633,2025-11-24,2027-12-14,2025-11-29,47,4,good,566
INV_0007634,WH_002,WH_002_COLD_191,SKU_00054,BATCH_0007634,2026-05-12,2027-05-12,2026-05-24,33,0,good,350
INV_0007635,WH_003,WH_003_AMBIENT_070,SKU_00267,BATCH_0007635,2026-03-14,2028-03-25,2026-03-27,34,0,good,668
INV_0007636,WH_001,WH_001_COOL_170,SKU_00266,BATCH_0007636,2025-07-31,2027-03-29,2025-08-02,39,5,good,306
INV_0007637,WH_002,WH_002_COOL_196,SKU_00088,BATCH_0007637,2025-04-10,2027-04-10,2025-04-21,13,0,good,318
INV_0007638,WH_002,WH_002_COOL_089,SKU_00222,BATCH_0007638,2025-10-14,2026-07-10,2025-10-22,17,0,good,44
INV_0007639,WH_002,WH_002_FROZEN_001,SKU_00007,BATCH_0007639,2026-04-14,2026-10-24,2026-04-22,9,0,good,150
INV_0007640,WH_003,WH_003_AMBIENT_088,SKU_00008,BATCH_0007640,2025-10-22,2026-10-22,2025-10-27,121,0,good,148
INV_0007641,WH_002,WH_002_COLD_186,SKU_00090,BATCH_0007641,2026-04-02,2026-08-28,2026-04-11,81,0,good,93
INV_0007642,WH_001,WH_001_AMBIENT_114,SKU_00116,BATCH_0007642,2024-08-05,2027-03-13,2024-08-15,12,0,good,290
INV_0007643,WH_003,WH_003_AMBIENT_120,SKU_00186,BATCH_0007643,2025-04-26,2027-06-08,2025-05-05,53,0,good,377
INV_0007644,WH_003,WH_003_COOL_057,SKU_00169,BATCH_0007644,2025-07-21,2026-07-28,2025-08-01,202,0,good,62
INV_0007645,WH_002,WH_002_COLD_015,SKU_00260,BATCH_0007645,2026-05-20,2027-05-20,2026-05-23,10,0,good,358
INV_0007646,WH_002,WH_002_AMBIENT_090,SKU_00075,BATCH_0007646,2025-08-02,2026-08-02,2025-08-14,17,0,good,67
INV_0007647,WH_002,WH_002_AMBIENT_012,SKU_00156,BATCH_0007647,2026-03-22,2028-08-24,2026-03-23,63,9,good,820
INV_0007648,WH_003,WH_003_COLD_094,SKU_00154,BATCH_0007648,2026-02-08,2026-07-05,2026-02-21,8,3,good,39
INV_0007649,WH_001,WH_001_AMBIENT_058,SKU_00125,BATCH_0007649,2025-07-11,2026-07-11,2025-07-21,26,0,good,45
INV_0007650,WH_003,WH_003_AMBIENT_170,SKU_00191,BATCH_0007650,2025-09-14,2028-04-03,2025-09-21,11,1,good,677
INV_0007651,WH_001,WH_001_COOL_067,SKU_00298,BATCH_0007651,2025-12-27,2026-12-23,2025-12-29,13,1,good,210
INV_0007652,WH_001,WH_001_AMBIENT_054,SKU_00198,BATCH_0007652,2026-03-06,2027-05-08,2026-03-18,12,0,good,346
INV_0007653,WH_001,WH_001_COOL_104,SKU_00275,BATCH_0007653,2025-01-08,2027-01-08,2025-01-19,55,3,good,226
INV_0007654,WH_002,WH_002_COOL_062,SKU_00060,BATCH_0007654,2025-05-17,2027-05-17,2025-05-24,20,1,good,355
INV_0007655,WH_003,WH_003_COOL_038,SKU_00111,BATCH_0007655,2025-08-13,2026-08-21,2025-08-20,186,0,good,86
INV_0007656,WH_002,WH_002_AMBIENT_191,SKU_00018,BATCH_0007656,2025-08-25,2026-12-25,2025-08-30,433,0,good,212
INV_0007657,WH_001,WH_001_AMBIENT_061,SKU_00274,BATCH_0007657,2026-05-27,2027-05-27,2026-06-09,22,0,good,365
INV_0007658,WH_002,WH_002_COLD_039,SKU_00137,BATCH_0007658,2025-10-13,2026-10-13,2025-10-20,24,0,good,139
INV_0007659,WH_003,WH_003_AMBIENT_078,SKU_00017,BATCH_0007659,2025-12-21,2027-11-26,2025-12-25,19,0,good,548
INV_0007660,WH_001,WH_001_COLD_064,SKU_00300,BATCH_0007660,2025-09-05,2026-09-05,2025-09-17,21,0,good,101
INV_0007661,WH_001,WH_001_AMBIENT_167,SKU_00083,BATCH_0007661,2025-12-04,2026-12-04,2025-12-11,2,0,good,191
INV_0007662,WH_001,WH_001_COLD_081,SKU_00260,BATCH_0007662,2025-08-10,2026-08-10,2025-08-13,63,0,good,75
INV_0007663,WH_002,WH_002_AMBIENT_184,SKU_00103,BATCH_0007663,2025-11-10,2026-11-10,2025-11-18,28,0,good,167
INV_0007664,WH_003,WH_003_FROZEN_004,SKU_00216,BATCH_0007664,2025-09-30,2027-08-05,2025-10-11,4,0,good,435
INV_0007665,WH_001,WH_001_AMBIENT_157,SKU_00172,BATCH_0007665,2025-01-19,2027-03-28,2025-01-22,13,0,good,305
INV_0007666,WH_001,WH_001_COOL_112,SKU_00240,BATCH_0007666,2025-12-25,2026-10-07,2026-01-05,41,0,good,133
INV_0007667,WH_002,WH_002_COLD_032,SKU_00082,BATCH_0007667,2026-03-22,2027-03-22,2026-03-31,40,11,good,299
INV_0007668,WH_002,WH_002_COLD_084,SKU_00085,BATCH_0007668,2025-12-26,2026-12-26,2025-12-28,130,0,good,213
INV_0007669,WH_003,WH_003_COLD_003,SKU_00014,BATCH_0007669,2025-12-24,2026-12-20,2026-01-05,39,0,good,207
INV_0007670,WH_002,WH_002_COOL_023,SKU_00121,BATCH_0007670,2025-05-16,2026-07-19,2025-05-22,10,0,good,53
INV_0007671,WH_001,WH_001_AMBIENT_154,SKU_00166,BATCH_0007671,2025-12-13,2027-06-24,2025-12-15,25,0,good,393
INV_0007672,WH_001,WH_001_AMBIENT_163,SKU_00051,BATCH_0007672,2025-12-24,2027-01-10,2026-01-01,1,0,good,228
INV_0007673,WH_003,WH_003_COOL_165,SKU_00142,BATCH_0007673,2025-06-29,2026-10-16,2025-07-04,48,0,good,142
INV_0007674,WH_002,WH_002_COLD_019,SKU_00039,BATCH_0007674,2025-12-17,2026-12-17,2025-12-24,12,1,good,204
INV_0007675,WH_003,WH_003_COOL_059,SKU_00151,BATCH_0007675,2025-07-30,2027-02-03,2025-08-08,58,0,good,252
INV_0007676,WH_002,WH_002_AMBIENT_001,SKU_00217,BATCH_0007676,2024-11-18,2027-01-16,2024-11-30,61,12,good,234
INV_0007677,WH_002,WH_002_AMBIENT_069,SKU_00152,BATCH_0007677,2025-10-21,2027-06-13,2025-10-22,3,0,good,382
INV_0007678,WH_002,WH_002_AMBIENT_023,SKU_00198,BATCH_0007678,2025-11-28,2027-01-30,2025-12-06,4,0,good,248
INV_0007679,WH_003,WH_003_AMBIENT_094,SKU_00034,BATCH_0007679,2025-07-20,2026-09-14,2025-07-24,45,2,good,110
INV_0007680,WH_002,WH_002_AMBIENT_039,SKU_00091,BATCH_0007680,2024-06-08,2027-01-09,2024-06-11,109,18,good,227
INV_0007681,WH_001,WH_001_COOL_130,SKU_00130,BATCH_0007681,2024-08-19,2026-08-19,2024-08-21,12,0,good,84
INV_0007682,WH_002,WH_002_COLD_189,SKU_00029,BATCH_0007682,2025-07-15,2026-07-15,2025-07-23,12,0,good,49
INV_0007683,WH_001,WH_001_COOL_152,SKU_00074,BATCH_0007683,2025-04-05,2027-04-05,2025-04-08,14,0,good,313
INV_0007684,WH_001,WH_001_AMBIENT_178,SKU_00225,BATCH_0007684,2025-12-05,2026-12-07,2025-12-10,20,0,good,194
INV_0007685,WH_003,WH_003_AMBIENT_080,SKU_00156,BATCH_0007685,2025-07-14,2027-12-17,2025-07-25,11,2,good,569
INV_0007686,WH_002,WH_002_COOL_200,SKU_00093,BATCH_0007686,2024-12-25,2026-12-25,2024-12-26,21,0,good,212
INV_0007687,WH_003,WH_003_AMBIENT_173,SKU_00005,BATCH_0007687,2025-03-12,2027-04-23,2025-03-13,58,6,good,331
INV_0007688,WH_003,WH_003_COOL_153,SKU_00044,BATCH_0007688,2025-10-17,2027-08-30,2025-10-23,4,0,good,460
INV_0007689,WH_001,WH_001_COOL_026,SKU_00021,BATCH_0007689,2026-04-27,2027-02-13,2026-04-30,6,2,good,262
INV_0007690,WH_002,WH_002_AMBIENT_192,SKU_00176,BATCH_0007690,2025-08-02,2026-08-02,2025-08-03,176,53,good,67
INV_0007691,WH_001,WH_001_COOL_013,SKU_00181,BATCH_0007691,2026-02-09,2027-02-15,2026-02-17,35,0,good,264
INV_0007692,WH_001,WH_001_AMBIENT_114,SKU_00109,BATCH_0007692,2026-02-06,2027-03-03,2026-02-08,97,0,good,280
INV_0007693,WH_001,WH_001_AMBIENT_042,SKU_00198,BATCH_0007693,2025-08-31,2026-11-02,2025-09-12,40,0,good,159
INV_0007694,WH_002,WH_002_AMBIENT_156,SKU_00186,BATCH_0007694,2025-07-29,2027-09-10,2025-08-01,47,0,good,471
INV_0007695,WH_001,WH_001_AMBIENT_189,SKU_00004,BATCH_0007695,2025-09-26,2027-03-03,2025-10-01,78,22,good,280
INV_0007696,WH_003,WH_003_COOL_070,SKU_00043,BATCH_0007696,2025-03-26,2027-03-26,2025-03-28,20,0,good,303
INV_0007697,WH_003,WH_003_AMBIENT_132,SKU_00281,BATCH_0007697,2026-03-29,2027-03-29,2026-04-11,55,0,good,306
INV_0007698,WH_002,WH_002_AMBIENT_124,SKU_00017,BATCH_0007698,2025-07-16,2027-06-21,2025-07-17,17,0,good,390
INV_0007699,WH_001,WH_001_AMBIENT_010,SKU_00126,BATCH_0007699,2025-06-07,2027-10-09,2025-06-18,103,0,good,500
INV_0007700,WH_003,WH_003_AMBIENT_068,SKU_00124,BATCH_0007700,2025-03-25,2027-04-02,2025-04-02,52,4,good,310
INV_0007701,WH_001,WH_001_AMBIENT_059,SKU_00213,BATCH_0007701,2025-09-22,2028-02-04,2025-10-05,43,0,good,618
INV_0007702,WH_001,WH_001_FROZEN_009,SKU_00189,BATCH_0007702,2025-09-21,2027-09-21,2025-10-01,12,0,good,482
INV_0007703,WH_003,WH_003_AMBIENT_132,SKU_00163,BATCH_0007703,2026-05-10,2027-11-23,2026-05-18,6,0,good,545
INV_0007704,WH_003,WH_003_COOL_004,SKU_00293,BATCH_0007704,2026-01-02,2028-01-02,2026-01-15,28,0,good,585
INV_0007705,WH_001,WH_001_AMBIENT_057,SKU_00018,BATCH_0007705,2025-10-06,2027-02-05,2025-10-15,20,3,good,254
INV_0007706,WH_002,WH_002_AMBIENT_015,SKU_00173,BATCH_0007706,2025-02-24,2027-02-06,2025-02-28,68,0,good,255
INV_0007707,WH_002,WH_002_COOL_065,SKU_00015,BATCH_0007707,2026-05-11,2028-01-29,2026-05-22,21,1,good,612
INV_0007708,WH_003,WH_003_COOL_026,SKU_00273,BATCH_0007708,2025-02-18,2026-09-28,2025-02-25,78,6,good,124
INV_0007709,WH_003,WH_003_AMBIENT_131,SKU_00102,BATCH_0007709,2025-03-29,2027-09-13,2025-03-31,13,0,good,474
INV_0007710,WH_002,WH_002_FROZEN_172,SKU_00032,BATCH_0007710,2026-03-12,2026-11-22,2026-03-20,17,6,good,179
INV_0007711,WH_002,WH_002_AMBIENT_109,SKU_00132,BATCH_0007711,2026-05-23,2027-05-23,2026-06-03,17,1,good,361
INV_0007712,WH_003,WH_003_AMBIENT_116,SKU_00168,BATCH_0007712,2026-03-03,2027-03-03,2026-03-11,23,0,good,280
INV_0007713,WH_001,WH_001_COOL_048,SKU_00184,BATCH_0007713,2025-07-14,2027-03-25,2025-07-24,24,0,good,302
INV_0007714,WH_003,WH_003_COOL_174,SKU_00086,BATCH_0007714,2025-03-21,2027-03-21,2025-04-01,33,0,good,298
INV_0007715,WH_003,WH_003_COOL_111,SKU_00131,BATCH_0007715,2025-12-15,2027-10-14,2025-12-28,37,0,good,505
INV_0007716,WH_003,WH_003_AMBIENT_123,SKU_00236,BATCH_0007716,2025-09-03,2026-12-21,2025-09-08,21,0,good,208
INV_0007717,WH_001,WH_001_AMBIENT_102,SKU_00248,BATCH_0007717,2025-09-13,2027-12-16,2025-09-22,8,1,good,568
INV_0007718,WH_003,WH_003_AMBIENT_172,SKU_00025,BATCH_0007718,2026-04-01,2027-04-01,2026-04-12,1,0,good,309
INV_0007719,WH_001,WH_001_COLD_026,SKU_00065,BATCH_0007719,2026-05-13,2026-09-14,2026-05-25,59,0,good,110
INV_0007720,WH_003,WH_003_AMBIENT_078,SKU_00048,BATCH_0007720,2025-09-15,2026-12-03,2025-09-26,24,8,good,190
INV_0007721,WH_001,WH_001_FROZEN_129,SKU_00171,BATCH_0007721,2026-01-12,2027-12-23,2026-01-20,26,0,good,575
INV_0007722,WH_002,WH_002_AMBIENT_137,SKU_00124,BATCH_0007722,2025-09-13,2027-09-21,2025-09-16,37,0,good,482
INV_0007723,WH_001,WH_001_AMBIENT_154,SKU_00104,BATCH_0007723,2024-10-02,2026-11-21,2024-10-09,13,4,good,178
INV_0007724,WH_002,WH_002_AMBIENT_104,SKU_00049,BATCH_0007724,2026-03-26,2027-05-12,2026-03-29,21,0,good,350
INV_0007725,WH_003,WH_003_AMBIENT_002,SKU_00122,BATCH_0007725,2026-01-01,2028-10-19,2026-01-14,6,0,good,876
INV_0007726,WH_002,WH_002_AMBIENT_094,SKU_00113,BATCH_0007726,2026-04-14,2027-04-14,2026-04-27,29,0,good,322
INV_0007727,WH_002,WH_002_COOL_200,SKU_00002,BATCH_0007727,2025-06-21,2027-06-21,2025-07-03,11,2,good,390
INV_0007728,WH_001,WH_001_AMBIENT_163,SKU_00129,BATCH_0007728,2026-04-08,2027-04-08,2026-04-19,1,0,good,316
INV_0007729,WH_003,WH_003_AMBIENT_195,SKU_00125,BATCH_0007729,2025-10-22,2026-10-22,2025-11-01,94,0,good,148
INV_0007730,WH_003,WH_003_FROZEN_182,SKU_00007,BATCH_0007730,2026-05-17,2026-11-26,2026-05-26,61,0,good,183
INV_0007731,WH_001,WH_001_AMBIENT_194,SKU_00124,BATCH_0007731,2024-08-10,2026-08-18,2024-08-15,19,0,good,83
INV_0007732,WH_002,WH_002_AMBIENT_146,SKU_00241,BATCH_0007732,2025-10-26,2028-04-21,2025-10-28,8,0,good,695
INV_0007733,WH_001,WH_001_COLD_010,SKU_00106,BATCH_0007733,2025-09-29,2026-07-07,2025-10-05,131,0,good,41
INV_0007734,WH_003,WH_003_AMBIENT_029,SKU_00286,BATCH_0007734,2025-09-10,2027-07-28,2025-09-23,26,6,good,427
INV_0007735,WH_002,WH_002_COLD_040,SKU_00183,BATCH_0007735,2025-08-14,2026-08-14,2025-08-23,5,1,good,79
INV_0007736,WH_002,WH_002_AMBIENT_184,SKU_00120,BATCH_0007736,2025-07-18,2026-10-26,2025-07-27,94,0,good,152
INV_0007737,WH_003,WH_003_AMBIENT_148,SKU_00104,BATCH_0007737,2024-09-15,2026-11-04,2024-09-25,21,0,good,161
INV_0007738,WH_002,WH_002_AMBIENT_110,SKU_00073,BATCH_0007738,2026-03-15,2027-03-15,2026-03-16,23,0,good,292
INV_0007739,WH_003,WH_003_AMBIENT_177,SKU_00025,BATCH_0007739,2025-12-26,2026-12-26,2025-12-29,4,0,good,213
INV_0007740,WH_001,WH_001_COOL_103,SKU_00222,BATCH_0007740,2025-12-01,2026-08-27,2025-12-05,57,0,good,92
INV_0007741,WH_002,WH_002_AMBIENT_091,SKU_00071,BATCH_0007741,2025-10-26,2028-08-05,2025-11-07,6,0,good,801
INV_0007742,WH_003,WH_003_AMBIENT_132,SKU_00056,BATCH_0007742,2025-07-10,2026-09-28,2025-07-22,119,0,good,124
INV_0007743,WH_001,WH_001_COLD_051,SKU_00047,BATCH_0007743,2026-02-28,2027-01-19,2026-03-02,57,0,good,237
INV_0007744,WH_002,WH_002_AMBIENT_158,SKU_00034,BATCH_0007744,2025-10-30,2026-12-25,2025-11-09,42,0,good,212
INV_0007745,WH_002,WH_002_COOL_020,SKU_00261,BATCH_0007745,2026-01-09,2027-01-24,2026-01-21,17,0,good,242
INV_0007746,WH_002,WH_002_AMBIENT_185,SKU_00263,BATCH_0007746,2026-04-18,2028-02-04,2026-04-23,63,0,good,618
INV_0007747,WH_001,WH_001_COLD_024,SKU_00204,BATCH_0007747,2026-01-01,2026-12-27,2026-01-13,15,0,good,214
INV_0007748,WH_002,WH_002_AMBIENT_025,SKU_00173,BATCH_0007748,2025-06-08,2027-05-21,2025-06-11,24,0,good,359
INV_0007749,WH_001,WH_001_AMBIENT_173,SKU_00124,BATCH_0007749,2024-09-28,2026-10-06,2024-10-07,24,0,good,132
INV_0007750,WH_003,WH_003_AMBIENT_071,SKU_00062,BATCH_0007750,2025-09-21,2027-09-12,2025-09-29,31,1,good,473
INV_0007751,WH_003,WH_003_AMBIENT_074,SKU_00180,BATCH_0007751,2026-01-02,2027-01-02,2026-01-15,18,0,good,220
INV_0007752,WH_003,WH_003_FROZEN_042,SKU_00201,BATCH_0007752,2025-10-29,2027-10-28,2025-11-01,375,0,good,519
INV_0007753,WH_003,WH_003_COOL_024,SKU_00077,BATCH_0007753,2026-05-22,2027-07-11,2026-06-01,39,0,good,410
INV_0007754,WH_001,WH_001_AMBIENT_103,SKU_00103,BATCH_0007754,2025-09-08,2026-09-08,2025-09-19,10,3,good,104
INV_0007755,WH_002,WH_002_AMBIENT_119,SKU_00049,BATCH_0007755,2025-07-01,2026-08-17,2025-07-06,23,0,good,82
INV_0007756,WH_003,WH_003_COOL_014,SKU_00244,BATCH_0007756,2025-05-09,2026-12-10,2025-05-22,23,0,good,197
INV_0007757,WH_003,WH_003_AMBIENT_156,SKU_00165,BATCH_0007757,2025-12-17,2027-02-21,2025-12-21,20,0,good,270
INV_0007758,WH_003,WH_003_COOL_179,SKU_00244,BATCH_0007758,2025-02-19,2026-09-22,2025-02-28,72,0,good,118
INV_0007759,WH_003,WH_003_COOL_160,SKU_00181,BATCH_0007759,2025-10-24,2026-10-30,2025-11-04,54,21,good,156
INV_0007760,WH_001,WH_001_COOL_131,SKU_00272,BATCH_0007760,2025-09-04,2026-06-27,2025-09-09,62,0,good,31
INV_0007761,WH_002,WH_002_AMBIENT_003,SKU_00177,BATCH_0007761,2024-09-17,2026-09-01,2024-09-27,13,0,good,97
INV_0007762,WH_003,WH_003_COOL_161,SKU_00138,BATCH_0007762,2025-07-29,2027-06-08,2025-08-02,3,0,good,377
INV_0007763,WH_002,WH_002_AMBIENT_199,SKU_00263,BATCH_0007763,2026-03-05,2027-12-22,2026-03-06,15,0,good,574
INV_0007764,WH_003,WH_003_AMBIENT_195,SKU_00098,BATCH_0007764,2024-08-06,2027-03-10,2024-08-09,15,0,good,287
INV_0007765,WH_002,WH_002_AMBIENT_122,SKU_00269,BATCH_0007765,2025-06-22,2026-10-22,2025-07-02,34,6,good,148
INV_0007766,WH_001,WH_001_AMBIENT_105,SKU_00176,BATCH_0007766,2025-08-29,2026-08-29,2025-09-08,1,0,good,94
INV_0007767,WH_003,WH_003_COLD_125,SKU_00054,BATCH_0007767,2025-12-26,2026-12-26,2025-12-27,7,0,good,213
INV_0007768,WH_001,WH_001_AMBIENT_103,SKU_00288,BATCH_0007768,2024-12-29,2027-01-18,2025-01-09,25,0,good,236
INV_0007769,WH_003,WH_003_COOL_179,SKU_00089,BATCH_0007769,2026-01-07,2027-04-07,2026-01-11,65,0,good,315
INV_0007770,WH_001,WH_001_COOL_170,SKU_00243,BATCH_0007770,2025-04-02,2027-04-02,2025-04-10,5,0,good,310
INV_0007771,WH_001,WH_001_AMBIENT_123,SKU_00178,BATCH_0007771,2026-01-29,2027-11-17,2026-02-06,10,0,good,539
INV_0007772,WH_003,WH_003_AMBIENT_021,SKU_00232,BATCH_0007772,2026-03-22,2027-12-09,2026-03-23,11,0,good,561
INV_0007773,WH_003,WH_003_COOL_025,SKU_00139,BATCH_0007773,2025-05-05,2027-05-05,2025-05-07,1,0,good,343
INV_0007774,WH_001,WH_001_COOL_189,SKU_00074,BATCH_0007774,2025-03-13,2027-03-13,2025-03-15,4,0,good,290
INV_0007775,WH_001,WH_001_COLD_161,SKU_00183,BATCH_0007775,2025-08-31,2026-08-31,2025-09-04,1,0,good,96
INV_0007776,WH_002,WH_002_COOL_130,SKU_00140,BATCH_0007776,2026-01-18,2026-10-26,2026-01-20,46,0,good,152
INV_0007777,WH_002,WH_002_COLD_038,SKU_00123,BATCH_0007777,2025-10-14,2026-10-14,2025-10-20,238,0,good,140
INV_0007778,WH_001,WH_001_COOL_085,SKU_00093,BATCH_0007778,2025-04-10,2027-04-10,2025-04-22,14,0,good,318
INV_0007779,WH_002,WH_002_COLD_163,SKU_00264,BATCH_0007779,2026-05-16,2026-10-03,2026-05-27,28,0,good,129
INV_0007780,WH_002,WH_002_FROZEN_107,SKU_00007,BATCH_0007780,2026-05-08,2026-11-17,2026-05-16,3,0,good,174
INV_0007781,WH_002,WH_002_COLD_100,SKU_00106,BATCH_0007781,2026-02-09,2026-11-17,2026-02-17,41,0,good,174
INV_0007782,WH_002,WH_002_AMBIENT_084,SKU_00034,BATCH_0007782,2025-10-13,2026-12-08,2025-10-24,20,0,good,195
INV_0007783,WH_001,WH_001_AMBIENT_176,SKU_00150,BATCH_0007783,2026-05-01,2027-07-17,2026-05-04,21,0,good,416
INV_0007784,WH_003,WH_003_COLD_059,SKU_00183,BATCH_0007784,2025-09-07,2026-09-07,2025-09-19,4,0,good,103
INV_0007785,WH_002,WH_002_COOL_015,SKU_00059,BATCH_0007785,2026-03-14,2028-02-16,2026-03-15,32,0,good,630
INV_0007786,WH_001,WH_001_COLD_086,SKU_00053,BATCH_0007786,2026-05-15,2026-12-29,2026-05-17,18,3,good,216
INV_0007787,WH_002,WH_002_AMBIENT_084,SKU_00026,BATCH_0007787,2026-03-25,2027-10-21,2026-04-03,19,4,good,512
INV_0007788,WH_002,WH_002_AMBIENT_019,SKU_00191,BATCH_0007788,2024-04-21,2026-11-09,2024-05-01,43,0,good,166
INV_0007789,WH_003,WH_003_AMBIENT_169,SKU_00257,BATCH_0007789,2025-12-15,2027-06-13,2025-12-17,12,0,good,382
INV_0007790,WH_003,WH_003_AMBIENT_008,SKU_00188,BATCH_0007790,2025-09-25,2026-09-25,2025-09-26,30,2,good,121
INV_0007791,WH_003,WH_003_AMBIENT_010,SKU_00262,BATCH_0007791,2026-04-17,2027-10-28,2026-04-27,53,9,good,519
INV_0007792,WH_003,WH_003_AMBIENT_173,SKU_00102,BATCH_0007792,2024-12-03,2027-05-20,2024-12-13,38,0,good,358
INV_0007793,WH_002,WH_002_AMBIENT_172,SKU_00009,BATCH_0007793,2025-11-19,2027-12-03,2025-11-25,2,0,good,555
INV_0007794,WH_001,WH_001_COLD_126,SKU_00237,BATCH_0007794,2026-03-08,2027-03-08,2026-03-13,9,1,good,285
INV_0007795,WH_002,WH_002_COLD_012,SKU_00249,BATCH_0007795,2026-01-31,2026-12-31,2026-02-05,24,0,good,218
INV_0007796,WH_003,WH_003_COOL_118,SKU_00072,BATCH_0007796,2025-06-28,2027-06-28,2025-06-30,7,0,good,397
INV_0007797,WH_003,WH_003_AMBIENT_125,SKU_00056,BATCH_0007797,2025-11-17,2027-02-05,2025-11-23,6,2,good,254
INV_0007798,WH_001,WH_001_AMBIENT_067,SKU_00102,BATCH_0007798,2024-05-25,2026-11-09,2024-06-05,18,1,good,166
INV_0007799,WH_003,WH_003_COOL_103,SKU_00226,BATCH_0007799,2025-08-30,2027-08-30,2025-09-01,22,0,good,460
INV_0007800,WH_001,WH_001_AMBIENT_134,SKU_00084,BATCH_0007800,2025-12-22,2026-12-22,2025-12-24,5,0,good,209
INV_0007801,WH_001,WH_001_AMBIENT_121,SKU_00236,BATCH_0007801,2025-08-17,2026-12-04,2025-08-23,33,5,good,191
INV_0007802,WH_003,WH_003_AMBIENT_172,SKU_00195,BATCH_0007802,2024-09-29,2026-12-30,2024-10-11,10,3,good,217
INV_0007803,WH_002,WH_002_AMBIENT_034,SKU_00141,BATCH_0007803,2025-11-18,2026-11-18,2025-11-20,8,0,good,175
INV_0007804,WH_002,WH_002_COLD_045,SKU_00149,BATCH_0007804,2026-02-07,2026-07-02,2026-02-16,8,0,good,36
INV_0007805,WH_003,WH_003_AMBIENT_147,SKU_00160,BATCH_0007805,2025-12-12,2027-11-10,2025-12-14,52,0,good,532
INV_0007806,WH_003,WH_003_COOL_148,SKU_00211,BATCH_0007806,2025-07-20,2027-07-20,2025-07-23,38,0,good,419
INV_0007807,WH_002,WH_002_COOL_081,SKU_00187,BATCH_0007807,2025-04-10,2026-09-11,2025-04-12,177,0,good,107
INV_0007808,WH_003,WH_003_COOL_073,SKU_00169,BATCH_0007808,2025-09-17,2026-09-24,2025-09-29,128,10,good,120
INV_0007809,WH_002,WH_002_AMBIENT_185,SKU_00132,BATCH_0007809,2025-11-30,2026-11-30,2025-12-01,17,4,good,187
INV_0007810,WH_002,WH_002_FROZEN_091,SKU_00287,BATCH_0007810,2026-03-01,2028-02-29,2026-03-09,51,0,good,643
INV_0007811,WH_001,WH_001_COLD_099,SKU_00300,BATCH_0007811,2026-02-23,2027-02-23,2026-03-07,15,0,good,272
INV_0007812,WH_003,WH_003_COOL_115,SKU_00058,BATCH_0007812,2025-09-14,2026-07-10,2025-09-21,2,0,good,44
INV_0007813,WH_001,WH_001_COOL_195,SKU_00093,BATCH_0007813,2026-02-24,2028-02-24,2026-03-04,15,0,good,638
INV_0007814,WH_001,WH_001_COOL_022,SKU_00010,BATCH_0007814,2024-09-27,2026-09-27,2024-10-07,2,0,good,123
INV_0007815,WH_001,WH_001_AMBIENT_063,SKU_00013,BATCH_0007815,2024-10-07,2027-08-02,2024-10-17,7,0,good,432
INV_0007816,WH_002,WH_002_AMBIENT_135,SKU_00191,BATCH_0007816,2025-10-20,2028-05-09,2025-10-24,14,2,good,713
INV_0007817,WH_002,WH_002_AMBIENT_187,SKU_00075,BATCH_0007817,2026-01-02,2027-01-02,2026-01-08,9,0,good,220
INV_0007818,WH_001,WH_001_COOL_189,SKU_00058,BATCH_0007818,2026-01-01,2026-10-27,2026-01-07,40,0,good,153
INV_0007819,WH_003,WH_003_COOL_180,SKU_00033,BATCH_0007819,2026-03-24,2027-05-29,2026-03-28,3,0,good,367
INV_0007820,WH_001,WH_001_AMBIENT_194,SKU_00274,BATCH_0007820,2025-10-21,2026-10-21,2025-10-22,5,0,good,147
INV_0007821,WH_002,WH_002_AMBIENT_016,SKU_00176,BATCH_0007821,2025-08-31,2026-08-31,2025-09-12,13,0,good,96
INV_0007822,WH_001,WH_001_COOL_093,SKU_00207,BATCH_0007822,2026-05-15,2027-05-21,2026-05-24,14,0,good,359
INV_0007823,WH_001,WH_001_AMBIENT_140,SKU_00203,BATCH_0007823,2026-02-20,2027-11-05,2026-03-01,27,0,good,527
INV_0007824,WH_003,WH_003_COLD_109,SKU_00029,BATCH_0007824,2025-10-07,2026-10-07,2025-10-09,5,0,good,133
INV_0007825,WH_002,WH_002_COLD_007,SKU_00251,BATCH_0007825,2026-02-21,2027-02-21,2026-03-05,29,10,good,270
INV_0007826,WH_001,WH_001_COLD_082,SKU_00149,BATCH_0007826,2026-01-26,2026-06-20,2026-01-27,81,0,good,24
INV_0007827,WH_003,WH_003_COOL_182,SKU_00206,BATCH_0007827,2025-02-07,2026-07-31,2025-02-10,147,0,good,65
INV_0007828,WH_002,WH_002_AMBIENT_041,SKU_00218,BATCH_0007828,2025-10-06,2027-11-23,2025-10-13,25,0,good,545
INV_0007829,WH_003,WH_003_AMBIENT_138,SKU_00225,BATCH_0007829,2026-01-02,2027-01-04,2026-01-07,12,0,good,222
INV_0007830,WH_003,WH_003_FROZEN_125,SKU_00189,BATCH_0007830,2024-12-01,2026-12-01,2024-12-05,46,0,good,188
INV_0007831,WH_001,WH_001_COOL_100,SKU_00139,BATCH_0007831,2025-12-11,2027-12-11,2025-12-24,178,0,good,563
INV_0007832,WH_002,WH_002_COOL_178,SKU_00273,BATCH_0007832,2025-06-18,2027-01-26,2025-06-24,21,4,good,244
INV_0007833,WH_002,WH_002_COOL_057,SKU_00275,BATCH_0007833,2026-04-10,2028-04-09,2026-04-19,151,5,good,683
INV_0007834,WH_003,WH_003_AMBIENT_068,SKU_00233,BATCH_0007834,2026-02-22,2027-10-04,2026-03-01,6,0,good,495
INV_0007835,WH_001,WH_001_AMBIENT_131,SKU_00265,BATCH_0007835,2026-02-19,2028-05-17,2026-02-21,28,9,good,721
INV_0007836,WH_001,WH_001_AMBIENT_037,SKU_00257,BATCH_0007836,2025-08-08,2027-02-04,2025-08-20,8,0,good,253
INV_0007837,WH_001,WH_001_COOL_192,SKU_00042,BATCH_0007837,2026-01-02,2027-05-26,2026-01-15,12,0,good,364
INV_0007838,WH_003,WH_003_AMBIENT_113,SKU_00067,BATCH_0007838,2024-08-17,2026-08-23,2024-08-25,53,0,good,88
INV_0007839,WH_002,WH_002_COOL_199,SKU_00211,BATCH_0007839,2024-10-11,2026-10-11,2024-10-18,49,0,good,137
INV_0007840,WH_002,WH_002_COOL_014,SKU_00175,BATCH_0007840,2025-11-28,2026-11-14,2025-12-10,43,0,good,171
INV_0007841,WH_001,WH_001_COOL_080,SKU_00038,BATCH_0007841,2026-04-07,2028-01-03,2026-04-09,89,9,good,586
INV_0007842,WH_003,WH_003_AMBIENT_009,SKU_00239,BATCH_0007842,2025-08-19,2026-08-19,2025-08-31,18,0,good,84
INV_0007843,WH_001,WH_001_COOL_047,SKU_00112,BATCH_0007843,2025-02-03,2027-02-03,2025-02-16,12,0,good,252
INV_0007844,WH_003,WH_003_COLD_121,SKU_00256,BATCH_0007844,2025-11-26,2026-11-26,2025-12-05,3,0,good,183
INV_0007845,WH_001,WH_001_AMBIENT_199,SKU_00022,BATCH_0007845,2025-03-14,2027-05-24,2025-03-17,19,2,good,362
INV_0007846,WH_003,WH_003_AMBIENT_063,SKU_00267,BATCH_0007846,2026-04-09,2028-04-20,2026-04-20,22,0,good,694
INV_0007847,WH_003,WH_003_COOL_118,SKU_00031,BATCH_0007847,2025-09-11,2027-03-27,2025-09-22,50,0,good,304
INV_0007848,WH_001,WH_001_AMBIENT_155,SKU_00150,BATCH_0007848,2025-10-01,2026-12-17,2025-10-02,12,0,good,204
INV_0007849,WH_001,WH_001_COOL_081,SKU_00003,BATCH_0007849,2025-10-21,2027-10-21,2025-10-29,75,0,good,512
INV_0007850,WH_002,WH_002_AMBIENT_126,SKU_00291,BATCH_0007850,2025-06-07,2026-12-11,2025-06-15,37,0,good,198
INV_0007851,WH_003,WH_003_COLD_045,SKU_00164,BATCH_0007851,2026-02-10,2027-02-10,2026-02-23,0,0,good,259
INV_0007852,WH_002,WH_002_AMBIENT_163,SKU_00232,BATCH_0007852,2026-03-10,2027-11-27,2026-03-19,2,0,good,549
INV_0007853,WH_003,WH_003_FROZEN_003,SKU_00007,BATCH_0007853,2026-05-16,2026-11-25,2026-05-28,33,0,good,182
INV_0007854,WH_002,WH_002_COLD_035,SKU_00069,BATCH_0007854,2025-11-07,2026-10-04,2025-11-14,23,0,good,130
INV_0007855,WH_001,WH_001_FROZEN_122,SKU_00171,BATCH_0007855,2025-11-03,2027-10-14,2025-11-05,78,26,good,505
INV_0007856,WH_001,WH_001_AMBIENT_088,SKU_00132,BATCH_0007856,2025-08-16,2026-08-16,2025-08-25,23,0,good,81
INV_0007857,WH_002,WH_002_COLD_042,SKU_00264,BATCH_0007857,2026-04-17,2026-09-04,2026-04-23,8,0,good,100
INV_0007858,WH_001,WH_001_AMBIENT_016,SKU_00100,BATCH_0007858,2026-02-19,2028-10-04,2026-03-04,13,0,good,861
INV_0007859,WH_002,WH_002_COLD_118,SKU_00047,BATCH_0007859,2026-01-09,2026-11-30,2026-01-15,4,0,good,187
INV_0007860,WH_003,WH_003_COOL_123,SKU_00138,BATCH_0007860,2026-02-08,2027-12-19,2026-02-20,64,0,good,571
INV_0007861,WH_003,WH_003_AMBIENT_026,SKU_00177,BATCH_0007861,2025-06-02,2027-05-17,2025-06-13,8,0,good,355
INV_0007862,WH_001,WH_001_AMBIENT_090,SKU_00046,BATCH_0007862,2026-04-07,2027-04-07,2026-04-19,13,0,good,315
INV_0007863,WH_003,WH_003_AMBIENT_080,SKU_00163,BATCH_0007863,2025-10-09,2027-04-24,2025-10-20,3,0,good,332
INV_0007864,WH_001,WH_001_AMBIENT_184,SKU_00063,BATCH_0007864,2025-06-19,2026-10-26,2025-06-21,11,3,good,152
INV_0007865,WH_001,WH_001_AMBIENT_060,SKU_00179,BATCH_0007865,2026-03-17,2027-03-17,2026-03-28,55,0,good,294
INV_0007866,WH_003,WH_003_AMBIENT_189,SKU_00188,BATCH_0007866,2025-09-21,2026-09-21,2025-10-02,3,0,good,117
INV_0007867,WH_001,WH_001_AMBIENT_037,SKU_00125,BATCH_0007867,2026-04-18,2027-04-18,2026-04-20,7,0,good,326
INV_0007868,WH_001,WH_001_AMBIENT_073,SKU_00235,BATCH_0007868,2026-04-04,2027-04-04,2026-04-17,146,0,good,312
INV_0007869,WH_002,WH_002_AMBIENT_157,SKU_00268,BATCH_0007869,2025-12-11,2026-12-11,2025-12-12,3,0,good,198
INV_0007870,WH_001,WH_001_AMBIENT_107,SKU_00018,BATCH_0007870,2025-05-26,2026-09-25,2025-05-29,3,0,good,121
INV_0007871,WH_003,WH_003_COOL_040,SKU_00220,BATCH_0007871,2025-11-21,2026-07-22,2025-11-29,73,15,good,56
INV_0007872,WH_002,WH_002_AMBIENT_124,SKU_00205,BATCH_0007872,2025-08-09,2026-09-04,2025-08-16,39,0,good,100
INV_0007873,WH_002,WH_002_AMBIENT_081,SKU_00084,BATCH_0007873,2026-01-28,2027-01-28,2026-02-10,11,0,good,246
INV_0007874,WH_003,WH_003_AMBIENT_128,SKU_00178,BATCH_0007874,2026-03-27,2028-01-13,2026-04-03,7,0,good,596
INV_0007875,WH_001,WH_001_AMBIENT_032,SKU_00172,BATCH_0007875,2024-08-23,2026-10-30,2024-08-29,11,0,good,156
INV_0007876,WH_002,WH_002_COOL_113,SKU_00162,BATCH_0007876,2025-12-15,2027-12-15,2025-12-20,48,0,good,567
INV_0007877,WH_001,WH_001_AMBIENT_148,SKU_00232,BATCH_0007877,2026-02-28,2027-11-17,2026-03-06,15,0,good,539
INV_0007878,WH_001,WH_001_AMBIENT_043,SKU_00246,BATCH_0007878,2025-07-11,2026-11-01,2025-07-15,101,0,good,158
INV_0007879,WH_002,WH_002_AMBIENT_130,SKU_00024,BATCH_0007879,2026-05-13,2028-02-12,2026-05-26,39,0,good,626
INV_0007880,WH_003,WH_003_COOL_036,SKU_00119,BATCH_0007880,2025-07-27,2026-11-20,2025-08-03,7,0,good,177
INV_0007881,WH_002,WH_002_COOL_132,SKU_00226,BATCH_0007881,2025-06-18,2027-06-18,2025-06-19,22,0,good,387
INV_0007882,WH_002,WH_002_COLD_088,SKU_00123,BATCH_0007882,2026-04-20,2027-04-20,2026-05-02,7,0,good,328
INV_0007883,WH_003,WH_003_AMBIENT_164,SKU_00073,BATCH_0007883,2026-01-03,2027-01-03,2026-01-08,2,0,good,221
INV_0007884,WH_003,WH_003_AMBIENT_025,SKU_00100,BATCH_0007884,2026-01-29,2028-09-13,2026-01-30,18,0,good,840
INV_0007885,WH_001,WH_001_COLD_043,SKU_00085,BATCH_0007885,2025-10-11,2026-10-11,2025-10-19,61,21,good,137
INV_0007886,WH_001,WH_001_COOL_155,SKU_00121,BATCH_0007886,2025-08-27,2026-10-30,2025-09-09,8,0,good,156
INV_0007887,WH_002,WH_002_AMBIENT_012,SKU_00095,BATCH_0007887,2024-07-18,2026-11-05,2024-07-30,4,0,good,162
INV_0007888,WH_002,WH_002_COLD_038,SKU_00193,BATCH_0007888,2026-03-07,2027-02-04,2026-03-19,46,0,good,253
INV_0007889,WH_001,WH_001_COLD_080,SKU_00252,BATCH_0007889,2025-10-05,2026-10-05,2025-10-12,11,0,good,131
INV_0007890,WH_001,WH_001_AMBIENT_031,SKU_00095,BATCH_0007890,2025-06-06,2027-09-24,2025-06-17,53,0,good,485
INV_0007891,WH_002,WH_002_AMBIENT_083,SKU_00235,BATCH_0007891,2025-10-14,2026-10-14,2025-10-25,21,5,good,140
INV_0007892,WH_001,WH_001_AMBIENT_018,SKU_00156,BATCH_0007892,2026-03-23,2028-08-25,2026-04-05,4,0,good,821
INV_0007893,WH_002,WH_002_COLD_100,SKU_00264,BATCH_0007893,2026-02-13,2026-07-03,2026-02-21,20,8,good,37
INV_0007894,WH_002,WH_002_AMBIENT_060,SKU_00179,BATCH_0007894,2026-01-10,2027-01-10,2026-01-16,4,0,good,228
INV_0007895,WH_001,WH_001_AMBIENT_157,SKU_00055,BATCH_0007895,2025-04-02,2026-08-06,2025-04-11,81,0,good,71
INV_0007896,WH_003,WH_003_COOL_021,SKU_00273,BATCH_0007896,2025-04-01,2026-11-09,2025-04-05,41,0,good,166
INV_0007897,WH_002,WH_002_FROZEN_121,SKU_00171,BATCH_0007897,2025-04-22,2027-04-02,2025-04-28,16,0,good,310
INV_0007898,WH_002,WH_002_COLD_061,SKU_00260,BATCH_0007898,2026-05-08,2027-05-08,2026-05-11,60,0,good,346
INV_0007899,WH_002,WH_002_AMBIENT_048,SKU_00143,BATCH_0007899,2025-11-29,2026-11-29,2025-12-08,29,0,good,186
INV_0007900,WH_002,WH_002_AMBIENT_193,SKU_00084,BATCH_0007900,2025-07-07,2026-07-07,2025-07-16,204,0,good,41
INV_0007901,WH_003,WH_003_AMBIENT_050,SKU_00236,BATCH_0007901,2026-03-06,2027-06-23,2026-03-11,15,4,good,392
INV_0007902,WH_003,WH_003_COLD_144,SKU_00090,BATCH_0007902,2026-03-16,2026-08-11,2026-03-25,17,0,good,76
INV_0007903,WH_003,WH_003_AMBIENT_088,SKU_00223,BATCH_0007903,2024-12-27,2027-11-15,2025-01-02,24,0,good,537
INV_0007904,WH_001,WH_001_COOL_126,SKU_00244,BATCH_0007904,2025-03-06,2026-10-07,2025-03-16,22,0,good,133
INV_0007905,WH_003,WH_003_COOL_044,SKU_00145,BATCH_0007905,2025-07-19,2026-11-09,2025-07-21,76,0,good,166
INV_0007906,WH_001,WH_001_AMBIENT_055,SKU_00198,BATCH_0007906,2025-10-07,2026-12-09,2025-10-16,2,0,good,196
INV_0007907,WH_002,WH_002_COOL_104,SKU_00021,BATCH_0007907,2025-10-10,2026-07-29,2025-10-22,11,0,good,63
INV_0007908,WH_001,WH_001_COOL_184,SKU_00111,BATCH_0007908,2026-02-16,2027-02-24,2026-02-22,111,0,good,273
INV_0007909,WH_002,WH_002_AMBIENT_128,SKU_00236,BATCH_0007909,2026-02-08,2027-05-28,2026-02-10,12,0,good,366
INV_0007910,WH_003,WH_003_COLD_156,SKU_00231,BATCH_0007910,2025-10-11,2026-10-11,2025-10-20,11,0,good,137
INV_0007911,WH_001,WH_001_AMBIENT_136,SKU_00267,BATCH_0007911,2026-03-12,2028-03-23,2026-03-23,3,0,good,666
INV_0007912,WH_001,WH_001_AMBIENT_019,SKU_00102,BATCH_0007912,2025-02-16,2027-08-03,2025-02-17,23,1,good,433
INV_0007913,WH_001,WH_001_COOL_007,SKU_00238,BATCH_0007913,2025-04-02,2026-11-26,2025-04-05,15,0,good,183
INV_0007914,WH_001,WH_001_FROZEN_142,SKU_00192,BATCH_0007914,2026-01-10,2026-09-09,2026-01-16,9,0,good,105
INV_0007915,WH_001,WH_001_AMBIENT_149,SKU_00113,BATCH_0007915,2026-04-07,2027-04-07,2026-04-10,19,1,good,315
INV_0007916,WH_001,WH_001_COLD_127,SKU_00092,BATCH_0007916,2025-08-07,2026-08-07,2025-08-09,22,0,good,72
INV_0007917,WH_002,WH_002_AMBIENT_002,SKU_00126,BATCH_0007917,2024-06-11,2026-10-13,2024-06-21,53,0,good,139
INV_0007918,WH_002,WH_002_AMBIENT_111,SKU_00259,BATCH_0007918,2024-11-30,2026-11-18,2024-12-09,28,2,good,175
INV_0007919,WH_002,WH_002_AMBIENT_152,SKU_00158,BATCH_0007919,2025-09-08,2027-06-06,2025-09-13,4,0,good,375
INV_0007920,WH_001,WH_001_COLD_038,SKU_00082,BATCH_0007920,2025-11-17,2026-11-17,2025-11-28,25,0,good,174
INV_0007921,WH_002,WH_002_AMBIENT_123,SKU_00291,BATCH_0007921,2025-06-24,2026-12-28,2025-07-07,10,0,good,215
INV_0007922,WH_003,WH_003_COLD_138,SKU_00228,BATCH_0007922,2025-08-31,2026-06-28,2025-09-10,14,0,good,32
INV_0007923,WH_002,WH_002_COLD_160,SKU_00037,BATCH_0007923,2025-07-19,2026-07-19,2025-08-01,10,0,good,53
INV_0007924,WH_002,WH_002_AMBIENT_163,SKU_00008,BATCH_0007924,2025-08-31,2026-08-31,2025-09-13,49,0,good,96
INV_0007925,WH_003,WH_003_AMBIENT_177,SKU_00036,BATCH_0007925,2026-04-20,2027-07-22,2026-04-21,41,0,good,421
INV_0007926,WH_001,WH_001_COOL_147,SKU_00261,BATCH_0007926,2025-11-16,2026-12-01,2025-11-24,41,15,good,188
INV_0007927,WH_001,WH_001_AMBIENT_126,SKU_00057,BATCH_0007927,2024-11-05,2027-04-20,2024-11-17,8,0,good,328
INV_0007928,WH_002,WH_002_AMBIENT_069,SKU_00025,BATCH_0007928,2025-09-30,2026-09-30,2025-10-04,55,18,good,126
INV_0007929,WH_001,WH_001_AMBIENT_139,SKU_00170,BATCH_0007929,2026-01-27,2027-01-27,2026-01-28,2,0,good,245
INV_0007930,WH_003,WH_003_COLD_139,SKU_00146,BATCH_0007930,2026-04-02,2027-04-02,2026-04-14,75,0,good,310
INV_0007931,WH_003,WH_003_AMBIENT_138,SKU_00165,BATCH_0007931,2025-09-12,2026-11-17,2025-09-13,97,10,good,174
INV_0007932,WH_001,WH_001_AMBIENT_197,SKU_00097,BATCH_0007932,2025-10-21,2028-01-21,2025-10-25,13,5,good,604
INV_0007933,WH_003,WH_003_AMBIENT_152,SKU_00283,BATCH_0007933,2026-05-02,2027-05-02,2026-05-04,45,0,good,340
INV_0007934,WH_001,WH_001_AMBIENT_178,SKU_00046,BATCH_0007934,2026-05-12,2027-05-12,2026-05-15,6,1,good,350
INV_0007935,WH_002,WH_002_AMBIENT_072,SKU_00286,BATCH_0007935,2025-03-02,2027-01-17,2025-03-15,1,0,good,235
INV_0007936,WH_002,WH_002_AMBIENT_092,SKU_00143,BATCH_0007936,2025-07-07,2026-07-07,2025-07-18,18,3,good,41
INV_0007937,WH_003,WH_003_COOL_158,SKU_00243,BATCH_0007937,2024-11-14,2026-11-14,2024-11-27,1,0,good,171
INV_0007938,WH_001,WH_001_COOL_009,SKU_00064,BATCH_0007938,2025-10-08,2027-10-08,2025-10-10,24,0,good,499
INV_0007939,WH_002,WH_002_AMBIENT_134,SKU_00176,BATCH_0007939,2026-05-08,2027-05-08,2026-05-12,13,0,good,346
INV_0007940,WH_001,WH_001_COOL_108,SKU_00273,BATCH_0007940,2025-10-16,2027-05-26,2025-10-28,9,1,good,364
INV_0007941,WH_003,WH_003_COLD_200,SKU_00106,BATCH_0007941,2026-01-24,2026-11-01,2026-02-06,11,0,good,158
INV_0007942,WH_002,WH_002_AMBIENT_117,SKU_00223,BATCH_0007942,2024-06-08,2027-04-27,2024-06-12,4,0,good,335
INV_0007943,WH_001,WH_001_COLD_091,SKU_00300,BATCH_0007943,2025-11-05,2026-11-05,2025-11-13,24,2,good,162
INV_0007944,WH_001,WH_001_FROZEN_008,SKU_00284,BATCH_0007944,2025-02-26,2027-02-26,2025-03-09,11,0,good,275
INV_0007945,WH_003,WH_003_COOL_147,SKU_00293,BATCH_0007945,2026-02-28,2028-02-28,2026-03-10,8,0,good,642
INV_0007946,WH_003,WH_003_COOL_075,SKU_00289,BATCH_0007946,2026-05-05,2027-06-04,2026-05-12,2,0,good,373
INV_0007947,WH_002,WH_002_AMBIENT_023,SKU_00282,BATCH_0007947,2024-12-29,2027-05-13,2025-01-10,18,3,good,351
INV_0007948,WH_002,WH_002_AMBIENT_109,SKU_00186,BATCH_0007948,2026-05-14,2028-06-25,2026-05-16,53,8,good,760
INV_0007949,WH_001,WH_001_AMBIENT_081,SKU_00091,BATCH_0007949,2025-08-10,2028-03-12,2025-08-22,14,0,good,655
INV_0007950,WH_001,WH_001_COLD_185,SKU_00096,BATCH_0007950,2025-09-16,2026-09-16,2025-09-25,38,0,good,112
INV_0007951,WH_003,WH_003_AMBIENT_040,SKU_00274,BATCH_0007951,2026-01-07,2027-01-07,2026-01-08,6,0,good,225
INV_0007952,WH_001,WH_001_AMBIENT_190,SKU_00062,BATCH_0007952,2025-11-29,2027-11-20,2025-12-07,5,0,good,542
INV_0007953,WH_003,WH_003_AMBIENT_150,SKU_00049,BATCH_0007953,2025-10-21,2026-12-07,2025-10-25,28,2,good,194
INV_0007954,WH_002,WH_002_COLD_123,SKU_00154,BATCH_0007954,2026-04-12,2026-09-06,2026-04-18,21,0,good,102
INV_0007955,WH_002,WH_002_COLD_053,SKU_00029,BATCH_0007955,2025-09-04,2026-09-04,2025-09-10,0,0,good,100
INV_0007956,WH_003,WH_003_AMBIENT_009,SKU_00048,BATCH_0007956,2026-02-28,2027-05-18,2026-03-04,20,2,good,356
INV_0007957,WH_002,WH_002_AMBIENT_112,SKU_00097,BATCH_0007957,2026-04-27,2028-07-27,2026-04-30,37,0,good,792
INV_0007958,WH_002,WH_002_COOL_143,SKU_00227,BATCH_0007958,2026-01-22,2028-01-22,2026-01-29,37,0,good,605
INV_0007959,WH_002,WH_002_AMBIENT_129,SKU_00098,BATCH_0007959,2024-05-07,2026-12-09,2024-05-18,22,5,good,196
INV_0007960,WH_001,WH_001_COLD_179,SKU_00082,BATCH_0007960,2026-01-07,2027-01-07,2026-01-19,8,0,good,225
INV_0007961,WH_003,WH_003_AMBIENT_028,SKU_00004,BATCH_0007961,2026-03-01,2027-08-06,2026-03-03,12,4,good,436
INV_0007962,WH_003,WH_003_FROZEN_060,SKU_00189,BATCH_0007962,2025-10-26,2027-10-26,2025-10-27,1,0,good,517
INV_0007963,WH_001,WH_001_COOL_111,SKU_00243,BATCH_0007963,2024-11-12,2026-11-12,2024-11-23,26,0,good,169
INV_0007964,WH_003,WH_003_COOL_090,SKU_00270,BATCH_0007964,2025-07-15,2026-07-11,2025-07-19,10,0,good,45
INV_0007965,WH_003,WH_003_FROZEN_185,SKU_00171,BATCH_0007965,2025-06-07,2027-05-18,2025-06-14,19,0,good,356
INV_0007966,WH_002,WH_002_AMBIENT_001,SKU_00163,BATCH_0007966,2026-05-09,2027-11-22,2026-05-12,17,0,good,544
INV_0007967,WH_002,WH_002_AMBIENT_195,SKU_00255,BATCH_0007967,2026-01-06,2027-01-23,2026-01-18,81,0,good,241
INV_0007968,WH_003,WH_003_COLD_093,SKU_00300,BATCH_0007968,2025-12-15,2026-12-15,2025-12-16,6,1,good,202
INV_0007969,WH_001,WH_001_COLD_162,SKU_00069,BATCH_0007969,2025-09-28,2026-08-25,2025-10-01,5,0,good,90
INV_0007970,WH_002,WH_002_COOL_032,SKU_00162,BATCH_0007970,2026-03-26,2028-03-25,2026-04-04,14,1,good,668
INV_0007971,WH_002,WH_002_COLD_058,SKU_00264,BATCH_0007971,2026-01-31,2026-06-20,2026-02-04,11,0,near_expiry,24
INV_0007972,WH_002,WH_002_AMBIENT_074,SKU_00094,BATCH_0007972,2026-05-22,2028-08-13,2026-06-03,6,0,good,809
INV_0007973,WH_002,WH_002_AMBIENT_179,SKU_00030,BATCH_0007973,2025-03-06,2027-07-17,2025-03-09,65,6,good,416
INV_0007974,WH_003,WH_003_AMBIENT_200,SKU_00166,BATCH_0007974,2025-05-25,2026-12-04,2025-05-30,27,6,good,191
INV_0007975,WH_003,WH_003_COOL_105,SKU_00220,BATCH_0007975,2026-04-26,2026-12-25,2026-04-27,752,0,good,212
INV_0007976,WH_002,WH_002_AMBIENT_113,SKU_00126,BATCH_0007976,2025-04-30,2027-09-01,2025-05-11,16,1,good,462
INV_0007977,WH_002,WH_002_COOL_085,SKU_00058,BATCH_0007977,2025-12-20,2026-10-15,2025-12-29,20,0,good,141
INV_0007978,WH_002,WH_002_COOL_058,SKU_00003,BATCH_0007978,2025-11-26,2027-11-26,2025-12-06,9,0,good,548
INV_0007979,WH_001,WH_001_COOL_025,SKU_00011,BATCH_0007979,2025-01-19,2027-01-19,2025-02-01,11,0,good,237
INV_0007980,WH_001,WH_001_AMBIENT_179,SKU_00173,BATCH_0007980,2026-05-16,2028-04-27,2026-05-27,239,0,good,701
INV_0007981,WH_003,WH_003_COLD_105,SKU_00136,BATCH_0007981,2026-03-17,2026-12-14,2026-03-29,4,0,good,201
INV_0007982,WH_001,WH_001_COOL_090,SKU_00210,BATCH_0007982,2025-06-26,2027-06-26,2025-07-06,73,0,good,395
INV_0007983,WH_001,WH_001_AMBIENT_016,SKU_00230,BATCH_0007983,2025-11-18,2027-11-26,2025-11-28,37,0,good,548
INV_0007984,WH_002,WH_002_COOL_147,SKU_00222,BATCH_0007984,2026-04-27,2027-01-21,2026-05-03,24,6,good,239
INV_0007985,WH_001,WH_001_COLD_143,SKU_00237,BATCH_0007985,2026-04-12,2027-04-12,2026-04-23,1,0,good,320
INV_0007986,WH_002,WH_002_AMBIENT_095,SKU_00290,BATCH_0007986,2026-02-11,2027-07-01,2026-02-23,24,0,good,400
INV_0007987,WH_003,WH_003_COOL_025,SKU_00023,BATCH_0007987,2025-03-02,2027-03-02,2025-03-03,23,0,good,279
INV_0007988,WH_003,WH_003_COLD_111,SKU_00110,BATCH_0007988,2025-12-23,2026-08-02,2025-12-30,0,0,good,67
INV_0007989,WH_002,WH_002_AMBIENT_076,SKU_00195,BATCH_0007989,2025-01-16,2027-04-18,2025-01-29,92,0,good,326
INV_0007990,WH_003,WH_003_COLD_138,SKU_00199,BATCH_0007990,2025-09-14,2026-09-14,2025-09-15,10,0,good,110
INV_0007991,WH_003,WH_003_AMBIENT_114,SKU_00008,BATCH_0007991,2026-04-28,2027-04-28,2026-05-07,13,1,good,336
INV_0007992,WH_003,WH_003_AMBIENT_145,SKU_00217,BATCH_0007992,2024-12-10,2027-02-07,2024-12-20,21,0,good,256
INV_0007993,WH_002,WH_002_AMBIENT_076,SKU_00107,BATCH_0007993,2025-09-27,2026-09-27,2025-09-28,84,0,good,123
INV_0007994,WH_001,WH_001_COOL_070,SKU_00211,BATCH_0007994,2026-04-05,2028-04-04,2026-04-08,12,2,good,678
INV_0007995,WH_001,WH_001_AMBIENT_191,SKU_00027,BATCH_0007995,2026-01-24,2027-10-07,2026-02-04,4,1,good,498
INV_0007996,WH_003,WH_003_AMBIENT_058,SKU_00098,BATCH_0007996,2025-06-16,2028-01-18,2025-06-22,73,2,good,601
INV_0007997,WH_001,WH_001_AMBIENT_109,SKU_00049,BATCH_0007997,2025-10-01,2026-11-17,2025-10-13,8,0,good,174
INV_0007998,WH_001,WH_001_AMBIENT_080,SKU_00233,BATCH_0007998,2026-04-02,2027-11-12,2026-04-09,88,0,good,534
INV_0007999,WH_003,WH_003_COOL_091,SKU_00111,BATCH_0007999,2025-07-06,2026-07-14,2025-07-10,19,1,good,48
INV_0008000,WH_002,WH_002_AMBIENT_084,SKU_00049,BATCH_0008000,2025-10-30,2026-12-16,2025-11-02,21,5,good,203
