date,region,flu_index,covid_index,respiratory_index
2024-06-01,Zhejiang,0.06,0.14,0.13
2024-06-01,Hubei,0.06,0.21,0.13
2024-06-01,Jiangsu,0.05,0.19,0.12
2024-06-01,Henan,0.06,0.21,0.13
2024-06-01,Sichuan,0.05,0.19,0.12
2024-06-01,Guangdong,0.08,0.23,0.18
2024-06-01,Shandong,0.06,0.14,0.13
2024-06-02,Zhejiang,0.06,0.14,0.13
2024-06-02,Hubei,0.06,0.21,0.13
2024-06-02,Jiangsu,0.05,0.19,0.12
2024-06-02,Henan,0.06,0.21,0.13
2024-06-02,Sichuan,0.05,0.19,0.12
2024-06-02,Guangdong,0.08,0.23,0.18
2024-06-02,Shandong,0.06,0.14,0.13
2024-06-03,Zhejiang,0.06,0.14,0.13
2024-06-03,Hubei,0.06,0.21,0.13
2024-06-03,Jiangsu,0.05,0.19,0.12
2024-06-03,Henan,0.06,0.21,0.13
2024-06-03,Sichuan,0.05,0.19,0.12
2024-06-03,Guangdong,0.08,0.23,0.18
2024-06-03,Shandong,0.06,0.14,0.13
2024-06-04,Zhejiang,0.06,0.14,0.13
2024-06-04,Hubei,0.06,0.21,0.13
2024-06-04,Jiangsu,0.05,0.19,0.12
2024-06-04,Henan,0.06,0.21,0.13
2024-06-04,Sichuan,0.05,0.19,0.12
2024-06-04,Guangdong,0.08,0.23,0.18
2024-06-04,Shandong,0.06,0.14,0.13
2024-06-05,Zhejiang,0.06,0.14,0.13
2024-06-05,Hubei,0.06,0.21,0.13
2024-06-05,Jiangsu,0.05,0.19,0.12
2024-06-05,Henan,0.06,0.21,0.13
2024-06-05,Sichuan,0.05,0.19,0.12
2024-06-05,Guangdong,0.08,0.23,0.18
2024-06-05,Shandong,0.06,0.14,0.13
2024-06-06,Zhejiang,0.06,0.14,0.13
2024-06-06,Hubei,0.06,0.21,0.13
2024-06-06,Jiangsu,0.05,0.19,0.12
2024-06-06,Henan,0.06,0.21,0.13
2024-06-06,Sichuan,0.05,0.19,0.12
2024-06-06,Guangdong,0.08,0.23,0.18
2024-06-06,Shandong,0.06,0.14,0.13
2024-06-07,Zhejiang,0.06,0.14,0.13
2024-06-07,Hubei,0.06,0.21,0.13
2024-06-07,Jiangsu,0.05,0.19,0.12
2024-06-07,Henan,0.06,0.21,0.13
2024-06-07,Sichuan,0.05,0.19,0.12
2024-06-07,Guangdong,0.08,0.23,0.18
2024-06-07,Shandong,0.06,0.14,0.13
2024-06-08,Zhejiang,0.06,0.14,0.13
2024-06-08,Hubei,0.06,0.21,0.13
2024-06-08,Jiangsu,0.05,0.19,0.12
2024-06-08,Henan,0.06,0.21,0.13
2024-06-08,Sichuan,0.05,0.19,0.12
2024-06-08,Guangdong,0.08,0.23,0.18
2024-06-08,Shandong,0.06,0.14,0.13
2024-06-09,Zhejiang,0.06,0.14,0.13
2024-06-09,Hubei,0.06,0.21,0.13
2024-06-09,Jiangsu,0.05,0.19,0.12
2024-06-09,Henan,0.06,0.21,0.13
2024-06-09,Sichuan,0.05,0.19,0.12
2024-06-09,Guangdong,0.08,0.23,0.18
2024-06-09,Shandong,0.06,0.14,0.13
2024-06-10,Zhejiang,0.06,0.14,0.13
2024-06-10,Hubei,0.06,0.21,0.13
2024-06-10,Jiangsu,0.05,0.19,0.12
2024-06-10,Henan,0.06,0.21,0.13
2024-06-10,Sichuan,0.05,0.19,0.12
2024-06-10,Guangdong,0.08,0.23,0.18
2024-06-10,Shandong,0.06,0.14,0.13
2024-06-11,Zhejiang,0.06,0.14,0.13
2024-06-11,Hubei,0.06,0.21,0.13
2024-06-11,Jiangsu,0.05,0.19,0.12
2024-06-11,Henan,0.06,0.21,0.13
2024-06-11,Sichuan,0.05,0.19,0.12
2024-06-11,Guangdong,0.08,0.23,0.18
2024-06-11,Shandong,0.06,0.14,0.13
2024-06-12,Zhejiang,0.06,0.14,0.13
2024-06-12,Hubei,0.06,0.21,0.13
2024-06-12,Jiangsu,0.05,0.19,0.12
2024-06-12,Henan,0.06,0.21,0.13
2024-06-12,Sichuan,0.05,0.19,0.12
2024-06-12,Guangdong,0.08,0.23,0.18
2024-06-12,Shandong,0.06,0.14,0.13
2024-06-13,Zhejiang,0.06,0.14,0.13
2024-06-13,Hubei,0.06,0.21,0.13
2024-06-13,Jiangsu,0.05,0.19,0.12
2024-06-13,Henan,0.06,0.21,0.13
2024-06-13,Sichuan,0.05,0.19,0.12
2024-06-13,Guangdong,0.08,0.23,0.18
2024-06-13,Shandong,0.06,0.14,0.13
2024-06-14,Zhejiang,0.06,0.14,0.13
2024-06-14,Hubei,0.06,0.21,0.13
2024-06-14,Jiangsu,0.05,0.19,0.12
2024-06-14,Henan,0.06,0.21,0.13
2024-06-14,Sichuan,0.05,0.19,0.12
2024-06-14,Guangdong,0.08,0.23,0.18
2024-06-14,Shandong,0.06,0.14,0.13
2024-06-15,Zhejiang,0.06,0.14,0.13
2024-06-15,Hubei,0.06,0.21,0.13
2024-06-15,Jiangsu,0.05,0.19,0.12
2024-06-15,Henan,0.06,0.21,0.13
2024-06-15,Sichuan,0.05,0.19,0.12
2024-06-15,Guangdong,0.08,0.23,0.18
2024-06-15,Shandong,0.06,0.14,0.13
2024-06-16,Zhejiang,0.06,0.14,0.13
2024-06-16,Hubei,0.06,0.21,0.13
2024-06-16,Jiangsu,0.05,0.19,0.12
2024-06-16,Henan,0.06,0.21,0.13
2024-06-16,Sichuan,0.05,0.19,0.12
2024-06-16,Guangdong,0.08,0.23,0.18
2024-06-16,Shandong,0.06,0.14,0.13
2024-06-17,Zhejiang,0.06,0.14,0.13
2024-06-17,Hubei,0.06,0.21,0.13
2024-06-17,Jiangsu,0.05,0.19,0.12
2024-06-17,Henan,0.06,0.21,0.13
2024-06-17,Sichuan,0.05,0.19,0.12
2024-06-17,Guangdong,0.08,0.23,0.18
2024-06-17,Shandong,0.06,0.14,0.13
2024-06-18,Zhejiang,0.06,0.14,0.13
2024-06-18,Hubei,0.06,0.21,0.13
2024-06-18,Jiangsu,0.05,0.19,0.12
2024-06-18,Henan,0.06,0.21,0.13
2024-06-18,Sichuan,0.05,0.19,0.12
2024-06-18,Guangdong,0.08,0.23,0.18
2024-06-18,Shandong,0.06,0.14,0.13
2024-06-19,Zhejiang,0.06,0.14,0.13
2024-06-19,Hubei,0.06,0.21,0.13
2024-06-19,Jiangsu,0.05,0.19,0.12
2024-06-19,Henan,0.06,0.21,0.13
2024-06-19,Sichuan,0.05,0.19,0.12
2024-06-19,Guangdong,0.08,0.23,0.18
2024-06-19,Shandong,0.06,0.14,0.13
2024-06-20,Zhejiang,0.06,0.14,0.13
2024-06-20,Hubei,0.06,0.21,0.13
2024-06-20,Jiangsu,0.05,0.19,0.12
2024-06-20,Henan,0.06,0.21,0.13
2024-06-20,Sichuan,0.05,0.19,0.12
2024-06-20,Guangdong,0.08,0.23,0.18
2024-06-20,Shandong,0.06,0.14,0.13
2024-06-21,Zhejiang,0.06,0.14,0.13
2024-06-21,Hubei,0.06,0.21,0.13
2024-06-21,Jiangsu,0.05,0.19,0.12
2024-06-21,Henan,0.06,0.21,0.13
2024-06-21,Sichuan,0.05,0.19,0.12
2024-06-21,Guangdong,0.08,0.23,0.18
2024-06-21,Shandong,0.06,0.14,0.13
2024-06-22,Zhejiang,0.06,0.14,0.13
2024-06-22,Hubei,0.06,0.21,0.13
2024-06-22,Jiangsu,0.05,0.19,0.12
2024-06-22,Henan,0.06,0.21,0.13
2024-06-22,Sichuan,0.05,0.19,0.12
2024-06-22,Guangdong,0.08,0.23,0.18
2024-06-22,Shandong,0.06,0.14,0.13
2024-06-23,Zhejiang,0.06,0.14,0.13
2024-06-23,Hubei,0.06,0.21,0.13
2024-06-23,Jiangsu,0.05,0.19,0.12
2024-06-23,Henan,0.06,0.21,0.13
2024-06-23,Sichuan,0.05,0.19,0.12
2024-06-23,Guangdong,0.08,0.23,0.18
2024-06-23,Shandong,0.06,0.14,0.13
2024-06-24,Zhejiang,0.06,0.14,0.13
2024-06-24,Hubei,0.06,0.21,0.13
2024-06-24,Jiangsu,0.05,0.19,0.12
2024-06-24,Henan,0.06,0.21,0.13
2024-06-24,Sichuan,0.05,0.19,0.12
2024-06-24,Guangdong,0.08,0.23,0.18
2024-06-24,Shandong,0.06,0.14,0.13
2024-06-25,Zhejiang,0.06,0.14,0.13
2024-06-25,Hubei,0.06,0.21,0.13
2024-06-25,Jiangsu,0.05,0.19,0.12
2024-06-25,Henan,0.06,0.21,0.13
2024-06-25,Sichuan,0.05,0.19,0.12
2024-06-25,Guangdong,0.08,0.23,0.18
2024-06-25,Shandong,0.06,0.14,0.13
2024-06-26,Zhejiang,0.06,0.14,0.13
2024-06-26,Hubei,0.06,0.21,0.13
2024-06-26,Jiangsu,0.05,0.19,0.12
2024-06-26,Henan,0.06,0.21,0.13
2024-06-26,Sichuan,0.05,0.19,0.12
2024-06-26,Guangdong,0.08,0.23,0.18
2024-06-26,Shandong,0.06,0.14,0.13
2024-06-27,Zhejiang,0.06,0.14,0.13
2024-06-27,Hubei,0.06,0.21,0.13
2024-06-27,Jiangsu,0.05,0.19,0.12
2024-06-27,Henan,0.06,0.21,0.13
2024-06-27,Sichuan,0.05,0.19,0.12
2024-06-27,Guangdong,0.08,0.23,0.18
2024-06-27,Shandong,0.06,0.14,0.13
2024-06-28,Zhejiang,0.06,0.14,0.13
2024-06-28,Hubei,0.06,0.21,0.13
2024-06-28,Jiangsu,0.05,0.19,0.12
2024-06-28,Henan,0.06,0.21,0.13
2024-06-28,Sichuan,0.05,0.19,0.12
2024-06-28,Guangdong,0.08,0.23,0.18
2024-06-28,Shandong,0.06,0.14,0.13
2024-06-29,Zhejiang,0.06,0.14,0.13
2024-06-29,Hubei,0.06,0.21,0.13
2024-06-29,Jiangsu,0.05,0.19,0.12
2024-06-29,Henan,0.06,0.21,0.13
2024-06-29,Sichuan,0.05,0.19,0.12
2024-06-29,Guangdong,0.08,0.23,0.18
2024-06-29,Shandong,0.06,0.14,0.13
2024-06-30,Zhejiang,0.06,0.14,0.13
2024-06-30,Hubei,0.06,0.21,0.13
2024-06-30,Jiangsu,0.05,0.19,0.12
2024-06-30,Henan,0.06,0.21,0.13
2024-06-30,Sichuan,0.05,0.19,0.12
2024-06-30,Guangdong,0.08,0.23,0.18
2024-06-30,Shandong,0.06,0.14,0.13
2024-07-01,Zhejiang,0.06,0.14,0.14
2024-07-01,Hubei,0.06,0.21,0.13
2024-07-01,Jiangsu,0.06,0.19,0.12
2024-07-01,Henan,0.06,0.21,0.13
2024-07-01,Sichuan,0.06,0.19,0.12
2024-07-01,Guangdong,0.09,0.23,0.18
2024-07-01,Shandong,0.06,0.14,0.14
2024-07-02,Zhejiang,0.06,0.14,0.14
2024-07-02,Hubei,0.06,0.21,0.13
2024-07-02,Jiangsu,0.06,0.19,0.12
2024-07-02,Henan,0.06,0.21,0.13
2024-07-02,Sichuan,0.06,0.19,0.12
2024-07-02,Guangdong,0.09,0.23,0.18
2024-07-02,Shandong,0.06,0.14,0.14
2024-07-03,Zhejiang,0.06,0.14,0.14
2024-07-03,Hubei,0.06,0.21,0.13
2024-07-03,Jiangsu,0.06,0.19,0.12
2024-07-03,Henan,0.06,0.21,0.13
2024-07-03,Sichuan,0.06,0.19,0.12
2024-07-03,Guangdong,0.09,0.23,0.18
2024-07-03,Shandong,0.06,0.14,0.14
2024-07-04,Zhejiang,0.06,0.14,0.14
2024-07-04,Hubei,0.06,0.21,0.13
2024-07-04,Jiangsu,0.06,0.19,0.12
2024-07-04,Henan,0.06,0.21,0.13
2024-07-04,Sichuan,0.06,0.19,0.12
2024-07-04,Guangdong,0.09,0.23,0.18
2024-07-04,Shandong,0.06,0.14,0.14
2024-07-05,Zhejiang,0.06,0.14,0.14
2024-07-05,Hubei,0.06,0.21,0.13
2024-07-05,Jiangsu,0.06,0.19,0.12
2024-07-05,Henan,0.06,0.21,0.13
2024-07-05,Sichuan,0.06,0.19,0.12
2024-07-05,Guangdong,0.09,0.23,0.18
2024-07-05,Shandong,0.06,0.14,0.14
2024-07-06,Zhejiang,0.06,0.14,0.14
2024-07-06,Hubei,0.06,0.21,0.13
2024-07-06,Jiangsu,0.06,0.19,0.12
2024-07-06,Henan,0.06,0.21,0.13
2024-07-06,Sichuan,0.06,0.19,0.12
2024-07-06,Guangdong,0.09,0.23,0.18
2024-07-06,Shandong,0.06,0.14,0.14
2024-07-07,Zhejiang,0.06,0.14,0.14
2024-07-07,Hubei,0.06,0.21,0.13
2024-07-07,Jiangsu,0.06,0.19,0.12
2024-07-07,Henan,0.06,0.21,0.13
2024-07-07,Sichuan,0.06,0.19,0.12
2024-07-07,Guangdong,0.09,0.23,0.18
2024-07-07,Shandong,0.06,0.14,0.14
2024-07-08,Zhejiang,0.06,0.14,0.14
2024-07-08,Hubei,0.06,0.21,0.13
2024-07-08,Jiangsu,0.06,0.19,0.12
2024-07-08,Henan,0.06,0.21,0.13
2024-07-08,Sichuan,0.06,0.19,0.12
2024-07-08,Guangdong,0.09,0.23,0.18
2024-07-08,Shandong,0.06,0.14,0.14
2024-07-09,Zhejiang,0.06,0.14,0.14
2024-07-09,Hubei,0.06,0.21,0.13
2024-07-09,Jiangsu,0.06,0.19,0.12
2024-07-09,Henan,0.06,0.21,0.13
2024-07-09,Sichuan,0.06,0.19,0.12
2024-07-09,Guangdong,0.09,0.23,0.18
2024-07-09,Shandong,0.06,0.14,0.14
2024-07-10,Zhejiang,0.06,0.14,0.14
2024-07-10,Hubei,0.06,0.21,0.13
2024-07-10,Jiangsu,0.06,0.19,0.12
2024-07-10,Henan,0.06,0.21,0.13
2024-07-10,Sichuan,0.06,0.19,0.12
2024-07-10,Guangdong,0.09,0.23,0.18
2024-07-10,Shandong,0.06,0.14,0.14
2024-07-11,Zhejiang,0.06,0.14,0.14
2024-07-11,Hubei,0.06,0.21,0.13
2024-07-11,Jiangsu,0.06,0.19,0.12
2024-07-11,Henan,0.06,0.21,0.13
2024-07-11,Sichuan,0.06,0.19,0.12
2024-07-11,Guangdong,0.09,0.23,0.18
2024-07-11,Shandong,0.06,0.14,0.14
2024-07-12,Zhejiang,0.06,0.14,0.14
2024-07-12,Hubei,0.06,0.21,0.13
2024-07-12,Jiangsu,0.06,0.19,0.12
2024-07-12,Henan,0.06,0.21,0.13
2024-07-12,Sichuan,0.06,0.19,0.12
2024-07-12,Guangdong,0.09,0.23,0.18
2024-07-12,Shandong,0.06,0.14,0.14
2024-07-13,Zhejiang,0.06,0.14,0.14
2024-07-13,Hubei,0.06,0.21,0.13
2024-07-13,Jiangsu,0.06,0.19,0.12
2024-07-13,Henan,0.06,0.21,0.13
2024-07-13,Sichuan,0.06,0.19,0.12
2024-07-13,Guangdong,0.09,0.23,0.18
2024-07-13,Shandong,0.06,0.14,0.14
2024-07-14,Zhejiang,0.06,0.14,0.14
2024-07-14,Hubei,0.06,0.21,0.13
2024-07-14,Jiangsu,0.06,0.19,0.12
2024-07-14,Henan,0.06,0.21,0.13
2024-07-14,Sichuan,0.06,0.19,0.12
2024-07-14,Guangdong,0.09,0.23,0.18
2024-07-14,Shandong,0.06,0.14,0.14
2024-07-15,Zhejiang,0.06,0.14,0.14
2024-07-15,Hubei,0.06,0.21,0.13
2024-07-15,Jiangsu,0.06,0.19,0.12
2024-07-15,Henan,0.06,0.21,0.13
2024-07-15,Sichuan,0.06,0.19,0.12
2024-07-15,Guangdong,0.09,0.23,0.18
2024-07-15,Shandong,0.06,0.14,0.14
2024-07-16,Zhejiang,0.06,0.14,0.14
2024-07-16,Hubei,0.06,0.21,0.13
2024-07-16,Jiangsu,0.06,0.19,0.12
2024-07-16,Henan,0.06,0.21,0.13
2024-07-16,Sichuan,0.06,0.19,0.12
2024-07-16,Guangdong,0.09,0.23,0.18
2024-07-16,Shandong,0.06,0.14,0.14
2024-07-17,Zhejiang,0.06,0.14,0.14
2024-07-17,Hubei,0.06,0.21,0.13
2024-07-17,Jiangsu,0.06,0.19,0.12
2024-07-17,Henan,0.06,0.21,0.13
2024-07-17,Sichuan,0.06,0.19,0.12
2024-07-17,Guangdong,0.09,0.23,0.18
2024-07-17,Shandong,0.06,0.14,0.14
2024-07-18,Zhejiang,0.06,0.14,0.14
2024-07-18,Hubei,0.06,0.21,0.13
2024-07-18,Jiangsu,0.06,0.19,0.12
2024-07-18,Henan,0.06,0.21,0.13
2024-07-18,Sichuan,0.06,0.19,0.12
2024-07-18,Guangdong,0.09,0.23,0.18
2024-07-18,Shandong,0.06,0.14,0.14
2024-07-19,Zhejiang,0.06,0.14,0.14
2024-07-19,Hubei,0.06,0.21,0.13
2024-07-19,Jiangsu,0.06,0.19,0.12
2024-07-19,Henan,0.06,0.21,0.13
2024-07-19,Sichuan,0.06,0.19,0.12
2024-07-19,Guangdong,0.09,0.23,0.18
2024-07-19,Shandong,0.06,0.14,0.14
2024-07-20,Zhejiang,0.06,0.14,0.14
2024-07-20,Hubei,0.06,0.21,0.13
2024-07-20,Jiangsu,0.06,0.19,0.12
2024-07-20,Henan,0.06,0.21,0.13
2024-07-20,Sichuan,0.06,0.19,0.12
2024-07-20,Guangdong,0.09,0.23,0.18
2024-07-20,Shandong,0.06,0.14,0.14
2024-07-21,Zhejiang,0.06,0.14,0.14
2024-07-21,Hubei,0.06,0.21,0.13
2024-07-21,Jiangsu,0.06,0.19,0.12
2024-07-21,Henan,0.06,0.21,0.13
2024-07-21,Sichuan,0.06,0.19,0.12
2024-07-21,Guangdong,0.09,0.23,0.18
2024-07-21,Shandong,0.06,0.14,0.14
2024-07-22,Zhejiang,0.06,0.14,0.14
2024-07-22,Hubei,0.06,0.21,0.13
2024-07-22,Jiangsu,0.06,0.19,0.12
2024-07-22,Henan,0.06,0.21,0.13
2024-07-22,Sichuan,0.06,0.19,0.12
2024-07-22,Guangdong,0.09,0.23,0.18
2024-07-22,Shandong,0.06,0.14,0.14
2024-07-23,Zhejiang,0.06,0.14,0.14
2024-07-23,Hubei,0.06,0.21,0.13
2024-07-23,Jiangsu,0.06,0.19,0.12
2024-07-23,Henan,0.06,0.21,0.13
2024-07-23,Sichuan,0.06,0.19,0.12
2024-07-23,Guangdong,0.09,0.23,0.18
2024-07-23,Shandong,0.06,0.14,0.14
2024-07-24,Zhejiang,0.06,0.14,0.14
2024-07-24,Hubei,0.06,0.21,0.13
2024-07-24,Jiangsu,0.06,0.19,0.12
2024-07-24,Henan,0.06,0.21,0.13
2024-07-24,Sichuan,0.06,0.19,0.12
2024-07-24,Guangdong,0.09,0.23,0.18
2024-07-24,Shandong,0.06,0.14,0.14
2024-07-25,Zhejiang,0.06,0.14,0.14
2024-07-25,Hubei,0.06,0.21,0.13
2024-07-25,Jiangsu,0.06,0.19,0.12
2024-07-25,Henan,0.06,0.21,0.13
2024-07-25,Sichuan,0.06,0.19,0.12
2024-07-25,Guangdong,0.09,0.23,0.18
2024-07-25,Shandong,0.06,0.14,0.14
2024-07-26,Zhejiang,0.06,0.14,0.14
2024-07-26,Hubei,0.06,0.21,0.13
2024-07-26,Jiangsu,0.06,0.19,0.12
2024-07-26,Henan,0.06,0.21,0.13
2024-07-26,Sichuan,0.06,0.19,0.12
2024-07-26,Guangdong,0.09,0.23,0.18
2024-07-26,Shandong,0.06,0.14,0.14
2024-07-27,Zhejiang,0.06,0.14,0.14
2024-07-27,Hubei,0.06,0.21,0.13
2024-07-27,Jiangsu,0.06,0.19,0.12
2024-07-27,Henan,0.06,0.21,0.13
2024-07-27,Sichuan,0.06,0.19,0.12
2024-07-27,Guangdong,0.09,0.23,0.18
2024-07-27,Shandong,0.06,0.14,0.14
2024-07-28,Zhejiang,0.06,0.14,0.14
2024-07-28,Hubei,0.06,0.21,0.13
2024-07-28,Jiangsu,0.06,0.19,0.12
2024-07-28,Henan,0.06,0.21,0.13
2024-07-28,Sichuan,0.06,0.19,0.12
2024-07-28,Guangdong,0.09,0.23,0.18
2024-07-28,Shandong,0.06,0.14,0.14
2024-07-29,Zhejiang,0.06,0.14,0.14
2024-07-29,Hubei,0.06,0.21,0.13
2024-07-29,Jiangsu,0.06,0.19,0.12
2024-07-29,Henan,0.06,0.21,0.13
2024-07-29,Sichuan,0.06,0.19,0.12
2024-07-29,Guangdong,0.09,0.23,0.18
2024-07-29,Shandong,0.06,0.14,0.14
2024-07-30,Zhejiang,0.06,0.14,0.14
2024-07-30,Hubei,0.06,0.21,0.13
2024-07-30,Jiangsu,0.06,0.19,0.12
2024-07-30,Henan,0.06,0.21,0.13
2024-07-30,Sichuan,0.06,0.19,0.12
2024-07-30,Guangdong,0.09,0.23,0.18
2024-07-30,Shandong,0.06,0.14,0.14
2024-07-31,Zhejiang,0.06,0.14,0.14
2024-07-31,Hubei,0.06,0.21,0.13
2024-07-31,Jiangsu,0.06,0.19,0.12
2024-07-31,Henan,0.06,0.21,0.13
2024-07-31,Sichuan,0.06,0.19,0.12
2024-07-31,Guangdong,0.09,0.23,0.18
2024-07-31,Shandong,0.06,0.14,0.14
2024-08-01,Zhejiang,0.07,0.14,0.14
2024-08-01,Hubei,0.07,0.21,0.14
2024-08-01,Jiangsu,0.06,0.19,0.12
2024-08-01,Henan,0.07,0.21,0.14
2024-08-01,Sichuan,0.06,0.19,0.12
2024-08-01,Guangdong,0.09,0.23,0.19
2024-08-01,Shandong,0.07,0.14,0.14
2024-08-02,Zhejiang,0.07,0.14,0.14
2024-08-02,Hubei,0.07,0.21,0.14
2024-08-02,Jiangsu,0.06,0.19,0.12
2024-08-02,Henan,0.07,0.21,0.14
2024-08-02,Sichuan,0.06,0.19,0.12
2024-08-02,Guangdong,0.09,0.23,0.19
2024-08-02,Shandong,0.07,0.14,0.14
2024-08-03,Zhejiang,0.07,0.14,0.14
2024-08-03,Hubei,0.07,0.21,0.14
2024-08-03,Jiangsu,0.06,0.19,0.12
2024-08-03,Henan,0.07,0.21,0.14
2024-08-03,Sichuan,0.06,0.19,0.12
2024-08-03,Guangdong,0.09,0.23,0.19
2024-08-03,Shandong,0.07,0.14,0.14
2024-08-04,Zhejiang,0.07,0.14,0.14
2024-08-04,Hubei,0.07,0.21,0.14
2024-08-04,Jiangsu,0.06,0.19,0.12
2024-08-04,Henan,0.07,0.21,0.14
2024-08-04,Sichuan,0.06,0.19,0.12
2024-08-04,Guangdong,0.09,0.23,0.19
2024-08-04,Shandong,0.07,0.14,0.14
2024-08-05,Zhejiang,0.07,0.14,0.14
2024-08-05,Hubei,0.07,0.21,0.14
2024-08-05,Jiangsu,0.06,0.19,0.12
2024-08-05,Henan,0.07,0.21,0.14
2024-08-05,Sichuan,0.06,0.19,0.12
2024-08-05,Guangdong,0.09,0.23,0.19
2024-08-05,Shandong,0.07,0.14,0.14
2024-08-06,Zhejiang,0.07,0.14,0.14
2024-08-06,Hubei,0.07,0.21,0.14
2024-08-06,Jiangsu,0.06,0.19,0.12
2024-08-06,Henan,0.07,0.21,0.14
2024-08-06,Sichuan,0.06,0.19,0.12
2024-08-06,Guangdong,0.09,0.23,0.19
2024-08-06,Shandong,0.07,0.14,0.14
2024-08-07,Zhejiang,0.07,0.14,0.14
2024-08-07,Hubei,0.07,0.21,0.14
2024-08-07,Jiangsu,0.06,0.19,0.12
2024-08-07,Henan,0.07,0.21,0.14
2024-08-07,Sichuan,0.06,0.19,0.12
2024-08-07,Guangdong,0.09,0.23,0.19
2024-08-07,Shandong,0.07,0.14,0.14
2024-08-08,Zhejiang,0.07,0.14,0.14
2024-08-08,Hubei,0.07,0.21,0.14
2024-08-08,Jiangsu,0.06,0.19,0.12
2024-08-08,Henan,0.07,0.21,0.14
2024-08-08,Sichuan,0.06,0.19,0.12
2024-08-08,Guangdong,0.09,0.23,0.19
2024-08-08,Shandong,0.07,0.14,0.14
2024-08-09,Zhejiang,0.07,0.14,0.14
2024-08-09,Hubei,0.07,0.21,0.14
2024-08-09,Jiangsu,0.06,0.19,0.12
2024-08-09,Henan,0.07,0.21,0.14
2024-08-09,Sichuan,0.06,0.19,0.12
2024-08-09,Guangdong,0.09,0.23,0.19
2024-08-09,Shandong,0.07,0.14,0.14
2024-08-10,Zhejiang,0.07,0.14,0.14
2024-08-10,Hubei,0.07,0.21,0.14
2024-08-10,Jiangsu,0.06,0.19,0.12
2024-08-10,Henan,0.07,0.21,0.14
2024-08-10,Sichuan,0.06,0.19,0.12
2024-08-10,Guangdong,0.09,0.23,0.19
2024-08-10,Shandong,0.07,0.14,0.14
2024-08-11,Zhejiang,0.07,0.14,0.14
2024-08-11,Hubei,0.07,0.21,0.14
2024-08-11,Jiangsu,0.06,0.19,0.12
2024-08-11,Henan,0.07,0.21,0.14
2024-08-11,Sichuan,0.06,0.19,0.12
2024-08-11,Guangdong,0.09,0.23,0.19
2024-08-11,Shandong,0.07,0.14,0.14
2024-08-12,Zhejiang,0.07,0.14,0.14
2024-08-12,Hubei,0.07,0.21,0.14
2024-08-12,Jiangsu,0.06,0.19,0.12
2024-08-12,Henan,0.07,0.21,0.14
2024-08-12,Sichuan,0.06,0.19,0.12
2024-08-12,Guangdong,0.09,0.23,0.19
2024-08-12,Shandong,0.07,0.14,0.14
2024-08-13,Zhejiang,0.07,0.14,0.14
2024-08-13,Hubei,0.07,0.21,0.14
2024-08-13,Jiangsu,0.06,0.19,0.12
2024-08-13,Henan,0.07,0.21,0.14
2024-08-13,Sichuan,0.06,0.19,0.12
2024-08-13,Guangdong,0.09,0.23,0.19
2024-08-13,Shandong,0.07,0.14,0.14
2024-08-14,Zhejiang,0.07,0.14,0.14
2024-08-14,Hubei,0.07,0.21,0.14
2024-08-14,Jiangsu,0.06,0.19,0.12
2024-08-14,Henan,0.07,0.21,0.14
2024-08-14,Sichuan,0.06,0.19,0.12
2024-08-14,Guangdong,0.09,0.23,0.19
2024-08-14,Shandong,0.07,0.14,0.14
2024-08-15,Zhejiang,0.07,0.14,0.14
2024-08-15,Hubei,0.07,0.21,0.14
2024-08-15,Jiangsu,0.06,0.19,0.12
2024-08-15,Henan,0.07,0.21,0.14
2024-08-15,Sichuan,0.06,0.19,0.12
2024-08-15,Guangdong,0.09,0.23,0.19
2024-08-15,Shandong,0.07,0.14,0.14
2024-08-16,Zhejiang,0.07,0.14,0.14
2024-08-16,Hubei,0.07,0.21,0.14
2024-08-16,Jiangsu,0.06,0.19,0.12
2024-08-16,Henan,0.07,0.21,0.14
2024-08-16,Sichuan,0.06,0.19,0.12
2024-08-16,Guangdong,0.09,0.23,0.19
2024-08-16,Shandong,0.07,0.14,0.14
2024-08-17,Zhejiang,0.07,0.14,0.14
2024-08-17,Hubei,0.07,0.21,0.14
2024-08-17,Jiangsu,0.06,0.19,0.12
2024-08-17,Henan,0.07,0.21,0.14
2024-08-17,Sichuan,0.06,0.19,0.12
2024-08-17,Guangdong,0.09,0.23,0.19
2024-08-17,Shandong,0.07,0.14,0.14
2024-08-18,Zhejiang,0.07,0.14,0.14
2024-08-18,Hubei,0.07,0.21,0.14
2024-08-18,Jiangsu,0.06,0.19,0.12
2024-08-18,Henan,0.07,0.21,0.14
2024-08-18,Sichuan,0.06,0.19,0.12
2024-08-18,Guangdong,0.09,0.23,0.19
2024-08-18,Shandong,0.07,0.14,0.14
2024-08-19,Zhejiang,0.07,0.14,0.14
2024-08-19,Hubei,0.07,0.21,0.14
2024-08-19,Jiangsu,0.06,0.19,0.12
2024-08-19,Henan,0.07,0.21,0.14
2024-08-19,Sichuan,0.06,0.19,0.12
2024-08-19,Guangdong,0.09,0.23,0.19
2024-08-19,Shandong,0.07,0.14,0.14
2024-08-20,Zhejiang,0.07,0.14,0.14
2024-08-20,Hubei,0.07,0.21,0.14
2024-08-20,Jiangsu,0.06,0.19,0.12
2024-08-20,Henan,0.07,0.21,0.14
2024-08-20,Sichuan,0.06,0.19,0.12
2024-08-20,Guangdong,0.09,0.23,0.19
2024-08-20,Shandong,0.07,0.14,0.14
2024-08-21,Zhejiang,0.07,0.14,0.14
2024-08-21,Hubei,0.07,0.21,0.14
2024-08-21,Jiangsu,0.06,0.19,0.12
2024-08-21,Henan,0.07,0.21,0.14
2024-08-21,Sichuan,0.06,0.19,0.12
2024-08-21,Guangdong,0.09,0.23,0.19
2024-08-21,Shandong,0.07,0.14,0.14
2024-08-22,Zhejiang,0.07,0.14,0.14
2024-08-22,Hubei,0.07,0.21,0.14
2024-08-22,Jiangsu,0.06,0.19,0.12
2024-08-22,Henan,0.07,0.21,0.14
2024-08-22,Sichuan,0.06,0.19,0.12
2024-08-22,Guangdong,0.09,0.23,0.19
2024-08-22,Shandong,0.07,0.14,0.14
2024-08-23,Zhejiang,0.07,0.14,0.14
2024-08-23,Hubei,0.07,0.21,0.14
2024-08-23,Jiangsu,0.06,0.19,0.12
2024-08-23,Henan,0.07,0.21,0.14
2024-08-23,Sichuan,0.06,0.19,0.12
2024-08-23,Guangdong,0.09,0.23,0.19
2024-08-23,Shandong,0.07,0.14,0.14
2024-08-24,Zhejiang,0.07,0.14,0.14
2024-08-24,Hubei,0.07,0.21,0.14
2024-08-24,Jiangsu,0.06,0.19,0.12
2024-08-24,Henan,0.07,0.21,0.14
2024-08-24,Sichuan,0.06,0.19,0.12
2024-08-24,Guangdong,0.09,0.23,0.19
2024-08-24,Shandong,0.07,0.14,0.14
2024-08-25,Zhejiang,0.07,0.14,0.14
2024-08-25,Hubei,0.07,0.21,0.14
2024-08-25,Jiangsu,0.06,0.19,0.12
2024-08-25,Henan,0.07,0.21,0.14
2024-08-25,Sichuan,0.06,0.19,0.12
2024-08-25,Guangdong,0.09,0.23,0.19
2024-08-25,Shandong,0.07,0.14,0.14
2024-08-26,Zhejiang,0.07,0.14,0.14
2024-08-26,Hubei,0.07,0.21,0.14
2024-08-26,Jiangsu,0.06,0.19,0.12
2024-08-26,Henan,0.07,0.21,0.14
2024-08-26,Sichuan,0.06,0.19,0.12
2024-08-26,Guangdong,0.09,0.23,0.19
2024-08-26,Shandong,0.07,0.14,0.14
2024-08-27,Zhejiang,0.07,0.14,0.14
2024-08-27,Hubei,0.07,0.21,0.14
2024-08-27,Jiangsu,0.06,0.19,0.12
2024-08-27,Henan,0.07,0.21,0.14
2024-08-27,Sichuan,0.06,0.19,0.12
2024-08-27,Guangdong,0.09,0.23,0.19
2024-08-27,Shandong,0.07,0.14,0.14
2024-08-28,Zhejiang,0.07,0.14,0.14
2024-08-28,Hubei,0.07,0.21,0.14
2024-08-28,Jiangsu,0.06,0.19,0.12
2024-08-28,Henan,0.07,0.21,0.14
2024-08-28,Sichuan,0.06,0.19,0.12
2024-08-28,Guangdong,0.09,0.23,0.19
2024-08-28,Shandong,0.07,0.14,0.14
2024-08-29,Zhejiang,0.07,0.14,0.14
2024-08-29,Hubei,0.07,0.21,0.14
2024-08-29,Jiangsu,0.06,0.19,0.12
2024-08-29,Henan,0.07,0.21,0.14
2024-08-29,Sichuan,0.06,0.19,0.12
2024-08-29,Guangdong,0.09,0.23,0.19
2024-08-29,Shandong,0.07,0.14,0.14
2024-08-30,Zhejiang,0.07,0.14,0.14
2024-08-30,Hubei,0.07,0.21,0.14
2024-08-30,Jiangsu,0.06,0.19,0.12
2024-08-30,Henan,0.07,0.21,0.14
2024-08-30,Sichuan,0.06,0.19,0.12
2024-08-30,Guangdong,0.09,0.23,0.19
2024-08-30,Shandong,0.07,0.14,0.14
2024-08-31,Zhejiang,0.07,0.14,0.14
2024-08-31,Hubei,0.07,0.21,0.14
2024-08-31,Jiangsu,0.06,0.19,0.12
2024-08-31,Henan,0.07,0.21,0.14
2024-08-31,Sichuan,0.06,0.19,0.12
2024-08-31,Guangdong,0.09,0.23,0.19
2024-08-31,Shandong,0.07,0.14,0.14
2024-09-01,Zhejiang,0.07,0.14,0.14
2024-09-01,Hubei,0.07,0.21,0.14
2024-09-01,Jiangsu,0.06,0.19,0.13
2024-09-01,Henan,0.07,0.21,0.14
2024-09-01,Sichuan,0.06,0.19,0.13
2024-09-01,Guangdong,0.1,0.23,0.19
2024-09-01,Shandong,0.07,0.14,0.14
2024-09-02,Zhejiang,0.07,0.14,0.14
2024-09-02,Hubei,0.07,0.21,0.14
2024-09-02,Jiangsu,0.06,0.19,0.13
2024-09-02,Henan,0.07,0.21,0.14
2024-09-02,Sichuan,0.06,0.19,0.13
2024-09-02,Guangdong,0.1,0.23,0.19
2024-09-02,Shandong,0.07,0.14,0.14
2024-09-03,Zhejiang,0.07,0.14,0.14
2024-09-03,Hubei,0.07,0.21,0.14
2024-09-03,Jiangsu,0.06,0.19,0.13
2024-09-03,Henan,0.07,0.21,0.14
2024-09-03,Sichuan,0.06,0.19,0.13
2024-09-03,Guangdong,0.1,0.23,0.19
2024-09-03,Shandong,0.07,0.14,0.14
2024-09-04,Zhejiang,0.07,0.14,0.14
2024-09-04,Hubei,0.07,0.21,0.14
2024-09-04,Jiangsu,0.06,0.19,0.13
2024-09-04,Henan,0.07,0.21,0.14
2024-09-04,Sichuan,0.06,0.19,0.13
2024-09-04,Guangdong,0.1,0.23,0.19
2024-09-04,Shandong,0.07,0.14,0.14
2024-09-05,Zhejiang,0.07,0.14,0.14
2024-09-05,Hubei,0.07,0.21,0.14
2024-09-05,Jiangsu,0.06,0.19,0.13
2024-09-05,Henan,0.07,0.21,0.14
2024-09-05,Sichuan,0.06,0.19,0.13
2024-09-05,Guangdong,0.1,0.23,0.19
2024-09-05,Shandong,0.07,0.14,0.14
2024-09-06,Zhejiang,0.07,0.14,0.14
2024-09-06,Hubei,0.07,0.21,0.14
2024-09-06,Jiangsu,0.06,0.19,0.13
2024-09-06,Henan,0.07,0.21,0.14
2024-09-06,Sichuan,0.06,0.19,0.13
2024-09-06,Guangdong,0.1,0.23,0.19
2024-09-06,Shandong,0.07,0.14,0.14
2024-09-07,Zhejiang,0.07,0.14,0.14
2024-09-07,Hubei,0.07,0.21,0.14
2024-09-07,Jiangsu,0.06,0.19,0.13
2024-09-07,Henan,0.07,0.21,0.14
2024-09-07,Sichuan,0.06,0.19,0.13
2024-09-07,Guangdong,0.1,0.23,0.19
2024-09-07,Shandong,0.07,0.14,0.14
2024-09-08,Zhejiang,0.07,0.14,0.14
2024-09-08,Hubei,0.07,0.21,0.14
2024-09-08,Jiangsu,0.06,0.19,0.13
2024-09-08,Henan,0.07,0.21,0.14
2024-09-08,Sichuan,0.06,0.19,0.13
2024-09-08,Guangdong,0.1,0.23,0.19
2024-09-08,Shandong,0.07,0.14,0.14
2024-09-09,Zhejiang,0.07,0.14,0.14
2024-09-09,Hubei,0.07,0.21,0.14
2024-09-09,Jiangsu,0.06,0.19,0.13
2024-09-09,Henan,0.07,0.21,0.14
2024-09-09,Sichuan,0.06,0.19,0.13
2024-09-09,Guangdong,0.1,0.23,0.19
2024-09-09,Shandong,0.07,0.14,0.14
2024-09-10,Zhejiang,0.07,0.14,0.14
2024-09-10,Hubei,0.07,0.21,0.14
2024-09-10,Jiangsu,0.06,0.19,0.13
2024-09-10,Henan,0.07,0.21,0.14
2024-09-10,Sichuan,0.06,0.19,0.13
2024-09-10,Guangdong,0.1,0.23,0.19
2024-09-10,Shandong,0.07,0.14,0.14
2024-09-11,Zhejiang,0.07,0.14,0.14
2024-09-11,Hubei,0.07,0.21,0.14
2024-09-11,Jiangsu,0.06,0.19,0.13
2024-09-11,Henan,0.07,0.21,0.14
2024-09-11,Sichuan,0.06,0.19,0.13
2024-09-11,Guangdong,0.1,0.23,0.19
2024-09-11,Shandong,0.07,0.14,0.14
2024-09-12,Zhejiang,0.07,0.14,0.14
2024-09-12,Hubei,0.07,0.21,0.14
2024-09-12,Jiangsu,0.06,0.19,0.13
2024-09-12,Henan,0.07,0.21,0.14
2024-09-12,Sichuan,0.06,0.19,0.13
2024-09-12,Guangdong,0.1,0.23,0.19
2024-09-12,Shandong,0.07,0.14,0.14
2024-09-13,Zhejiang,0.07,0.14,0.14
2024-09-13,Hubei,0.07,0.21,0.14
2024-09-13,Jiangsu,0.06,0.19,0.13
2024-09-13,Henan,0.07,0.21,0.14
2024-09-13,Sichuan,0.06,0.19,0.13
2024-09-13,Guangdong,0.1,0.23,0.19
2024-09-13,Shandong,0.07,0.14,0.14
2024-09-14,Zhejiang,0.07,0.14,0.14
2024-09-14,Hubei,0.07,0.21,0.14
2024-09-14,Jiangsu,0.06,0.19,0.13
2024-09-14,Henan,0.07,0.21,0.14
2024-09-14,Sichuan,0.06,0.19,0.13
2024-09-14,Guangdong,0.1,0.23,0.19
2024-09-14,Shandong,0.07,0.14,0.14
2024-09-15,Zhejiang,0.07,0.14,0.14
2024-09-15,Hubei,0.07,0.21,0.14
2024-09-15,Jiangsu,0.06,0.19,0.13
2024-09-15,Henan,0.07,0.21,0.14
2024-09-15,Sichuan,0.06,0.19,0.13
2024-09-15,Guangdong,0.1,0.23,0.19
2024-09-15,Shandong,0.07,0.14,0.14
2024-09-16,Zhejiang,0.07,0.14,0.14
2024-09-16,Hubei,0.07,0.21,0.14
2024-09-16,Jiangsu,0.06,0.19,0.13
2024-09-16,Henan,0.07,0.21,0.14
2024-09-16,Sichuan,0.06,0.19,0.13
2024-09-16,Guangdong,0.1,0.23,0.19
2024-09-16,Shandong,0.07,0.14,0.14
2024-09-17,Zhejiang,0.07,0.14,0.14
2024-09-17,Hubei,0.07,0.21,0.14
2024-09-17,Jiangsu,0.06,0.19,0.13
2024-09-17,Henan,0.07,0.21,0.14
2024-09-17,Sichuan,0.06,0.19,0.13
2024-09-17,Guangdong,0.1,0.23,0.19
2024-09-17,Shandong,0.07,0.14,0.14
2024-09-18,Zhejiang,0.07,0.14,0.14
2024-09-18,Hubei,0.07,0.21,0.14
2024-09-18,Jiangsu,0.06,0.19,0.13
2024-09-18,Henan,0.07,0.21,0.14
2024-09-18,Sichuan,0.06,0.19,0.13
2024-09-18,Guangdong,0.1,0.23,0.19
2024-09-18,Shandong,0.07,0.14,0.14
2024-09-19,Zhejiang,0.07,0.14,0.14
2024-09-19,Hubei,0.07,0.21,0.14
2024-09-19,Jiangsu,0.06,0.19,0.13
2024-09-19,Henan,0.07,0.21,0.14
2024-09-19,Sichuan,0.06,0.19,0.13
2024-09-19,Guangdong,0.1,0.23,0.19
2024-09-19,Shandong,0.07,0.14,0.14
2024-09-20,Zhejiang,0.07,0.14,0.14
2024-09-20,Hubei,0.07,0.21,0.14
2024-09-20,Jiangsu,0.06,0.19,0.13
2024-09-20,Henan,0.07,0.21,0.14
2024-09-20,Sichuan,0.06,0.19,0.13
2024-09-20,Guangdong,0.1,0.23,0.19
2024-09-20,Shandong,0.07,0.14,0.14
2024-09-21,Zhejiang,0.07,0.14,0.14
2024-09-21,Hubei,0.07,0.21,0.14
2024-09-21,Jiangsu,0.06,0.19,0.13
2024-09-21,Henan,0.07,0.21,0.14
2024-09-21,Sichuan,0.06,0.19,0.13
2024-09-21,Guangdong,0.1,0.23,0.19
2024-09-21,Shandong,0.07,0.14,0.14
2024-09-22,Zhejiang,0.07,0.14,0.14
2024-09-22,Hubei,0.07,0.21,0.14
2024-09-22,Jiangsu,0.06,0.19,0.13
2024-09-22,Henan,0.07,0.21,0.14
2024-09-22,Sichuan,0.06,0.19,0.13
2024-09-22,Guangdong,0.1,0.23,0.19
2024-09-22,Shandong,0.07,0.14,0.14
2024-09-23,Zhejiang,0.07,0.14,0.14
2024-09-23,Hubei,0.07,0.21,0.14
2024-09-23,Jiangsu,0.06,0.19,0.13
2024-09-23,Henan,0.07,0.21,0.14
2024-09-23,Sichuan,0.06,0.19,0.13
2024-09-23,Guangdong,0.1,0.23,0.19
2024-09-23,Shandong,0.07,0.14,0.14
2024-09-24,Zhejiang,0.07,0.14,0.14
2024-09-24,Hubei,0.07,0.21,0.14
2024-09-24,Jiangsu,0.06,0.19,0.13
2024-09-24,Henan,0.07,0.21,0.14
2024-09-24,Sichuan,0.06,0.19,0.13
2024-09-24,Guangdong,0.1,0.23,0.19
2024-09-24,Shandong,0.07,0.14,0.14
2024-09-25,Zhejiang,0.07,0.14,0.14
2024-09-25,Hubei,0.07,0.21,0.14
2024-09-25,Jiangsu,0.06,0.19,0.13
2024-09-25,Henan,0.07,0.21,0.14
2024-09-25,Sichuan,0.06,0.19,0.13
2024-09-25,Guangdong,0.1,0.23,0.19
2024-09-25,Shandong,0.07,0.14,0.14
2024-09-26,Zhejiang,0.07,0.14,0.14
2024-09-26,Hubei,0.07,0.21,0.14
2024-09-26,Jiangsu,0.06,0.19,0.13
2024-09-26,Henan,0.07,0.21,0.14
2024-09-26,Sichuan,0.06,0.19,0.13
2024-09-26,Guangdong,0.1,0.23,0.19
2024-09-26,Shandong,0.07,0.14,0.14
2024-09-27,Zhejiang,0.07,0.14,0.14
2024-09-27,Hubei,0.07,0.21,0.14
2024-09-27,Jiangsu,0.06,0.19,0.13
2024-09-27,Henan,0.07,0.21,0.14
2024-09-27,Sichuan,0.06,0.19,0.13
2024-09-27,Guangdong,0.1,0.23,0.19
2024-09-27,Shandong,0.07,0.14,0.14
2024-09-28,Zhejiang,0.07,0.14,0.14
2024-09-28,Hubei,0.07,0.21,0.14
2024-09-28,Jiangsu,0.06,0.19,0.13
2024-09-28,Henan,0.07,0.21,0.14
2024-09-28,Sichuan,0.06,0.19,0.13
2024-09-28,Guangdong,0.1,0.23,0.19
2024-09-28,Shandong,0.07,0.14,0.14
2024-09-29,Zhejiang,0.07,0.14,0.14
2024-09-29,Hubei,0.07,0.21,0.14
2024-09-29,Jiangsu,0.06,0.19,0.13
2024-09-29,Henan,0.07,0.21,0.14
2024-09-29,Sichuan,0.06,0.19,0.13
2024-09-29,Guangdong,0.1,0.23,0.19
2024-09-29,Shandong,0.07,0.14,0.14
2024-09-30,Zhejiang,0.07,0.14,0.14
2024-09-30,Hubei,0.07,0.21,0.14
2024-09-30,Jiangsu,0.06,0.19,0.13
2024-09-30,Henan,0.07,0.21,0.14
2024-09-30,Sichuan,0.06,0.19,0.13
2024-09-30,Guangdong,0.1,0.23,0.19
2024-09-30,Shandong,0.07,0.14,0.14
2024-10-01,Zhejiang,0.08,0.14,0.15
2024-10-01,Hubei,0.07,0.21,0.14
2024-10-01,Jiangsu,0.07,0.19,0.13
2024-10-01,Henan,0.07,0.21,0.14
2024-10-01,Sichuan,0.07,0.19,0.13
2024-10-01,Guangdong,0.1,0.23,0.2
2024-10-01,Shandong,0.08,0.14,0.15
2024-10-02,Zhejiang,0.08,0.14,0.15
2024-10-02,Hubei,0.07,0.21,0.14
2024-10-02,Jiangsu,0.07,0.19,0.13
2024-10-02,Henan,0.07,0.21,0.14
2024-10-02,Sichuan,0.07,0.19,0.13
2024-10-02,Guangdong,0.1,0.23,0.2
2024-10-02,Shandong,0.08,0.14,0.15
2024-10-03,Zhejiang,0.08,0.14,0.15
2024-10-03,Hubei,0.07,0.21,0.14
2024-10-03,Jiangsu,0.07,0.19,0.13
2024-10-03,Henan,0.07,0.21,0.14
2024-10-03,Sichuan,0.07,0.19,0.13
2024-10-03,Guangdong,0.1,0.23,0.2
2024-10-03,Shandong,0.08,0.14,0.15
2024-10-04,Zhejiang,0.08,0.14,0.15
2024-10-04,Hubei,0.07,0.21,0.14
2024-10-04,Jiangsu,0.07,0.19,0.13
2024-10-04,Henan,0.07,0.21,0.14
2024-10-04,Sichuan,0.07,0.19,0.13
2024-10-04,Guangdong,0.1,0.23,0.2
2024-10-04,Shandong,0.08,0.14,0.15
2024-10-05,Zhejiang,0.08,0.14,0.15
2024-10-05,Hubei,0.07,0.21,0.14
2024-10-05,Jiangsu,0.07,0.19,0.13
2024-10-05,Henan,0.07,0.21,0.14
2024-10-05,Sichuan,0.07,0.19,0.13
2024-10-05,Guangdong,0.1,0.23,0.2
2024-10-05,Shandong,0.08,0.14,0.15
2024-10-06,Zhejiang,0.08,0.14,0.15
2024-10-06,Hubei,0.07,0.21,0.14
2024-10-06,Jiangsu,0.07,0.19,0.13
2024-10-06,Henan,0.07,0.21,0.14
2024-10-06,Sichuan,0.07,0.19,0.13
2024-10-06,Guangdong,0.1,0.23,0.2
2024-10-06,Shandong,0.08,0.14,0.15
2024-10-07,Zhejiang,0.08,0.14,0.15
2024-10-07,Hubei,0.07,0.21,0.14
2024-10-07,Jiangsu,0.07,0.19,0.13
2024-10-07,Henan,0.07,0.21,0.14
2024-10-07,Sichuan,0.07,0.19,0.13
2024-10-07,Guangdong,0.1,0.23,0.2
2024-10-07,Shandong,0.08,0.14,0.15
2024-10-08,Zhejiang,0.08,0.14,0.15
2024-10-08,Hubei,0.07,0.21,0.14
2024-10-08,Jiangsu,0.07,0.19,0.13
2024-10-08,Henan,0.07,0.21,0.14
2024-10-08,Sichuan,0.07,0.19,0.13
2024-10-08,Guangdong,0.1,0.23,0.2
2024-10-08,Shandong,0.08,0.14,0.15
2024-10-09,Zhejiang,0.08,0.14,0.15
2024-10-09,Hubei,0.07,0.21,0.14
2024-10-09,Jiangsu,0.07,0.19,0.13
2024-10-09,Henan,0.07,0.21,0.14
2024-10-09,Sichuan,0.07,0.19,0.13
2024-10-09,Guangdong,0.1,0.23,0.2
2024-10-09,Shandong,0.08,0.14,0.15
2024-10-10,Zhejiang,0.08,0.14,0.15
2024-10-10,Hubei,0.07,0.21,0.14
2024-10-10,Jiangsu,0.07,0.19,0.13
2024-10-10,Henan,0.07,0.21,0.14
2024-10-10,Sichuan,0.07,0.19,0.13
2024-10-10,Guangdong,0.1,0.23,0.2
2024-10-10,Shandong,0.08,0.14,0.15
2024-10-11,Zhejiang,0.08,0.14,0.15
2024-10-11,Hubei,0.07,0.21,0.14
2024-10-11,Jiangsu,0.07,0.19,0.13
2024-10-11,Henan,0.07,0.21,0.14
2024-10-11,Sichuan,0.07,0.19,0.13
2024-10-11,Guangdong,0.1,0.23,0.2
2024-10-11,Shandong,0.08,0.14,0.15
2024-10-12,Zhejiang,0.08,0.14,0.15
2024-10-12,Hubei,0.07,0.21,0.14
2024-10-12,Jiangsu,0.07,0.19,0.13
2024-10-12,Henan,0.07,0.21,0.14
2024-10-12,Sichuan,0.07,0.19,0.13
2024-10-12,Guangdong,0.1,0.23,0.2
2024-10-12,Shandong,0.08,0.14,0.15
2024-10-13,Zhejiang,0.08,0.14,0.15
2024-10-13,Hubei,0.07,0.21,0.14
2024-10-13,Jiangsu,0.07,0.19,0.13
2024-10-13,Henan,0.07,0.21,0.14
2024-10-13,Sichuan,0.07,0.19,0.13
2024-10-13,Guangdong,0.1,0.23,0.2
2024-10-13,Shandong,0.08,0.14,0.15
2024-10-14,Zhejiang,0.08,0.14,0.15
2024-10-14,Hubei,0.07,0.21,0.14
2024-10-14,Jiangsu,0.07,0.19,0.13
2024-10-14,Henan,0.07,0.21,0.14
2024-10-14,Sichuan,0.07,0.19,0.13
2024-10-14,Guangdong,0.1,0.23,0.2
2024-10-14,Shandong,0.08,0.14,0.15
2024-10-15,Zhejiang,0.08,0.14,0.15
2024-10-15,Hubei,0.07,0.21,0.14
2024-10-15,Jiangsu,0.07,0.19,0.13
2024-10-15,Henan,0.07,0.21,0.14
2024-10-15,Sichuan,0.07,0.19,0.13
2024-10-15,Guangdong,0.1,0.23,0.2
2024-10-15,Shandong,0.08,0.14,0.15
2024-10-16,Zhejiang,0.08,0.14,0.15
2024-10-16,Hubei,0.07,0.21,0.14
2024-10-16,Jiangsu,0.07,0.19,0.13
2024-10-16,Henan,0.07,0.21,0.14
2024-10-16,Sichuan,0.07,0.19,0.13
2024-10-16,Guangdong,0.1,0.23,0.2
2024-10-16,Shandong,0.08,0.14,0.15
2024-10-17,Zhejiang,0.08,0.14,0.15
2024-10-17,Hubei,0.07,0.21,0.14
2024-10-17,Jiangsu,0.07,0.19,0.13
2024-10-17,Henan,0.07,0.21,0.14
2024-10-17,Sichuan,0.07,0.19,0.13
2024-10-17,Guangdong,0.1,0.23,0.2
2024-10-17,Shandong,0.08,0.14,0.15
2024-10-18,Zhejiang,0.08,0.14,0.15
2024-10-18,Hubei,0.07,0.21,0.14
2024-10-18,Jiangsu,0.07,0.19,0.13
2024-10-18,Henan,0.07,0.21,0.14
2024-10-18,Sichuan,0.07,0.19,0.13
2024-10-18,Guangdong,0.1,0.23,0.2
2024-10-18,Shandong,0.08,0.14,0.15
2024-10-19,Zhejiang,0.08,0.14,0.15
2024-10-19,Hubei,0.07,0.21,0.14
2024-10-19,Jiangsu,0.07,0.19,0.13
2024-10-19,Henan,0.07,0.21,0.14
2024-10-19,Sichuan,0.07,0.19,0.13
2024-10-19,Guangdong,0.1,0.23,0.2
2024-10-19,Shandong,0.08,0.14,0.15
2024-10-20,Zhejiang,0.08,0.14,0.15
2024-10-20,Hubei,0.07,0.21,0.14
2024-10-20,Jiangsu,0.07,0.19,0.13
2024-10-20,Henan,0.07,0.21,0.14
2024-10-20,Sichuan,0.07,0.19,0.13
2024-10-20,Guangdong,0.1,0.23,0.2
2024-10-20,Shandong,0.08,0.14,0.15
2024-10-21,Zhejiang,0.08,0.14,0.15
2024-10-21,Hubei,0.07,0.21,0.14
2024-10-21,Jiangsu,0.07,0.19,0.13
2024-10-21,Henan,0.07,0.21,0.14
2024-10-21,Sichuan,0.07,0.19,0.13
2024-10-21,Guangdong,0.1,0.23,0.2
2024-10-21,Shandong,0.08,0.14,0.15
2024-10-22,Zhejiang,0.08,0.14,0.15
2024-10-22,Hubei,0.07,0.21,0.14
2024-10-22,Jiangsu,0.07,0.19,0.13
2024-10-22,Henan,0.07,0.21,0.14
2024-10-22,Sichuan,0.07,0.19,0.13
2024-10-22,Guangdong,0.1,0.23,0.2
2024-10-22,Shandong,0.08,0.14,0.15
2024-10-23,Zhejiang,0.08,0.14,0.15
2024-10-23,Hubei,0.07,0.21,0.14
2024-10-23,Jiangsu,0.07,0.19,0.13
2024-10-23,Henan,0.07,0.21,0.14
2024-10-23,Sichuan,0.07,0.19,0.13
2024-10-23,Guangdong,0.1,0.23,0.2
2024-10-23,Shandong,0.08,0.14,0.15
2024-10-24,Zhejiang,0.08,0.14,0.15
2024-10-24,Hubei,0.07,0.21,0.14
2024-10-24,Jiangsu,0.07,0.19,0.13
2024-10-24,Henan,0.07,0.21,0.14
2024-10-24,Sichuan,0.07,0.19,0.13
2024-10-24,Guangdong,0.1,0.23,0.2
2024-10-24,Shandong,0.08,0.14,0.15
2024-10-25,Zhejiang,0.08,0.14,0.15
2024-10-25,Hubei,0.07,0.21,0.14
2024-10-25,Jiangsu,0.07,0.19,0.13
2024-10-25,Henan,0.07,0.21,0.14
2024-10-25,Sichuan,0.07,0.19,0.13
2024-10-25,Guangdong,0.1,0.23,0.2
2024-10-25,Shandong,0.08,0.14,0.15
2024-10-26,Zhejiang,0.08,0.14,0.15
2024-10-26,Hubei,0.07,0.21,0.14
2024-10-26,Jiangsu,0.07,0.19,0.13
2024-10-26,Henan,0.07,0.21,0.14
2024-10-26,Sichuan,0.07,0.19,0.13
2024-10-26,Guangdong,0.1,0.23,0.2
2024-10-26,Shandong,0.08,0.14,0.15
2024-10-27,Zhejiang,0.08,0.14,0.15
2024-10-27,Hubei,0.07,0.21,0.14
2024-10-27,Jiangsu,0.07,0.19,0.13
2024-10-27,Henan,0.07,0.21,0.14
2024-10-27,Sichuan,0.07,0.19,0.13
2024-10-27,Guangdong,0.1,0.23,0.2
2024-10-27,Shandong,0.08,0.14,0.15
2024-10-28,Zhejiang,0.08,0.14,0.15
2024-10-28,Hubei,0.07,0.21,0.14
2024-10-28,Jiangsu,0.07,0.19,0.13
2024-10-28,Henan,0.07,0.21,0.14
2024-10-28,Sichuan,0.07,0.19,0.13
2024-10-28,Guangdong,0.1,0.23,0.2
2024-10-28,Shandong,0.08,0.14,0.15
2024-10-29,Zhejiang,0.08,0.14,0.15
2024-10-29,Hubei,0.07,0.21,0.14
2024-10-29,Jiangsu,0.07,0.19,0.13
2024-10-29,Henan,0.07,0.21,0.14
2024-10-29,Sichuan,0.07,0.19,0.13
2024-10-29,Guangdong,0.1,0.23,0.2
2024-10-29,Shandong,0.08,0.14,0.15
2024-10-30,Zhejiang,0.08,0.14,0.15
2024-10-30,Hubei,0.07,0.21,0.14
2024-10-30,Jiangsu,0.07,0.19,0.13
2024-10-30,Henan,0.07,0.21,0.14
2024-10-30,Sichuan,0.07,0.19,0.13
2024-10-30,Guangdong,0.1,0.23,0.2
2024-10-30,Shandong,0.08,0.14,0.15
2024-10-31,Zhejiang,0.08,0.14,0.15
2024-10-31,Hubei,0.07,0.21,0.14
2024-10-31,Jiangsu,0.07,0.19,0.13
2024-10-31,Henan,0.07,0.21,0.14
2024-10-31,Sichuan,0.07,0.19,0.13
2024-10-31,Guangdong,0.1,0.23,0.2
2024-10-31,Shandong,0.08,0.14,0.15
2024-11-01,Zhejiang,0.51,0.14,0.5
2024-11-01,Hubei,0.5,0.21,0.48
2024-11-01,Jiangsu,0.45,0.19,0.44
2024-11-01,Henan,0.5,0.21,0.48
2024-11-01,Sichuan,0.45,0.19,0.44
2024-11-01,Guangdong,0.69,0.23,0.67
2024-11-01,Shandong,0.51,0.14,0.5
2024-11-02,Zhejiang,0.51,0.14,0.5
2024-11-02,Hubei,0.5,0.21,0.48
2024-11-02,Jiangsu,0.45,0.19,0.44
2024-11-02,Henan,0.5,0.21,0.48
2024-11-02,Sichuan,0.45,0.19,0.44
2024-11-02,Guangdong,0.69,0.23,0.67
2024-11-02,Shandong,0.51,0.14,0.5
2024-11-03,Zhejiang,0.51,0.14,0.5
2024-11-03,Hubei,0.5,0.21,0.48
2024-11-03,Jiangsu,0.45,0.19,0.44
2024-11-03,Henan,0.5,0.21,0.48
2024-11-03,Sichuan,0.45,0.19,0.44
2024-11-03,Guangdong,0.69,0.23,0.67
2024-11-03,Shandong,0.51,0.14,0.5
2024-11-04,Zhejiang,0.51,0.14,0.5
2024-11-04,Hubei,0.5,0.21,0.48
2024-11-04,Jiangsu,0.45,0.19,0.44
2024-11-04,Henan,0.5,0.21,0.48
2024-11-04,Sichuan,0.45,0.19,0.44
2024-11-04,Guangdong,0.69,0.23,0.67
2024-11-04,Shandong,0.51,0.14,0.5
2024-11-05,Zhejiang,0.51,0.14,0.5
2024-11-05,Hubei,0.5,0.21,0.48
2024-11-05,Jiangsu,0.45,0.19,0.44
2024-11-05,Henan,0.5,0.21,0.48
2024-11-05,Sichuan,0.45,0.19,0.44
2024-11-05,Guangdong,0.69,0.23,0.67
2024-11-05,Shandong,0.51,0.14,0.5
2024-11-06,Zhejiang,0.51,0.14,0.5
2024-11-06,Hubei,0.5,0.21,0.48
2024-11-06,Jiangsu,0.45,0.19,0.44
2024-11-06,Henan,0.5,0.21,0.48
2024-11-06,Sichuan,0.45,0.19,0.44
2024-11-06,Guangdong,0.69,0.23,0.67
2024-11-06,Shandong,0.51,0.14,0.5
2024-11-07,Zhejiang,0.51,0.14,0.5
2024-11-07,Hubei,0.5,0.21,0.48
2024-11-07,Jiangsu,0.45,0.19,0.44
2024-11-07,Henan,0.5,0.21,0.48
2024-11-07,Sichuan,0.45,0.19,0.44
2024-11-07,Guangdong,0.69,0.23,0.67
2024-11-07,Shandong,0.51,0.14,0.5
2024-11-08,Zhejiang,0.51,0.14,0.5
2024-11-08,Hubei,0.5,0.21,0.48
2024-11-08,Jiangsu,0.45,0.19,0.44
2024-11-08,Henan,0.5,0.21,0.48
2024-11-08,Sichuan,0.45,0.19,0.44
2024-11-08,Guangdong,0.69,0.23,0.67
2024-11-08,Shandong,0.51,0.14,0.5
2024-11-09,Zhejiang,0.51,0.14,0.5
2024-11-09,Hubei,0.5,0.21,0.48
2024-11-09,Jiangsu,0.45,0.19,0.44
2024-11-09,Henan,0.5,0.21,0.48
2024-11-09,Sichuan,0.45,0.19,0.44
2024-11-09,Guangdong,0.69,0.23,0.67
2024-11-09,Shandong,0.51,0.14,0.5
2024-11-10,Zhejiang,0.51,0.14,0.5
2024-11-10,Hubei,0.5,0.21,0.48
2024-11-10,Jiangsu,0.45,0.19,0.44
2024-11-10,Henan,0.5,0.21,0.48
2024-11-10,Sichuan,0.45,0.19,0.44
2024-11-10,Guangdong,0.69,0.23,0.67
2024-11-10,Shandong,0.51,0.14,0.5
2024-11-11,Zhejiang,0.51,0.14,0.5
2024-11-11,Hubei,0.5,0.21,0.48
2024-11-11,Jiangsu,0.45,0.19,0.44
2024-11-11,Henan,0.5,0.21,0.48
2024-11-11,Sichuan,0.45,0.19,0.44
2024-11-11,Guangdong,0.69,0.23,0.67
2024-11-11,Shandong,0.51,0.14,0.5
2024-11-12,Zhejiang,0.51,0.14,0.5
2024-11-12,Hubei,0.5,0.21,0.48
2024-11-12,Jiangsu,0.45,0.19,0.44
2024-11-12,Henan,0.5,0.21,0.48
2024-11-12,Sichuan,0.45,0.19,0.44
2024-11-12,Guangdong,0.69,0.23,0.67
2024-11-12,Shandong,0.51,0.14,0.5
2024-11-13,Zhejiang,0.51,0.14,0.5
2024-11-13,Hubei,0.5,0.21,0.48
2024-11-13,Jiangsu,0.45,0.19,0.44
2024-11-13,Henan,0.5,0.21,0.48
2024-11-13,Sichuan,0.45,0.19,0.44
2024-11-13,Guangdong,0.69,0.23,0.67
2024-11-13,Shandong,0.51,0.14,0.5
2024-11-14,Zhejiang,0.51,0.14,0.5
2024-11-14,Hubei,0.5,0.21,0.48
2024-11-14,Jiangsu,0.45,0.19,0.44
2024-11-14,Henan,0.5,0.21,0.48
2024-11-14,Sichuan,0.45,0.19,0.44
2024-11-14,Guangdong,0.69,0.23,0.67
2024-11-14,Shandong,0.51,0.14,0.5
2024-11-15,Zhejiang,0.51,0.14,0.5
2024-11-15,Hubei,0.5,0.21,0.48
2024-11-15,Jiangsu,0.45,0.19,0.44
2024-11-15,Henan,0.5,0.21,0.48
2024-11-15,Sichuan,0.45,0.19,0.44
2024-11-15,Guangdong,0.69,0.23,0.67
2024-11-15,Shandong,0.51,0.14,0.5
2024-11-16,Zhejiang,0.51,0.14,0.5
2024-11-16,Hubei,0.5,0.21,0.48
2024-11-16,Jiangsu,0.45,0.19,0.44
2024-11-16,Henan,0.5,0.21,0.48
2024-11-16,Sichuan,0.45,0.19,0.44
2024-11-16,Guangdong,0.69,0.23,0.67
2024-11-16,Shandong,0.51,0.14,0.5
2024-11-17,Zhejiang,0.51,0.14,0.5
2024-11-17,Hubei,0.5,0.21,0.48
2024-11-17,Jiangsu,0.45,0.19,0.44
2024-11-17,Henan,0.5,0.21,0.48
2024-11-17,Sichuan,0.45,0.19,0.44
2024-11-17,Guangdong,0.69,0.23,0.67
2024-11-17,Shandong,0.51,0.14,0.5
2024-11-18,Zhejiang,0.51,0.14,0.5
2024-11-18,Hubei,0.5,0.21,0.48
2024-11-18,Jiangsu,0.45,0.19,0.44
2024-11-18,Henan,0.5,0.21,0.48
2024-11-18,Sichuan,0.45,0.19,0.44
2024-11-18,Guangdong,0.69,0.23,0.67
2024-11-18,Shandong,0.51,0.14,0.5
2024-11-19,Zhejiang,0.51,0.14,0.5
2024-11-19,Hubei,0.5,0.21,0.48
2024-11-19,Jiangsu,0.45,0.19,0.44
2024-11-19,Henan,0.5,0.21,0.48
2024-11-19,Sichuan,0.45,0.19,0.44
2024-11-19,Guangdong,0.69,0.23,0.67
2024-11-19,Shandong,0.51,0.14,0.5
2024-11-20,Zhejiang,0.51,0.14,0.5
2024-11-20,Hubei,0.5,0.21,0.48
2024-11-20,Jiangsu,0.45,0.19,0.44
2024-11-20,Henan,0.5,0.21,0.48
2024-11-20,Sichuan,0.45,0.19,0.44
2024-11-20,Guangdong,0.69,0.23,0.67
2024-11-20,Shandong,0.51,0.14,0.5
2024-11-21,Zhejiang,0.51,0.14,0.5
2024-11-21,Hubei,0.5,0.21,0.48
2024-11-21,Jiangsu,0.45,0.19,0.44
2024-11-21,Henan,0.5,0.21,0.48
2024-11-21,Sichuan,0.45,0.19,0.44
2024-11-21,Guangdong,0.69,0.23,0.67
2024-11-21,Shandong,0.51,0.14,0.5
2024-11-22,Zhejiang,0.51,0.14,0.5
2024-11-22,Hubei,0.5,0.21,0.48
2024-11-22,Jiangsu,0.45,0.19,0.44
2024-11-22,Henan,0.5,0.21,0.48
2024-11-22,Sichuan,0.45,0.19,0.44
2024-11-22,Guangdong,0.69,0.23,0.67
2024-11-22,Shandong,0.51,0.14,0.5
2024-11-23,Zhejiang,0.51,0.14,0.5
2024-11-23,Hubei,0.5,0.21,0.48
2024-11-23,Jiangsu,0.45,0.19,0.44
2024-11-23,Henan,0.5,0.21,0.48
2024-11-23,Sichuan,0.45,0.19,0.44
2024-11-23,Guangdong,0.69,0.23,0.67
2024-11-23,Shandong,0.51,0.14,0.5
2024-11-24,Zhejiang,0.51,0.14,0.5
2024-11-24,Hubei,0.5,0.21,0.48
2024-11-24,Jiangsu,0.45,0.19,0.44
2024-11-24,Henan,0.5,0.21,0.48
2024-11-24,Sichuan,0.45,0.19,0.44
2024-11-24,Guangdong,0.69,0.23,0.67
2024-11-24,Shandong,0.51,0.14,0.5
2024-11-25,Zhejiang,0.51,0.14,0.5
2024-11-25,Hubei,0.5,0.21,0.48
2024-11-25,Jiangsu,0.45,0.19,0.44
2024-11-25,Henan,0.5,0.21,0.48
2024-11-25,Sichuan,0.45,0.19,0.44
2024-11-25,Guangdong,0.69,0.23,0.67
2024-11-25,Shandong,0.51,0.14,0.5
2024-11-26,Zhejiang,0.51,0.14,0.5
2024-11-26,Hubei,0.5,0.21,0.48
2024-11-26,Jiangsu,0.45,0.19,0.44
2024-11-26,Henan,0.5,0.21,0.48
2024-11-26,Sichuan,0.45,0.19,0.44
2024-11-26,Guangdong,0.69,0.23,0.67
2024-11-26,Shandong,0.51,0.14,0.5
2024-11-27,Zhejiang,0.51,0.14,0.5
2024-11-27,Hubei,0.5,0.21,0.48
2024-11-27,Jiangsu,0.45,0.19,0.44
2024-11-27,Henan,0.5,0.21,0.48
2024-11-27,Sichuan,0.45,0.19,0.44
2024-11-27,Guangdong,0.69,0.23,0.67
2024-11-27,Shandong,0.51,0.14,0.5
2024-11-28,Zhejiang,0.51,0.14,0.5
2024-11-28,Hubei,0.5,0.21,0.48
2024-11-28,Jiangsu,0.45,0.19,0.44
2024-11-28,Henan,0.5,0.21,0.48
2024-11-28,Sichuan,0.45,0.19,0.44
2024-11-28,Guangdong,0.69,0.23,0.67
2024-11-28,Shandong,0.51,0.14,0.5
2024-11-29,Zhejiang,0.51,0.14,0.5
2024-11-29,Hubei,0.5,0.21,0.48
2024-11-29,Jiangsu,0.45,0.19,0.44
2024-11-29,Henan,0.5,0.21,0.48
2024-11-29,Sichuan,0.45,0.19,0.44
2024-11-29,Guangdong,0.69,0.23,0.67
2024-11-29,Shandong,0.51,0.14,0.5
2024-11-30,Zhejiang,0.51,0.14,0.5
2024-11-30,Hubei,0.5,0.21,0.48
2024-11-30,Jiangsu,0.45,0.19,0.44
2024-11-30,Henan,0.5,0.21,0.48
2024-11-30,Sichuan,0.45,0.19,0.44
2024-11-30,Guangdong,0.69,0.23,0.67
2024-11-30,Shandong,0.51,0.14,0.5
2024-12-01,Zhejiang,0.72,0.14,0.66
2024-12-01,Hubei,0.69,0.21,0.64
2024-12-01,Jiangsu,0.63,0.19,0.58
2024-12-01,Henan,0.69,0.21,0.64
2024-12-01,Sichuan,0.63,0.19,0.58
2024-12-01,Guangdong,0.96,0.23,0.88
2024-12-01,Shandong,0.72,0.14,0.66
2024-12-02,Zhejiang,0.72,0.14,0.66
2024-12-02,Hubei,0.69,0.21,0.64
2024-12-02,Jiangsu,0.63,0.19,0.58
2024-12-02,Henan,0.69,0.21,0.64
2024-12-02,Sichuan,0.63,0.19,0.58
2024-12-02,Guangdong,0.96,0.23,0.88
2024-12-02,Shandong,0.72,0.14,0.66
2024-12-03,Zhejiang,0.72,0.14,0.66
2024-12-03,Hubei,0.69,0.21,0.64
2024-12-03,Jiangsu,0.63,0.19,0.58
2024-12-03,Henan,0.69,0.21,0.64
2024-12-03,Sichuan,0.63,0.19,0.58
2024-12-03,Guangdong,0.96,0.23,0.88
2024-12-03,Shandong,0.72,0.14,0.66
2024-12-04,Zhejiang,0.72,0.14,0.66
2024-12-04,Hubei,0.69,0.21,0.64
2024-12-04,Jiangsu,0.63,0.19,0.58
2024-12-04,Henan,0.69,0.21,0.64
2024-12-04,Sichuan,0.63,0.19,0.58
2024-12-04,Guangdong,0.96,0.23,0.88
2024-12-04,Shandong,0.72,0.14,0.66
2024-12-05,Zhejiang,0.72,0.14,0.66
2024-12-05,Hubei,0.69,0.21,0.64
2024-12-05,Jiangsu,0.63,0.19,0.58
2024-12-05,Henan,0.69,0.21,0.64
2024-12-05,Sichuan,0.63,0.19,0.58
2024-12-05,Guangdong,0.96,0.23,0.88
2024-12-05,Shandong,0.72,0.14,0.66
2024-12-06,Zhejiang,0.72,0.14,0.66
2024-12-06,Hubei,0.69,0.21,0.64
2024-12-06,Jiangsu,0.63,0.19,0.58
2024-12-06,Henan,0.69,0.21,0.64
2024-12-06,Sichuan,0.63,0.19,0.58
2024-12-06,Guangdong,0.96,0.23,0.88
2024-12-06,Shandong,0.72,0.14,0.66
2024-12-07,Zhejiang,0.72,0.14,0.66
2024-12-07,Hubei,0.69,0.21,0.64
2024-12-07,Jiangsu,0.63,0.19,0.58
2024-12-07,Henan,0.69,0.21,0.64
2024-12-07,Sichuan,0.63,0.19,0.58
2024-12-07,Guangdong,0.96,0.23,0.88
2024-12-07,Shandong,0.72,0.14,0.66
2024-12-08,Zhejiang,0.72,0.14,0.66
2024-12-08,Hubei,0.69,0.21,0.64
2024-12-08,Jiangsu,0.63,0.19,0.58
2024-12-08,Henan,0.69,0.21,0.64
2024-12-08,Sichuan,0.63,0.19,0.58
2024-12-08,Guangdong,0.96,0.23,0.88
2024-12-08,Shandong,0.72,0.14,0.66
2024-12-09,Zhejiang,0.72,0.14,0.66
2024-12-09,Hubei,0.69,0.21,0.64
2024-12-09,Jiangsu,0.63,0.19,0.58
2024-12-09,Henan,0.69,0.21,0.64
2024-12-09,Sichuan,0.63,0.19,0.58
2024-12-09,Guangdong,0.96,0.23,0.88
2024-12-09,Shandong,0.72,0.14,0.66
2024-12-10,Zhejiang,0.72,0.14,0.66
2024-12-10,Hubei,0.69,0.21,0.64
2024-12-10,Jiangsu,0.63,0.19,0.58
2024-12-10,Henan,0.69,0.21,0.64
2024-12-10,Sichuan,0.63,0.19,0.58
2024-12-10,Guangdong,0.96,0.23,0.88
2024-12-10,Shandong,0.72,0.14,0.66
2024-12-11,Zhejiang,0.72,0.14,0.66
2024-12-11,Hubei,0.69,0.21,0.64
2024-12-11,Jiangsu,0.63,0.19,0.58
2024-12-11,Henan,0.69,0.21,0.64
2024-12-11,Sichuan,0.63,0.19,0.58
2024-12-11,Guangdong,0.96,0.23,0.88
2024-12-11,Shandong,0.72,0.14,0.66
2024-12-12,Zhejiang,0.72,0.14,0.66
2024-12-12,Hubei,0.69,0.21,0.64
2024-12-12,Jiangsu,0.63,0.19,0.58
2024-12-12,Henan,0.69,0.21,0.64
2024-12-12,Sichuan,0.63,0.19,0.58
2024-12-12,Guangdong,0.96,0.23,0.88
2024-12-12,Shandong,0.72,0.14,0.66
2024-12-13,Zhejiang,0.72,0.14,0.66
2024-12-13,Hubei,0.69,0.21,0.64
2024-12-13,Jiangsu,0.63,0.19,0.58
2024-12-13,Henan,0.69,0.21,0.64
2024-12-13,Sichuan,0.63,0.19,0.58
2024-12-13,Guangdong,0.96,0.23,0.88
2024-12-13,Shandong,0.72,0.14,0.66
2024-12-14,Zhejiang,0.72,0.14,0.66
2024-12-14,Hubei,0.69,0.21,0.64
2024-12-14,Jiangsu,0.63,0.19,0.58
2024-12-14,Henan,0.69,0.21,0.64
2024-12-14,Sichuan,0.63,0.19,0.58
2024-12-14,Guangdong,0.96,0.23,0.88
2024-12-14,Shandong,0.72,0.14,0.66
2024-12-15,Zhejiang,0.72,0.14,0.66
2024-12-15,Hubei,0.69,0.21,0.64
2024-12-15,Jiangsu,0.63,0.19,0.58
2024-12-15,Henan,0.69,0.21,0.64
2024-12-15,Sichuan,0.63,0.19,0.58
2024-12-15,Guangdong,0.96,0.23,0.88
2024-12-15,Shandong,0.72,0.14,0.66
2024-12-16,Zhejiang,0.72,0.14,0.66
2024-12-16,Hubei,0.69,0.21,0.64
2024-12-16,Jiangsu,0.63,0.19,0.58
2024-12-16,Henan,0.69,0.21,0.64
2024-12-16,Sichuan,0.63,0.19,0.58
2024-12-16,Guangdong,0.96,0.23,0.88
2024-12-16,Shandong,0.72,0.14,0.66
2024-12-17,Zhejiang,0.72,0.14,0.66
2024-12-17,Hubei,0.69,0.21,0.64
2024-12-17,Jiangsu,0.63,0.19,0.58
2024-12-17,Henan,0.69,0.21,0.64
2024-12-17,Sichuan,0.63,0.19,0.58
2024-12-17,Guangdong,0.96,0.23,0.88
2024-12-17,Shandong,0.72,0.14,0.66
2024-12-18,Zhejiang,0.72,0.14,0.66
2024-12-18,Hubei,0.69,0.21,0.64
2024-12-18,Jiangsu,0.63,0.19,0.58
2024-12-18,Henan,0.69,0.21,0.64
2024-12-18,Sichuan,0.63,0.19,0.58
2024-12-18,Guangdong,0.96,0.23,0.88
2024-12-18,Shandong,0.72,0.14,0.66
2024-12-19,Zhejiang,0.72,0.14,0.66
2024-12-19,Hubei,0.69,0.21,0.64
2024-12-19,Jiangsu,0.63,0.19,0.58
2024-12-19,Henan,0.69,0.21,0.64
2024-12-19,Sichuan,0.63,0.19,0.58
2024-12-19,Guangdong,0.96,0.23,0.88
2024-12-19,Shandong,0.72,0.14,0.66
2024-12-20,Zhejiang,0.72,0.14,0.66
2024-12-20,Hubei,0.69,0.21,0.64
2024-12-20,Jiangsu,0.63,0.19,0.58
2024-12-20,Henan,0.69,0.21,0.64
2024-12-20,Sichuan,0.63,0.19,0.58
2024-12-20,Guangdong,0.96,0.23,0.88
2024-12-20,Shandong,0.72,0.14,0.66
2024-12-21,Zhejiang,0.72,0.14,0.66
2024-12-21,Hubei,0.69,0.21,0.64
2024-12-21,Jiangsu,0.63,0.19,0.58
2024-12-21,Henan,0.69,0.21,0.64
2024-12-21,Sichuan,0.63,0.19,0.58
2024-12-21,Guangdong,0.96,0.23,0.88
2024-12-21,Shandong,0.72,0.14,0.66
2024-12-22,Zhejiang,0.72,0.14,0.66
2024-12-22,Hubei,0.69,0.21,0.64
2024-12-22,Jiangsu,0.63,0.19,0.58
2024-12-22,Henan,0.69,0.21,0.64
2024-12-22,Sichuan,0.63,0.19,0.58
2024-12-22,Guangdong,0.96,0.23,0.88
2024-12-22,Shandong,0.72,0.14,0.66
2024-12-23,Zhejiang,0.72,0.14,0.66
2024-12-23,Hubei,0.69,0.21,0.64
2024-12-23,Jiangsu,0.63,0.19,0.58
2024-12-23,Henan,0.69,0.21,0.64
2024-12-23,Sichuan,0.63,0.19,0.58
2024-12-23,Guangdong,0.96,0.23,0.88
2024-12-23,Shandong,0.72,0.14,0.66
2024-12-24,Zhejiang,0.72,0.14,0.66
2024-12-24,Hubei,0.69,0.21,0.64
2024-12-24,Jiangsu,0.63,0.19,0.58
2024-12-24,Henan,0.69,0.21,0.64
2024-12-24,Sichuan,0.63,0.19,0.58
2024-12-24,Guangdong,0.96,0.23,0.88
2024-12-24,Shandong,0.72,0.14,0.66
2024-12-25,Zhejiang,0.72,0.14,0.66
2024-12-25,Hubei,0.69,0.21,0.64
2024-12-25,Jiangsu,0.63,0.19,0.58
2024-12-25,Henan,0.69,0.21,0.64
2024-12-25,Sichuan,0.63,0.19,0.58
2024-12-25,Guangdong,0.96,0.23,0.88
2024-12-25,Shandong,0.72,0.14,0.66
2024-12-26,Zhejiang,0.72,0.14,0.66
2024-12-26,Hubei,0.69,0.21,0.64
2024-12-26,Jiangsu,0.63,0.19,0.58
2024-12-26,Henan,0.69,0.21,0.64
2024-12-26,Sichuan,0.63,0.19,0.58
2024-12-26,Guangdong,0.96,0.23,0.88
2024-12-26,Shandong,0.72,0.14,0.66
2024-12-27,Zhejiang,0.72,0.14,0.66
2024-12-27,Hubei,0.69,0.21,0.64
2024-12-27,Jiangsu,0.63,0.19,0.58
2024-12-27,Henan,0.69,0.21,0.64
2024-12-27,Sichuan,0.63,0.19,0.58
2024-12-27,Guangdong,0.96,0.23,0.88
2024-12-27,Shandong,0.72,0.14,0.66
2024-12-28,Zhejiang,0.72,0.14,0.66
2024-12-28,Hubei,0.69,0.21,0.64
2024-12-28,Jiangsu,0.63,0.19,0.58
2024-12-28,Henan,0.69,0.21,0.64
2024-12-28,Sichuan,0.63,0.19,0.58
2024-12-28,Guangdong,0.96,0.23,0.88
2024-12-28,Shandong,0.72,0.14,0.66
2024-12-29,Zhejiang,0.72,0.14,0.66
2024-12-29,Hubei,0.69,0.21,0.64
2024-12-29,Jiangsu,0.63,0.19,0.58
2024-12-29,Henan,0.69,0.21,0.64
2024-12-29,Sichuan,0.63,0.19,0.58
2024-12-29,Guangdong,0.96,0.23,0.88
2024-12-29,Shandong,0.72,0.14,0.66
2024-12-30,Zhejiang,0.72,0.14,0.66
2024-12-30,Hubei,0.69,0.21,0.64
2024-12-30,Jiangsu,0.63,0.19,0.58
2024-12-30,Henan,0.69,0.21,0.64
2024-12-30,Sichuan,0.63,0.19,0.58
2024-12-30,Guangdong,0.96,0.23,0.88
2024-12-30,Shandong,0.72,0.14,0.66
2024-12-31,Zhejiang,0.72,0.14,0.66
2024-12-31,Hubei,0.69,0.21,0.64
2024-12-31,Jiangsu,0.63,0.19,0.58
2024-12-31,Henan,0.69,0.21,0.64
2024-12-31,Sichuan,0.63,0.19,0.58
2024-12-31,Guangdong,0.96,0.23,0.88
2024-12-31,Shandong,0.72,0.14,0.66
2025-01-01,Zhejiang,0.51,0.14,0.5
2025-01-01,Hubei,0.5,0.21,0.48
2025-01-01,Jiangsu,0.45,0.19,0.44
2025-01-01,Henan,0.5,0.21,0.48
2025-01-01,Sichuan,0.45,0.19,0.44
2025-01-01,Guangdong,0.69,0.23,0.67
2025-01-01,Shandong,0.51,0.14,0.5
2025-01-02,Zhejiang,0.51,0.14,0.5
2025-01-02,Hubei,0.5,0.21,0.48
2025-01-02,Jiangsu,0.45,0.19,0.44
2025-01-02,Henan,0.5,0.21,0.48
2025-01-02,Sichuan,0.45,0.19,0.44
2025-01-02,Guangdong,0.69,0.23,0.67
2025-01-02,Shandong,0.51,0.14,0.5
2025-01-03,Zhejiang,0.51,0.14,0.5
2025-01-03,Hubei,0.5,0.21,0.48
2025-01-03,Jiangsu,0.45,0.19,0.44
2025-01-03,Henan,0.5,0.21,0.48
2025-01-03,Sichuan,0.45,0.19,0.44
2025-01-03,Guangdong,0.69,0.23,0.67
2025-01-03,Shandong,0.51,0.14,0.5
2025-01-04,Zhejiang,0.51,0.14,0.5
2025-01-04,Hubei,0.5,0.21,0.48
2025-01-04,Jiangsu,0.45,0.19,0.44
2025-01-04,Henan,0.5,0.21,0.48
2025-01-04,Sichuan,0.45,0.19,0.44
2025-01-04,Guangdong,0.69,0.23,0.67
2025-01-04,Shandong,0.51,0.14,0.5
2025-01-05,Zhejiang,0.51,0.14,0.5
2025-01-05,Hubei,0.5,0.21,0.48
2025-01-05,Jiangsu,0.45,0.19,0.44
2025-01-05,Henan,0.5,0.21,0.48
2025-01-05,Sichuan,0.45,0.19,0.44
2025-01-05,Guangdong,0.69,0.23,0.67
2025-01-05,Shandong,0.51,0.14,0.5
2025-01-06,Zhejiang,0.51,0.14,0.5
2025-01-06,Hubei,0.5,0.21,0.48
2025-01-06,Jiangsu,0.45,0.19,0.44
2025-01-06,Henan,0.5,0.21,0.48
2025-01-06,Sichuan,0.45,0.19,0.44
2025-01-06,Guangdong,0.69,0.23,0.67
2025-01-06,Shandong,0.51,0.14,0.5
2025-01-07,Zhejiang,0.51,0.14,0.5
2025-01-07,Hubei,0.5,0.21,0.48
2025-01-07,Jiangsu,0.45,0.19,0.44
2025-01-07,Henan,0.5,0.21,0.48
2025-01-07,Sichuan,0.45,0.19,0.44
2025-01-07,Guangdong,0.69,0.23,0.67
2025-01-07,Shandong,0.51,0.14,0.5
2025-01-08,Zhejiang,0.51,0.14,0.5
2025-01-08,Hubei,0.5,0.21,0.48
2025-01-08,Jiangsu,0.45,0.19,0.44
2025-01-08,Henan,0.5,0.21,0.48
2025-01-08,Sichuan,0.45,0.19,0.44
2025-01-08,Guangdong,0.69,0.23,0.67
2025-01-08,Shandong,0.51,0.14,0.5
2025-01-09,Zhejiang,0.51,0.14,0.5
2025-01-09,Hubei,0.5,0.21,0.48
2025-01-09,Jiangsu,0.45,0.19,0.44
2025-01-09,Henan,0.5,0.21,0.48
2025-01-09,Sichuan,0.45,0.19,0.44
2025-01-09,Guangdong,0.69,0.23,0.67
2025-01-09,Shandong,0.51,0.14,0.5
2025-01-10,Zhejiang,0.51,0.14,0.5
2025-01-10,Hubei,0.5,0.21,0.48
2025-01-10,Jiangsu,0.45,0.19,0.44
2025-01-10,Henan,0.5,0.21,0.48
2025-01-10,Sichuan,0.45,0.19,0.44
2025-01-10,Guangdong,0.69,0.23,0.67
2025-01-10,Shandong,0.51,0.14,0.5
2025-01-11,Zhejiang,0.51,0.14,0.5
2025-01-11,Hubei,0.5,0.21,0.48
2025-01-11,Jiangsu,0.45,0.19,0.44
2025-01-11,Henan,0.5,0.21,0.48
2025-01-11,Sichuan,0.45,0.19,0.44
2025-01-11,Guangdong,0.69,0.23,0.67
2025-01-11,Shandong,0.51,0.14,0.5
2025-01-12,Zhejiang,0.51,0.14,0.5
2025-01-12,Hubei,0.5,0.21,0.48
2025-01-12,Jiangsu,0.45,0.19,0.44
2025-01-12,Henan,0.5,0.21,0.48
2025-01-12,Sichuan,0.45,0.19,0.44
2025-01-12,Guangdong,0.69,0.23,0.67
2025-01-12,Shandong,0.51,0.14,0.5
2025-01-13,Zhejiang,0.51,0.14,0.5
2025-01-13,Hubei,0.5,0.21,0.48
2025-01-13,Jiangsu,0.45,0.19,0.44
2025-01-13,Henan,0.5,0.21,0.48
2025-01-13,Sichuan,0.45,0.19,0.44
2025-01-13,Guangdong,0.69,0.23,0.67
2025-01-13,Shandong,0.51,0.14,0.5
2025-01-14,Zhejiang,0.51,0.14,0.5
2025-01-14,Hubei,0.5,0.21,0.48
2025-01-14,Jiangsu,0.45,0.19,0.44
2025-01-14,Henan,0.5,0.21,0.48
2025-01-14,Sichuan,0.45,0.19,0.44
2025-01-14,Guangdong,0.69,0.23,0.67
2025-01-14,Shandong,0.51,0.14,0.5
2025-01-15,Zhejiang,0.51,0.14,0.5
2025-01-15,Hubei,0.5,0.21,0.48
2025-01-15,Jiangsu,0.45,0.19,0.44
2025-01-15,Henan,0.5,0.21,0.48
2025-01-15,Sichuan,0.45,0.19,0.44
2025-01-15,Guangdong,0.69,0.23,0.67
2025-01-15,Shandong,0.51,0.14,0.5
2025-01-16,Zhejiang,0.51,0.14,0.5
2025-01-16,Hubei,0.5,0.21,0.48
2025-01-16,Jiangsu,0.45,0.19,0.44
2025-01-16,Henan,0.5,0.21,0.48
2025-01-16,Sichuan,0.45,0.19,0.44
2025-01-16,Guangdong,0.69,0.23,0.67
2025-01-16,Shandong,0.51,0.14,0.5
2025-01-17,Zhejiang,0.51,0.14,0.5
2025-01-17,Hubei,0.5,0.21,0.48
2025-01-17,Jiangsu,0.45,0.19,0.44
2025-01-17,Henan,0.5,0.21,0.48
2025-01-17,Sichuan,0.45,0.19,0.44
2025-01-17,Guangdong,0.69,0.23,0.67
2025-01-17,Shandong,0.51,0.14,0.5
2025-01-18,Zhejiang,0.51,0.14,0.5
2025-01-18,Hubei,0.5,0.21,0.48
2025-01-18,Jiangsu,0.45,0.19,0.44
2025-01-18,Henan,0.5,0.21,0.48
2025-01-18,Sichuan,0.45,0.19,0.44
2025-01-18,Guangdong,0.69,0.23,0.67
2025-01-18,Shandong,0.51,0.14,0.5
2025-01-19,Zhejiang,0.51,0.14,0.5
2025-01-19,Hubei,0.5,0.21,0.48
2025-01-19,Jiangsu,0.45,0.19,0.44
2025-01-19,Henan,0.5,0.21,0.48
2025-01-19,Sichuan,0.45,0.19,0.44
2025-01-19,Guangdong,0.69,0.23,0.67
2025-01-19,Shandong,0.51,0.14,0.5
2025-01-20,Zhejiang,0.51,0.14,0.5
2025-01-20,Hubei,0.5,0.21,0.48
2025-01-20,Jiangsu,0.45,0.19,0.44
2025-01-20,Henan,0.5,0.21,0.48
2025-01-20,Sichuan,0.45,0.19,0.44
2025-01-20,Guangdong,0.69,0.23,0.67
2025-01-20,Shandong,0.51,0.14,0.5
2025-01-21,Zhejiang,0.51,0.14,0.5
2025-01-21,Hubei,0.5,0.21,0.48
2025-01-21,Jiangsu,0.45,0.19,0.44
2025-01-21,Henan,0.5,0.21,0.48
2025-01-21,Sichuan,0.45,0.19,0.44
2025-01-21,Guangdong,0.69,0.23,0.67
2025-01-21,Shandong,0.51,0.14,0.5
2025-01-22,Zhejiang,0.51,0.14,0.5
2025-01-22,Hubei,0.5,0.21,0.48
2025-01-22,Jiangsu,0.45,0.19,0.44
2025-01-22,Henan,0.5,0.21,0.48
2025-01-22,Sichuan,0.45,0.19,0.44
2025-01-22,Guangdong,0.69,0.23,0.67
2025-01-22,Shandong,0.51,0.14,0.5
2025-01-23,Zhejiang,0.51,0.14,0.5
2025-01-23,Hubei,0.5,0.21,0.48
2025-01-23,Jiangsu,0.45,0.19,0.44
2025-01-23,Henan,0.5,0.21,0.48
2025-01-23,Sichuan,0.45,0.19,0.44
2025-01-23,Guangdong,0.69,0.23,0.67
2025-01-23,Shandong,0.51,0.14,0.5
2025-01-24,Zhejiang,0.51,0.14,0.5
2025-01-24,Hubei,0.5,0.21,0.48
2025-01-24,Jiangsu,0.45,0.19,0.44
2025-01-24,Henan,0.5,0.21,0.48
2025-01-24,Sichuan,0.45,0.19,0.44
2025-01-24,Guangdong,0.69,0.23,0.67
2025-01-24,Shandong,0.51,0.14,0.5
2025-01-25,Zhejiang,0.51,0.14,0.5
2025-01-25,Hubei,0.5,0.21,0.48
2025-01-25,Jiangsu,0.45,0.19,0.44
2025-01-25,Henan,0.5,0.21,0.48
2025-01-25,Sichuan,0.45,0.19,0.44
2025-01-25,Guangdong,0.69,0.23,0.67
2025-01-25,Shandong,0.51,0.14,0.5
2025-01-26,Zhejiang,0.51,0.14,0.5
2025-01-26,Hubei,0.5,0.21,0.48
2025-01-26,Jiangsu,0.45,0.19,0.44
2025-01-26,Henan,0.5,0.21,0.48
2025-01-26,Sichuan,0.45,0.19,0.44
2025-01-26,Guangdong,0.69,0.23,0.67
2025-01-26,Shandong,0.51,0.14,0.5
2025-01-27,Zhejiang,0.51,0.14,0.5
2025-01-27,Hubei,0.5,0.21,0.48
2025-01-27,Jiangsu,0.45,0.19,0.44
2025-01-27,Henan,0.5,0.21,0.48
2025-01-27,Sichuan,0.45,0.19,0.44
2025-01-27,Guangdong,0.69,0.23,0.67
2025-01-27,Shandong,0.51,0.14,0.5
2025-01-28,Zhejiang,0.51,0.14,0.5
2025-01-28,Hubei,0.5,0.21,0.48
2025-01-28,Jiangsu,0.45,0.19,0.44
2025-01-28,Henan,0.5,0.21,0.48
2025-01-28,Sichuan,0.45,0.19,0.44
2025-01-28,Guangdong,0.69,0.23,0.67
2025-01-28,Shandong,0.51,0.14,0.5
2025-01-29,Zhejiang,0.51,0.14,0.5
2025-01-29,Hubei,0.5,0.21,0.48
2025-01-29,Jiangsu,0.45,0.19,0.44
2025-01-29,Henan,0.5,0.21,0.48
2025-01-29,Sichuan,0.45,0.19,0.44
2025-01-29,Guangdong,0.69,0.23,0.67
2025-01-29,Shandong,0.51,0.14,0.5
2025-01-30,Zhejiang,0.51,0.14,0.5
2025-01-30,Hubei,0.5,0.21,0.48
2025-01-30,Jiangsu,0.45,0.19,0.44
2025-01-30,Henan,0.5,0.21,0.48
2025-01-30,Sichuan,0.45,0.19,0.44
2025-01-30,Guangdong,0.69,0.23,0.67
2025-01-30,Shandong,0.51,0.14,0.5
2025-01-31,Zhejiang,0.51,0.14,0.5
2025-01-31,Hubei,0.5,0.21,0.48
2025-01-31,Jiangsu,0.45,0.19,0.44
2025-01-31,Henan,0.5,0.21,0.48
2025-01-31,Sichuan,0.45,0.19,0.44
2025-01-31,Guangdong,0.69,0.23,0.67
2025-01-31,Shandong,0.51,0.14,0.5
2025-02-01,Zhejiang,0.72,0.14,0.66
2025-02-01,Hubei,0.69,0.21,0.64
2025-02-01,Jiangsu,0.63,0.19,0.58
2025-02-01,Henan,0.69,0.21,0.64
2025-02-01,Sichuan,0.63,0.19,0.58
2025-02-01,Guangdong,0.96,0.23,0.88
2025-02-01,Shandong,0.72,0.14,0.66
2025-02-02,Zhejiang,0.72,0.14,0.66
2025-02-02,Hubei,0.69,0.21,0.64
2025-02-02,Jiangsu,0.63,0.19,0.58
2025-02-02,Henan,0.69,0.21,0.64
2025-02-02,Sichuan,0.63,0.19,0.58
2025-02-02,Guangdong,0.96,0.23,0.88
2025-02-02,Shandong,0.72,0.14,0.66
2025-02-03,Zhejiang,0.72,0.14,0.66
2025-02-03,Hubei,0.69,0.21,0.64
2025-02-03,Jiangsu,0.63,0.19,0.58
2025-02-03,Henan,0.69,0.21,0.64
2025-02-03,Sichuan,0.63,0.19,0.58
2025-02-03,Guangdong,0.96,0.23,0.88
2025-02-03,Shandong,0.72,0.14,0.66
2025-02-04,Zhejiang,0.72,0.14,0.66
2025-02-04,Hubei,0.69,0.21,0.64
2025-02-04,Jiangsu,0.63,0.19,0.58
2025-02-04,Henan,0.69,0.21,0.64
2025-02-04,Sichuan,0.63,0.19,0.58
2025-02-04,Guangdong,0.96,0.23,0.88
2025-02-04,Shandong,0.72,0.14,0.66
2025-02-05,Zhejiang,0.72,0.14,0.66
2025-02-05,Hubei,0.69,0.21,0.64
2025-02-05,Jiangsu,0.63,0.19,0.58
2025-02-05,Henan,0.69,0.21,0.64
2025-02-05,Sichuan,0.63,0.19,0.58
2025-02-05,Guangdong,0.96,0.23,0.88
2025-02-05,Shandong,0.72,0.14,0.66
2025-02-06,Zhejiang,0.72,0.14,0.66
2025-02-06,Hubei,0.69,0.21,0.64
2025-02-06,Jiangsu,0.63,0.19,0.58
2025-02-06,Henan,0.69,0.21,0.64
2025-02-06,Sichuan,0.63,0.19,0.58
2025-02-06,Guangdong,0.96,0.23,0.88
2025-02-06,Shandong,0.72,0.14,0.66
2025-02-07,Zhejiang,0.72,0.14,0.66
2025-02-07,Hubei,0.69,0.21,0.64
2025-02-07,Jiangsu,0.63,0.19,0.58
2025-02-07,Henan,0.69,0.21,0.64
2025-02-07,Sichuan,0.63,0.19,0.58
2025-02-07,Guangdong,0.96,0.23,0.88
2025-02-07,Shandong,0.72,0.14,0.66
2025-02-08,Zhejiang,0.72,0.14,0.66
2025-02-08,Hubei,0.69,0.21,0.64
2025-02-08,Jiangsu,0.63,0.19,0.58
2025-02-08,Henan,0.69,0.21,0.64
2025-02-08,Sichuan,0.63,0.19,0.58
2025-02-08,Guangdong,0.96,0.23,0.88
2025-02-08,Shandong,0.72,0.14,0.66
2025-02-09,Zhejiang,0.72,0.14,0.66
2025-02-09,Hubei,0.69,0.21,0.64
2025-02-09,Jiangsu,0.63,0.19,0.58
2025-02-09,Henan,0.69,0.21,0.64
2025-02-09,Sichuan,0.63,0.19,0.58
2025-02-09,Guangdong,0.96,0.23,0.88
2025-02-09,Shandong,0.72,0.14,0.66
2025-02-10,Zhejiang,0.72,0.14,0.66
2025-02-10,Hubei,0.69,0.21,0.64
2025-02-10,Jiangsu,0.63,0.19,0.58
2025-02-10,Henan,0.69,0.21,0.64
2025-02-10,Sichuan,0.63,0.19,0.58
2025-02-10,Guangdong,0.96,0.23,0.88
2025-02-10,Shandong,0.72,0.14,0.66
2025-02-11,Zhejiang,0.72,0.14,0.66
2025-02-11,Hubei,0.69,0.21,0.64
2025-02-11,Jiangsu,0.63,0.19,0.58
2025-02-11,Henan,0.69,0.21,0.64
2025-02-11,Sichuan,0.63,0.19,0.58
2025-02-11,Guangdong,0.96,0.23,0.88
2025-02-11,Shandong,0.72,0.14,0.66
2025-02-12,Zhejiang,0.72,0.14,0.66
2025-02-12,Hubei,0.69,0.21,0.64
2025-02-12,Jiangsu,0.63,0.19,0.58
2025-02-12,Henan,0.69,0.21,0.64
2025-02-12,Sichuan,0.63,0.19,0.58
2025-02-12,Guangdong,0.96,0.23,0.88
2025-02-12,Shandong,0.72,0.14,0.66
2025-02-13,Zhejiang,0.72,0.14,0.66
2025-02-13,Hubei,0.69,0.21,0.64
2025-02-13,Jiangsu,0.63,0.19,0.58
2025-02-13,Henan,0.69,0.21,0.64
2025-02-13,Sichuan,0.63,0.19,0.58
2025-02-13,Guangdong,0.96,0.23,0.88
2025-02-13,Shandong,0.72,0.14,0.66
2025-02-14,Zhejiang,0.72,0.14,0.66
2025-02-14,Hubei,0.69,0.21,0.64
2025-02-14,Jiangsu,0.63,0.19,0.58
2025-02-14,Henan,0.69,0.21,0.64
2025-02-14,Sichuan,0.63,0.19,0.58
2025-02-14,Guangdong,0.96,0.23,0.88
2025-02-14,Shandong,0.72,0.14,0.66
2025-02-15,Zhejiang,0.72,0.14,0.66
2025-02-15,Hubei,0.69,0.21,0.64
2025-02-15,Jiangsu,0.63,0.19,0.58
2025-02-15,Henan,0.69,0.21,0.64
2025-02-15,Sichuan,0.63,0.19,0.58
2025-02-15,Guangdong,0.96,0.23,0.88
2025-02-15,Shandong,0.72,0.14,0.66
2025-02-16,Zhejiang,0.72,0.14,0.66
2025-02-16,Hubei,0.69,0.21,0.64
2025-02-16,Jiangsu,0.63,0.19,0.58
2025-02-16,Henan,0.69,0.21,0.64
2025-02-16,Sichuan,0.63,0.19,0.58
2025-02-16,Guangdong,0.96,0.23,0.88
2025-02-16,Shandong,0.72,0.14,0.66
2025-02-17,Zhejiang,0.72,0.14,0.66
2025-02-17,Hubei,0.69,0.21,0.64
2025-02-17,Jiangsu,0.63,0.19,0.58
2025-02-17,Henan,0.69,0.21,0.64
2025-02-17,Sichuan,0.63,0.19,0.58
2025-02-17,Guangdong,0.96,0.23,0.88
2025-02-17,Shandong,0.72,0.14,0.66
2025-02-18,Zhejiang,0.72,0.14,0.66
2025-02-18,Hubei,0.69,0.21,0.64
2025-02-18,Jiangsu,0.63,0.19,0.58
2025-02-18,Henan,0.69,0.21,0.64
2025-02-18,Sichuan,0.63,0.19,0.58
2025-02-18,Guangdong,0.96,0.23,0.88
2025-02-18,Shandong,0.72,0.14,0.66
2025-02-19,Zhejiang,0.72,0.14,0.66
2025-02-19,Hubei,0.69,0.21,0.64
2025-02-19,Jiangsu,0.63,0.19,0.58
2025-02-19,Henan,0.69,0.21,0.64
2025-02-19,Sichuan,0.63,0.19,0.58
2025-02-19,Guangdong,0.96,0.23,0.88
2025-02-19,Shandong,0.72,0.14,0.66
2025-02-20,Zhejiang,0.72,0.14,0.66
2025-02-20,Hubei,0.69,0.21,0.64
2025-02-20,Jiangsu,0.63,0.19,0.58
2025-02-20,Henan,0.69,0.21,0.64
2025-02-20,Sichuan,0.63,0.19,0.58
2025-02-20,Guangdong,0.96,0.23,0.88
2025-02-20,Shandong,0.72,0.14,0.66
2025-02-21,Zhejiang,0.72,0.14,0.66
2025-02-21,Hubei,0.69,0.21,0.64
2025-02-21,Jiangsu,0.63,0.19,0.58
2025-02-21,Henan,0.69,0.21,0.64
2025-02-21,Sichuan,0.63,0.19,0.58
2025-02-21,Guangdong,0.96,0.23,0.88
2025-02-21,Shandong,0.72,0.14,0.66
2025-02-22,Zhejiang,0.72,0.14,0.66
2025-02-22,Hubei,0.69,0.21,0.64
2025-02-22,Jiangsu,0.63,0.19,0.58
2025-02-22,Henan,0.69,0.21,0.64
2025-02-22,Sichuan,0.63,0.19,0.58
2025-02-22,Guangdong,0.96,0.23,0.88
2025-02-22,Shandong,0.72,0.14,0.66
2025-02-23,Zhejiang,0.72,0.14,0.66
2025-02-23,Hubei,0.69,0.21,0.64
2025-02-23,Jiangsu,0.63,0.19,0.58
2025-02-23,Henan,0.69,0.21,0.64
2025-02-23,Sichuan,0.63,0.19,0.58
2025-02-23,Guangdong,0.96,0.23,0.88
2025-02-23,Shandong,0.72,0.14,0.66
2025-02-24,Zhejiang,0.72,0.14,0.66
2025-02-24,Hubei,0.69,0.21,0.64
2025-02-24,Jiangsu,0.63,0.19,0.58
2025-02-24,Henan,0.69,0.21,0.64
2025-02-24,Sichuan,0.63,0.19,0.58
2025-02-24,Guangdong,0.96,0.23,0.88
2025-02-24,Shandong,0.72,0.14,0.66
2025-02-25,Zhejiang,0.72,0.14,0.66
2025-02-25,Hubei,0.69,0.21,0.64
2025-02-25,Jiangsu,0.63,0.19,0.58
2025-02-25,Henan,0.69,0.21,0.64
2025-02-25,Sichuan,0.63,0.19,0.58
2025-02-25,Guangdong,0.96,0.23,0.88
2025-02-25,Shandong,0.72,0.14,0.66
2025-02-26,Zhejiang,0.72,0.14,0.66
2025-02-26,Hubei,0.69,0.21,0.64
2025-02-26,Jiangsu,0.63,0.19,0.58
2025-02-26,Henan,0.69,0.21,0.64
2025-02-26,Sichuan,0.63,0.19,0.58
2025-02-26,Guangdong,0.96,0.23,0.88
2025-02-26,Shandong,0.72,0.14,0.66
2025-02-27,Zhejiang,0.72,0.14,0.66
2025-02-27,Hubei,0.69,0.21,0.64
2025-02-27,Jiangsu,0.63,0.19,0.58
2025-02-27,Henan,0.69,0.21,0.64
2025-02-27,Sichuan,0.63,0.19,0.58
2025-02-27,Guangdong,0.96,0.23,0.88
2025-02-27,Shandong,0.72,0.14,0.66
2025-02-28,Zhejiang,0.72,0.14,0.66
2025-02-28,Hubei,0.69,0.21,0.64
2025-02-28,Jiangsu,0.63,0.19,0.58
2025-02-28,Henan,0.69,0.21,0.64
2025-02-28,Sichuan,0.63,0.19,0.58
2025-02-28,Guangdong,0.96,0.23,0.88
2025-02-28,Shandong,0.72,0.14,0.66
2025-03-01,Zhejiang,0.84,0.14,0.76
2025-03-01,Hubei,0.82,0.21,0.74
2025-03-01,Jiangsu,0.74,0.19,0.66
2025-03-01,Henan,0.82,0.21,0.74
2025-03-01,Sichuan,0.74,0.19,0.66
2025-03-01,Guangdong,1.13,0.23,1.02
2025-03-01,Shandong,0.84,0.14,0.76
2025-03-02,Zhejiang,0.84,0.14,0.76
2025-03-02,Hubei,0.82,0.21,0.74
2025-03-02,Jiangsu,0.74,0.19,0.66
2025-03-02,Henan,0.82,0.21,0.74
2025-03-02,Sichuan,0.74,0.19,0.66
2025-03-02,Guangdong,1.13,0.23,1.02
2025-03-02,Shandong,0.84,0.14,0.76
2025-03-03,Zhejiang,0.84,0.14,0.76
2025-03-03,Hubei,0.82,0.21,0.74
2025-03-03,Jiangsu,0.74,0.19,0.66
2025-03-03,Henan,0.82,0.21,0.74
2025-03-03,Sichuan,0.74,0.19,0.66
2025-03-03,Guangdong,1.13,0.23,1.02
2025-03-03,Shandong,0.84,0.14,0.76
2025-03-04,Zhejiang,0.84,0.14,0.76
2025-03-04,Hubei,0.82,0.21,0.74
2025-03-04,Jiangsu,0.74,0.19,0.66
2025-03-04,Henan,0.82,0.21,0.74
2025-03-04,Sichuan,0.74,0.19,0.66
2025-03-04,Guangdong,1.13,0.23,1.02
2025-03-04,Shandong,0.84,0.14,0.76
2025-03-05,Zhejiang,0.84,0.14,0.76
2025-03-05,Hubei,0.82,0.21,0.74
2025-03-05,Jiangsu,0.74,0.19,0.66
2025-03-05,Henan,0.82,0.21,0.74
2025-03-05,Sichuan,0.74,0.19,0.66
2025-03-05,Guangdong,1.13,0.23,1.02
2025-03-05,Shandong,0.84,0.14,0.76
2025-03-06,Zhejiang,0.84,0.14,0.76
2025-03-06,Hubei,0.82,0.21,0.74
2025-03-06,Jiangsu,0.74,0.19,0.66
2025-03-06,Henan,0.82,0.21,0.74
2025-03-06,Sichuan,0.74,0.19,0.66
2025-03-06,Guangdong,1.13,0.23,1.02
2025-03-06,Shandong,0.84,0.14,0.76
2025-03-07,Zhejiang,0.84,0.14,0.76
2025-03-07,Hubei,0.82,0.21,0.74
2025-03-07,Jiangsu,0.74,0.19,0.66
2025-03-07,Henan,0.82,0.21,0.74
2025-03-07,Sichuan,0.74,0.19,0.66
2025-03-07,Guangdong,1.13,0.23,1.02
2025-03-07,Shandong,0.84,0.14,0.76
2025-03-08,Zhejiang,0.84,0.14,0.76
2025-03-08,Hubei,0.82,0.21,0.74
2025-03-08,Jiangsu,0.74,0.19,0.66
2025-03-08,Henan,0.82,0.21,0.74
2025-03-08,Sichuan,0.74,0.19,0.66
2025-03-08,Guangdong,1.13,0.23,1.02
2025-03-08,Shandong,0.84,0.14,0.76
2025-03-09,Zhejiang,0.84,0.14,0.76
2025-03-09,Hubei,0.82,0.21,0.74
2025-03-09,Jiangsu,0.74,0.19,0.66
2025-03-09,Henan,0.82,0.21,0.74
2025-03-09,Sichuan,0.74,0.19,0.66
2025-03-09,Guangdong,1.13,0.23,1.02
2025-03-09,Shandong,0.84,0.14,0.76
2025-03-10,Zhejiang,0.84,0.14,0.76
2025-03-10,Hubei,0.82,0.21,0.74
2025-03-10,Jiangsu,0.74,0.19,0.66
2025-03-10,Henan,0.82,0.21,0.74
2025-03-10,Sichuan,0.74,0.19,0.66
2025-03-10,Guangdong,1.13,0.23,1.02
2025-03-10,Shandong,0.84,0.14,0.76
2025-03-11,Zhejiang,0.84,0.14,0.76
2025-03-11,Hubei,0.82,0.21,0.74
2025-03-11,Jiangsu,0.74,0.19,0.66
2025-03-11,Henan,0.82,0.21,0.74
2025-03-11,Sichuan,0.74,0.19,0.66
2025-03-11,Guangdong,1.13,0.23,1.02
2025-03-11,Shandong,0.84,0.14,0.76
2025-03-12,Zhejiang,0.84,0.14,0.76
2025-03-12,Hubei,0.82,0.21,0.74
2025-03-12,Jiangsu,0.74,0.19,0.66
2025-03-12,Henan,0.82,0.21,0.74
2025-03-12,Sichuan,0.74,0.19,0.66
2025-03-12,Guangdong,1.13,0.23,1.02
2025-03-12,Shandong,0.84,0.14,0.76
2025-03-13,Zhejiang,0.84,0.14,0.76
2025-03-13,Hubei,0.82,0.21,0.74
2025-03-13,Jiangsu,0.74,0.19,0.66
2025-03-13,Henan,0.82,0.21,0.74
2025-03-13,Sichuan,0.74,0.19,0.66
2025-03-13,Guangdong,1.13,0.23,1.02
2025-03-13,Shandong,0.84,0.14,0.76
2025-03-14,Zhejiang,0.84,0.14,0.76
2025-03-14,Hubei,0.82,0.21,0.74
2025-03-14,Jiangsu,0.74,0.19,0.66
2025-03-14,Henan,0.82,0.21,0.74
2025-03-14,Sichuan,0.74,0.19,0.66
2025-03-14,Guangdong,1.13,0.23,1.02
2025-03-14,Shandong,0.84,0.14,0.76
2025-03-15,Zhejiang,0.84,0.14,0.76
2025-03-15,Hubei,0.82,0.21,0.74
2025-03-15,Jiangsu,0.74,0.19,0.66
2025-03-15,Henan,0.82,0.21,0.74
2025-03-15,Sichuan,0.74,0.19,0.66
2025-03-15,Guangdong,1.13,0.23,1.02
2025-03-15,Shandong,0.84,0.14,0.76
2025-03-16,Zhejiang,0.84,0.14,0.76
2025-03-16,Hubei,0.82,0.21,0.74
2025-03-16,Jiangsu,0.74,0.19,0.66
2025-03-16,Henan,0.82,0.21,0.74
2025-03-16,Sichuan,0.74,0.19,0.66
2025-03-16,Guangdong,1.13,0.23,1.02
2025-03-16,Shandong,0.84,0.14,0.76
2025-03-17,Zhejiang,0.84,0.14,0.76
2025-03-17,Hubei,0.82,0.21,0.74
2025-03-17,Jiangsu,0.74,0.19,0.66
2025-03-17,Henan,0.82,0.21,0.74
2025-03-17,Sichuan,0.74,0.19,0.66
2025-03-17,Guangdong,1.13,0.23,1.02
2025-03-17,Shandong,0.84,0.14,0.76
2025-03-18,Zhejiang,0.84,0.14,0.76
2025-03-18,Hubei,0.82,0.21,0.74
2025-03-18,Jiangsu,0.74,0.19,0.66
2025-03-18,Henan,0.82,0.21,0.74
2025-03-18,Sichuan,0.74,0.19,0.66
2025-03-18,Guangdong,1.13,0.23,1.02
2025-03-18,Shandong,0.84,0.14,0.76
2025-03-19,Zhejiang,0.84,0.14,0.76
2025-03-19,Hubei,0.82,0.21,0.74
2025-03-19,Jiangsu,0.74,0.19,0.66
2025-03-19,Henan,0.82,0.21,0.74
2025-03-19,Sichuan,0.74,0.19,0.66
2025-03-19,Guangdong,1.13,0.23,1.02
2025-03-19,Shandong,0.84,0.14,0.76
2025-03-20,Zhejiang,0.84,0.14,0.76
2025-03-20,Hubei,0.82,0.21,0.74
2025-03-20,Jiangsu,0.74,0.19,0.66
2025-03-20,Henan,0.82,0.21,0.74
2025-03-20,Sichuan,0.74,0.19,0.66
2025-03-20,Guangdong,1.13,0.23,1.02
2025-03-20,Shandong,0.84,0.14,0.76
2025-03-21,Zhejiang,0.84,0.14,0.76
2025-03-21,Hubei,0.82,0.21,0.74
2025-03-21,Jiangsu,0.74,0.19,0.66
2025-03-21,Henan,0.82,0.21,0.74
2025-03-21,Sichuan,0.74,0.19,0.66
2025-03-21,Guangdong,1.13,0.23,1.02
2025-03-21,Shandong,0.84,0.14,0.76
2025-03-22,Zhejiang,0.84,0.14,0.76
2025-03-22,Hubei,0.82,0.21,0.74
2025-03-22,Jiangsu,0.74,0.19,0.66
2025-03-22,Henan,0.82,0.21,0.74
2025-03-22,Sichuan,0.74,0.19,0.66
2025-03-22,Guangdong,1.13,0.23,1.02
2025-03-22,Shandong,0.84,0.14,0.76
2025-03-23,Zhejiang,0.84,0.14,0.76
2025-03-23,Hubei,0.82,0.21,0.74
2025-03-23,Jiangsu,0.74,0.19,0.66
2025-03-23,Henan,0.82,0.21,0.74
2025-03-23,Sichuan,0.74,0.19,0.66
2025-03-23,Guangdong,1.13,0.23,1.02
2025-03-23,Shandong,0.84,0.14,0.76
2025-03-24,Zhejiang,0.84,0.14,0.76
2025-03-24,Hubei,0.82,0.21,0.74
2025-03-24,Jiangsu,0.74,0.19,0.66
2025-03-24,Henan,0.82,0.21,0.74
2025-03-24,Sichuan,0.74,0.19,0.66
2025-03-24,Guangdong,1.13,0.23,1.02
2025-03-24,Shandong,0.84,0.14,0.76
2025-03-25,Zhejiang,0.84,0.14,0.76
2025-03-25,Hubei,0.82,0.21,0.74
2025-03-25,Jiangsu,0.74,0.19,0.66
2025-03-25,Henan,0.82,0.21,0.74
2025-03-25,Sichuan,0.74,0.19,0.66
2025-03-25,Guangdong,1.13,0.23,1.02
2025-03-25,Shandong,0.84,0.14,0.76
2025-03-26,Zhejiang,0.84,0.14,0.76
2025-03-26,Hubei,0.82,0.21,0.74
2025-03-26,Jiangsu,0.74,0.19,0.66
2025-03-26,Henan,0.82,0.21,0.74
2025-03-26,Sichuan,0.74,0.19,0.66
2025-03-26,Guangdong,1.13,0.23,1.02
2025-03-26,Shandong,0.84,0.14,0.76
2025-03-27,Zhejiang,0.84,0.14,0.76
2025-03-27,Hubei,0.82,0.21,0.74
2025-03-27,Jiangsu,0.74,0.19,0.66
2025-03-27,Henan,0.82,0.21,0.74
2025-03-27,Sichuan,0.74,0.19,0.66
2025-03-27,Guangdong,1.13,0.23,1.02
2025-03-27,Shandong,0.84,0.14,0.76
2025-03-28,Zhejiang,0.84,0.14,0.76
2025-03-28,Hubei,0.82,0.21,0.74
2025-03-28,Jiangsu,0.74,0.19,0.66
2025-03-28,Henan,0.82,0.21,0.74
2025-03-28,Sichuan,0.74,0.19,0.66
2025-03-28,Guangdong,1.13,0.23,1.02
2025-03-28,Shandong,0.84,0.14,0.76
2025-03-29,Zhejiang,0.84,0.14,0.76
2025-03-29,Hubei,0.82,0.21,0.74
2025-03-29,Jiangsu,0.74,0.19,0.66
2025-03-29,Henan,0.82,0.21,0.74
2025-03-29,Sichuan,0.74,0.19,0.66
2025-03-29,Guangdong,1.13,0.23,1.02
2025-03-29,Shandong,0.84,0.14,0.76
2025-03-30,Zhejiang,0.84,0.14,0.76
2025-03-30,Hubei,0.82,0.21,0.74
2025-03-30,Jiangsu,0.74,0.19,0.66
2025-03-30,Henan,0.82,0.21,0.74
2025-03-30,Sichuan,0.74,0.19,0.66
2025-03-30,Guangdong,1.13,0.23,1.02
2025-03-30,Shandong,0.84,0.14,0.76
2025-03-31,Zhejiang,0.84,0.14,0.76
2025-03-31,Hubei,0.82,0.21,0.74
2025-03-31,Jiangsu,0.74,0.19,0.66
2025-03-31,Henan,0.82,0.21,0.74
2025-03-31,Sichuan,0.74,0.19,0.66
2025-03-31,Guangdong,1.13,0.23,1.02
2025-03-31,Shandong,0.84,0.14,0.76
2025-04-01,Zhejiang,0.05,0.14,0.13
2025-04-01,Hubei,0.05,0.21,0.12
2025-04-01,Jiangsu,0.05,0.19,0.11
2025-04-01,Henan,0.05,0.21,0.12
2025-04-01,Sichuan,0.05,0.19,0.11
2025-04-01,Guangdong,0.07,0.23,0.17
2025-04-01,Shandong,0.05,0.14,0.13
2025-04-02,Zhejiang,0.05,0.14,0.13
2025-04-02,Hubei,0.05,0.21,0.12
2025-04-02,Jiangsu,0.05,0.19,0.11
2025-04-02,Henan,0.05,0.21,0.12
2025-04-02,Sichuan,0.05,0.19,0.11
2025-04-02,Guangdong,0.07,0.23,0.17
2025-04-02,Shandong,0.05,0.14,0.13
2025-04-03,Zhejiang,0.05,0.14,0.13
2025-04-03,Hubei,0.05,0.21,0.12
2025-04-03,Jiangsu,0.05,0.19,0.11
2025-04-03,Henan,0.05,0.21,0.12
2025-04-03,Sichuan,0.05,0.19,0.11
2025-04-03,Guangdong,0.07,0.23,0.17
2025-04-03,Shandong,0.05,0.14,0.13
2025-04-04,Zhejiang,0.05,0.14,0.13
2025-04-04,Hubei,0.05,0.21,0.12
2025-04-04,Jiangsu,0.05,0.19,0.11
2025-04-04,Henan,0.05,0.21,0.12
2025-04-04,Sichuan,0.05,0.19,0.11
2025-04-04,Guangdong,0.07,0.23,0.17
2025-04-04,Shandong,0.05,0.14,0.13
2025-04-05,Zhejiang,0.05,0.14,0.13
2025-04-05,Hubei,0.05,0.21,0.12
2025-04-05,Jiangsu,0.05,0.19,0.11
2025-04-05,Henan,0.05,0.21,0.12
2025-04-05,Sichuan,0.05,0.19,0.11
2025-04-05,Guangdong,0.07,0.23,0.17
2025-04-05,Shandong,0.05,0.14,0.13
2025-04-06,Zhejiang,0.05,0.14,0.13
2025-04-06,Hubei,0.05,0.21,0.12
2025-04-06,Jiangsu,0.05,0.19,0.11
2025-04-06,Henan,0.05,0.21,0.12
2025-04-06,Sichuan,0.05,0.19,0.11
2025-04-06,Guangdong,0.07,0.23,0.17
2025-04-06,Shandong,0.05,0.14,0.13
2025-04-07,Zhejiang,0.05,0.14,0.13
2025-04-07,Hubei,0.05,0.21,0.12
2025-04-07,Jiangsu,0.05,0.19,0.11
2025-04-07,Henan,0.05,0.21,0.12
2025-04-07,Sichuan,0.05,0.19,0.11
2025-04-07,Guangdong,0.07,0.23,0.17
2025-04-07,Shandong,0.05,0.14,0.13
2025-04-08,Zhejiang,0.05,0.14,0.13
2025-04-08,Hubei,0.05,0.21,0.12
2025-04-08,Jiangsu,0.05,0.19,0.11
2025-04-08,Henan,0.05,0.21,0.12
2025-04-08,Sichuan,0.05,0.19,0.11
2025-04-08,Guangdong,0.07,0.23,0.17
2025-04-08,Shandong,0.05,0.14,0.13
2025-04-09,Zhejiang,0.05,0.14,0.13
2025-04-09,Hubei,0.05,0.21,0.12
2025-04-09,Jiangsu,0.05,0.19,0.11
2025-04-09,Henan,0.05,0.21,0.12
2025-04-09,Sichuan,0.05,0.19,0.11
2025-04-09,Guangdong,0.07,0.23,0.17
2025-04-09,Shandong,0.05,0.14,0.13
2025-04-10,Zhejiang,0.05,0.14,0.13
2025-04-10,Hubei,0.05,0.21,0.12
2025-04-10,Jiangsu,0.05,0.19,0.11
2025-04-10,Henan,0.05,0.21,0.12
2025-04-10,Sichuan,0.05,0.19,0.11
2025-04-10,Guangdong,0.07,0.23,0.17
2025-04-10,Shandong,0.05,0.14,0.13
2025-04-11,Zhejiang,0.05,0.14,0.13
2025-04-11,Hubei,0.05,0.21,0.12
2025-04-11,Jiangsu,0.05,0.19,0.11
2025-04-11,Henan,0.05,0.21,0.12
2025-04-11,Sichuan,0.05,0.19,0.11
2025-04-11,Guangdong,0.07,0.23,0.17
2025-04-11,Shandong,0.05,0.14,0.13
2025-04-12,Zhejiang,0.05,0.14,0.13
2025-04-12,Hubei,0.05,0.21,0.12
2025-04-12,Jiangsu,0.05,0.19,0.11
2025-04-12,Henan,0.05,0.21,0.12
2025-04-12,Sichuan,0.05,0.19,0.11
2025-04-12,Guangdong,0.07,0.23,0.17
2025-04-12,Shandong,0.05,0.14,0.13
2025-04-13,Zhejiang,0.05,0.14,0.13
2025-04-13,Hubei,0.05,0.21,0.12
2025-04-13,Jiangsu,0.05,0.19,0.11
2025-04-13,Henan,0.05,0.21,0.12
2025-04-13,Sichuan,0.05,0.19,0.11
2025-04-13,Guangdong,0.07,0.23,0.17
2025-04-13,Shandong,0.05,0.14,0.13
2025-04-14,Zhejiang,0.05,0.14,0.13
2025-04-14,Hubei,0.05,0.21,0.12
2025-04-14,Jiangsu,0.05,0.19,0.11
2025-04-14,Henan,0.05,0.21,0.12
2025-04-14,Sichuan,0.05,0.19,0.11
2025-04-14,Guangdong,0.07,0.23,0.17
2025-04-14,Shandong,0.05,0.14,0.13
2025-04-15,Zhejiang,0.05,0.14,0.13
2025-04-15,Hubei,0.05,0.21,0.12
2025-04-15,Jiangsu,0.05,0.19,0.11
2025-04-15,Henan,0.05,0.21,0.12
2025-04-15,Sichuan,0.05,0.19,0.11
2025-04-15,Guangdong,0.07,0.23,0.17
2025-04-15,Shandong,0.05,0.14,0.13
2025-04-16,Zhejiang,0.05,0.14,0.13
2025-04-16,Hubei,0.05,0.21,0.12
2025-04-16,Jiangsu,0.05,0.19,0.11
2025-04-16,Henan,0.05,0.21,0.12
2025-04-16,Sichuan,0.05,0.19,0.11
2025-04-16,Guangdong,0.07,0.23,0.17
2025-04-16,Shandong,0.05,0.14,0.13
2025-04-17,Zhejiang,0.05,0.14,0.13
2025-04-17,Hubei,0.05,0.21,0.12
2025-04-17,Jiangsu,0.05,0.19,0.11
2025-04-17,Henan,0.05,0.21,0.12
2025-04-17,Sichuan,0.05,0.19,0.11
2025-04-17,Guangdong,0.07,0.23,0.17
2025-04-17,Shandong,0.05,0.14,0.13
2025-04-18,Zhejiang,0.05,0.14,0.13
2025-04-18,Hubei,0.05,0.21,0.12
2025-04-18,Jiangsu,0.05,0.19,0.11
2025-04-18,Henan,0.05,0.21,0.12
2025-04-18,Sichuan,0.05,0.19,0.11
2025-04-18,Guangdong,0.07,0.23,0.17
2025-04-18,Shandong,0.05,0.14,0.13
2025-04-19,Zhejiang,0.05,0.14,0.13
2025-04-19,Hubei,0.05,0.21,0.12
2025-04-19,Jiangsu,0.05,0.19,0.11
2025-04-19,Henan,0.05,0.21,0.12
2025-04-19,Sichuan,0.05,0.19,0.11
2025-04-19,Guangdong,0.07,0.23,0.17
2025-04-19,Shandong,0.05,0.14,0.13
2025-04-20,Zhejiang,0.05,0.14,0.13
2025-04-20,Hubei,0.05,0.21,0.12
2025-04-20,Jiangsu,0.05,0.19,0.11
2025-04-20,Henan,0.05,0.21,0.12
2025-04-20,Sichuan,0.05,0.19,0.11
2025-04-20,Guangdong,0.07,0.23,0.17
2025-04-20,Shandong,0.05,0.14,0.13
2025-04-21,Zhejiang,0.05,0.14,0.13
2025-04-21,Hubei,0.05,0.21,0.12
2025-04-21,Jiangsu,0.05,0.19,0.11
2025-04-21,Henan,0.05,0.21,0.12
2025-04-21,Sichuan,0.05,0.19,0.11
2025-04-21,Guangdong,0.07,0.23,0.17
2025-04-21,Shandong,0.05,0.14,0.13
2025-04-22,Zhejiang,0.05,0.14,0.13
2025-04-22,Hubei,0.05,0.21,0.12
2025-04-22,Jiangsu,0.05,0.19,0.11
2025-04-22,Henan,0.05,0.21,0.12
2025-04-22,Sichuan,0.05,0.19,0.11
2025-04-22,Guangdong,0.07,0.23,0.17
2025-04-22,Shandong,0.05,0.14,0.13
2025-04-23,Zhejiang,0.05,0.14,0.13
2025-04-23,Hubei,0.05,0.21,0.12
2025-04-23,Jiangsu,0.05,0.19,0.11
2025-04-23,Henan,0.05,0.21,0.12
2025-04-23,Sichuan,0.05,0.19,0.11
2025-04-23,Guangdong,0.07,0.23,0.17
2025-04-23,Shandong,0.05,0.14,0.13
2025-04-24,Zhejiang,0.05,0.14,0.13
2025-04-24,Hubei,0.05,0.21,0.12
2025-04-24,Jiangsu,0.05,0.19,0.11
2025-04-24,Henan,0.05,0.21,0.12
2025-04-24,Sichuan,0.05,0.19,0.11
2025-04-24,Guangdong,0.07,0.23,0.17
2025-04-24,Shandong,0.05,0.14,0.13
2025-04-25,Zhejiang,0.05,0.14,0.13
2025-04-25,Hubei,0.05,0.21,0.12
2025-04-25,Jiangsu,0.05,0.19,0.11
2025-04-25,Henan,0.05,0.21,0.12
2025-04-25,Sichuan,0.05,0.19,0.11
2025-04-25,Guangdong,0.07,0.23,0.17
2025-04-25,Shandong,0.05,0.14,0.13
2025-04-26,Zhejiang,0.05,0.14,0.13
2025-04-26,Hubei,0.05,0.21,0.12
2025-04-26,Jiangsu,0.05,0.19,0.11
2025-04-26,Henan,0.05,0.21,0.12
2025-04-26,Sichuan,0.05,0.19,0.11
2025-04-26,Guangdong,0.07,0.23,0.17
2025-04-26,Shandong,0.05,0.14,0.13
2025-04-27,Zhejiang,0.05,0.14,0.13
2025-04-27,Hubei,0.05,0.21,0.12
2025-04-27,Jiangsu,0.05,0.19,0.11
2025-04-27,Henan,0.05,0.21,0.12
2025-04-27,Sichuan,0.05,0.19,0.11
2025-04-27,Guangdong,0.07,0.23,0.17
2025-04-27,Shandong,0.05,0.14,0.13
2025-04-28,Zhejiang,0.05,0.14,0.13
2025-04-28,Hubei,0.05,0.21,0.12
2025-04-28,Jiangsu,0.05,0.19,0.11
2025-04-28,Henan,0.05,0.21,0.12
2025-04-28,Sichuan,0.05,0.19,0.11
2025-04-28,Guangdong,0.07,0.23,0.17
2025-04-28,Shandong,0.05,0.14,0.13
2025-04-29,Zhejiang,0.05,0.14,0.13
2025-04-29,Hubei,0.05,0.21,0.12
2025-04-29,Jiangsu,0.05,0.19,0.11
2025-04-29,Henan,0.05,0.21,0.12
2025-04-29,Sichuan,0.05,0.19,0.11
2025-04-29,Guangdong,0.07,0.23,0.17
2025-04-29,Shandong,0.05,0.14,0.13
2025-04-30,Zhejiang,0.05,0.14,0.13
2025-04-30,Hubei,0.05,0.21,0.12
2025-04-30,Jiangsu,0.05,0.19,0.11
2025-04-30,Henan,0.05,0.21,0.12
2025-04-30,Sichuan,0.05,0.19,0.11
2025-04-30,Guangdong,0.07,0.23,0.17
2025-04-30,Shandong,0.05,0.14,0.13
2025-05-01,Zhejiang,0.06,0.14,0.13
2025-05-01,Hubei,0.06,0.21,0.13
2025-05-01,Jiangsu,0.05,0.19,0.12
2025-05-01,Henan,0.06,0.21,0.13
2025-05-01,Sichuan,0.05,0.19,0.12
2025-05-01,Guangdong,0.08,0.23,0.18
2025-05-01,Shandong,0.06,0.14,0.13
2025-05-02,Zhejiang,0.06,0.14,0.13
2025-05-02,Hubei,0.06,0.21,0.13
2025-05-02,Jiangsu,0.05,0.19,0.12
2025-05-02,Henan,0.06,0.21,0.13
2025-05-02,Sichuan,0.05,0.19,0.12
2025-05-02,Guangdong,0.08,0.23,0.18
2025-05-02,Shandong,0.06,0.14,0.13
2025-05-03,Zhejiang,0.06,0.14,0.13
2025-05-03,Hubei,0.06,0.21,0.13
2025-05-03,Jiangsu,0.05,0.19,0.12
2025-05-03,Henan,0.06,0.21,0.13
2025-05-03,Sichuan,0.05,0.19,0.12
2025-05-03,Guangdong,0.08,0.23,0.18
2025-05-03,Shandong,0.06,0.14,0.13
2025-05-04,Zhejiang,0.06,0.14,0.13
2025-05-04,Hubei,0.06,0.21,0.13
2025-05-04,Jiangsu,0.05,0.19,0.12
2025-05-04,Henan,0.06,0.21,0.13
2025-05-04,Sichuan,0.05,0.19,0.12
2025-05-04,Guangdong,0.08,0.23,0.18
2025-05-04,Shandong,0.06,0.14,0.13
2025-05-05,Zhejiang,0.06,0.14,0.13
2025-05-05,Hubei,0.06,0.21,0.13
2025-05-05,Jiangsu,0.05,0.19,0.12
2025-05-05,Henan,0.06,0.21,0.13
2025-05-05,Sichuan,0.05,0.19,0.12
2025-05-05,Guangdong,0.08,0.23,0.18
2025-05-05,Shandong,0.06,0.14,0.13
2025-05-06,Zhejiang,0.06,0.14,0.13
2025-05-06,Hubei,0.06,0.21,0.13
2025-05-06,Jiangsu,0.05,0.19,0.12
2025-05-06,Henan,0.06,0.21,0.13
2025-05-06,Sichuan,0.05,0.19,0.12
2025-05-06,Guangdong,0.08,0.23,0.18
2025-05-06,Shandong,0.06,0.14,0.13
2025-05-07,Zhejiang,0.06,0.14,0.13
2025-05-07,Hubei,0.06,0.21,0.13
2025-05-07,Jiangsu,0.05,0.19,0.12
2025-05-07,Henan,0.06,0.21,0.13
2025-05-07,Sichuan,0.05,0.19,0.12
2025-05-07,Guangdong,0.08,0.23,0.18
2025-05-07,Shandong,0.06,0.14,0.13
2025-05-08,Zhejiang,0.06,0.14,0.13
2025-05-08,Hubei,0.06,0.21,0.13
2025-05-08,Jiangsu,0.05,0.19,0.12
2025-05-08,Henan,0.06,0.21,0.13
2025-05-08,Sichuan,0.05,0.19,0.12
2025-05-08,Guangdong,0.08,0.23,0.18
2025-05-08,Shandong,0.06,0.14,0.13
2025-05-09,Zhejiang,0.06,0.14,0.13
2025-05-09,Hubei,0.06,0.21,0.13
2025-05-09,Jiangsu,0.05,0.19,0.12
2025-05-09,Henan,0.06,0.21,0.13
2025-05-09,Sichuan,0.05,0.19,0.12
2025-05-09,Guangdong,0.08,0.23,0.18
2025-05-09,Shandong,0.06,0.14,0.13
2025-05-10,Zhejiang,0.06,0.14,0.13
2025-05-10,Hubei,0.06,0.21,0.13
2025-05-10,Jiangsu,0.05,0.19,0.12
2025-05-10,Henan,0.06,0.21,0.13
2025-05-10,Sichuan,0.05,0.19,0.12
2025-05-10,Guangdong,0.08,0.23,0.18
2025-05-10,Shandong,0.06,0.14,0.13
2025-05-11,Zhejiang,0.06,0.14,0.13
2025-05-11,Hubei,0.06,0.21,0.13
2025-05-11,Jiangsu,0.05,0.19,0.12
2025-05-11,Henan,0.06,0.21,0.13
2025-05-11,Sichuan,0.05,0.19,0.12
2025-05-11,Guangdong,0.08,0.23,0.18
2025-05-11,Shandong,0.06,0.14,0.13
2025-05-12,Zhejiang,0.06,0.14,0.13
2025-05-12,Hubei,0.06,0.21,0.13
2025-05-12,Jiangsu,0.05,0.19,0.12
2025-05-12,Henan,0.06,0.21,0.13
2025-05-12,Sichuan,0.05,0.19,0.12
2025-05-12,Guangdong,0.08,0.23,0.18
2025-05-12,Shandong,0.06,0.14,0.13
2025-05-13,Zhejiang,0.06,0.14,0.13
2025-05-13,Hubei,0.06,0.21,0.13
2025-05-13,Jiangsu,0.05,0.19,0.12
2025-05-13,Henan,0.06,0.21,0.13
2025-05-13,Sichuan,0.05,0.19,0.12
2025-05-13,Guangdong,0.08,0.23,0.18
2025-05-13,Shandong,0.06,0.14,0.13
2025-05-14,Zhejiang,0.06,0.14,0.13
2025-05-14,Hubei,0.06,0.21,0.13
2025-05-14,Jiangsu,0.05,0.19,0.12
2025-05-14,Henan,0.06,0.21,0.13
2025-05-14,Sichuan,0.05,0.19,0.12
2025-05-14,Guangdong,0.08,0.23,0.18
2025-05-14,Shandong,0.06,0.14,0.13
2025-05-15,Zhejiang,0.06,0.14,0.13
2025-05-15,Hubei,0.06,0.21,0.13
2025-05-15,Jiangsu,0.05,0.19,0.12
2025-05-15,Henan,0.06,0.21,0.13
2025-05-15,Sichuan,0.05,0.19,0.12
2025-05-15,Guangdong,0.08,0.23,0.18
2025-05-15,Shandong,0.06,0.14,0.13
2025-05-16,Zhejiang,0.06,0.14,0.13
2025-05-16,Hubei,0.06,0.21,0.13
2025-05-16,Jiangsu,0.05,0.19,0.12
2025-05-16,Henan,0.06,0.21,0.13
2025-05-16,Sichuan,0.05,0.19,0.12
2025-05-16,Guangdong,0.08,0.23,0.18
2025-05-16,Shandong,0.06,0.14,0.13
2025-05-17,Zhejiang,0.06,0.14,0.13
2025-05-17,Hubei,0.06,0.21,0.13
2025-05-17,Jiangsu,0.05,0.19,0.12
2025-05-17,Henan,0.06,0.21,0.13
2025-05-17,Sichuan,0.05,0.19,0.12
2025-05-17,Guangdong,0.08,0.23,0.18
2025-05-17,Shandong,0.06,0.14,0.13
2025-05-18,Zhejiang,0.06,0.14,0.13
2025-05-18,Hubei,0.06,0.21,0.13
2025-05-18,Jiangsu,0.05,0.19,0.12
2025-05-18,Henan,0.06,0.21,0.13
2025-05-18,Sichuan,0.05,0.19,0.12
2025-05-18,Guangdong,0.08,0.23,0.18
2025-05-18,Shandong,0.06,0.14,0.13
2025-05-19,Zhejiang,0.06,0.14,0.13
2025-05-19,Hubei,0.06,0.21,0.13
2025-05-19,Jiangsu,0.05,0.19,0.12
2025-05-19,Henan,0.06,0.21,0.13
2025-05-19,Sichuan,0.05,0.19,0.12
2025-05-19,Guangdong,0.08,0.23,0.18
2025-05-19,Shandong,0.06,0.14,0.13
2025-05-20,Zhejiang,0.06,0.14,0.13
2025-05-20,Hubei,0.06,0.21,0.13
2025-05-20,Jiangsu,0.05,0.19,0.12
2025-05-20,Henan,0.06,0.21,0.13
2025-05-20,Sichuan,0.05,0.19,0.12
2025-05-20,Guangdong,0.08,0.23,0.18
2025-05-20,Shandong,0.06,0.14,0.13
2025-05-21,Zhejiang,0.06,0.14,0.13
2025-05-21,Hubei,0.06,0.21,0.13
2025-05-21,Jiangsu,0.05,0.19,0.12
2025-05-21,Henan,0.06,0.21,0.13
2025-05-21,Sichuan,0.05,0.19,0.12
2025-05-21,Guangdong,0.08,0.23,0.18
2025-05-21,Shandong,0.06,0.14,0.13
2025-05-22,Zhejiang,0.06,0.14,0.13
2025-05-22,Hubei,0.06,0.21,0.13
2025-05-22,Jiangsu,0.05,0.19,0.12
2025-05-22,Henan,0.06,0.21,0.13
2025-05-22,Sichuan,0.05,0.19,0.12
2025-05-22,Guangdong,0.08,0.23,0.18
2025-05-22,Shandong,0.06,0.14,0.13
2025-05-23,Zhejiang,0.06,0.14,0.13
2025-05-23,Hubei,0.06,0.21,0.13
2025-05-23,Jiangsu,0.05,0.19,0.12
2025-05-23,Henan,0.06,0.21,0.13
2025-05-23,Sichuan,0.05,0.19,0.12
2025-05-23,Guangdong,0.08,0.23,0.18
2025-05-23,Shandong,0.06,0.14,0.13
2025-05-24,Zhejiang,0.06,0.14,0.13
2025-05-24,Hubei,0.06,0.21,0.13
2025-05-24,Jiangsu,0.05,0.19,0.12
2025-05-24,Henan,0.06,0.21,0.13
2025-05-24,Sichuan,0.05,0.19,0.12
2025-05-24,Guangdong,0.08,0.23,0.18
2025-05-24,Shandong,0.06,0.14,0.13
2025-05-25,Zhejiang,0.06,0.14,0.13
2025-05-25,Hubei,0.06,0.21,0.13
2025-05-25,Jiangsu,0.05,0.19,0.12
2025-05-25,Henan,0.06,0.21,0.13
2025-05-25,Sichuan,0.05,0.19,0.12
2025-05-25,Guangdong,0.08,0.23,0.18
2025-05-25,Shandong,0.06,0.14,0.13
2025-05-26,Zhejiang,0.06,0.14,0.13
2025-05-26,Hubei,0.06,0.21,0.13
2025-05-26,Jiangsu,0.05,0.19,0.12
2025-05-26,Henan,0.06,0.21,0.13
2025-05-26,Sichuan,0.05,0.19,0.12
2025-05-26,Guangdong,0.08,0.23,0.18
2025-05-26,Shandong,0.06,0.14,0.13
2025-05-27,Zhejiang,0.06,0.14,0.13
2025-05-27,Hubei,0.06,0.21,0.13
2025-05-27,Jiangsu,0.05,0.19,0.12
2025-05-27,Henan,0.06,0.21,0.13
2025-05-27,Sichuan,0.05,0.19,0.12
2025-05-27,Guangdong,0.08,0.23,0.18
2025-05-27,Shandong,0.06,0.14,0.13
2025-05-28,Zhejiang,0.06,0.14,0.13
2025-05-28,Hubei,0.06,0.21,0.13
2025-05-28,Jiangsu,0.05,0.19,0.12
2025-05-28,Henan,0.06,0.21,0.13
2025-05-28,Sichuan,0.05,0.19,0.12
2025-05-28,Guangdong,0.08,0.23,0.18
2025-05-28,Shandong,0.06,0.14,0.13
2025-05-29,Zhejiang,0.06,0.14,0.13
2025-05-29,Hubei,0.06,0.21,0.13
2025-05-29,Jiangsu,0.05,0.19,0.12
2025-05-29,Henan,0.06,0.21,0.13
2025-05-29,Sichuan,0.05,0.19,0.12
2025-05-29,Guangdong,0.08,0.23,0.18
2025-05-29,Shandong,0.06,0.14,0.13
2025-05-30,Zhejiang,0.06,0.14,0.13
2025-05-30,Hubei,0.06,0.21,0.13
2025-05-30,Jiangsu,0.05,0.19,0.12
2025-05-30,Henan,0.06,0.21,0.13
2025-05-30,Sichuan,0.05,0.19,0.12
2025-05-30,Guangdong,0.08,0.23,0.18
2025-05-30,Shandong,0.06,0.14,0.13
2025-05-31,Zhejiang,0.06,0.14,0.13
2025-05-31,Hubei,0.06,0.21,0.13
2025-05-31,Jiangsu,0.05,0.19,0.12
2025-05-31,Henan,0.06,0.21,0.13
2025-05-31,Sichuan,0.05,0.19,0.12
2025-05-31,Guangdong,0.08,0.23,0.18
2025-05-31,Shandong,0.06,0.14,0.13
2025-06-01,Zhejiang,0.06,0.14,0.13
2025-06-01,Hubei,0.06,0.21,0.13
2025-06-01,Jiangsu,0.05,0.19,0.12
2025-06-01,Henan,0.06,0.21,0.13
2025-06-01,Sichuan,0.05,0.19,0.12
2025-06-01,Guangdong,0.08,0.23,0.18
2025-06-01,Shandong,0.06,0.14,0.13
2025-06-02,Zhejiang,0.06,0.14,0.13
2025-06-02,Hubei,0.06,0.21,0.13
2025-06-02,Jiangsu,0.05,0.19,0.12
2025-06-02,Henan,0.06,0.21,0.13
2025-06-02,Sichuan,0.05,0.19,0.12
2025-06-02,Guangdong,0.08,0.23,0.18
2025-06-02,Shandong,0.06,0.14,0.13
2025-06-03,Zhejiang,0.06,0.14,0.13
2025-06-03,Hubei,0.06,0.21,0.13
2025-06-03,Jiangsu,0.05,0.19,0.12
2025-06-03,Henan,0.06,0.21,0.13
2025-06-03,Sichuan,0.05,0.19,0.12
2025-06-03,Guangdong,0.08,0.23,0.18
2025-06-03,Shandong,0.06,0.14,0.13
2025-06-04,Zhejiang,0.06,0.14,0.13
2025-06-04,Hubei,0.06,0.21,0.13
2025-06-04,Jiangsu,0.05,0.19,0.12
2025-06-04,Henan,0.06,0.21,0.13
2025-06-04,Sichuan,0.05,0.19,0.12
2025-06-04,Guangdong,0.08,0.23,0.18
2025-06-04,Shandong,0.06,0.14,0.13
2025-06-05,Zhejiang,0.06,0.14,0.13
2025-06-05,Hubei,0.06,0.21,0.13
2025-06-05,Jiangsu,0.05,0.19,0.12
2025-06-05,Henan,0.06,0.21,0.13
2025-06-05,Sichuan,0.05,0.19,0.12
2025-06-05,Guangdong,0.08,0.23,0.18
2025-06-05,Shandong,0.06,0.14,0.13
2025-06-06,Zhejiang,0.06,0.14,0.13
2025-06-06,Hubei,0.06,0.21,0.13
2025-06-06,Jiangsu,0.05,0.19,0.12
2025-06-06,Henan,0.06,0.21,0.13
2025-06-06,Sichuan,0.05,0.19,0.12
2025-06-06,Guangdong,0.08,0.23,0.18
2025-06-06,Shandong,0.06,0.14,0.13
2025-06-07,Zhejiang,0.06,0.14,0.13
2025-06-07,Hubei,0.06,0.21,0.13
2025-06-07,Jiangsu,0.05,0.19,0.12
2025-06-07,Henan,0.06,0.21,0.13
2025-06-07,Sichuan,0.05,0.19,0.12
2025-06-07,Guangdong,0.08,0.23,0.18
2025-06-07,Shandong,0.06,0.14,0.13
2025-06-08,Zhejiang,0.06,0.14,0.13
2025-06-08,Hubei,0.06,0.21,0.13
2025-06-08,Jiangsu,0.05,0.19,0.12
2025-06-08,Henan,0.06,0.21,0.13
2025-06-08,Sichuan,0.05,0.19,0.12
2025-06-08,Guangdong,0.08,0.23,0.18
2025-06-08,Shandong,0.06,0.14,0.13
2025-06-09,Zhejiang,0.06,0.14,0.13
2025-06-09,Hubei,0.06,0.21,0.13
2025-06-09,Jiangsu,0.05,0.19,0.12
2025-06-09,Henan,0.06,0.21,0.13
2025-06-09,Sichuan,0.05,0.19,0.12
2025-06-09,Guangdong,0.08,0.23,0.18
2025-06-09,Shandong,0.06,0.14,0.13
2025-06-10,Zhejiang,0.06,0.14,0.13
2025-06-10,Hubei,0.06,0.21,0.13
2025-06-10,Jiangsu,0.05,0.19,0.12
2025-06-10,Henan,0.06,0.21,0.13
2025-06-10,Sichuan,0.05,0.19,0.12
2025-06-10,Guangdong,0.08,0.23,0.18
2025-06-10,Shandong,0.06,0.14,0.13
2025-06-11,Zhejiang,0.06,0.14,0.13
2025-06-11,Hubei,0.06,0.21,0.13
2025-06-11,Jiangsu,0.05,0.19,0.12
2025-06-11,Henan,0.06,0.21,0.13
2025-06-11,Sichuan,0.05,0.19,0.12
2025-06-11,Guangdong,0.08,0.23,0.18
2025-06-11,Shandong,0.06,0.14,0.13
2025-06-12,Zhejiang,0.06,0.14,0.13
2025-06-12,Hubei,0.06,0.21,0.13
2025-06-12,Jiangsu,0.05,0.19,0.12
2025-06-12,Henan,0.06,0.21,0.13
2025-06-12,Sichuan,0.05,0.19,0.12
2025-06-12,Guangdong,0.08,0.23,0.18
2025-06-12,Shandong,0.06,0.14,0.13
2025-06-13,Zhejiang,0.06,0.14,0.13
2025-06-13,Hubei,0.06,0.21,0.13
2025-06-13,Jiangsu,0.05,0.19,0.12
2025-06-13,Henan,0.06,0.21,0.13
2025-06-13,Sichuan,0.05,0.19,0.12
2025-06-13,Guangdong,0.08,0.23,0.18
2025-06-13,Shandong,0.06,0.14,0.13
2025-06-14,Zhejiang,0.06,0.14,0.13
2025-06-14,Hubei,0.06,0.21,0.13
2025-06-14,Jiangsu,0.05,0.19,0.12
2025-06-14,Henan,0.06,0.21,0.13
2025-06-14,Sichuan,0.05,0.19,0.12
2025-06-14,Guangdong,0.08,0.23,0.18
2025-06-14,Shandong,0.06,0.14,0.13
2025-06-15,Zhejiang,0.06,0.14,0.13
2025-06-15,Hubei,0.06,0.21,0.13
2025-06-15,Jiangsu,0.05,0.19,0.12
2025-06-15,Henan,0.06,0.21,0.13
2025-06-15,Sichuan,0.05,0.19,0.12
2025-06-15,Guangdong,0.08,0.23,0.18
2025-06-15,Shandong,0.06,0.14,0.13
2025-06-16,Zhejiang,0.06,0.14,0.13
2025-06-16,Hubei,0.06,0.21,0.13
2025-06-16,Jiangsu,0.05,0.19,0.12
2025-06-16,Henan,0.06,0.21,0.13
2025-06-16,Sichuan,0.05,0.19,0.12
2025-06-16,Guangdong,0.08,0.23,0.18
2025-06-16,Shandong,0.06,0.14,0.13
2025-06-17,Zhejiang,0.06,0.14,0.13
2025-06-17,Hubei,0.06,0.21,0.13
2025-06-17,Jiangsu,0.05,0.19,0.12
2025-06-17,Henan,0.06,0.21,0.13
2025-06-17,Sichuan,0.05,0.19,0.12
2025-06-17,Guangdong,0.08,0.23,0.18
2025-06-17,Shandong,0.06,0.14,0.13
2025-06-18,Zhejiang,0.06,0.14,0.13
2025-06-18,Hubei,0.06,0.21,0.13
2025-06-18,Jiangsu,0.05,0.19,0.12
2025-06-18,Henan,0.06,0.21,0.13
2025-06-18,Sichuan,0.05,0.19,0.12
2025-06-18,Guangdong,0.08,0.23,0.18
2025-06-18,Shandong,0.06,0.14,0.13
2025-06-19,Zhejiang,0.06,0.14,0.13
2025-06-19,Hubei,0.06,0.21,0.13
2025-06-19,Jiangsu,0.05,0.19,0.12
2025-06-19,Henan,0.06,0.21,0.13
2025-06-19,Sichuan,0.05,0.19,0.12
2025-06-19,Guangdong,0.08,0.23,0.18
2025-06-19,Shandong,0.06,0.14,0.13
2025-06-20,Zhejiang,0.06,0.14,0.13
2025-06-20,Hubei,0.06,0.21,0.13
2025-06-20,Jiangsu,0.05,0.19,0.12
2025-06-20,Henan,0.06,0.21,0.13
2025-06-20,Sichuan,0.05,0.19,0.12
2025-06-20,Guangdong,0.08,0.23,0.18
2025-06-20,Shandong,0.06,0.14,0.13
2025-06-21,Zhejiang,0.06,0.14,0.13
2025-06-21,Hubei,0.06,0.21,0.13
2025-06-21,Jiangsu,0.05,0.19,0.12
2025-06-21,Henan,0.06,0.21,0.13
2025-06-21,Sichuan,0.05,0.19,0.12
2025-06-21,Guangdong,0.08,0.23,0.18
2025-06-21,Shandong,0.06,0.14,0.13
2025-06-22,Zhejiang,0.06,0.14,0.13
2025-06-22,Hubei,0.06,0.21,0.13
2025-06-22,Jiangsu,0.05,0.19,0.12
2025-06-22,Henan,0.06,0.21,0.13
2025-06-22,Sichuan,0.05,0.19,0.12
2025-06-22,Guangdong,0.08,0.23,0.18
2025-06-22,Shandong,0.06,0.14,0.13
2025-06-23,Zhejiang,0.06,0.14,0.13
2025-06-23,Hubei,0.06,0.21,0.13
2025-06-23,Jiangsu,0.05,0.19,0.12
2025-06-23,Henan,0.06,0.21,0.13
2025-06-23,Sichuan,0.05,0.19,0.12
2025-06-23,Guangdong,0.08,0.23,0.18
2025-06-23,Shandong,0.06,0.14,0.13
2025-06-24,Zhejiang,0.06,0.14,0.13
2025-06-24,Hubei,0.06,0.21,0.13
2025-06-24,Jiangsu,0.05,0.19,0.12
2025-06-24,Henan,0.06,0.21,0.13
2025-06-24,Sichuan,0.05,0.19,0.12
2025-06-24,Guangdong,0.08,0.23,0.18
2025-06-24,Shandong,0.06,0.14,0.13
2025-06-25,Zhejiang,0.06,0.14,0.13
2025-06-25,Hubei,0.06,0.21,0.13
2025-06-25,Jiangsu,0.05,0.19,0.12
2025-06-25,Henan,0.06,0.21,0.13
2025-06-25,Sichuan,0.05,0.19,0.12
2025-06-25,Guangdong,0.08,0.23,0.18
2025-06-25,Shandong,0.06,0.14,0.13
2025-06-26,Zhejiang,0.06,0.14,0.13
2025-06-26,Hubei,0.06,0.21,0.13
2025-06-26,Jiangsu,0.05,0.19,0.12
2025-06-26,Henan,0.06,0.21,0.13
2025-06-26,Sichuan,0.05,0.19,0.12
2025-06-26,Guangdong,0.08,0.23,0.18
2025-06-26,Shandong,0.06,0.14,0.13
2025-06-27,Zhejiang,0.06,0.14,0.13
2025-06-27,Hubei,0.06,0.21,0.13
2025-06-27,Jiangsu,0.05,0.19,0.12
2025-06-27,Henan,0.06,0.21,0.13
2025-06-27,Sichuan,0.05,0.19,0.12
2025-06-27,Guangdong,0.08,0.23,0.18
2025-06-27,Shandong,0.06,0.14,0.13
2025-06-28,Zhejiang,0.06,0.14,0.13
2025-06-28,Hubei,0.06,0.21,0.13
2025-06-28,Jiangsu,0.05,0.19,0.12
2025-06-28,Henan,0.06,0.21,0.13
2025-06-28,Sichuan,0.05,0.19,0.12
2025-06-28,Guangdong,0.08,0.23,0.18
2025-06-28,Shandong,0.06,0.14,0.13
2025-06-29,Zhejiang,0.06,0.14,0.13
2025-06-29,Hubei,0.06,0.21,0.13
2025-06-29,Jiangsu,0.05,0.19,0.12
2025-06-29,Henan,0.06,0.21,0.13
2025-06-29,Sichuan,0.05,0.19,0.12
2025-06-29,Guangdong,0.08,0.23,0.18
2025-06-29,Shandong,0.06,0.14,0.13
2025-06-30,Zhejiang,0.06,0.14,0.13
2025-06-30,Hubei,0.06,0.21,0.13
2025-06-30,Jiangsu,0.05,0.19,0.12
2025-06-30,Henan,0.06,0.21,0.13
2025-06-30,Sichuan,0.05,0.19,0.12
2025-06-30,Guangdong,0.08,0.23,0.18
2025-06-30,Shandong,0.06,0.14,0.13
2025-07-01,Zhejiang,0.06,0.14,0.14
2025-07-01,Hubei,0.06,0.21,0.13
2025-07-01,Jiangsu,0.06,0.19,0.12
2025-07-01,Henan,0.06,0.21,0.13
2025-07-01,Sichuan,0.06,0.19,0.12
2025-07-01,Guangdong,0.09,0.23,0.18
2025-07-01,Shandong,0.06,0.14,0.14
2025-07-02,Zhejiang,0.06,0.14,0.14
2025-07-02,Hubei,0.06,0.21,0.13
2025-07-02,Jiangsu,0.06,0.19,0.12
2025-07-02,Henan,0.06,0.21,0.13
2025-07-02,Sichuan,0.06,0.19,0.12
2025-07-02,Guangdong,0.09,0.23,0.18
2025-07-02,Shandong,0.06,0.14,0.14
2025-07-03,Zhejiang,0.06,0.14,0.14
2025-07-03,Hubei,0.06,0.21,0.13
2025-07-03,Jiangsu,0.06,0.19,0.12
2025-07-03,Henan,0.06,0.21,0.13
2025-07-03,Sichuan,0.06,0.19,0.12
2025-07-03,Guangdong,0.09,0.23,0.18
2025-07-03,Shandong,0.06,0.14,0.14
2025-07-04,Zhejiang,0.06,0.14,0.14
2025-07-04,Hubei,0.06,0.21,0.13
2025-07-04,Jiangsu,0.06,0.19,0.12
2025-07-04,Henan,0.06,0.21,0.13
2025-07-04,Sichuan,0.06,0.19,0.12
2025-07-04,Guangdong,0.09,0.23,0.18
2025-07-04,Shandong,0.06,0.14,0.14
2025-07-05,Zhejiang,0.06,0.14,0.14
2025-07-05,Hubei,0.06,0.21,0.13
2025-07-05,Jiangsu,0.06,0.19,0.12
2025-07-05,Henan,0.06,0.21,0.13
2025-07-05,Sichuan,0.06,0.19,0.12
2025-07-05,Guangdong,0.09,0.23,0.18
2025-07-05,Shandong,0.06,0.14,0.14
2025-07-06,Zhejiang,0.06,0.14,0.14
2025-07-06,Hubei,0.06,0.21,0.13
2025-07-06,Jiangsu,0.06,0.19,0.12
2025-07-06,Henan,0.06,0.21,0.13
2025-07-06,Sichuan,0.06,0.19,0.12
2025-07-06,Guangdong,0.09,0.23,0.18
2025-07-06,Shandong,0.06,0.14,0.14
2025-07-07,Zhejiang,0.06,0.14,0.14
2025-07-07,Hubei,0.06,0.21,0.13
2025-07-07,Jiangsu,0.06,0.19,0.12
2025-07-07,Henan,0.06,0.21,0.13
2025-07-07,Sichuan,0.06,0.19,0.12
2025-07-07,Guangdong,0.09,0.23,0.18
2025-07-07,Shandong,0.06,0.14,0.14
2025-07-08,Zhejiang,0.06,0.14,0.14
2025-07-08,Hubei,0.06,0.21,0.13
2025-07-08,Jiangsu,0.06,0.19,0.12
2025-07-08,Henan,0.06,0.21,0.13
2025-07-08,Sichuan,0.06,0.19,0.12
2025-07-08,Guangdong,0.09,0.23,0.18
2025-07-08,Shandong,0.06,0.14,0.14
2025-07-09,Zhejiang,0.06,0.14,0.14
2025-07-09,Hubei,0.06,0.21,0.13
2025-07-09,Jiangsu,0.06,0.19,0.12
2025-07-09,Henan,0.06,0.21,0.13
2025-07-09,Sichuan,0.06,0.19,0.12
2025-07-09,Guangdong,0.09,0.23,0.18
2025-07-09,Shandong,0.06,0.14,0.14
2025-07-10,Zhejiang,0.06,0.14,0.14
2025-07-10,Hubei,0.06,0.21,0.13
2025-07-10,Jiangsu,0.06,0.19,0.12
2025-07-10,Henan,0.06,0.21,0.13
2025-07-10,Sichuan,0.06,0.19,0.12
2025-07-10,Guangdong,0.09,0.23,0.18
2025-07-10,Shandong,0.06,0.14,0.14
2025-07-11,Zhejiang,0.06,0.14,0.14
2025-07-11,Hubei,0.06,0.21,0.13
2025-07-11,Jiangsu,0.06,0.19,0.12
2025-07-11,Henan,0.06,0.21,0.13
2025-07-11,Sichuan,0.06,0.19,0.12
2025-07-11,Guangdong,0.09,0.23,0.18
2025-07-11,Shandong,0.06,0.14,0.14
2025-07-12,Zhejiang,0.06,0.14,0.14
2025-07-12,Hubei,0.06,0.21,0.13
2025-07-12,Jiangsu,0.06,0.19,0.12
2025-07-12,Henan,0.06,0.21,0.13
2025-07-12,Sichuan,0.06,0.19,0.12
2025-07-12,Guangdong,0.09,0.23,0.18
2025-07-12,Shandong,0.06,0.14,0.14
2025-07-13,Zhejiang,0.06,0.14,0.14
2025-07-13,Hubei,0.06,0.21,0.13
2025-07-13,Jiangsu,0.06,0.19,0.12
2025-07-13,Henan,0.06,0.21,0.13
2025-07-13,Sichuan,0.06,0.19,0.12
2025-07-13,Guangdong,0.09,0.23,0.18
2025-07-13,Shandong,0.06,0.14,0.14
2025-07-14,Zhejiang,0.06,0.14,0.14
2025-07-14,Hubei,0.06,0.21,0.13
2025-07-14,Jiangsu,0.06,0.19,0.12
2025-07-14,Henan,0.06,0.21,0.13
2025-07-14,Sichuan,0.06,0.19,0.12
2025-07-14,Guangdong,0.09,0.23,0.18
2025-07-14,Shandong,0.06,0.14,0.14
2025-07-15,Zhejiang,0.06,0.14,0.14
2025-07-15,Hubei,0.06,0.21,0.13
2025-07-15,Jiangsu,0.06,0.19,0.12
2025-07-15,Henan,0.06,0.21,0.13
2025-07-15,Sichuan,0.06,0.19,0.12
2025-07-15,Guangdong,0.09,0.23,0.18
2025-07-15,Shandong,0.06,0.14,0.14
2025-07-16,Zhejiang,0.06,0.14,0.14
2025-07-16,Hubei,0.06,0.21,0.13
2025-07-16,Jiangsu,0.06,0.19,0.12
2025-07-16,Henan,0.06,0.21,0.13
2025-07-16,Sichuan,0.06,0.19,0.12
2025-07-16,Guangdong,0.09,0.23,0.18
2025-07-16,Shandong,0.06,0.14,0.14
2025-07-17,Zhejiang,0.06,0.14,0.14
2025-07-17,Hubei,0.06,0.21,0.13
2025-07-17,Jiangsu,0.06,0.19,0.12
2025-07-17,Henan,0.06,0.21,0.13
2025-07-17,Sichuan,0.06,0.19,0.12
2025-07-17,Guangdong,0.09,0.23,0.18
2025-07-17,Shandong,0.06,0.14,0.14
2025-07-18,Zhejiang,0.06,0.14,0.14
2025-07-18,Hubei,0.06,0.21,0.13
2025-07-18,Jiangsu,0.06,0.19,0.12
2025-07-18,Henan,0.06,0.21,0.13
2025-07-18,Sichuan,0.06,0.19,0.12
2025-07-18,Guangdong,0.09,0.23,0.18
2025-07-18,Shandong,0.06,0.14,0.14
2025-07-19,Zhejiang,0.06,0.14,0.14
2025-07-19,Hubei,0.06,0.21,0.13
2025-07-19,Jiangsu,0.06,0.19,0.12
2025-07-19,Henan,0.06,0.21,0.13
2025-07-19,Sichuan,0.06,0.19,0.12
2025-07-19,Guangdong,0.09,0.23,0.18
2025-07-19,Shandong,0.06,0.14,0.14
2025-07-20,Zhejiang,0.06,0.14,0.14
2025-07-20,Hubei,0.06,0.21,0.13
2025-07-20,Jiangsu,0.06,0.19,0.12
2025-07-20,Henan,0.06,0.21,0.13
2025-07-20,Sichuan,0.06,0.19,0.12
2025-07-20,Guangdong,0.09,0.23,0.18
2025-07-20,Shandong,0.06,0.14,0.14
2025-07-21,Zhejiang,0.06,0.14,0.14
2025-07-21,Hubei,0.06,0.21,0.13
2025-07-21,Jiangsu,0.06,0.19,0.12
2025-07-21,Henan,0.06,0.21,0.13
2025-07-21,Sichuan,0.06,0.19,0.12
2025-07-21,Guangdong,0.09,0.23,0.18
2025-07-21,Shandong,0.06,0.14,0.14
2025-07-22,Zhejiang,0.06,0.14,0.14
2025-07-22,Hubei,0.06,0.21,0.13
2025-07-22,Jiangsu,0.06,0.19,0.12
2025-07-22,Henan,0.06,0.21,0.13
2025-07-22,Sichuan,0.06,0.19,0.12
2025-07-22,Guangdong,0.09,0.23,0.18
2025-07-22,Shandong,0.06,0.14,0.14
2025-07-23,Zhejiang,0.06,0.14,0.14
2025-07-23,Hubei,0.06,0.21,0.13
2025-07-23,Jiangsu,0.06,0.19,0.12
2025-07-23,Henan,0.06,0.21,0.13
2025-07-23,Sichuan,0.06,0.19,0.12
2025-07-23,Guangdong,0.09,0.23,0.18
2025-07-23,Shandong,0.06,0.14,0.14
2025-07-24,Zhejiang,0.06,0.14,0.14
2025-07-24,Hubei,0.06,0.21,0.13
2025-07-24,Jiangsu,0.06,0.19,0.12
2025-07-24,Henan,0.06,0.21,0.13
2025-07-24,Sichuan,0.06,0.19,0.12
2025-07-24,Guangdong,0.09,0.23,0.18
2025-07-24,Shandong,0.06,0.14,0.14
2025-07-25,Zhejiang,0.06,0.14,0.14
2025-07-25,Hubei,0.06,0.21,0.13
2025-07-25,Jiangsu,0.06,0.19,0.12
2025-07-25,Henan,0.06,0.21,0.13
2025-07-25,Sichuan,0.06,0.19,0.12
2025-07-25,Guangdong,0.09,0.23,0.18
2025-07-25,Shandong,0.06,0.14,0.14
2025-07-26,Zhejiang,0.06,0.14,0.14
2025-07-26,Hubei,0.06,0.21,0.13
2025-07-26,Jiangsu,0.06,0.19,0.12
2025-07-26,Henan,0.06,0.21,0.13
2025-07-26,Sichuan,0.06,0.19,0.12
2025-07-26,Guangdong,0.09,0.23,0.18
2025-07-26,Shandong,0.06,0.14,0.14
2025-07-27,Zhejiang,0.06,0.14,0.14
2025-07-27,Hubei,0.06,0.21,0.13
2025-07-27,Jiangsu,0.06,0.19,0.12
2025-07-27,Henan,0.06,0.21,0.13
2025-07-27,Sichuan,0.06,0.19,0.12
2025-07-27,Guangdong,0.09,0.23,0.18
2025-07-27,Shandong,0.06,0.14,0.14
2025-07-28,Zhejiang,0.06,0.14,0.14
2025-07-28,Hubei,0.06,0.21,0.13
2025-07-28,Jiangsu,0.06,0.19,0.12
2025-07-28,Henan,0.06,0.21,0.13
2025-07-28,Sichuan,0.06,0.19,0.12
2025-07-28,Guangdong,0.09,0.23,0.18
2025-07-28,Shandong,0.06,0.14,0.14
2025-07-29,Zhejiang,0.06,0.14,0.14
2025-07-29,Hubei,0.06,0.21,0.13
2025-07-29,Jiangsu,0.06,0.19,0.12
2025-07-29,Henan,0.06,0.21,0.13
2025-07-29,Sichuan,0.06,0.19,0.12
2025-07-29,Guangdong,0.09,0.23,0.18
2025-07-29,Shandong,0.06,0.14,0.14
2025-07-30,Zhejiang,0.06,0.14,0.14
2025-07-30,Hubei,0.06,0.21,0.13
2025-07-30,Jiangsu,0.06,0.19,0.12
2025-07-30,Henan,0.06,0.21,0.13
2025-07-30,Sichuan,0.06,0.19,0.12
2025-07-30,Guangdong,0.09,0.23,0.18
2025-07-30,Shandong,0.06,0.14,0.14
2025-07-31,Zhejiang,0.06,0.14,0.14
2025-07-31,Hubei,0.06,0.21,0.13
2025-07-31,Jiangsu,0.06,0.19,0.12
2025-07-31,Henan,0.06,0.21,0.13
2025-07-31,Sichuan,0.06,0.19,0.12
2025-07-31,Guangdong,0.09,0.23,0.18
2025-07-31,Shandong,0.06,0.14,0.14
2025-08-01,Zhejiang,0.07,0.14,0.14
2025-08-01,Hubei,0.07,0.21,0.14
2025-08-01,Jiangsu,0.06,0.19,0.12
2025-08-01,Henan,0.07,0.21,0.14
2025-08-01,Sichuan,0.06,0.19,0.12
2025-08-01,Guangdong,0.09,0.23,0.19
2025-08-01,Shandong,0.07,0.14,0.14
2025-08-02,Zhejiang,0.07,0.14,0.14
2025-08-02,Hubei,0.07,0.21,0.14
2025-08-02,Jiangsu,0.06,0.19,0.12
2025-08-02,Henan,0.07,0.21,0.14
2025-08-02,Sichuan,0.06,0.19,0.12
2025-08-02,Guangdong,0.09,0.23,0.19
2025-08-02,Shandong,0.07,0.14,0.14
2025-08-03,Zhejiang,0.07,0.14,0.14
2025-08-03,Hubei,0.07,0.21,0.14
2025-08-03,Jiangsu,0.06,0.19,0.12
2025-08-03,Henan,0.07,0.21,0.14
2025-08-03,Sichuan,0.06,0.19,0.12
2025-08-03,Guangdong,0.09,0.23,0.19
2025-08-03,Shandong,0.07,0.14,0.14
2025-08-04,Zhejiang,0.07,0.14,0.14
2025-08-04,Hubei,0.07,0.21,0.14
2025-08-04,Jiangsu,0.06,0.19,0.12
2025-08-04,Henan,0.07,0.21,0.14
2025-08-04,Sichuan,0.06,0.19,0.12
2025-08-04,Guangdong,0.09,0.23,0.19
2025-08-04,Shandong,0.07,0.14,0.14
2025-08-05,Zhejiang,0.07,0.14,0.14
2025-08-05,Hubei,0.07,0.21,0.14
2025-08-05,Jiangsu,0.06,0.19,0.12
2025-08-05,Henan,0.07,0.21,0.14
2025-08-05,Sichuan,0.06,0.19,0.12
2025-08-05,Guangdong,0.09,0.23,0.19
2025-08-05,Shandong,0.07,0.14,0.14
2025-08-06,Zhejiang,0.07,0.14,0.14
2025-08-06,Hubei,0.07,0.21,0.14
2025-08-06,Jiangsu,0.06,0.19,0.12
2025-08-06,Henan,0.07,0.21,0.14
2025-08-06,Sichuan,0.06,0.19,0.12
2025-08-06,Guangdong,0.09,0.23,0.19
2025-08-06,Shandong,0.07,0.14,0.14
2025-08-07,Zhejiang,0.07,0.14,0.14
2025-08-07,Hubei,0.07,0.21,0.14
2025-08-07,Jiangsu,0.06,0.19,0.12
2025-08-07,Henan,0.07,0.21,0.14
2025-08-07,Sichuan,0.06,0.19,0.12
2025-08-07,Guangdong,0.09,0.23,0.19
2025-08-07,Shandong,0.07,0.14,0.14
2025-08-08,Zhejiang,0.07,0.14,0.14
2025-08-08,Hubei,0.07,0.21,0.14
2025-08-08,Jiangsu,0.06,0.19,0.12
2025-08-08,Henan,0.07,0.21,0.14
2025-08-08,Sichuan,0.06,0.19,0.12
2025-08-08,Guangdong,0.09,0.23,0.19
2025-08-08,Shandong,0.07,0.14,0.14
2025-08-09,Zhejiang,0.07,0.14,0.14
2025-08-09,Hubei,0.07,0.21,0.14
2025-08-09,Jiangsu,0.06,0.19,0.12
2025-08-09,Henan,0.07,0.21,0.14
2025-08-09,Sichuan,0.06,0.19,0.12
2025-08-09,Guangdong,0.09,0.23,0.19
2025-08-09,Shandong,0.07,0.14,0.14
2025-08-10,Zhejiang,0.07,0.14,0.14
2025-08-10,Hubei,0.07,0.21,0.14
2025-08-10,Jiangsu,0.06,0.19,0.12
2025-08-10,Henan,0.07,0.21,0.14
2025-08-10,Sichuan,0.06,0.19,0.12
2025-08-10,Guangdong,0.09,0.23,0.19
2025-08-10,Shandong,0.07,0.14,0.14
2025-08-11,Zhejiang,0.07,0.14,0.14
2025-08-11,Hubei,0.07,0.21,0.14
2025-08-11,Jiangsu,0.06,0.19,0.12
2025-08-11,Henan,0.07,0.21,0.14
2025-08-11,Sichuan,0.06,0.19,0.12
2025-08-11,Guangdong,0.09,0.23,0.19
2025-08-11,Shandong,0.07,0.14,0.14
2025-08-12,Zhejiang,0.07,0.14,0.14
2025-08-12,Hubei,0.07,0.21,0.14
2025-08-12,Jiangsu,0.06,0.19,0.12
2025-08-12,Henan,0.07,0.21,0.14
2025-08-12,Sichuan,0.06,0.19,0.12
2025-08-12,Guangdong,0.09,0.23,0.19
2025-08-12,Shandong,0.07,0.14,0.14
2025-08-13,Zhejiang,0.07,0.14,0.14
2025-08-13,Hubei,0.07,0.21,0.14
2025-08-13,Jiangsu,0.06,0.19,0.12
2025-08-13,Henan,0.07,0.21,0.14
2025-08-13,Sichuan,0.06,0.19,0.12
2025-08-13,Guangdong,0.09,0.23,0.19
2025-08-13,Shandong,0.07,0.14,0.14
2025-08-14,Zhejiang,0.07,0.14,0.14
2025-08-14,Hubei,0.07,0.21,0.14
2025-08-14,Jiangsu,0.06,0.19,0.12
2025-08-14,Henan,0.07,0.21,0.14
2025-08-14,Sichuan,0.06,0.19,0.12
2025-08-14,Guangdong,0.09,0.23,0.19
2025-08-14,Shandong,0.07,0.14,0.14
2025-08-15,Zhejiang,0.07,0.14,0.14
2025-08-15,Hubei,0.07,0.21,0.14
2025-08-15,Jiangsu,0.06,0.19,0.12
2025-08-15,Henan,0.07,0.21,0.14
2025-08-15,Sichuan,0.06,0.19,0.12
2025-08-15,Guangdong,0.09,0.23,0.19
2025-08-15,Shandong,0.07,0.14,0.14
2025-08-16,Zhejiang,0.07,0.14,0.14
2025-08-16,Hubei,0.07,0.21,0.14
2025-08-16,Jiangsu,0.06,0.19,0.12
2025-08-16,Henan,0.07,0.21,0.14
2025-08-16,Sichuan,0.06,0.19,0.12
2025-08-16,Guangdong,0.09,0.23,0.19
2025-08-16,Shandong,0.07,0.14,0.14
2025-08-17,Zhejiang,0.07,0.14,0.14
2025-08-17,Hubei,0.07,0.21,0.14
2025-08-17,Jiangsu,0.06,0.19,0.12
2025-08-17,Henan,0.07,0.21,0.14
2025-08-17,Sichuan,0.06,0.19,0.12
2025-08-17,Guangdong,0.09,0.23,0.19
2025-08-17,Shandong,0.07,0.14,0.14
2025-08-18,Zhejiang,0.07,0.14,0.14
2025-08-18,Hubei,0.07,0.21,0.14
2025-08-18,Jiangsu,0.06,0.19,0.12
2025-08-18,Henan,0.07,0.21,0.14
2025-08-18,Sichuan,0.06,0.19,0.12
2025-08-18,Guangdong,0.09,0.23,0.19
2025-08-18,Shandong,0.07,0.14,0.14
2025-08-19,Zhejiang,0.07,0.14,0.14
2025-08-19,Hubei,0.07,0.21,0.14
2025-08-19,Jiangsu,0.06,0.19,0.12
2025-08-19,Henan,0.07,0.21,0.14
2025-08-19,Sichuan,0.06,0.19,0.12
2025-08-19,Guangdong,0.09,0.23,0.19
2025-08-19,Shandong,0.07,0.14,0.14
2025-08-20,Zhejiang,0.07,0.14,0.14
2025-08-20,Hubei,0.07,0.21,0.14
2025-08-20,Jiangsu,0.06,0.19,0.12
2025-08-20,Henan,0.07,0.21,0.14
2025-08-20,Sichuan,0.06,0.19,0.12
2025-08-20,Guangdong,0.09,0.23,0.19
2025-08-20,Shandong,0.07,0.14,0.14
2025-08-21,Zhejiang,0.07,0.14,0.14
2025-08-21,Hubei,0.07,0.21,0.14
2025-08-21,Jiangsu,0.06,0.19,0.12
2025-08-21,Henan,0.07,0.21,0.14
2025-08-21,Sichuan,0.06,0.19,0.12
2025-08-21,Guangdong,0.09,0.23,0.19
2025-08-21,Shandong,0.07,0.14,0.14
2025-08-22,Zhejiang,0.07,0.14,0.14
2025-08-22,Hubei,0.07,0.21,0.14
2025-08-22,Jiangsu,0.06,0.19,0.12
2025-08-22,Henan,0.07,0.21,0.14
2025-08-22,Sichuan,0.06,0.19,0.12
2025-08-22,Guangdong,0.09,0.23,0.19
2025-08-22,Shandong,0.07,0.14,0.14
2025-08-23,Zhejiang,0.07,0.14,0.14
2025-08-23,Hubei,0.07,0.21,0.14
2025-08-23,Jiangsu,0.06,0.19,0.12
2025-08-23,Henan,0.07,0.21,0.14
2025-08-23,Sichuan,0.06,0.19,0.12
2025-08-23,Guangdong,0.09,0.23,0.19
2025-08-23,Shandong,0.07,0.14,0.14
2025-08-24,Zhejiang,0.07,0.14,0.14
2025-08-24,Hubei,0.07,0.21,0.14
2025-08-24,Jiangsu,0.06,0.19,0.12
2025-08-24,Henan,0.07,0.21,0.14
2025-08-24,Sichuan,0.06,0.19,0.12
2025-08-24,Guangdong,0.09,0.23,0.19
2025-08-24,Shandong,0.07,0.14,0.14
2025-08-25,Zhejiang,0.07,0.14,0.14
2025-08-25,Hubei,0.07,0.21,0.14
2025-08-25,Jiangsu,0.06,0.19,0.12
2025-08-25,Henan,0.07,0.21,0.14
2025-08-25,Sichuan,0.06,0.19,0.12
2025-08-25,Guangdong,0.09,0.23,0.19
2025-08-25,Shandong,0.07,0.14,0.14
2025-08-26,Zhejiang,0.07,0.14,0.14
2025-08-26,Hubei,0.07,0.21,0.14
2025-08-26,Jiangsu,0.06,0.19,0.12
2025-08-26,Henan,0.07,0.21,0.14
2025-08-26,Sichuan,0.06,0.19,0.12
2025-08-26,Guangdong,0.09,0.23,0.19
2025-08-26,Shandong,0.07,0.14,0.14
2025-08-27,Zhejiang,0.07,0.14,0.14
2025-08-27,Hubei,0.07,0.21,0.14
2025-08-27,Jiangsu,0.06,0.19,0.12
2025-08-27,Henan,0.07,0.21,0.14
2025-08-27,Sichuan,0.06,0.19,0.12
2025-08-27,Guangdong,0.09,0.23,0.19
2025-08-27,Shandong,0.07,0.14,0.14
2025-08-28,Zhejiang,0.07,0.14,0.14
2025-08-28,Hubei,0.07,0.21,0.14
2025-08-28,Jiangsu,0.06,0.19,0.12
2025-08-28,Henan,0.07,0.21,0.14
2025-08-28,Sichuan,0.06,0.19,0.12
2025-08-28,Guangdong,0.09,0.23,0.19
2025-08-28,Shandong,0.07,0.14,0.14
2025-08-29,Zhejiang,0.07,0.14,0.14
2025-08-29,Hubei,0.07,0.21,0.14
2025-08-29,Jiangsu,0.06,0.19,0.12
2025-08-29,Henan,0.07,0.21,0.14
2025-08-29,Sichuan,0.06,0.19,0.12
2025-08-29,Guangdong,0.09,0.23,0.19
2025-08-29,Shandong,0.07,0.14,0.14
2025-08-30,Zhejiang,0.07,0.14,0.14
2025-08-30,Hubei,0.07,0.21,0.14
2025-08-30,Jiangsu,0.06,0.19,0.12
2025-08-30,Henan,0.07,0.21,0.14
2025-08-30,Sichuan,0.06,0.19,0.12
2025-08-30,Guangdong,0.09,0.23,0.19
2025-08-30,Shandong,0.07,0.14,0.14
2025-08-31,Zhejiang,0.07,0.14,0.14
2025-08-31,Hubei,0.07,0.21,0.14
2025-08-31,Jiangsu,0.06,0.19,0.12
2025-08-31,Henan,0.07,0.21,0.14
2025-08-31,Sichuan,0.06,0.19,0.12
2025-08-31,Guangdong,0.09,0.23,0.19
2025-08-31,Shandong,0.07,0.14,0.14
2025-09-01,Zhejiang,0.07,0.14,0.14
2025-09-01,Hubei,0.07,0.21,0.14
2025-09-01,Jiangsu,0.06,0.19,0.13
2025-09-01,Henan,0.07,0.21,0.14
2025-09-01,Sichuan,0.06,0.19,0.13
2025-09-01,Guangdong,0.1,0.23,0.19
2025-09-01,Shandong,0.07,0.14,0.14
2025-09-02,Zhejiang,0.07,0.14,0.14
2025-09-02,Hubei,0.07,0.21,0.14
2025-09-02,Jiangsu,0.06,0.19,0.13
2025-09-02,Henan,0.07,0.21,0.14
2025-09-02,Sichuan,0.06,0.19,0.13
2025-09-02,Guangdong,0.1,0.23,0.19
2025-09-02,Shandong,0.07,0.14,0.14
2025-09-03,Zhejiang,0.07,0.14,0.14
2025-09-03,Hubei,0.07,0.21,0.14
2025-09-03,Jiangsu,0.06,0.19,0.13
2025-09-03,Henan,0.07,0.21,0.14
2025-09-03,Sichuan,0.06,0.19,0.13
2025-09-03,Guangdong,0.1,0.23,0.19
2025-09-03,Shandong,0.07,0.14,0.14
2025-09-04,Zhejiang,0.07,0.14,0.14
2025-09-04,Hubei,0.07,0.21,0.14
2025-09-04,Jiangsu,0.06,0.19,0.13
2025-09-04,Henan,0.07,0.21,0.14
2025-09-04,Sichuan,0.06,0.19,0.13
2025-09-04,Guangdong,0.1,0.23,0.19
2025-09-04,Shandong,0.07,0.14,0.14
2025-09-05,Zhejiang,0.07,0.14,0.14
2025-09-05,Hubei,0.07,0.21,0.14
2025-09-05,Jiangsu,0.06,0.19,0.13
2025-09-05,Henan,0.07,0.21,0.14
2025-09-05,Sichuan,0.06,0.19,0.13
2025-09-05,Guangdong,0.1,0.23,0.19
2025-09-05,Shandong,0.07,0.14,0.14
2025-09-06,Zhejiang,0.07,0.14,0.14
2025-09-06,Hubei,0.07,0.21,0.14
2025-09-06,Jiangsu,0.06,0.19,0.13
2025-09-06,Henan,0.07,0.21,0.14
2025-09-06,Sichuan,0.06,0.19,0.13
2025-09-06,Guangdong,0.1,0.23,0.19
2025-09-06,Shandong,0.07,0.14,0.14
2025-09-07,Zhejiang,0.07,0.14,0.14
2025-09-07,Hubei,0.07,0.21,0.14
2025-09-07,Jiangsu,0.06,0.19,0.13
2025-09-07,Henan,0.07,0.21,0.14
2025-09-07,Sichuan,0.06,0.19,0.13
2025-09-07,Guangdong,0.1,0.23,0.19
2025-09-07,Shandong,0.07,0.14,0.14
2025-09-08,Zhejiang,0.07,0.14,0.14
2025-09-08,Hubei,0.07,0.21,0.14
2025-09-08,Jiangsu,0.06,0.19,0.13
2025-09-08,Henan,0.07,0.21,0.14
2025-09-08,Sichuan,0.06,0.19,0.13
2025-09-08,Guangdong,0.1,0.23,0.19
2025-09-08,Shandong,0.07,0.14,0.14
2025-09-09,Zhejiang,0.07,0.14,0.14
2025-09-09,Hubei,0.07,0.21,0.14
2025-09-09,Jiangsu,0.06,0.19,0.13
2025-09-09,Henan,0.07,0.21,0.14
2025-09-09,Sichuan,0.06,0.19,0.13
2025-09-09,Guangdong,0.1,0.23,0.19
2025-09-09,Shandong,0.07,0.14,0.14
2025-09-10,Zhejiang,0.07,0.14,0.14
2025-09-10,Hubei,0.07,0.21,0.14
2025-09-10,Jiangsu,0.06,0.19,0.13
2025-09-10,Henan,0.07,0.21,0.14
2025-09-10,Sichuan,0.06,0.19,0.13
2025-09-10,Guangdong,0.1,0.23,0.19
2025-09-10,Shandong,0.07,0.14,0.14
2025-09-11,Zhejiang,0.07,0.14,0.14
2025-09-11,Hubei,0.07,0.21,0.14
2025-09-11,Jiangsu,0.06,0.19,0.13
2025-09-11,Henan,0.07,0.21,0.14
2025-09-11,Sichuan,0.06,0.19,0.13
2025-09-11,Guangdong,0.1,0.23,0.19
2025-09-11,Shandong,0.07,0.14,0.14
2025-09-12,Zhejiang,0.07,0.14,0.14
2025-09-12,Hubei,0.07,0.21,0.14
2025-09-12,Jiangsu,0.06,0.19,0.13
2025-09-12,Henan,0.07,0.21,0.14
2025-09-12,Sichuan,0.06,0.19,0.13
2025-09-12,Guangdong,0.1,0.23,0.19
2025-09-12,Shandong,0.07,0.14,0.14
2025-09-13,Zhejiang,0.07,0.14,0.14
2025-09-13,Hubei,0.07,0.21,0.14
2025-09-13,Jiangsu,0.06,0.19,0.13
2025-09-13,Henan,0.07,0.21,0.14
2025-09-13,Sichuan,0.06,0.19,0.13
2025-09-13,Guangdong,0.1,0.23,0.19
2025-09-13,Shandong,0.07,0.14,0.14
2025-09-14,Zhejiang,0.07,0.14,0.14
2025-09-14,Hubei,0.07,0.21,0.14
2025-09-14,Jiangsu,0.06,0.19,0.13
2025-09-14,Henan,0.07,0.21,0.14
2025-09-14,Sichuan,0.06,0.19,0.13
2025-09-14,Guangdong,0.1,0.23,0.19
2025-09-14,Shandong,0.07,0.14,0.14
2025-09-15,Zhejiang,0.07,0.14,0.14
2025-09-15,Hubei,0.07,0.21,0.14
2025-09-15,Jiangsu,0.06,0.19,0.13
2025-09-15,Henan,0.07,0.21,0.14
2025-09-15,Sichuan,0.06,0.19,0.13
2025-09-15,Guangdong,0.1,0.23,0.19
2025-09-15,Shandong,0.07,0.14,0.14
2025-09-16,Zhejiang,0.07,0.14,0.14
2025-09-16,Hubei,0.07,0.21,0.14
2025-09-16,Jiangsu,0.06,0.19,0.13
2025-09-16,Henan,0.07,0.21,0.14
2025-09-16,Sichuan,0.06,0.19,0.13
2025-09-16,Guangdong,0.1,0.23,0.19
2025-09-16,Shandong,0.07,0.14,0.14
2025-09-17,Zhejiang,0.07,0.14,0.14
2025-09-17,Hubei,0.07,0.21,0.14
2025-09-17,Jiangsu,0.06,0.19,0.13
2025-09-17,Henan,0.07,0.21,0.14
2025-09-17,Sichuan,0.06,0.19,0.13
2025-09-17,Guangdong,0.1,0.23,0.19
2025-09-17,Shandong,0.07,0.14,0.14
2025-09-18,Zhejiang,0.07,0.14,0.14
2025-09-18,Hubei,0.07,0.21,0.14
2025-09-18,Jiangsu,0.06,0.19,0.13
2025-09-18,Henan,0.07,0.21,0.14
2025-09-18,Sichuan,0.06,0.19,0.13
2025-09-18,Guangdong,0.1,0.23,0.19
2025-09-18,Shandong,0.07,0.14,0.14
2025-09-19,Zhejiang,0.07,0.14,0.14
2025-09-19,Hubei,0.07,0.21,0.14
2025-09-19,Jiangsu,0.06,0.19,0.13
2025-09-19,Henan,0.07,0.21,0.14
2025-09-19,Sichuan,0.06,0.19,0.13
2025-09-19,Guangdong,0.1,0.23,0.19
2025-09-19,Shandong,0.07,0.14,0.14
2025-09-20,Zhejiang,0.07,0.14,0.14
2025-09-20,Hubei,0.07,0.21,0.14
2025-09-20,Jiangsu,0.06,0.19,0.13
2025-09-20,Henan,0.07,0.21,0.14
2025-09-20,Sichuan,0.06,0.19,0.13
2025-09-20,Guangdong,0.1,0.23,0.19
2025-09-20,Shandong,0.07,0.14,0.14
2025-09-21,Zhejiang,0.07,0.14,0.14
2025-09-21,Hubei,0.07,0.21,0.14
2025-09-21,Jiangsu,0.06,0.19,0.13
2025-09-21,Henan,0.07,0.21,0.14
2025-09-21,Sichuan,0.06,0.19,0.13
2025-09-21,Guangdong,0.1,0.23,0.19
2025-09-21,Shandong,0.07,0.14,0.14
2025-09-22,Zhejiang,0.07,0.14,0.14
2025-09-22,Hubei,0.07,0.21,0.14
2025-09-22,Jiangsu,0.06,0.19,0.13
2025-09-22,Henan,0.07,0.21,0.14
2025-09-22,Sichuan,0.06,0.19,0.13
2025-09-22,Guangdong,0.1,0.23,0.19
2025-09-22,Shandong,0.07,0.14,0.14
2025-09-23,Zhejiang,0.07,0.14,0.14
2025-09-23,Hubei,0.07,0.21,0.14
2025-09-23,Jiangsu,0.06,0.19,0.13
2025-09-23,Henan,0.07,0.21,0.14
2025-09-23,Sichuan,0.06,0.19,0.13
2025-09-23,Guangdong,0.1,0.23,0.19
2025-09-23,Shandong,0.07,0.14,0.14
2025-09-24,Zhejiang,0.07,0.14,0.14
2025-09-24,Hubei,0.07,0.21,0.14
2025-09-24,Jiangsu,0.06,0.19,0.13
2025-09-24,Henan,0.07,0.21,0.14
2025-09-24,Sichuan,0.06,0.19,0.13
2025-09-24,Guangdong,0.1,0.23,0.19
2025-09-24,Shandong,0.07,0.14,0.14
2025-09-25,Zhejiang,0.07,0.14,0.14
2025-09-25,Hubei,0.07,0.21,0.14
2025-09-25,Jiangsu,0.06,0.19,0.13
2025-09-25,Henan,0.07,0.21,0.14
2025-09-25,Sichuan,0.06,0.19,0.13
2025-09-25,Guangdong,0.1,0.23,0.19
2025-09-25,Shandong,0.07,0.14,0.14
2025-09-26,Zhejiang,0.07,0.14,0.14
2025-09-26,Hubei,0.07,0.21,0.14
2025-09-26,Jiangsu,0.06,0.19,0.13
2025-09-26,Henan,0.07,0.21,0.14
2025-09-26,Sichuan,0.06,0.19,0.13
2025-09-26,Guangdong,0.1,0.23,0.19
2025-09-26,Shandong,0.07,0.14,0.14
2025-09-27,Zhejiang,0.07,0.14,0.14
2025-09-27,Hubei,0.07,0.21,0.14
2025-09-27,Jiangsu,0.06,0.19,0.13
2025-09-27,Henan,0.07,0.21,0.14
2025-09-27,Sichuan,0.06,0.19,0.13
2025-09-27,Guangdong,0.1,0.23,0.19
2025-09-27,Shandong,0.07,0.14,0.14
2025-09-28,Zhejiang,0.07,0.14,0.14
2025-09-28,Hubei,0.07,0.21,0.14
2025-09-28,Jiangsu,0.06,0.19,0.13
2025-09-28,Henan,0.07,0.21,0.14
2025-09-28,Sichuan,0.06,0.19,0.13
2025-09-28,Guangdong,0.1,0.23,0.19
2025-09-28,Shandong,0.07,0.14,0.14
2025-09-29,Zhejiang,0.07,0.14,0.14
2025-09-29,Hubei,0.07,0.21,0.14
2025-09-29,Jiangsu,0.06,0.19,0.13
2025-09-29,Henan,0.07,0.21,0.14
2025-09-29,Sichuan,0.06,0.19,0.13
2025-09-29,Guangdong,0.1,0.23,0.19
2025-09-29,Shandong,0.07,0.14,0.14
2025-09-30,Zhejiang,0.07,0.14,0.14
2025-09-30,Hubei,0.07,0.21,0.14
2025-09-30,Jiangsu,0.06,0.19,0.13
2025-09-30,Henan,0.07,0.21,0.14
2025-09-30,Sichuan,0.06,0.19,0.13
2025-09-30,Guangdong,0.1,0.23,0.19
2025-09-30,Shandong,0.07,0.14,0.14
2025-10-01,Zhejiang,0.08,0.14,0.15
2025-10-01,Hubei,0.07,0.21,0.14
2025-10-01,Jiangsu,0.07,0.19,0.13
2025-10-01,Henan,0.07,0.21,0.14
2025-10-01,Sichuan,0.07,0.19,0.13
2025-10-01,Guangdong,0.1,0.23,0.2
2025-10-01,Shandong,0.08,0.14,0.15
2025-10-02,Zhejiang,0.08,0.14,0.15
2025-10-02,Hubei,0.07,0.21,0.14
2025-10-02,Jiangsu,0.07,0.19,0.13
2025-10-02,Henan,0.07,0.21,0.14
2025-10-02,Sichuan,0.07,0.19,0.13
2025-10-02,Guangdong,0.1,0.23,0.2
2025-10-02,Shandong,0.08,0.14,0.15
2025-10-03,Zhejiang,0.08,0.14,0.15
2025-10-03,Hubei,0.07,0.21,0.14
2025-10-03,Jiangsu,0.07,0.19,0.13
2025-10-03,Henan,0.07,0.21,0.14
2025-10-03,Sichuan,0.07,0.19,0.13
2025-10-03,Guangdong,0.1,0.23,0.2
2025-10-03,Shandong,0.08,0.14,0.15
2025-10-04,Zhejiang,0.08,0.14,0.15
2025-10-04,Hubei,0.07,0.21,0.14
2025-10-04,Jiangsu,0.07,0.19,0.13
2025-10-04,Henan,0.07,0.21,0.14
2025-10-04,Sichuan,0.07,0.19,0.13
2025-10-04,Guangdong,0.1,0.23,0.2
2025-10-04,Shandong,0.08,0.14,0.15
2025-10-05,Zhejiang,0.08,0.14,0.15
2025-10-05,Hubei,0.07,0.21,0.14
2025-10-05,Jiangsu,0.07,0.19,0.13
2025-10-05,Henan,0.07,0.21,0.14
2025-10-05,Sichuan,0.07,0.19,0.13
2025-10-05,Guangdong,0.1,0.23,0.2
2025-10-05,Shandong,0.08,0.14,0.15
2025-10-06,Zhejiang,0.08,0.14,0.15
2025-10-06,Hubei,0.07,0.21,0.14
2025-10-06,Jiangsu,0.07,0.19,0.13
2025-10-06,Henan,0.07,0.21,0.14
2025-10-06,Sichuan,0.07,0.19,0.13
2025-10-06,Guangdong,0.1,0.23,0.2
2025-10-06,Shandong,0.08,0.14,0.15
2025-10-07,Zhejiang,0.08,0.14,0.15
2025-10-07,Hubei,0.07,0.21,0.14
2025-10-07,Jiangsu,0.07,0.19,0.13
2025-10-07,Henan,0.07,0.21,0.14
2025-10-07,Sichuan,0.07,0.19,0.13
2025-10-07,Guangdong,0.1,0.23,0.2
2025-10-07,Shandong,0.08,0.14,0.15
2025-10-08,Zhejiang,0.08,0.14,0.15
2025-10-08,Hubei,0.07,0.21,0.14
2025-10-08,Jiangsu,0.07,0.19,0.13
2025-10-08,Henan,0.07,0.21,0.14
2025-10-08,Sichuan,0.07,0.19,0.13
2025-10-08,Guangdong,0.1,0.23,0.2
2025-10-08,Shandong,0.08,0.14,0.15
2025-10-09,Zhejiang,0.08,0.14,0.15
2025-10-09,Hubei,0.07,0.21,0.14
2025-10-09,Jiangsu,0.07,0.19,0.13
2025-10-09,Henan,0.07,0.21,0.14
2025-10-09,Sichuan,0.07,0.19,0.13
2025-10-09,Guangdong,0.1,0.23,0.2
2025-10-09,Shandong,0.08,0.14,0.15
2025-10-10,Zhejiang,0.08,0.14,0.15
2025-10-10,Hubei,0.07,0.21,0.14
2025-10-10,Jiangsu,0.07,0.19,0.13
2025-10-10,Henan,0.07,0.21,0.14
2025-10-10,Sichuan,0.07,0.19,0.13
2025-10-10,Guangdong,0.1,0.23,0.2
2025-10-10,Shandong,0.08,0.14,0.15
2025-10-11,Zhejiang,0.08,0.14,0.15
2025-10-11,Hubei,0.07,0.21,0.14
2025-10-11,Jiangsu,0.07,0.19,0.13
2025-10-11,Henan,0.07,0.21,0.14
2025-10-11,Sichuan,0.07,0.19,0.13
2025-10-11,Guangdong,0.1,0.23,0.2
2025-10-11,Shandong,0.08,0.14,0.15
2025-10-12,Zhejiang,0.08,0.14,0.15
2025-10-12,Hubei,0.07,0.21,0.14
2025-10-12,Jiangsu,0.07,0.19,0.13
2025-10-12,Henan,0.07,0.21,0.14
2025-10-12,Sichuan,0.07,0.19,0.13
2025-10-12,Guangdong,0.1,0.23,0.2
2025-10-12,Shandong,0.08,0.14,0.15
2025-10-13,Zhejiang,0.08,0.14,0.15
2025-10-13,Hubei,0.07,0.21,0.14
2025-10-13,Jiangsu,0.07,0.19,0.13
2025-10-13,Henan,0.07,0.21,0.14
2025-10-13,Sichuan,0.07,0.19,0.13
2025-10-13,Guangdong,0.1,0.23,0.2
2025-10-13,Shandong,0.08,0.14,0.15
2025-10-14,Zhejiang,0.08,0.14,0.15
2025-10-14,Hubei,0.07,0.21,0.14
2025-10-14,Jiangsu,0.07,0.19,0.13
2025-10-14,Henan,0.07,0.21,0.14
2025-10-14,Sichuan,0.07,0.19,0.13
2025-10-14,Guangdong,0.1,0.23,0.2
2025-10-14,Shandong,0.08,0.14,0.15
2025-10-15,Zhejiang,0.08,0.14,0.15
2025-10-15,Hubei,0.07,0.21,0.14
2025-10-15,Jiangsu,0.07,0.19,0.13
2025-10-15,Henan,0.07,0.21,0.14
2025-10-15,Sichuan,0.07,0.19,0.13
2025-10-15,Guangdong,0.1,0.23,0.2
2025-10-15,Shandong,0.08,0.14,0.15
2025-10-16,Zhejiang,0.08,0.14,0.15
2025-10-16,Hubei,0.07,0.21,0.14
2025-10-16,Jiangsu,0.07,0.19,0.13
2025-10-16,Henan,0.07,0.21,0.14
2025-10-16,Sichuan,0.07,0.19,0.13
2025-10-16,Guangdong,0.1,0.23,0.2
2025-10-16,Shandong,0.08,0.14,0.15
2025-10-17,Zhejiang,0.08,0.14,0.15
2025-10-17,Hubei,0.07,0.21,0.14
2025-10-17,Jiangsu,0.07,0.19,0.13
2025-10-17,Henan,0.07,0.21,0.14
2025-10-17,Sichuan,0.07,0.19,0.13
2025-10-17,Guangdong,0.1,0.23,0.2
2025-10-17,Shandong,0.08,0.14,0.15
2025-10-18,Zhejiang,0.08,0.14,0.15
2025-10-18,Hubei,0.07,0.21,0.14
2025-10-18,Jiangsu,0.07,0.19,0.13
2025-10-18,Henan,0.07,0.21,0.14
2025-10-18,Sichuan,0.07,0.19,0.13
2025-10-18,Guangdong,0.1,0.23,0.2
2025-10-18,Shandong,0.08,0.14,0.15
2025-10-19,Zhejiang,0.08,0.14,0.15
2025-10-19,Hubei,0.07,0.21,0.14
2025-10-19,Jiangsu,0.07,0.19,0.13
2025-10-19,Henan,0.07,0.21,0.14
2025-10-19,Sichuan,0.07,0.19,0.13
2025-10-19,Guangdong,0.1,0.23,0.2
2025-10-19,Shandong,0.08,0.14,0.15
2025-10-20,Zhejiang,0.08,0.14,0.15
2025-10-20,Hubei,0.07,0.21,0.14
2025-10-20,Jiangsu,0.07,0.19,0.13
2025-10-20,Henan,0.07,0.21,0.14
2025-10-20,Sichuan,0.07,0.19,0.13
2025-10-20,Guangdong,0.1,0.23,0.2
2025-10-20,Shandong,0.08,0.14,0.15
2025-10-21,Zhejiang,0.08,0.14,0.15
2025-10-21,Hubei,0.07,0.21,0.14
2025-10-21,Jiangsu,0.07,0.19,0.13
2025-10-21,Henan,0.07,0.21,0.14
2025-10-21,Sichuan,0.07,0.19,0.13
2025-10-21,Guangdong,0.1,0.23,0.2
2025-10-21,Shandong,0.08,0.14,0.15
2025-10-22,Zhejiang,0.08,0.14,0.15
2025-10-22,Hubei,0.07,0.21,0.14
2025-10-22,Jiangsu,0.07,0.19,0.13
2025-10-22,Henan,0.07,0.21,0.14
2025-10-22,Sichuan,0.07,0.19,0.13
2025-10-22,Guangdong,0.1,0.23,0.2
2025-10-22,Shandong,0.08,0.14,0.15
2025-10-23,Zhejiang,0.08,0.14,0.15
2025-10-23,Hubei,0.07,0.21,0.14
2025-10-23,Jiangsu,0.07,0.19,0.13
2025-10-23,Henan,0.07,0.21,0.14
2025-10-23,Sichuan,0.07,0.19,0.13
2025-10-23,Guangdong,0.1,0.23,0.2
2025-10-23,Shandong,0.08,0.14,0.15
2025-10-24,Zhejiang,0.08,0.14,0.15
2025-10-24,Hubei,0.07,0.21,0.14
2025-10-24,Jiangsu,0.07,0.19,0.13
2025-10-24,Henan,0.07,0.21,0.14
2025-10-24,Sichuan,0.07,0.19,0.13
2025-10-24,Guangdong,0.1,0.23,0.2
2025-10-24,Shandong,0.08,0.14,0.15
2025-10-25,Zhejiang,0.08,0.14,0.15
2025-10-25,Hubei,0.07,0.21,0.14
2025-10-25,Jiangsu,0.07,0.19,0.13
2025-10-25,Henan,0.07,0.21,0.14
2025-10-25,Sichuan,0.07,0.19,0.13
2025-10-25,Guangdong,0.1,0.23,0.2
2025-10-25,Shandong,0.08,0.14,0.15
2025-10-26,Zhejiang,0.08,0.14,0.15
2025-10-26,Hubei,0.07,0.21,0.14
2025-10-26,Jiangsu,0.07,0.19,0.13
2025-10-26,Henan,0.07,0.21,0.14
2025-10-26,Sichuan,0.07,0.19,0.13
2025-10-26,Guangdong,0.1,0.23,0.2
2025-10-26,Shandong,0.08,0.14,0.15
2025-10-27,Zhejiang,0.08,0.14,0.15
2025-10-27,Hubei,0.07,0.21,0.14
2025-10-27,Jiangsu,0.07,0.19,0.13
2025-10-27,Henan,0.07,0.21,0.14
2025-10-27,Sichuan,0.07,0.19,0.13
2025-10-27,Guangdong,0.1,0.23,0.2
2025-10-27,Shandong,0.08,0.14,0.15
2025-10-28,Zhejiang,0.08,0.14,0.15
2025-10-28,Hubei,0.07,0.21,0.14
2025-10-28,Jiangsu,0.07,0.19,0.13
2025-10-28,Henan,0.07,0.21,0.14
2025-10-28,Sichuan,0.07,0.19,0.13
2025-10-28,Guangdong,0.1,0.23,0.2
2025-10-28,Shandong,0.08,0.14,0.15
2025-10-29,Zhejiang,0.08,0.14,0.15
2025-10-29,Hubei,0.07,0.21,0.14
2025-10-29,Jiangsu,0.07,0.19,0.13
2025-10-29,Henan,0.07,0.21,0.14
2025-10-29,Sichuan,0.07,0.19,0.13
2025-10-29,Guangdong,0.1,0.23,0.2
2025-10-29,Shandong,0.08,0.14,0.15
2025-10-30,Zhejiang,0.08,0.14,0.15
2025-10-30,Hubei,0.07,0.21,0.14
2025-10-30,Jiangsu,0.07,0.19,0.13
2025-10-30,Henan,0.07,0.21,0.14
2025-10-30,Sichuan,0.07,0.19,0.13
2025-10-30,Guangdong,0.1,0.23,0.2
2025-10-30,Shandong,0.08,0.14,0.15
2025-10-31,Zhejiang,0.08,0.14,0.15
2025-10-31,Hubei,0.07,0.21,0.14
2025-10-31,Jiangsu,0.07,0.19,0.13
2025-10-31,Henan,0.07,0.21,0.14
2025-10-31,Sichuan,0.07,0.19,0.13
2025-10-31,Guangdong,0.1,0.23,0.2
2025-10-31,Shandong,0.08,0.14,0.15
2025-11-01,Zhejiang,0.51,0.14,0.5
2025-11-01,Hubei,0.5,0.21,0.48
2025-11-01,Jiangsu,0.45,0.19,0.44
2025-11-01,Henan,0.5,0.21,0.48
2025-11-01,Sichuan,0.45,0.19,0.44
2025-11-01,Guangdong,0.69,0.23,0.67
2025-11-01,Shandong,0.51,0.14,0.5
2025-11-02,Zhejiang,0.51,0.14,0.5
2025-11-02,Hubei,0.5,0.21,0.48
2025-11-02,Jiangsu,0.45,0.19,0.44
2025-11-02,Henan,0.5,0.21,0.48
2025-11-02,Sichuan,0.45,0.19,0.44
2025-11-02,Guangdong,0.69,0.23,0.67
2025-11-02,Shandong,0.51,0.14,0.5
2025-11-03,Zhejiang,0.51,0.14,0.5
2025-11-03,Hubei,0.5,0.21,0.48
2025-11-03,Jiangsu,0.45,0.19,0.44
2025-11-03,Henan,0.5,0.21,0.48
2025-11-03,Sichuan,0.45,0.19,0.44
2025-11-03,Guangdong,0.69,0.23,0.67
2025-11-03,Shandong,0.51,0.14,0.5
2025-11-04,Zhejiang,0.51,0.14,0.5
2025-11-04,Hubei,0.5,0.21,0.48
2025-11-04,Jiangsu,0.45,0.19,0.44
2025-11-04,Henan,0.5,0.21,0.48
2025-11-04,Sichuan,0.45,0.19,0.44
2025-11-04,Guangdong,0.69,0.23,0.67
2025-11-04,Shandong,0.51,0.14,0.5
2025-11-05,Zhejiang,0.51,0.14,0.5
2025-11-05,Hubei,0.5,0.21,0.48
2025-11-05,Jiangsu,0.45,0.19,0.44
2025-11-05,Henan,0.5,0.21,0.48
2025-11-05,Sichuan,0.45,0.19,0.44
2025-11-05,Guangdong,0.69,0.23,0.67
2025-11-05,Shandong,0.51,0.14,0.5
2025-11-06,Zhejiang,0.51,0.14,0.5
2025-11-06,Hubei,0.5,0.21,0.48
2025-11-06,Jiangsu,0.45,0.19,0.44
2025-11-06,Henan,0.5,0.21,0.48
2025-11-06,Sichuan,0.45,0.19,0.44
2025-11-06,Guangdong,0.69,0.23,0.67
2025-11-06,Shandong,0.51,0.14,0.5
2025-11-07,Zhejiang,0.51,0.14,0.5
2025-11-07,Hubei,0.5,0.21,0.48
2025-11-07,Jiangsu,0.45,0.19,0.44
2025-11-07,Henan,0.5,0.21,0.48
2025-11-07,Sichuan,0.45,0.19,0.44
2025-11-07,Guangdong,0.69,0.23,0.67
2025-11-07,Shandong,0.51,0.14,0.5
2025-11-08,Zhejiang,0.51,0.14,0.5
2025-11-08,Hubei,0.5,0.21,0.48
2025-11-08,Jiangsu,0.45,0.19,0.44
2025-11-08,Henan,0.5,0.21,0.48
2025-11-08,Sichuan,0.45,0.19,0.44
2025-11-08,Guangdong,0.69,0.23,0.67
2025-11-08,Shandong,0.51,0.14,0.5
2025-11-09,Zhejiang,0.51,0.14,0.5
2025-11-09,Hubei,0.5,0.21,0.48
2025-11-09,Jiangsu,0.45,0.19,0.44
2025-11-09,Henan,0.5,0.21,0.48
2025-11-09,Sichuan,0.45,0.19,0.44
2025-11-09,Guangdong,0.69,0.23,0.67
2025-11-09,Shandong,0.51,0.14,0.5
2025-11-10,Zhejiang,0.51,0.14,0.5
2025-11-10,Hubei,0.5,0.21,0.48
2025-11-10,Jiangsu,0.45,0.19,0.44
2025-11-10,Henan,0.5,0.21,0.48
2025-11-10,Sichuan,0.45,0.19,0.44
2025-11-10,Guangdong,0.69,0.23,0.67
2025-11-10,Shandong,0.51,0.14,0.5
2025-11-11,Zhejiang,0.51,0.14,0.5
2025-11-11,Hubei,0.5,0.21,0.48
2025-11-11,Jiangsu,0.45,0.19,0.44
2025-11-11,Henan,0.5,0.21,0.48
2025-11-11,Sichuan,0.45,0.19,0.44
2025-11-11,Guangdong,0.69,0.23,0.67
2025-11-11,Shandong,0.51,0.14,0.5
2025-11-12,Zhejiang,0.51,0.14,0.5
2025-11-12,Hubei,0.5,0.21,0.48
2025-11-12,Jiangsu,0.45,0.19,0.44
2025-11-12,Henan,0.5,0.21,0.48
2025-11-12,Sichuan,0.45,0.19,0.44
2025-11-12,Guangdong,0.69,0.23,0.67
2025-11-12,Shandong,0.51,0.14,0.5
2025-11-13,Zhejiang,0.51,0.14,0.5
2025-11-13,Hubei,0.5,0.21,0.48
2025-11-13,Jiangsu,0.45,0.19,0.44
2025-11-13,Henan,0.5,0.21,0.48
2025-11-13,Sichuan,0.45,0.19,0.44
2025-11-13,Guangdong,0.69,0.23,0.67
2025-11-13,Shandong,0.51,0.14,0.5
2025-11-14,Zhejiang,0.51,0.14,0.5
2025-11-14,Hubei,0.5,0.21,0.48
2025-11-14,Jiangsu,0.45,0.19,0.44
2025-11-14,Henan,0.5,0.21,0.48
2025-11-14,Sichuan,0.45,0.19,0.44
2025-11-14,Guangdong,0.69,0.23,0.67
2025-11-14,Shandong,0.51,0.14,0.5
2025-11-15,Zhejiang,0.51,0.14,0.5
2025-11-15,Hubei,0.5,0.21,0.48
2025-11-15,Jiangsu,0.45,0.19,0.44
2025-11-15,Henan,0.5,0.21,0.48
2025-11-15,Sichuan,0.45,0.19,0.44
2025-11-15,Guangdong,0.69,0.23,0.67
2025-11-15,Shandong,0.51,0.14,0.5
2025-11-16,Zhejiang,0.51,0.14,0.5
2025-11-16,Hubei,0.5,0.21,0.48
2025-11-16,Jiangsu,0.45,0.19,0.44
2025-11-16,Henan,0.5,0.21,0.48
2025-11-16,Sichuan,0.45,0.19,0.44
2025-11-16,Guangdong,0.69,0.23,0.67
2025-11-16,Shandong,0.51,0.14,0.5
2025-11-17,Zhejiang,0.51,0.14,0.5
2025-11-17,Hubei,0.5,0.21,0.48
2025-11-17,Jiangsu,0.45,0.19,0.44
2025-11-17,Henan,0.5,0.21,0.48
2025-11-17,Sichuan,0.45,0.19,0.44
2025-11-17,Guangdong,0.69,0.23,0.67
2025-11-17,Shandong,0.51,0.14,0.5
2025-11-18,Zhejiang,0.51,0.14,0.5
2025-11-18,Hubei,0.5,0.21,0.48
2025-11-18,Jiangsu,0.45,0.19,0.44
2025-11-18,Henan,0.5,0.21,0.48
2025-11-18,Sichuan,0.45,0.19,0.44
2025-11-18,Guangdong,0.69,0.23,0.67
2025-11-18,Shandong,0.51,0.14,0.5
2025-11-19,Zhejiang,0.51,0.14,0.5
2025-11-19,Hubei,0.5,0.21,0.48
2025-11-19,Jiangsu,0.45,0.19,0.44
2025-11-19,Henan,0.5,0.21,0.48
2025-11-19,Sichuan,0.45,0.19,0.44
2025-11-19,Guangdong,0.69,0.23,0.67
2025-11-19,Shandong,0.51,0.14,0.5
2025-11-20,Zhejiang,0.51,0.14,0.5
2025-11-20,Hubei,0.5,0.21,0.48
2025-11-20,Jiangsu,0.45,0.19,0.44
2025-11-20,Henan,0.5,0.21,0.48
2025-11-20,Sichuan,0.45,0.19,0.44
2025-11-20,Guangdong,0.69,0.23,0.67
2025-11-20,Shandong,0.51,0.14,0.5
2025-11-21,Zhejiang,0.51,0.14,0.5
2025-11-21,Hubei,0.5,0.21,0.48
2025-11-21,Jiangsu,0.45,0.19,0.44
2025-11-21,Henan,0.5,0.21,0.48
2025-11-21,Sichuan,0.45,0.19,0.44
2025-11-21,Guangdong,0.69,0.23,0.67
2025-11-21,Shandong,0.51,0.14,0.5
2025-11-22,Zhejiang,0.51,0.14,0.5
2025-11-22,Hubei,0.5,0.21,0.48
2025-11-22,Jiangsu,0.45,0.19,0.44
2025-11-22,Henan,0.5,0.21,0.48
2025-11-22,Sichuan,0.45,0.19,0.44
2025-11-22,Guangdong,0.69,0.23,0.67
2025-11-22,Shandong,0.51,0.14,0.5
2025-11-23,Zhejiang,0.51,0.14,0.5
2025-11-23,Hubei,0.5,0.21,0.48
2025-11-23,Jiangsu,0.45,0.19,0.44
2025-11-23,Henan,0.5,0.21,0.48
2025-11-23,Sichuan,0.45,0.19,0.44
2025-11-23,Guangdong,0.69,0.23,0.67
2025-11-23,Shandong,0.51,0.14,0.5
2025-11-24,Zhejiang,0.51,0.14,0.5
2025-11-24,Hubei,0.5,0.21,0.48
2025-11-24,Jiangsu,0.45,0.19,0.44
2025-11-24,Henan,0.5,0.21,0.48
2025-11-24,Sichuan,0.45,0.19,0.44
2025-11-24,Guangdong,0.69,0.23,0.67
2025-11-24,Shandong,0.51,0.14,0.5
2025-11-25,Zhejiang,0.51,0.14,0.5
2025-11-25,Hubei,0.5,0.21,0.48
2025-11-25,Jiangsu,0.45,0.19,0.44
2025-11-25,Henan,0.5,0.21,0.48
2025-11-25,Sichuan,0.45,0.19,0.44
2025-11-25,Guangdong,0.69,0.23,0.67
2025-11-25,Shandong,0.51,0.14,0.5
2025-11-26,Zhejiang,0.51,0.14,0.5
2025-11-26,Hubei,0.5,0.21,0.48
2025-11-26,Jiangsu,0.45,0.19,0.44
2025-11-26,Henan,0.5,0.21,0.48
2025-11-26,Sichuan,0.45,0.19,0.44
2025-11-26,Guangdong,0.69,0.23,0.67
2025-11-26,Shandong,0.51,0.14,0.5
2025-11-27,Zhejiang,0.51,0.14,0.5
2025-11-27,Hubei,0.5,0.21,0.48
2025-11-27,Jiangsu,0.45,0.19,0.44
2025-11-27,Henan,0.5,0.21,0.48
2025-11-27,Sichuan,0.45,0.19,0.44
2025-11-27,Guangdong,0.69,0.23,0.67
2025-11-27,Shandong,0.51,0.14,0.5
2025-11-28,Zhejiang,0.51,0.14,0.5
2025-11-28,Hubei,0.5,0.21,0.48
2025-11-28,Jiangsu,0.45,0.19,0.44
2025-11-28,Henan,0.5,0.21,0.48
2025-11-28,Sichuan,0.45,0.19,0.44
2025-11-28,Guangdong,0.69,0.23,0.67
2025-11-28,Shandong,0.51,0.14,0.5
2025-11-29,Zhejiang,0.51,0.14,0.5
2025-11-29,Hubei,0.5,0.21,0.48
2025-11-29,Jiangsu,0.45,0.19,0.44
2025-11-29,Henan,0.5,0.21,0.48
2025-11-29,Sichuan,0.45,0.19,0.44
2025-11-29,Guangdong,0.69,0.23,0.67
2025-11-29,Shandong,0.51,0.14,0.5
2025-11-30,Zhejiang,0.51,0.14,0.5
2025-11-30,Hubei,0.5,0.21,0.48
2025-11-30,Jiangsu,0.45,0.19,0.44
2025-11-30,Henan,0.5,0.21,0.48
2025-11-30,Sichuan,0.45,0.19,0.44
2025-11-30,Guangdong,0.69,0.23,0.67
2025-11-30,Shandong,0.51,0.14,0.5
