order_id,customer_id,warehouse_id,order_datetime,required_delivery_date,province,city,priority_level,order_status
ORD_0000001,CUST_00078,WH_003,2026-01-10 14:21:00,2026-01-11,Henan,Kaifeng,urgent,dispatched
ORD_0000002,CUST_00118,WH_001,2026-01-10 11:38:00,2026-01-11,Sichuan,Mianyang,urgent,picked
ORD_0000003,CUST_00072,WH_001,2026-01-10 17:02:00,2026-01-11,Zhejiang,Wenzhou,normal,picked
ORD_0000004,CUST_00119,WH_002,2026-01-10 16:59:00,2026-01-11,Zhejiang,Wenzhou,normal,dispatched
ORD_0000005,CUST_00096,WH_001,2026-01-10 07:23:00,2026-01-11,Hubei,Yichang,normal,picked
ORD_0000006,CUST_00010,WH_002,2026-01-10 12:13:00,2026-01-11,Sichuan,Mianyang,high,dispatched
ORD_0000007,CUST_00190,WH_003,2026-01-10 21:29:00,2026-01-11,Henan,Luoyang,normal,picked
ORD_0000008,CUST_00064,WH_003,2026-01-10 06:52:00,2026-01-11,Zhejiang,Wenzhou,high,dispatched
ORD_0000009,CUST_00059,WH_001,2026-01-10 11:20:00,2026-01-11,Hubei,Yichang,high,picking
ORD_0000010,CUST_00164,WH_003,2026-01-10 08:41:00,2026-01-11,Zhejiang,Wenzhou,normal,picked
ORD_0000011,CUST_00068,WH_002,2026-01-10 07:27:00,2026-01-11,Shandong,Qingdao,normal,dispatched
ORD_0000012,CUST_00058,WH_002,2026-01-10 17:40:00,2026-01-11,Jiangsu,Suzhou,normal,picked
ORD_0000013,CUST_00095,WH_002,2026-01-10 11:10:00,2026-01-11,Zhejiang,Ningbo,normal,picking
ORD_0000014,CUST_00077,WH_001,2026-01-10 16:24:00,2026-01-11,Zhejiang,Ningbo,normal,picking
ORD_0000015,CUST_00194,WH_002,2026-01-10 11:52:00,2026-01-11,Zhejiang,Wenzhou,urgent,picking
ORD_0000016,CUST_00193,WH_003,2026-01-10 15:24:00,2026-01-11,Zhejiang,Hangzhou,normal,picked
ORD_0000017,CUST_00106,WH_002,2026-01-10 16:38:00,2026-01-11,Hubei,Wuhan,normal,dispatched
ORD_0000018,CUST_00129,WH_001,2026-01-10 06:45:00,2026-01-11,Hubei,Yichang,normal,picked
ORD_0000019,CUST_00107,WH_002,2026-01-10 12:14:00,2026-01-11,Henan,Luoyang,normal,pending
ORD_0000020,CUST_00168,WH_002,2026-01-10 17:38:00,2026-01-12,Hubei,Wuhan,high,delivered
ORD_0000021,CUST_00156,WH_002,2026-01-10 20:13:00,2026-01-11,Zhejiang,Ningbo,normal,pending
ORD_0000022,CUST_00165,WH_003,2026-01-10 10:41:00,2026-01-12,Shandong,Yantai,normal,delivered
ORD_0000023,CUST_00159,WH_003,2026-01-10 08:21:00,2026-01-11,Guangdong,Shenzhen,normal,dispatched
ORD_0000024,CUST_00058,WH_003,2026-01-10 09:41:00,2026-01-11,Jiangsu,Suzhou,normal,picked
ORD_0000025,CUST_00193,WH_001,2026-01-10 06:18:00,2026-01-11,Zhejiang,Hangzhou,high,picked
ORD_0000026,CUST_00095,WH_002,2026-01-10 15:35:00,2026-01-11,Zhejiang,Ningbo,urgent,picked
ORD_0000027,CUST_00014,WH_002,2026-01-10 18:27:00,2026-01-11,Shandong,Yantai,normal,picked
ORD_0000028,CUST_00146,WH_003,2026-01-10 09:12:00,2026-01-11,Zhejiang,Hangzhou,normal,dispatched
ORD_0000029,CUST_00051,WH_002,2026-01-10 09:46:00,2026-01-11,Hubei,Yichang,normal,picked
ORD_0000030,CUST_00169,WH_002,2026-01-10 16:54:00,2026-01-11,Shandong,Jinan,normal,dispatched
ORD_0000031,CUST_00145,WH_002,2026-01-10 14:51:00,2026-01-12,Sichuan,Chengdu,normal,picked
ORD_0000032,CUST_00109,WH_002,2026-01-10 17:32:00,2026-01-11,Shandong,Jinan,normal,picked
ORD_0000033,CUST_00192,WH_002,2026-01-10 17:45:00,2026-01-11,Shandong,Qingdao,urgent,dispatched
ORD_0000034,CUST_00173,WH_003,2026-01-10 06:31:00,2026-01-11,Henan,Kaifeng,normal,dispatched
ORD_0000035,CUST_00197,WH_003,2026-01-10 10:08:00,2026-01-11,Jiangsu,Nanjing,normal,delivered
ORD_0000036,CUST_00117,WH_003,2026-01-10 11:53:00,2026-01-11,Zhejiang,Wenzhou,normal,dispatched
ORD_0000037,CUST_00167,WH_003,2026-01-10 08:34:00,2026-01-11,Zhejiang,Ningbo,normal,delivered
ORD_0000038,CUST_00052,WH_001,2026-01-10 16:07:00,2026-01-11,Guangdong,Dongguan,normal,picked
ORD_0000039,CUST_00004,WH_003,2026-01-10 17:08:00,2026-01-11,Jiangsu,Nanjing,high,dispatched
ORD_0000040,CUST_00123,WH_002,2026-01-10 20:41:00,2026-01-11,Guangdong,Guangzhou,normal,dispatched
ORD_0000041,CUST_00108,WH_001,2026-01-10 11:55:00,2026-01-11,Jiangsu,Nanjing,normal,delivered
ORD_0000042,CUST_00023,WH_001,2026-01-10 13:22:00,2026-01-11,Guangdong,Dongguan,normal,pending
ORD_0000043,CUST_00021,WH_001,2026-01-10 09:27:00,2026-01-11,Guangdong,Shenzhen,normal,picked
ORD_0000044,CUST_00105,WH_003,2026-01-10 12:25:00,2026-01-11,Sichuan,Chengdu,normal,dispatched
ORD_0000045,CUST_00044,WH_001,2026-01-10 15:43:00,2026-01-11,Henan,Luoyang,normal,picked
ORD_0000046,CUST_00075,WH_002,2026-01-10 11:53:00,2026-01-11,Sichuan,Deyang,high,dispatched
ORD_0000047,CUST_00073,WH_001,2026-01-10 10:24:00,2026-01-11,Jiangsu,Wuxi,normal,pending
ORD_0000048,CUST_00050,WH_001,2026-01-10 09:54:00,2026-01-12,Shandong,Jinan,normal,delivered
ORD_0000049,CUST_00088,WH_003,2026-01-10 16:24:00,2026-01-11,Shandong,Yantai,normal,pending
ORD_0000050,CUST_00155,WH_003,2026-01-10 10:31:00,2026-01-11,Sichuan,Chengdu,normal,delivered
ORD_0000051,CUST_00036,WH_001,2026-01-10 10:37:00,2026-01-11,Sichuan,Mianyang,normal,dispatched
ORD_0000052,CUST_00154,WH_002,2026-01-10 07:49:00,2026-01-12,Guangdong,Dongguan,normal,picked
ORD_0000053,CUST_00071,WH_003,2026-01-10 09:38:00,2026-01-12,Sichuan,Chengdu,high,picking
ORD_0000054,CUST_00134,WH_001,2026-01-10 08:04:00,2026-01-11,Sichuan,Mianyang,high,picked
ORD_0000055,CUST_00132,WH_001,2026-01-10 19:41:00,2026-01-11,Zhejiang,Ningbo,high,pending
ORD_0000056,CUST_00001,WH_003,2026-01-10 17:35:00,2026-01-11,Zhejiang,Ningbo,normal,picked
ORD_0000057,CUST_00138,WH_001,2026-01-10 19:24:00,2026-01-11,Guangdong,Shenzhen,normal,dispatched
ORD_0000058,CUST_00030,WH_003,2026-01-10 11:29:00,2026-01-11,Hubei,Xiangyang,normal,picking
ORD_0000059,CUST_00046,WH_002,2026-01-10 06:49:00,2026-01-11,Sichuan,Deyang,normal,delivered
ORD_0000060,CUST_00052,WH_003,2026-01-10 13:52:00,2026-01-11,Guangdong,Dongguan,high,delivered
ORD_0000061,CUST_00149,WH_001,2026-01-10 19:56:00,2026-01-11,Henan,Zhengzhou,normal,picking
ORD_0000062,CUST_00113,WH_001,2026-01-10 16:55:00,2026-01-11,Shandong,Qingdao,normal,picked
ORD_0000063,CUST_00064,WH_003,2026-01-10 07:10:00,2026-01-11,Zhejiang,Wenzhou,normal,picked
ORD_0000064,CUST_00110,WH_001,2026-01-10 08:44:00,2026-01-12,Zhejiang,Ningbo,normal,picked
ORD_0000065,CUST_00173,WH_002,2026-01-10 14:23:00,2026-01-11,Henan,Kaifeng,normal,picking
ORD_0000066,CUST_00167,WH_003,2026-01-10 11:12:00,2026-01-11,Zhejiang,Ningbo,normal,dispatched
ORD_0000067,CUST_00053,WH_001,2026-01-10 10:10:00,2026-01-11,Guangdong,Dongguan,normal,dispatched
ORD_0000068,CUST_00051,WH_001,2026-01-10 21:28:00,2026-01-11,Hubei,Yichang,urgent,pending
ORD_0000069,CUST_00002,WH_001,2026-01-10 12:59:00,2026-01-12,Sichuan,Deyang,normal,delivered
ORD_0000070,CUST_00182,WH_002,2026-01-10 12:45:00,2026-01-11,Zhejiang,Hangzhou,high,picked
ORD_0000071,CUST_00011,WH_002,2026-01-10 12:13:00,2026-01-11,Guangdong,Dongguan,normal,picked
ORD_0000072,CUST_00138,WH_001,2026-01-10 18:51:00,2026-01-11,Guangdong,Shenzhen,normal,pending
ORD_0000073,CUST_00177,WH_001,2026-01-10 15:28:00,2026-01-11,Zhejiang,Ningbo,normal,dispatched
ORD_0000074,CUST_00103,WH_001,2026-01-10 18:29:00,2026-01-11,Zhejiang,Hangzhou,normal,pending
ORD_0000075,CUST_00076,WH_003,2026-01-10 12:20:00,2026-01-11,Sichuan,Mianyang,normal,delivered
ORD_0000076,CUST_00166,WH_003,2026-01-10 15:11:00,2026-01-11,Henan,Luoyang,normal,picked
ORD_0000077,CUST_00119,WH_002,2026-01-10 08:27:00,2026-01-11,Zhejiang,Wenzhou,normal,pending
ORD_0000078,CUST_00145,WH_002,2026-01-10 09:56:00,2026-01-11,Sichuan,Chengdu,normal,picked
ORD_0000079,CUST_00083,WH_002,2026-01-10 14:51:00,2026-01-11,Zhejiang,Ningbo,normal,pending
ORD_0000080,CUST_00002,WH_001,2026-01-10 07:14:00,2026-01-12,Sichuan,Deyang,normal,picking
ORD_0000081,CUST_00066,WH_002,2026-01-10 19:21:00,2026-01-11,Zhejiang,Hangzhou,normal,dispatched
ORD_0000082,CUST_00052,WH_002,2026-01-10 14:11:00,2026-01-11,Guangdong,Dongguan,normal,delivered
ORD_0000083,CUST_00055,WH_001,2026-01-10 09:16:00,2026-01-11,Henan,Zhengzhou,normal,dispatched
ORD_0000084,CUST_00149,WH_003,2026-01-10 21:17:00,2026-01-11,Henan,Zhengzhou,normal,dispatched
ORD_0000085,CUST_00142,WH_002,2026-01-10 11:54:00,2026-01-12,Hubei,Wuhan,normal,picked
ORD_0000086,CUST_00110,WH_002,2026-01-10 06:15:00,2026-01-11,Zhejiang,Ningbo,high,pending
ORD_0000087,CUST_00050,WH_003,2026-01-10 11:47:00,2026-01-11,Shandong,Jinan,normal,picking
ORD_0000088,CUST_00183,WH_003,2026-01-10 17:50:00,2026-01-11,Jiangsu,Nanjing,normal,picked
ORD_0000089,CUST_00068,WH_001,2026-01-10 07:50:00,2026-01-12,Shandong,Qingdao,normal,delivered
ORD_0000090,CUST_00036,WH_002,2026-01-10 10:50:00,2026-01-11,Sichuan,Mianyang,normal,delivered
ORD_0000091,CUST_00128,WH_002,2026-01-10 07:46:00,2026-01-11,Zhejiang,Wenzhou,high,pending
ORD_0000092,CUST_00177,WH_002,2026-01-10 08:52:00,2026-01-11,Zhejiang,Ningbo,normal,picking
ORD_0000093,CUST_00085,WH_001,2026-01-10 08:08:00,2026-01-11,Shandong,Qingdao,normal,delivered
ORD_0000094,CUST_00058,WH_003,2026-01-10 07:45:00,2026-01-11,Jiangsu,Suzhou,normal,picking
ORD_0000095,CUST_00189,WH_002,2026-01-10 08:26:00,2026-01-11,Hubei,Xiangyang,normal,dispatched
ORD_0000096,CUST_00136,WH_002,2026-01-10 17:30:00,2026-01-11,Hubei,Yichang,normal,dispatched
ORD_0000097,CUST_00005,WH_002,2026-01-10 13:08:00,2026-01-11,Zhejiang,Hangzhou,normal,delivered
ORD_0000098,CUST_00033,WH_002,2026-01-10 16:58:00,2026-01-11,Jiangsu,Nanjing,high,picking
ORD_0000099,CUST_00110,WH_002,2026-01-10 10:51:00,2026-01-11,Zhejiang,Ningbo,high,dispatched
ORD_0000100,CUST_00060,WH_001,2026-01-10 14:26:00,2026-01-11,Zhejiang,Ningbo,normal,picked
ORD_0000101,CUST_00033,WH_003,2026-01-10 08:11:00,2026-01-11,Jiangsu,Nanjing,normal,picking
ORD_0000102,CUST_00146,WH_003,2026-01-10 19:09:00,2026-01-11,Zhejiang,Hangzhou,normal,pending
ORD_0000103,CUST_00054,WH_001,2026-01-10 13:28:00,2026-01-11,Guangdong,Dongguan,normal,picking
ORD_0000104,CUST_00072,WH_001,2026-01-10 08:43:00,2026-01-11,Zhejiang,Wenzhou,normal,picked
ORD_0000105,CUST_00152,WH_003,2026-01-10 16:21:00,2026-01-11,Shandong,Qingdao,high,delivered
ORD_0000106,CUST_00065,WH_001,2026-01-10 15:41:00,2026-01-12,Shandong,Jinan,normal,pending
ORD_0000107,CUST_00101,WH_003,2026-01-10 19:16:00,2026-01-12,Hubei,Wuhan,high,delivered
ORD_0000108,CUST_00059,WH_002,2026-01-10 19:53:00,2026-01-11,Hubei,Yichang,normal,picked
ORD_0000109,CUST_00010,WH_002,2026-01-10 18:48:00,2026-01-11,Sichuan,Mianyang,high,picking
ORD_0000110,CUST_00037,WH_003,2026-01-10 09:36:00,2026-01-11,Jiangsu,Wuxi,high,picked
ORD_0000111,CUST_00186,WH_003,2026-01-10 20:09:00,2026-01-11,Sichuan,Chengdu,normal,picked
ORD_0000112,CUST_00070,WH_001,2026-01-10 10:09:00,2026-01-11,Zhejiang,Wenzhou,normal,picked
ORD_0000113,CUST_00194,WH_003,2026-01-10 07:21:00,2026-01-11,Zhejiang,Wenzhou,normal,picked
ORD_0000114,CUST_00180,WH_002,2026-01-10 21:48:00,2026-01-11,Shandong,Yantai,normal,picked
ORD_0000115,CUST_00052,WH_003,2026-01-10 14:17:00,2026-01-11,Guangdong,Dongguan,normal,delivered
ORD_0000116,CUST_00022,WH_001,2026-01-10 21:21:00,2026-01-11,Zhejiang,Wenzhou,high,delivered
ORD_0000117,CUST_00174,WH_002,2026-01-10 08:10:00,2026-01-11,Guangdong,Dongguan,normal,dispatched
ORD_0000118,CUST_00015,WH_001,2026-01-10 08:32:00,2026-01-11,Guangdong,Guangzhou,normal,dispatched
ORD_0000119,CUST_00056,WH_002,2026-01-10 18:52:00,2026-01-11,Shandong,Yantai,normal,picked
ORD_0000120,CUST_00063,WH_002,2026-01-10 13:40:00,2026-01-11,Henan,Luoyang,normal,picked
ORD_0000121,CUST_00079,WH_003,2026-01-10 09:12:00,2026-01-11,Henan,Kaifeng,normal,dispatched
ORD_0000122,CUST_00194,WH_001,2026-01-10 11:10:00,2026-01-12,Zhejiang,Wenzhou,normal,picked
ORD_0000123,CUST_00113,WH_001,2026-01-10 06:20:00,2026-01-12,Shandong,Qingdao,normal,dispatched
ORD_0000124,CUST_00137,WH_001,2026-01-10 11:47:00,2026-01-11,Henan,Kaifeng,normal,dispatched
ORD_0000125,CUST_00042,WH_002,2026-01-10 11:09:00,2026-01-11,Jiangsu,Suzhou,normal,dispatched
ORD_0000126,CUST_00051,WH_001,2026-01-10 16:31:00,2026-01-11,Hubei,Yichang,normal,picked
ORD_0000127,CUST_00125,WH_001,2026-01-10 07:32:00,2026-01-11,Henan,Kaifeng,normal,picking
ORD_0000128,CUST_00118,WH_003,2026-01-10 11:19:00,2026-01-11,Sichuan,Mianyang,normal,picking
ORD_0000129,CUST_00147,WH_002,2026-01-10 16:25:00,2026-01-11,Zhejiang,Hangzhou,normal,dispatched
ORD_0000130,CUST_00101,WH_002,2026-01-10 07:52:00,2026-01-11,Hubei,Wuhan,high,delivered
ORD_0000131,CUST_00059,WH_003,2026-01-10 17:10:00,2026-01-11,Hubei,Yichang,normal,delivered
ORD_0000132,CUST_00145,WH_002,2026-01-10 12:13:00,2026-01-11,Sichuan,Chengdu,normal,dispatched
ORD_0000133,CUST_00183,WH_003,2026-01-10 06:43:00,2026-01-12,Jiangsu,Nanjing,urgent,picked
ORD_0000134,CUST_00128,WH_002,2026-01-10 12:37:00,2026-01-11,Zhejiang,Wenzhou,high,dispatched
ORD_0000135,CUST_00050,WH_001,2026-01-10 20:47:00,2026-01-11,Shandong,Jinan,normal,picking
ORD_0000136,CUST_00172,WH_001,2026-01-10 14:42:00,2026-01-11,Sichuan,Deyang,normal,dispatched
ORD_0000137,CUST_00082,WH_002,2026-01-10 16:03:00,2026-01-11,Zhejiang,Wenzhou,normal,dispatched
ORD_0000138,CUST_00115,WH_001,2026-01-10 13:47:00,2026-01-11,Shandong,Jinan,normal,picking
ORD_0000139,CUST_00144,WH_002,2026-01-10 07:59:00,2026-01-11,Shandong,Qingdao,normal,dispatched
ORD_0000140,CUST_00024,WH_002,2026-01-10 10:29:00,2026-01-11,Jiangsu,Wuxi,normal,delivered
ORD_0000141,CUST_00020,WH_003,2026-01-10 10:13:00,2026-01-11,Jiangsu,Nanjing,normal,picking
ORD_0000142,CUST_00038,WH_003,2026-01-10 18:08:00,2026-01-12,Hubei,Yichang,high,delivered
ORD_0000143,CUST_00126,WH_003,2026-01-10 13:39:00,2026-01-11,Jiangsu,Nanjing,normal,dispatched
ORD_0000144,CUST_00014,WH_001,2026-01-10 08:17:00,2026-01-11,Shandong,Yantai,normal,picking
ORD_0000145,CUST_00080,WH_002,2026-01-10 08:48:00,2026-01-11,Jiangsu,Nanjing,normal,dispatched
ORD_0000146,CUST_00185,WH_002,2026-01-10 19:06:00,2026-01-11,Guangdong,Dongguan,normal,picked
ORD_0000147,CUST_00087,WH_001,2026-01-10 09:20:00,2026-01-11,Guangdong,Guangzhou,normal,picked
ORD_0000148,CUST_00020,WH_002,2026-01-10 19:29:00,2026-01-11,Jiangsu,Nanjing,normal,pending
ORD_0000149,CUST_00168,WH_002,2026-01-10 08:19:00,2026-01-11,Hubei,Wuhan,normal,picked
ORD_0000150,CUST_00192,WH_003,2026-01-10 15:06:00,2026-01-11,Shandong,Qingdao,normal,picking
ORD_0000151,CUST_00164,WH_003,2026-01-10 13:49:00,2026-01-11,Zhejiang,Wenzhou,normal,dispatched
ORD_0000152,CUST_00071,WH_003,2026-01-10 12:44:00,2026-01-11,Sichuan,Chengdu,normal,picking
ORD_0000153,CUST_00144,WH_001,2026-01-10 12:11:00,2026-01-11,Shandong,Qingdao,normal,dispatched
ORD_0000154,CUST_00076,WH_002,2026-01-10 08:48:00,2026-01-11,Sichuan,Mianyang,normal,picked
ORD_0000155,CUST_00037,WH_003,2026-01-10 09:51:00,2026-01-11,Jiangsu,Wuxi,normal,picked
ORD_0000156,CUST_00017,WH_001,2026-01-10 15:22:00,2026-01-11,Shandong,Yantai,normal,picked
ORD_0000157,CUST_00106,WH_001,2026-01-10 15:12:00,2026-01-11,Hubei,Wuhan,high,picking
ORD_0000158,CUST_00118,WH_002,2026-01-10 11:56:00,2026-01-11,Sichuan,Mianyang,normal,picked
ORD_0000159,CUST_00019,WH_002,2026-01-10 07:36:00,2026-01-11,Henan,Luoyang,normal,delivered
ORD_0000160,CUST_00059,WH_001,2026-01-10 15:05:00,2026-01-11,Hubei,Yichang,normal,dispatched
ORD_0000161,CUST_00175,WH_002,2026-01-10 11:48:00,2026-01-11,Sichuan,Deyang,normal,picked
ORD_0000162,CUST_00024,WH_001,2026-01-10 21:45:00,2026-01-11,Jiangsu,Wuxi,high,dispatched
ORD_0000163,CUST_00128,WH_001,2026-01-10 17:38:00,2026-01-12,Zhejiang,Wenzhou,normal,picked
ORD_0000164,CUST_00038,WH_002,2026-01-10 12:43:00,2026-01-11,Hubei,Yichang,normal,picked
ORD_0000165,CUST_00185,WH_003,2026-01-10 21:19:00,2026-01-11,Guangdong,Dongguan,normal,pending
ORD_0000166,CUST_00159,WH_003,2026-01-10 11:49:00,2026-01-11,Guangdong,Shenzhen,normal,dispatched
ORD_0000167,CUST_00102,WH_002,2026-01-10 08:21:00,2026-01-11,Sichuan,Chengdu,normal,picked
ORD_0000168,CUST_00019,WH_001,2026-01-10 07:49:00,2026-01-11,Henan,Luoyang,normal,picking
ORD_0000169,CUST_00180,WH_003,2026-01-10 20:12:00,2026-01-11,Shandong,Yantai,normal,pending
ORD_0000170,CUST_00114,WH_003,2026-01-10 13:17:00,2026-01-11,Zhejiang,Ningbo,normal,picking
ORD_0000171,CUST_00129,WH_002,2026-01-10 20:26:00,2026-01-11,Hubei,Yichang,normal,picked
ORD_0000172,CUST_00137,WH_003,2026-01-10 10:32:00,2026-01-11,Henan,Kaifeng,normal,picking
ORD_0000173,CUST_00024,WH_002,2026-01-10 16:36:00,2026-01-11,Jiangsu,Wuxi,normal,picked
ORD_0000174,CUST_00113,WH_002,2026-01-10 07:24:00,2026-01-11,Shandong,Qingdao,urgent,picking
ORD_0000175,CUST_00090,WH_001,2026-01-10 18:35:00,2026-01-11,Hubei,Yichang,high,picked
ORD_0000176,CUST_00029,WH_002,2026-01-10 13:13:00,2026-01-12,Zhejiang,Ningbo,normal,picked
ORD_0000177,CUST_00063,WH_001,2026-01-10 17:09:00,2026-01-11,Henan,Luoyang,urgent,picking
ORD_0000178,CUST_00038,WH_002,2026-01-10 11:44:00,2026-01-11,Hubei,Yichang,high,picked
ORD_0000179,CUST_00002,WH_002,2026-01-10 06:14:00,2026-01-11,Sichuan,Deyang,normal,picked
ORD_0000180,CUST_00082,WH_003,2026-01-10 08:10:00,2026-01-11,Zhejiang,Wenzhou,normal,dispatched
ORD_0000181,CUST_00192,WH_003,2026-01-10 21:01:00,2026-01-11,Shandong,Qingdao,normal,picked
ORD_0000182,CUST_00012,WH_001,2026-01-10 10:04:00,2026-01-11,Sichuan,Deyang,normal,dispatched
ORD_0000183,CUST_00157,WH_001,2026-01-10 16:22:00,2026-01-11,Guangdong,Guangzhou,normal,dispatched
ORD_0000184,CUST_00050,WH_003,2026-01-10 10:00:00,2026-01-12,Shandong,Jinan,normal,delivered
ORD_0000185,CUST_00082,WH_003,2026-01-10 10:51:00,2026-01-11,Zhejiang,Wenzhou,normal,picked
ORD_0000186,CUST_00158,WH_002,2026-01-10 07:34:00,2026-01-11,Zhejiang,Ningbo,normal,picking
ORD_0000187,CUST_00041,WH_002,2026-01-10 21:28:00,2026-01-11,Jiangsu,Nanjing,high,delivered
ORD_0000188,CUST_00113,WH_003,2026-01-10 15:06:00,2026-01-11,Shandong,Qingdao,normal,picking
ORD_0000189,CUST_00111,WH_001,2026-01-10 13:23:00,2026-01-11,Guangdong,Guangzhou,normal,dispatched
ORD_0000190,CUST_00174,WH_001,2026-01-10 07:28:00,2026-01-11,Guangdong,Dongguan,normal,dispatched
ORD_0000191,CUST_00054,WH_002,2026-01-10 14:18:00,2026-01-12,Guangdong,Dongguan,normal,dispatched
ORD_0000192,CUST_00082,WH_002,2026-01-10 20:59:00,2026-01-11,Zhejiang,Wenzhou,normal,picking
ORD_0000193,CUST_00143,WH_003,2026-01-10 08:06:00,2026-01-11,Guangdong,Dongguan,normal,pending
ORD_0000194,CUST_00166,WH_003,2026-01-10 10:42:00,2026-01-11,Henan,Luoyang,normal,picking
ORD_0000195,CUST_00159,WH_001,2026-01-10 11:28:00,2026-01-12,Guangdong,Shenzhen,normal,picked
ORD_0000196,CUST_00148,WH_003,2026-01-10 17:40:00,2026-01-11,Jiangsu,Suzhou,high,pending
ORD_0000197,CUST_00060,WH_001,2026-01-10 13:38:00,2026-01-12,Zhejiang,Ningbo,normal,picking
ORD_0000198,CUST_00179,WH_003,2026-01-10 09:46:00,2026-01-11,Henan,Zhengzhou,normal,picking
ORD_0000199,CUST_00112,WH_003,2026-01-10 12:40:00,2026-01-11,Guangdong,Guangzhou,normal,dispatched
ORD_0000200,CUST_00042,WH_001,2026-01-10 19:14:00,2026-01-11,Jiangsu,Suzhou,normal,delivered
ORD_0000201,CUST_00195,WH_002,2026-01-10 06:43:00,2026-01-11,Zhejiang,Wenzhou,normal,dispatched
ORD_0000202,CUST_00009,WH_001,2026-01-10 20:37:00,2026-01-11,Sichuan,Mianyang,normal,pending
ORD_0000203,CUST_00107,WH_003,2026-01-10 20:29:00,2026-01-11,Henan,Luoyang,normal,delivered
ORD_0000204,CUST_00037,WH_002,2026-01-10 07:55:00,2026-01-11,Jiangsu,Wuxi,high,delivered
ORD_0000205,CUST_00034,WH_001,2026-01-10 13:48:00,2026-01-11,Jiangsu,Suzhou,normal,dispatched
ORD_0000206,CUST_00086,WH_001,2026-01-10 10:05:00,2026-01-11,Guangdong,Dongguan,normal,delivered
ORD_0000207,CUST_00062,WH_002,2026-01-10 10:15:00,2026-01-11,Zhejiang,Wenzhou,high,picking
ORD_0000208,CUST_00114,WH_002,2026-01-10 17:11:00,2026-01-11,Zhejiang,Ningbo,normal,dispatched
ORD_0000209,CUST_00151,WH_001,2026-01-10 16:18:00,2026-01-11,Hubei,Yichang,high,picking
ORD_0000210,CUST_00022,WH_001,2026-01-10 08:28:00,2026-01-11,Zhejiang,Wenzhou,high,dispatched
ORD_0000211,CUST_00077,WH_002,2026-01-10 19:43:00,2026-01-12,Zhejiang,Ningbo,normal,picked
ORD_0000212,CUST_00124,WH_003,2026-01-10 12:26:00,2026-01-11,Guangdong,Dongguan,normal,dispatched
ORD_0000213,CUST_00021,WH_003,2026-01-10 18:10:00,2026-01-12,Guangdong,Shenzhen,high,picked
ORD_0000214,CUST_00018,WH_001,2026-01-10 12:36:00,2026-01-11,Jiangsu,Suzhou,normal,pending
ORD_0000215,CUST_00180,WH_003,2026-01-10 15:26:00,2026-01-11,Shandong,Yantai,high,picking
ORD_0000216,CUST_00141,WH_002,2026-01-10 12:37:00,2026-01-11,Henan,Luoyang,normal,pending
ORD_0000217,CUST_00056,WH_002,2026-01-10 17:52:00,2026-01-11,Shandong,Yantai,normal,pending
ORD_0000218,CUST_00189,WH_002,2026-01-10 19:16:00,2026-01-11,Hubei,Xiangyang,normal,picking
ORD_0000219,CUST_00200,WH_001,2026-01-10 16:41:00,2026-01-11,Zhejiang,Ningbo,normal,picked
ORD_0000220,CUST_00107,WH_001,2026-01-10 14:16:00,2026-01-11,Henan,Luoyang,normal,picked
ORD_0000221,CUST_00018,WH_003,2026-01-10 18:37:00,2026-01-11,Jiangsu,Suzhou,urgent,picking
ORD_0000222,CUST_00123,WH_002,2026-01-10 16:07:00,2026-01-11,Guangdong,Guangzhou,normal,dispatched
ORD_0000223,CUST_00059,WH_002,2026-01-10 14:40:00,2026-01-12,Hubei,Yichang,normal,picked
ORD_0000224,CUST_00015,WH_002,2026-01-10 10:22:00,2026-01-11,Guangdong,Guangzhou,high,delivered
ORD_0000225,CUST_00138,WH_001,2026-01-10 15:33:00,2026-01-11,Guangdong,Shenzhen,normal,picked
ORD_0000226,CUST_00058,WH_003,2026-01-10 16:32:00,2026-01-11,Jiangsu,Suzhou,normal,picked
ORD_0000227,CUST_00107,WH_003,2026-01-10 06:03:00,2026-01-12,Henan,Luoyang,normal,picked
ORD_0000228,CUST_00188,WH_002,2026-01-10 11:15:00,2026-01-12,Shandong,Qingdao,normal,picking
ORD_0000229,CUST_00162,WH_002,2026-01-10 17:51:00,2026-01-12,Zhejiang,Ningbo,normal,picking
ORD_0000230,CUST_00092,WH_002,2026-01-10 10:24:00,2026-01-11,Jiangsu,Nanjing,normal,picked
ORD_0000231,CUST_00198,WH_003,2026-01-10 20:24:00,2026-01-11,Shandong,Yantai,high,dispatched
ORD_0000232,CUST_00056,WH_002,2026-01-10 18:47:00,2026-01-11,Shandong,Yantai,normal,dispatched
ORD_0000233,CUST_00007,WH_001,2026-01-10 07:03:00,2026-01-12,Sichuan,Deyang,normal,pending
ORD_0000234,CUST_00037,WH_003,2026-01-10 14:46:00,2026-01-11,Jiangsu,Wuxi,high,dispatched
ORD_0000235,CUST_00003,WH_001,2026-01-10 08:35:00,2026-01-11,Henan,Zhengzhou,normal,picking
ORD_0000236,CUST_00086,WH_002,2026-01-10 09:54:00,2026-01-11,Guangdong,Dongguan,normal,dispatched
ORD_0000237,CUST_00141,WH_002,2026-01-10 13:33:00,2026-01-11,Henan,Luoyang,normal,picked
ORD_0000238,CUST_00064,WH_001,2026-01-10 14:23:00,2026-01-11,Zhejiang,Wenzhou,normal,delivered
ORD_0000239,CUST_00034,WH_001,2026-01-10 08:41:00,2026-01-11,Jiangsu,Suzhou,normal,delivered
ORD_0000240,CUST_00131,WH_001,2026-01-10 21:33:00,2026-01-11,Henan,Kaifeng,normal,dispatched
ORD_0000241,CUST_00003,WH_001,2026-01-10 18:11:00,2026-01-12,Henan,Zhengzhou,normal,pending
ORD_0000242,CUST_00121,WH_002,2026-01-10 13:52:00,2026-01-11,Sichuan,Deyang,normal,picking
ORD_0000243,CUST_00023,WH_003,2026-01-10 17:45:00,2026-01-11,Guangdong,Dongguan,normal,delivered
ORD_0000244,CUST_00042,WH_002,2026-01-10 12:54:00,2026-01-11,Jiangsu,Suzhou,normal,dispatched
ORD_0000245,CUST_00085,WH_002,2026-01-10 12:01:00,2026-01-11,Shandong,Qingdao,normal,picking
ORD_0000246,CUST_00134,WH_002,2026-01-10 18:57:00,2026-01-11,Sichuan,Mianyang,high,picked
ORD_0000247,CUST_00024,WH_003,2026-01-10 06:53:00,2026-01-11,Jiangsu,Wuxi,normal,picked
ORD_0000248,CUST_00115,WH_003,2026-01-10 20:08:00,2026-01-11,Shandong,Jinan,normal,dispatched
ORD_0000249,CUST_00043,WH_003,2026-01-10 12:01:00,2026-01-12,Zhejiang,Hangzhou,high,picked
ORD_0000250,CUST_00147,WH_003,2026-01-10 16:06:00,2026-01-11,Zhejiang,Hangzhou,normal,delivered
ORD_0000251,CUST_00168,WH_003,2026-01-10 09:58:00,2026-01-11,Hubei,Wuhan,high,delivered
ORD_0000252,CUST_00056,WH_003,2026-01-10 21:53:00,2026-01-11,Shandong,Yantai,normal,picked
ORD_0000253,CUST_00074,WH_002,2026-01-10 07:53:00,2026-01-12,Sichuan,Mianyang,normal,dispatched
ORD_0000254,CUST_00105,WH_003,2026-01-10 21:36:00,2026-01-11,Sichuan,Chengdu,normal,picked
ORD_0000255,CUST_00152,WH_002,2026-01-10 20:48:00,2026-01-11,Shandong,Qingdao,normal,picked
ORD_0000256,CUST_00079,WH_001,2026-01-10 13:17:00,2026-01-11,Henan,Kaifeng,urgent,dispatched
ORD_0000257,CUST_00120,WH_002,2026-01-10 10:43:00,2026-01-11,Guangdong,Dongguan,normal,picking
ORD_0000258,CUST_00009,WH_003,2026-01-10 09:07:00,2026-01-11,Sichuan,Mianyang,normal,dispatched
ORD_0000259,CUST_00077,WH_003,2026-01-10 20:56:00,2026-01-11,Zhejiang,Ningbo,normal,delivered
ORD_0000260,CUST_00079,WH_003,2026-01-10 08:22:00,2026-01-11,Henan,Kaifeng,normal,dispatched
ORD_0000261,CUST_00111,WH_003,2026-01-10 13:38:00,2026-01-11,Guangdong,Guangzhou,normal,dispatched
ORD_0000262,CUST_00056,WH_001,2026-01-10 20:34:00,2026-01-11,Shandong,Yantai,normal,picking
ORD_0000263,CUST_00103,WH_002,2026-01-10 13:49:00,2026-01-11,Zhejiang,Hangzhou,normal,picking
ORD_0000264,CUST_00150,WH_002,2026-01-10 10:54:00,2026-01-11,Guangdong,Guangzhou,high,picked
ORD_0000265,CUST_00148,WH_002,2026-01-10 11:08:00,2026-01-11,Jiangsu,Suzhou,normal,dispatched
ORD_0000266,CUST_00025,WH_003,2026-01-10 08:11:00,2026-01-11,Hubei,Yichang,high,picking
ORD_0000267,CUST_00080,WH_002,2026-01-10 11:31:00,2026-01-11,Jiangsu,Nanjing,normal,pending
ORD_0000268,CUST_00104,WH_001,2026-01-10 09:25:00,2026-01-11,Zhejiang,Ningbo,normal,picking
ORD_0000269,CUST_00114,WH_002,2026-01-10 14:00:00,2026-01-12,Zhejiang,Ningbo,normal,dispatched
ORD_0000270,CUST_00054,WH_001,2026-01-10 20:23:00,2026-01-11,Guangdong,Dongguan,high,delivered
ORD_0000271,CUST_00028,WH_003,2026-01-10 13:30:00,2026-01-11,Hubei,Wuhan,normal,dispatched
ORD_0000272,CUST_00113,WH_002,2026-01-10 08:29:00,2026-01-11,Shandong,Qingdao,high,picked
ORD_0000273,CUST_00068,WH_001,2026-01-10 07:57:00,2026-01-11,Shandong,Qingdao,normal,dispatched
ORD_0000274,CUST_00028,WH_002,2026-01-10 12:08:00,2026-01-11,Hubei,Wuhan,normal,picked
ORD_0000275,CUST_00123,WH_001,2026-01-10 06:46:00,2026-01-11,Guangdong,Guangzhou,normal,delivered
ORD_0000276,CUST_00169,WH_003,2026-01-10 17:40:00,2026-01-11,Shandong,Jinan,normal,dispatched
ORD_0000277,CUST_00028,WH_002,2026-01-10 10:36:00,2026-01-11,Hubei,Wuhan,normal,dispatched
ORD_0000278,CUST_00110,WH_003,2026-01-10 20:14:00,2026-01-11,Zhejiang,Ningbo,high,dispatched
ORD_0000279,CUST_00135,WH_001,2026-01-10 14:38:00,2026-01-11,Shandong,Yantai,normal,delivered
ORD_0000280,CUST_00199,WH_002,2026-01-10 18:04:00,2026-01-12,Guangdong,Dongguan,normal,delivered
ORD_0000281,CUST_00170,WH_001,2026-01-10 12:07:00,2026-01-11,Henan,Luoyang,normal,picking
ORD_0000282,CUST_00159,WH_001,2026-01-10 18:23:00,2026-01-11,Guangdong,Shenzhen,normal,picked
ORD_0000283,CUST_00107,WH_001,2026-01-10 12:37:00,2026-01-12,Henan,Luoyang,normal,picking
ORD_0000284,CUST_00055,WH_002,2026-01-10 12:51:00,2026-01-11,Henan,Zhengzhou,normal,picking
ORD_0000285,CUST_00113,WH_003,2026-01-10 15:28:00,2026-01-12,Shandong,Qingdao,normal,delivered
ORD_0000286,CUST_00044,WH_001,2026-01-10 11:06:00,2026-01-11,Henan,Luoyang,normal,pending
ORD_0000287,CUST_00026,WH_001,2026-01-10 21:03:00,2026-01-11,Guangdong,Guangzhou,normal,picking
ORD_0000288,CUST_00077,WH_002,2026-01-10 19:01:00,2026-01-11,Zhejiang,Ningbo,normal,dispatched
ORD_0000289,CUST_00093,WH_001,2026-01-10 18:20:00,2026-01-11,Guangdong,Guangzhou,normal,picking
ORD_0000290,CUST_00078,WH_001,2026-01-10 08:29:00,2026-01-11,Henan,Kaifeng,high,picked
ORD_0000291,CUST_00117,WH_002,2026-01-10 16:54:00,2026-01-11,Zhejiang,Wenzhou,normal,delivered
ORD_0000292,CUST_00158,WH_002,2026-01-10 12:22:00,2026-01-11,Zhejiang,Ningbo,normal,picked
ORD_0000293,CUST_00039,WH_003,2026-01-10 13:45:00,2026-01-11,Shandong,Qingdao,normal,delivered
ORD_0000294,CUST_00146,WH_002,2026-01-10 13:46:00,2026-01-11,Zhejiang,Hangzhou,normal,pending
ORD_0000295,CUST_00116,WH_003,2026-01-10 10:02:00,2026-01-11,Henan,Kaifeng,normal,delivered
ORD_0000296,CUST_00088,WH_001,2026-01-10 14:22:00,2026-01-11,Shandong,Yantai,normal,picking
ORD_0000297,CUST_00036,WH_002,2026-01-10 12:00:00,2026-01-11,Sichuan,Mianyang,normal,picked
ORD_0000298,CUST_00057,WH_003,2026-01-10 06:47:00,2026-01-11,Guangdong,Dongguan,normal,dispatched
ORD_0000299,CUST_00070,WH_002,2026-01-10 08:20:00,2026-01-11,Zhejiang,Wenzhou,normal,dispatched
ORD_0000300,CUST_00033,WH_003,2026-01-10 13:59:00,2026-01-11,Jiangsu,Nanjing,normal,picked
ORD_0000301,CUST_00048,WH_003,2026-01-10 14:01:00,2026-01-11,Shandong,Jinan,normal,pending
ORD_0000302,CUST_00092,WH_002,2026-01-10 19:28:00,2026-01-11,Jiangsu,Nanjing,urgent,dispatched
ORD_0000303,CUST_00184,WH_003,2026-01-10 06:15:00,2026-01-11,Jiangsu,Nanjing,normal,pending
ORD_0000304,CUST_00010,WH_003,2026-01-10 17:06:00,2026-01-11,Sichuan,Mianyang,high,delivered
ORD_0000305,CUST_00071,WH_003,2026-01-10 06:29:00,2026-01-12,Sichuan,Chengdu,normal,pending
ORD_0000306,CUST_00080,WH_002,2026-01-10 13:32:00,2026-01-11,Jiangsu,Nanjing,normal,dispatched
ORD_0000307,CUST_00197,WH_001,2026-01-10 07:30:00,2026-01-11,Jiangsu,Nanjing,normal,picked
ORD_0000308,CUST_00181,WH_001,2026-01-10 14:47:00,2026-01-11,Hubei,Yichang,normal,picking
ORD_0000309,CUST_00173,WH_003,2026-01-10 12:15:00,2026-01-11,Henan,Kaifeng,normal,picked
ORD_0000310,CUST_00166,WH_002,2026-01-10 12:30:00,2026-01-11,Henan,Luoyang,high,picking
ORD_0000311,CUST_00032,WH_001,2026-01-10 07:44:00,2026-01-11,Henan,Luoyang,urgent,picked
ORD_0000312,CUST_00044,WH_001,2026-01-10 13:24:00,2026-01-11,Henan,Luoyang,normal,dispatched
ORD_0000313,CUST_00112,WH_001,2026-01-10 17:42:00,2026-01-11,Guangdong,Guangzhou,normal,dispatched
ORD_0000314,CUST_00181,WH_003,2026-01-10 14:25:00,2026-01-12,Hubei,Yichang,urgent,delivered
ORD_0000315,CUST_00182,WH_001,2026-01-10 08:28:00,2026-01-11,Zhejiang,Hangzhou,high,dispatched
ORD_0000316,CUST_00063,WH_002,2026-01-10 19:17:00,2026-01-11,Henan,Luoyang,normal,pending
ORD_0000317,CUST_00061,WH_003,2026-01-10 10:45:00,2026-01-11,Shandong,Qingdao,normal,pending
ORD_0000318,CUST_00111,WH_001,2026-01-10 19:01:00,2026-01-11,Guangdong,Guangzhou,normal,picked
ORD_0000319,CUST_00012,WH_002,2026-01-10 13:27:00,2026-01-11,Sichuan,Deyang,normal,picked
ORD_0000320,CUST_00104,WH_003,2026-01-10 20:24:00,2026-01-11,Zhejiang,Ningbo,normal,dispatched
ORD_0000321,CUST_00039,WH_002,2026-01-10 17:41:00,2026-01-11,Shandong,Qingdao,normal,picked
ORD_0000322,CUST_00081,WH_003,2026-01-10 17:57:00,2026-01-11,Hubei,Xiangyang,normal,pending
ORD_0000323,CUST_00039,WH_001,2026-01-10 10:00:00,2026-01-11,Shandong,Qingdao,normal,dispatched
ORD_0000324,CUST_00026,WH_003,2026-01-10 21:30:00,2026-01-11,Guangdong,Guangzhou,normal,delivered
ORD_0000325,CUST_00154,WH_003,2026-01-10 15:44:00,2026-01-11,Guangdong,Dongguan,urgent,picking
ORD_0000326,CUST_00190,WH_001,2026-01-10 09:33:00,2026-01-11,Henan,Luoyang,normal,dispatched
ORD_0000327,CUST_00067,WH_003,2026-01-10 12:18:00,2026-01-11,Zhejiang,Wenzhou,urgent,picked
ORD_0000328,CUST_00158,WH_002,2026-01-10 07:50:00,2026-01-11,Zhejiang,Ningbo,normal,picking
ORD_0000329,CUST_00165,WH_003,2026-01-10 06:40:00,2026-01-11,Shandong,Yantai,normal,picked
ORD_0000330,CUST_00155,WH_001,2026-01-10 21:50:00,2026-01-11,Sichuan,Chengdu,high,dispatched
ORD_0000331,CUST_00160,WH_001,2026-01-10 20:47:00,2026-01-11,Shandong,Qingdao,high,picking
ORD_0000332,CUST_00071,WH_002,2026-01-10 10:39:00,2026-01-11,Sichuan,Chengdu,normal,dispatched
ORD_0000333,CUST_00105,WH_003,2026-01-10 12:58:00,2026-01-11,Sichuan,Chengdu,normal,dispatched
ORD_0000334,CUST_00144,WH_001,2026-01-10 12:29:00,2026-01-11,Shandong,Qingdao,normal,pending
ORD_0000335,CUST_00010,WH_002,2026-01-10 17:16:00,2026-01-12,Sichuan,Mianyang,high,picking
ORD_0000336,CUST_00123,WH_003,2026-01-10 19:59:00,2026-01-11,Guangdong,Guangzhou,high,picked
ORD_0000337,CUST_00027,WH_003,2026-01-10 08:19:00,2026-01-11,Jiangsu,Wuxi,high,dispatched
ORD_0000338,CUST_00130,WH_003,2026-01-10 08:56:00,2026-01-11,Henan,Zhengzhou,normal,delivered
ORD_0000339,CUST_00002,WH_001,2026-01-10 07:08:00,2026-01-11,Sichuan,Deyang,normal,picking
ORD_0000340,CUST_00028,WH_002,2026-01-10 14:04:00,2026-01-11,Hubei,Wuhan,high,picking
ORD_0000341,CUST_00113,WH_002,2026-01-10 17:03:00,2026-01-11,Shandong,Qingdao,normal,picking
ORD_0000342,CUST_00186,WH_002,2026-01-10 07:53:00,2026-01-11,Sichuan,Chengdu,normal,picked
ORD_0000343,CUST_00129,WH_003,2026-01-10 19:47:00,2026-01-11,Hubei,Yichang,normal,picked
ORD_0000344,CUST_00184,WH_001,2026-01-10 08:19:00,2026-01-12,Jiangsu,Nanjing,urgent,delivered
ORD_0000345,CUST_00149,WH_001,2026-01-10 08:57:00,2026-01-11,Henan,Zhengzhou,normal,picking
ORD_0000346,CUST_00005,WH_002,2026-01-10 12:51:00,2026-01-11,Zhejiang,Hangzhou,normal,picked
ORD_0000347,CUST_00198,WH_003,2026-01-10 11:56:00,2026-01-11,Shandong,Yantai,high,delivered
ORD_0000348,CUST_00151,WH_001,2026-01-10 19:14:00,2026-01-11,Hubei,Yichang,high,delivered
ORD_0000349,CUST_00147,WH_002,2026-01-10 09:46:00,2026-01-11,Zhejiang,Hangzhou,normal,dispatched
ORD_0000350,CUST_00137,WH_003,2026-01-10 14:06:00,2026-01-11,Henan,Kaifeng,normal,picking
ORD_0000351,CUST_00095,WH_002,2026-01-10 14:29:00,2026-01-11,Zhejiang,Ningbo,normal,picked
ORD_0000352,CUST_00087,WH_002,2026-01-10 14:44:00,2026-01-12,Guangdong,Guangzhou,normal,picked
ORD_0000353,CUST_00124,WH_002,2026-01-10 08:31:00,2026-01-11,Guangdong,Dongguan,normal,picking
ORD_0000354,CUST_00158,WH_001,2026-01-10 07:05:00,2026-01-11,Zhejiang,Ningbo,normal,dispatched
ORD_0000355,CUST_00199,WH_002,2026-01-10 09:11:00,2026-01-11,Guangdong,Dongguan,normal,delivered
ORD_0000356,CUST_00146,WH_001,2026-01-10 11:16:00,2026-01-11,Zhejiang,Hangzhou,urgent,picking
ORD_0000357,CUST_00046,WH_001,2026-01-10 21:05:00,2026-01-11,Sichuan,Deyang,normal,delivered
ORD_0000358,CUST_00046,WH_001,2026-01-10 20:56:00,2026-01-11,Sichuan,Deyang,normal,picked
ORD_0000359,CUST_00072,WH_001,2026-01-10 19:10:00,2026-01-11,Zhejiang,Wenzhou,high,pending
ORD_0000360,CUST_00160,WH_003,2026-01-10 13:11:00,2026-01-11,Shandong,Qingdao,normal,dispatched
ORD_0000361,CUST_00080,WH_002,2026-01-10 14:57:00,2026-01-11,Jiangsu,Nanjing,normal,picked
ORD_0000362,CUST_00191,WH_001,2026-01-10 08:16:00,2026-01-11,Zhejiang,Ningbo,normal,picking
ORD_0000363,CUST_00034,WH_003,2026-01-10 15:12:00,2026-01-11,Jiangsu,Suzhou,normal,delivered
ORD_0000364,CUST_00040,WH_002,2026-01-10 21:30:00,2026-01-11,Guangdong,Shenzhen,high,picking
ORD_0000365,CUST_00046,WH_003,2026-01-10 16:04:00,2026-01-11,Sichuan,Deyang,high,picking
ORD_0000366,CUST_00094,WH_001,2026-01-10 13:15:00,2026-01-11,Henan,Zhengzhou,normal,pending
ORD_0000367,CUST_00165,WH_003,2026-01-10 21:49:00,2026-01-11,Shandong,Yantai,high,picking
ORD_0000368,CUST_00037,WH_001,2026-01-10 21:38:00,2026-01-11,Jiangsu,Wuxi,high,dispatched
ORD_0000369,CUST_00098,WH_001,2026-01-10 13:36:00,2026-01-12,Zhejiang,Hangzhou,normal,picked
ORD_0000370,CUST_00095,WH_002,2026-01-10 16:21:00,2026-01-11,Zhejiang,Ningbo,normal,picking
ORD_0000371,CUST_00011,WH_003,2026-01-10 12:37:00,2026-01-11,Guangdong,Dongguan,normal,picked
ORD_0000372,CUST_00114,WH_003,2026-01-10 10:50:00,2026-01-11,Zhejiang,Ningbo,normal,delivered
ORD_0000373,CUST_00006,WH_003,2026-01-10 20:29:00,2026-01-11,Zhejiang,Ningbo,high,picked
ORD_0000374,CUST_00013,WH_002,2026-01-10 15:36:00,2026-01-11,Hubei,Wuhan,normal,delivered
ORD_0000375,CUST_00190,WH_001,2026-01-10 10:42:00,2026-01-11,Henan,Luoyang,normal,picked
ORD_0000376,CUST_00061,WH_002,2026-01-10 09:31:00,2026-01-11,Shandong,Qingdao,normal,picked
ORD_0000377,CUST_00073,WH_001,2026-01-10 10:26:00,2026-01-11,Jiangsu,Wuxi,normal,picked
ORD_0000378,CUST_00054,WH_002,2026-01-10 08:23:00,2026-01-11,Guangdong,Dongguan,normal,picking
ORD_0000379,CUST_00066,WH_003,2026-01-10 11:51:00,2026-01-11,Zhejiang,Hangzhou,normal,picking
ORD_0000380,CUST_00117,WH_003,2026-01-10 12:04:00,2026-01-11,Zhejiang,Wenzhou,high,picked
ORD_0000381,CUST_00021,WH_002,2026-01-10 21:10:00,2026-01-11,Guangdong,Shenzhen,normal,pending
ORD_0000382,CUST_00107,WH_003,2026-01-10 16:45:00,2026-01-11,Henan,Luoyang,normal,picked
ORD_0000383,CUST_00029,WH_001,2026-01-10 15:50:00,2026-01-11,Zhejiang,Ningbo,normal,picked
ORD_0000384,CUST_00139,WH_002,2026-01-10 14:48:00,2026-01-11,Zhejiang,Ningbo,normal,picked
ORD_0000385,CUST_00052,WH_002,2026-01-10 15:25:00,2026-01-12,Guangdong,Dongguan,normal,picked
ORD_0000386,CUST_00159,WH_003,2026-01-10 18:20:00,2026-01-11,Guangdong,Shenzhen,normal,dispatched
ORD_0000387,CUST_00121,WH_002,2026-01-10 10:43:00,2026-01-11,Sichuan,Deyang,normal,picking
ORD_0000388,CUST_00158,WH_001,2026-01-10 07:09:00,2026-01-12,Zhejiang,Ningbo,normal,pending
ORD_0000389,CUST_00086,WH_003,2026-01-10 17:56:00,2026-01-11,Guangdong,Dongguan,high,picked
ORD_0000390,CUST_00076,WH_003,2026-01-10 07:28:00,2026-01-11,Sichuan,Mianyang,normal,picked
ORD_0000391,CUST_00010,WH_002,2026-01-10 10:50:00,2026-01-11,Sichuan,Mianyang,normal,dispatched
ORD_0000392,CUST_00146,WH_002,2026-01-10 12:29:00,2026-01-12,Zhejiang,Hangzhou,normal,dispatched
ORD_0000393,CUST_00131,WH_002,2026-01-10 06:01:00,2026-01-11,Henan,Kaifeng,normal,picked
ORD_0000394,CUST_00073,WH_001,2026-01-10 06:11:00,2026-01-11,Jiangsu,Wuxi,urgent,pending
ORD_0000395,CUST_00182,WH_001,2026-01-10 17:08:00,2026-01-11,Zhejiang,Hangzhou,high,picking
ORD_0000396,CUST_00182,WH_003,2026-01-10 20:12:00,2026-01-11,Zhejiang,Hangzhou,high,picked
ORD_0000397,CUST_00042,WH_001,2026-01-10 19:55:00,2026-01-11,Jiangsu,Suzhou,normal,dispatched
ORD_0000398,CUST_00025,WH_002,2026-01-10 20:41:00,2026-01-11,Hubei,Yichang,normal,picked
ORD_0000399,CUST_00187,WH_003,2026-01-10 18:59:00,2026-01-11,Jiangsu,Wuxi,normal,picked
ORD_0000400,CUST_00175,WH_001,2026-01-10 13:44:00,2026-01-11,Sichuan,Deyang,urgent,picking
ORD_0000401,CUST_00198,WH_002,2026-01-10 20:44:00,2026-01-11,Shandong,Yantai,normal,picked
ORD_0000402,CUST_00124,WH_001,2026-01-10 14:18:00,2026-01-11,Guangdong,Dongguan,normal,delivered
ORD_0000403,CUST_00025,WH_001,2026-01-10 08:00:00,2026-01-11,Hubei,Yichang,high,picked
ORD_0000404,CUST_00023,WH_001,2026-01-10 13:57:00,2026-01-11,Guangdong,Dongguan,normal,delivered
ORD_0000405,CUST_00175,WH_002,2026-01-10 11:25:00,2026-01-11,Sichuan,Deyang,normal,dispatched
ORD_0000406,CUST_00135,WH_003,2026-01-10 21:47:00,2026-01-11,Shandong,Yantai,normal,dispatched
ORD_0000407,CUST_00086,WH_003,2026-01-10 18:58:00,2026-01-11,Guangdong,Dongguan,normal,dispatched
ORD_0000408,CUST_00021,WH_003,2026-01-10 13:56:00,2026-01-11,Guangdong,Shenzhen,normal,picked
ORD_0000409,CUST_00091,WH_001,2026-01-10 09:34:00,2026-01-11,Zhejiang,Ningbo,normal,pending
ORD_0000410,CUST_00078,WH_002,2026-01-10 11:03:00,2026-01-11,Henan,Kaifeng,high,picking
ORD_0000411,CUST_00180,WH_001,2026-01-10 10:53:00,2026-01-11,Shandong,Yantai,normal,delivered
ORD_0000412,CUST_00152,WH_001,2026-01-10 21:18:00,2026-01-11,Shandong,Qingdao,normal,picking
ORD_0000413,CUST_00086,WH_002,2026-01-10 15:53:00,2026-01-11,Guangdong,Dongguan,normal,picked
ORD_0000414,CUST_00095,WH_002,2026-01-10 21:45:00,2026-01-11,Zhejiang,Ningbo,normal,delivered
ORD_0000415,CUST_00017,WH_001,2026-01-10 15:47:00,2026-01-11,Shandong,Yantai,normal,picking
ORD_0000416,CUST_00162,WH_002,2026-01-11 20:45:00,2026-01-12,Zhejiang,Ningbo,normal,delivered
ORD_0000417,CUST_00133,WH_003,2026-01-11 14:43:00,2026-01-12,Zhejiang,Wenzhou,normal,picked
ORD_0000418,CUST_00043,WH_003,2026-01-11 13:25:00,2026-01-12,Zhejiang,Hangzhou,normal,dispatched
ORD_0000419,CUST_00179,WH_002,2026-01-11 13:45:00,2026-01-12,Henan,Zhengzhou,normal,dispatched
ORD_0000420,CUST_00094,WH_001,2026-01-11 18:07:00,2026-01-12,Henan,Zhengzhou,normal,picked
ORD_0000421,CUST_00114,WH_001,2026-01-11 06:43:00,2026-01-12,Zhejiang,Ningbo,normal,delivered
ORD_0000422,CUST_00127,WH_002,2026-01-11 07:49:00,2026-01-12,Henan,Luoyang,normal,picked
ORD_0000423,CUST_00105,WH_002,2026-01-11 19:36:00,2026-01-12,Sichuan,Chengdu,normal,delivered
ORD_0000424,CUST_00149,WH_002,2026-01-11 15:57:00,2026-01-13,Henan,Zhengzhou,normal,dispatched
ORD_0000425,CUST_00121,WH_001,2026-01-11 18:28:00,2026-01-12,Sichuan,Deyang,urgent,picked
ORD_0000426,CUST_00163,WH_001,2026-01-11 11:25:00,2026-01-12,Jiangsu,Nanjing,normal,picking
ORD_0000427,CUST_00013,WH_001,2026-01-11 16:09:00,2026-01-12,Hubei,Wuhan,high,dispatched
ORD_0000428,CUST_00072,WH_002,2026-01-11 08:06:00,2026-01-12,Zhejiang,Wenzhou,normal,picking
ORD_0000429,CUST_00089,WH_002,2026-01-11 20:51:00,2026-01-12,Guangdong,Shenzhen,normal,dispatched
ORD_0000430,CUST_00048,WH_002,2026-01-11 20:27:00,2026-01-12,Shandong,Jinan,normal,delivered
ORD_0000431,CUST_00092,WH_001,2026-01-11 13:27:00,2026-01-12,Jiangsu,Nanjing,normal,dispatched
ORD_0000432,CUST_00102,WH_003,2026-01-11 08:28:00,2026-01-12,Sichuan,Chengdu,normal,delivered
ORD_0000433,CUST_00097,WH_001,2026-01-11 15:30:00,2026-01-12,Hubei,Yichang,normal,picked
ORD_0000434,CUST_00076,WH_001,2026-01-11 13:47:00,2026-01-12,Sichuan,Mianyang,normal,picking
ORD_0000435,CUST_00109,WH_003,2026-01-11 09:24:00,2026-01-13,Shandong,Jinan,urgent,picked
ORD_0000436,CUST_00185,WH_001,2026-01-11 16:48:00,2026-01-12,Guangdong,Dongguan,normal,picking
ORD_0000437,CUST_00198,WH_002,2026-01-11 18:10:00,2026-01-13,Shandong,Yantai,normal,dispatched
ORD_0000438,CUST_00200,WH_003,2026-01-11 08:36:00,2026-01-12,Zhejiang,Ningbo,normal,picking
ORD_0000439,CUST_00040,WH_003,2026-01-11 10:02:00,2026-01-12,Guangdong,Shenzhen,high,picked
ORD_0000440,CUST_00128,WH_001,2026-01-11 10:19:00,2026-01-12,Zhejiang,Wenzhou,normal,picked
ORD_0000441,CUST_00106,WH_003,2026-01-11 21:18:00,2026-01-12,Hubei,Wuhan,normal,picking
ORD_0000442,CUST_00130,WH_001,2026-01-11 21:38:00,2026-01-12,Henan,Zhengzhou,normal,picked
ORD_0000443,CUST_00061,WH_003,2026-01-11 18:06:00,2026-01-13,Shandong,Qingdao,normal,delivered
ORD_0000444,CUST_00018,WH_002,2026-01-11 19:55:00,2026-01-12,Jiangsu,Suzhou,normal,dispatched
ORD_0000445,CUST_00070,WH_003,2026-01-11 07:29:00,2026-01-12,Zhejiang,Wenzhou,normal,picking
ORD_0000446,CUST_00050,WH_001,2026-01-11 13:08:00,2026-01-12,Shandong,Jinan,normal,picked
ORD_0000447,CUST_00171,WH_001,2026-01-11 12:42:00,2026-01-12,Guangdong,Guangzhou,normal,delivered
ORD_0000448,CUST_00044,WH_002,2026-01-11 18:12:00,2026-01-13,Henan,Luoyang,normal,picking
ORD_0000449,CUST_00014,WH_003,2026-01-11 08:58:00,2026-01-13,Shandong,Yantai,normal,dispatched
ORD_0000450,CUST_00021,WH_002,2026-01-11 18:59:00,2026-01-12,Guangdong,Shenzhen,high,dispatched
ORD_0000451,CUST_00181,WH_001,2026-01-11 15:27:00,2026-01-12,Hubei,Yichang,normal,dispatched
ORD_0000452,CUST_00065,WH_001,2026-01-11 21:29:00,2026-01-12,Shandong,Jinan,high,picking
ORD_0000453,CUST_00097,WH_002,2026-01-11 17:11:00,2026-01-12,Hubei,Yichang,normal,picking
ORD_0000454,CUST_00077,WH_001,2026-01-11 17:16:00,2026-01-12,Zhejiang,Ningbo,normal,picked
ORD_0000455,CUST_00026,WH_003,2026-01-11 18:40:00,2026-01-12,Guangdong,Guangzhou,normal,delivered
ORD_0000456,CUST_00055,WH_002,2026-01-11 21:21:00,2026-01-12,Henan,Zhengzhou,normal,dispatched
ORD_0000457,CUST_00092,WH_001,2026-01-11 08:51:00,2026-01-13,Jiangsu,Nanjing,normal,dispatched
ORD_0000458,CUST_00168,WH_003,2026-01-11 14:19:00,2026-01-12,Hubei,Wuhan,high,dispatched
ORD_0000459,CUST_00137,WH_001,2026-01-11 20:11:00,2026-01-12,Henan,Kaifeng,normal,picking
ORD_0000460,CUST_00161,WH_003,2026-01-11 10:37:00,2026-01-12,Guangdong,Dongguan,normal,delivered
ORD_0000461,CUST_00035,WH_002,2026-01-11 15:28:00,2026-01-12,Shandong,Jinan,urgent,picking
ORD_0000462,CUST_00083,WH_003,2026-01-11 06:49:00,2026-01-12,Zhejiang,Ningbo,high,picking
ORD_0000463,CUST_00053,WH_001,2026-01-11 17:39:00,2026-01-12,Guangdong,Dongguan,normal,delivered
ORD_0000464,CUST_00170,WH_002,2026-01-11 21:57:00,2026-01-13,Henan,Luoyang,normal,dispatched
ORD_0000465,CUST_00166,WH_003,2026-01-11 17:59:00,2026-01-12,Henan,Luoyang,normal,dispatched
ORD_0000466,CUST_00131,WH_002,2026-01-11 17:46:00,2026-01-13,Henan,Kaifeng,normal,picked
ORD_0000467,CUST_00124,WH_002,2026-01-11 14:19:00,2026-01-12,Guangdong,Dongguan,high,delivered
ORD_0000468,CUST_00025,WH_002,2026-01-11 17:31:00,2026-01-12,Hubei,Yichang,normal,picking
ORD_0000469,CUST_00039,WH_003,2026-01-11 20:40:00,2026-01-12,Shandong,Qingdao,high,picked
ORD_0000470,CUST_00145,WH_003,2026-01-11 07:43:00,2026-01-12,Sichuan,Chengdu,normal,picking
ORD_0000471,CUST_00164,WH_003,2026-01-11 11:14:00,2026-01-12,Zhejiang,Wenzhou,normal,dispatched
ORD_0000472,CUST_00168,WH_001,2026-01-11 15:06:00,2026-01-12,Hubei,Wuhan,high,dispatched
ORD_0000473,CUST_00194,WH_003,2026-01-11 16:01:00,2026-01-13,Zhejiang,Wenzhou,normal,picked
ORD_0000474,CUST_00039,WH_002,2026-01-11 21:49:00,2026-01-12,Shandong,Qingdao,normal,delivered
ORD_0000475,CUST_00133,WH_001,2026-01-11 10:22:00,2026-01-12,Zhejiang,Wenzhou,normal,picking
ORD_0000476,CUST_00146,WH_001,2026-01-11 17:25:00,2026-01-12,Zhejiang,Hangzhou,normal,picking
ORD_0000477,CUST_00120,WH_002,2026-01-11 13:18:00,2026-01-12,Guangdong,Dongguan,normal,dispatched
ORD_0000478,CUST_00200,WH_001,2026-01-11 13:17:00,2026-01-12,Zhejiang,Ningbo,urgent,dispatched
ORD_0000479,CUST_00125,WH_002,2026-01-11 11:32:00,2026-01-12,Henan,Kaifeng,urgent,delivered
ORD_0000480,CUST_00088,WH_003,2026-01-11 19:10:00,2026-01-12,Shandong,Yantai,normal,picked
ORD_0000481,CUST_00111,WH_001,2026-01-11 20:28:00,2026-01-12,Guangdong,Guangzhou,normal,pending
ORD_0000482,CUST_00135,WH_001,2026-01-11 06:22:00,2026-01-12,Shandong,Yantai,normal,dispatched
ORD_0000483,CUST_00015,WH_002,2026-01-11 06:13:00,2026-01-12,Guangdong,Guangzhou,normal,pending
ORD_0000484,CUST_00115,WH_003,2026-01-11 15:13:00,2026-01-12,Shandong,Jinan,normal,picking
ORD_0000485,CUST_00175,WH_003,2026-01-11 12:06:00,2026-01-13,Sichuan,Deyang,normal,picked
ORD_0000486,CUST_00049,WH_003,2026-01-11 20:31:00,2026-01-12,Shandong,Qingdao,normal,pending
ORD_0000487,CUST_00079,WH_001,2026-01-11 13:07:00,2026-01-12,Henan,Kaifeng,high,picked
ORD_0000488,CUST_00178,WH_002,2026-01-11 12:56:00,2026-01-13,Shandong,Jinan,normal,picked
ORD_0000489,CUST_00059,WH_001,2026-01-11 16:15:00,2026-01-12,Hubei,Yichang,normal,dispatched
ORD_0000490,CUST_00013,WH_003,2026-01-11 15:54:00,2026-01-12,Hubei,Wuhan,normal,picked
ORD_0000491,CUST_00178,WH_002,2026-01-11 18:12:00,2026-01-13,Shandong,Jinan,normal,dispatched
ORD_0000492,CUST_00088,WH_002,2026-01-11 20:21:00,2026-01-13,Shandong,Yantai,normal,delivered
ORD_0000493,CUST_00085,WH_003,2026-01-11 21:08:00,2026-01-13,Shandong,Qingdao,normal,dispatched
ORD_0000494,CUST_00122,WH_001,2026-01-11 16:26:00,2026-01-12,Jiangsu,Nanjing,normal,picked
ORD_0000495,CUST_00036,WH_002,2026-01-11 18:16:00,2026-01-13,Sichuan,Mianyang,high,picking
ORD_0000496,CUST_00118,WH_003,2026-01-11 18:10:00,2026-01-12,Sichuan,Mianyang,normal,picked
ORD_0000497,CUST_00042,WH_003,2026-01-11 06:56:00,2026-01-12,Jiangsu,Suzhou,normal,picking
ORD_0000498,CUST_00083,WH_003,2026-01-11 21:29:00,2026-01-12,Zhejiang,Ningbo,normal,delivered
ORD_0000499,CUST_00166,WH_002,2026-01-11 21:32:00,2026-01-12,Henan,Luoyang,normal,pending
ORD_0000500,CUST_00134,WH_003,2026-01-11 17:08:00,2026-01-12,Sichuan,Mianyang,normal,dispatched
ORD_0000501,CUST_00126,WH_002,2026-01-11 12:10:00,2026-01-12,Jiangsu,Nanjing,normal,dispatched
ORD_0000502,CUST_00077,WH_002,2026-01-11 15:12:00,2026-01-12,Zhejiang,Ningbo,normal,delivered
ORD_0000503,CUST_00166,WH_001,2026-01-11 10:41:00,2026-01-12,Henan,Luoyang,normal,picking
ORD_0000504,CUST_00184,WH_002,2026-01-11 21:17:00,2026-01-12,Jiangsu,Nanjing,normal,delivered
ORD_0000505,CUST_00014,WH_001,2026-01-11 08:40:00,2026-01-12,Shandong,Yantai,urgent,picked
ORD_0000506,CUST_00010,WH_001,2026-01-11 18:03:00,2026-01-12,Sichuan,Mianyang,high,picking
ORD_0000507,CUST_00052,WH_002,2026-01-11 11:16:00,2026-01-12,Guangdong,Dongguan,normal,picked
ORD_0000508,CUST_00089,WH_001,2026-01-11 13:36:00,2026-01-12,Guangdong,Shenzhen,normal,dispatched
ORD_0000509,CUST_00034,WH_001,2026-01-11 17:32:00,2026-01-12,Jiangsu,Suzhou,high,picked
ORD_0000510,CUST_00148,WH_001,2026-01-11 17:44:00,2026-01-12,Jiangsu,Suzhou,normal,delivered
ORD_0000511,CUST_00197,WH_002,2026-01-11 06:20:00,2026-01-12,Jiangsu,Nanjing,normal,delivered
ORD_0000512,CUST_00197,WH_001,2026-01-11 19:43:00,2026-01-12,Jiangsu,Nanjing,normal,picked
ORD_0000513,CUST_00165,WH_002,2026-01-11 17:18:00,2026-01-12,Shandong,Yantai,normal,delivered
ORD_0000514,CUST_00126,WH_003,2026-01-11 19:06:00,2026-01-12,Jiangsu,Nanjing,normal,picking
ORD_0000515,CUST_00051,WH_002,2026-01-11 20:02:00,2026-01-12,Hubei,Yichang,normal,picked
ORD_0000516,CUST_00150,WH_003,2026-01-11 10:16:00,2026-01-12,Guangdong,Guangzhou,normal,pending
ORD_0000517,CUST_00007,WH_002,2026-01-11 14:27:00,2026-01-12,Sichuan,Deyang,normal,picking
ORD_0000518,CUST_00136,WH_001,2026-01-11 21:21:00,2026-01-12,Hubei,Yichang,normal,picked
ORD_0000519,CUST_00174,WH_002,2026-01-11 14:00:00,2026-01-12,Guangdong,Dongguan,normal,pending
ORD_0000520,CUST_00138,WH_003,2026-01-11 18:05:00,2026-01-12,Guangdong,Shenzhen,normal,delivered
ORD_0000521,CUST_00084,WH_001,2026-01-11 15:08:00,2026-01-12,Shandong,Qingdao,normal,picking
ORD_0000522,CUST_00089,WH_002,2026-01-11 19:30:00,2026-01-12,Guangdong,Shenzhen,high,pending
ORD_0000523,CUST_00152,WH_001,2026-01-11 16:20:00,2026-01-12,Shandong,Qingdao,normal,picked
ORD_0000524,CUST_00022,WH_003,2026-01-11 06:00:00,2026-01-12,Zhejiang,Wenzhou,high,picked
ORD_0000525,CUST_00062,WH_002,2026-01-11 09:33:00,2026-01-13,Zhejiang,Wenzhou,normal,picking
ORD_0000526,CUST_00091,WH_001,2026-01-11 20:07:00,2026-01-12,Zhejiang,Ningbo,normal,dispatched
ORD_0000527,CUST_00184,WH_001,2026-01-11 12:22:00,2026-01-12,Jiangsu,Nanjing,normal,delivered
ORD_0000528,CUST_00015,WH_003,2026-01-11 07:20:00,2026-01-12,Guangdong,Guangzhou,normal,picked
ORD_0000529,CUST_00175,WH_001,2026-01-11 17:00:00,2026-01-12,Sichuan,Deyang,normal,picking
ORD_0000530,CUST_00075,WH_003,2026-01-11 16:53:00,2026-01-13,Sichuan,Deyang,normal,picking
ORD_0000531,CUST_00072,WH_002,2026-01-11 17:22:00,2026-01-12,Zhejiang,Wenzhou,normal,dispatched
ORD_0000532,CUST_00056,WH_002,2026-01-11 15:16:00,2026-01-13,Shandong,Yantai,normal,picked
ORD_0000533,CUST_00055,WH_002,2026-01-11 09:15:00,2026-01-12,Henan,Zhengzhou,normal,delivered
ORD_0000534,CUST_00106,WH_003,2026-01-11 20:15:00,2026-01-12,Hubei,Wuhan,normal,dispatched
ORD_0000535,CUST_00165,WH_002,2026-01-11 15:08:00,2026-01-12,Shandong,Yantai,normal,dispatched
ORD_0000536,CUST_00008,WH_001,2026-01-11 18:58:00,2026-01-12,Hubei,Wuhan,urgent,delivered
ORD_0000537,CUST_00136,WH_001,2026-01-11 07:13:00,2026-01-12,Hubei,Yichang,normal,picking
ORD_0000538,CUST_00157,WH_001,2026-01-11 20:20:00,2026-01-12,Guangdong,Guangzhou,normal,dispatched
ORD_0000539,CUST_00111,WH_001,2026-01-11 09:23:00,2026-01-12,Guangdong,Guangzhou,normal,picked
ORD_0000540,CUST_00109,WH_002,2026-01-11 20:46:00,2026-01-12,Shandong,Jinan,normal,picking
ORD_0000541,CUST_00064,WH_001,2026-01-11 21:06:00,2026-01-12,Zhejiang,Wenzhou,normal,picked
ORD_0000542,CUST_00070,WH_002,2026-01-11 21:31:00,2026-01-12,Zhejiang,Wenzhou,normal,dispatched
ORD_0000543,CUST_00086,WH_003,2026-01-11 10:53:00,2026-01-12,Guangdong,Dongguan,normal,picked
ORD_0000544,CUST_00101,WH_002,2026-01-11 15:55:00,2026-01-12,Hubei,Wuhan,normal,dispatched
ORD_0000545,CUST_00139,WH_001,2026-01-11 10:26:00,2026-01-12,Zhejiang,Ningbo,normal,delivered
ORD_0000546,CUST_00038,WH_003,2026-01-11 08:28:00,2026-01-12,Hubei,Yichang,normal,dispatched
ORD_0000547,CUST_00074,WH_002,2026-01-11 17:28:00,2026-01-12,Sichuan,Mianyang,normal,picked
ORD_0000548,CUST_00087,WH_003,2026-01-11 18:51:00,2026-01-12,Guangdong,Guangzhou,normal,dispatched
ORD_0000549,CUST_00099,WH_001,2026-01-11 16:45:00,2026-01-12,Zhejiang,Hangzhou,normal,picked
ORD_0000550,CUST_00158,WH_002,2026-01-11 07:01:00,2026-01-13,Zhejiang,Ningbo,normal,dispatched
ORD_0000551,CUST_00054,WH_003,2026-01-11 15:44:00,2026-01-12,Guangdong,Dongguan,high,dispatched
ORD_0000552,CUST_00003,WH_002,2026-01-11 13:28:00,2026-01-12,Henan,Zhengzhou,normal,delivered
ORD_0000553,CUST_00087,WH_001,2026-01-11 09:48:00,2026-01-13,Guangdong,Guangzhou,normal,picking
ORD_0000554,CUST_00005,WH_003,2026-01-11 16:55:00,2026-01-12,Zhejiang,Hangzhou,normal,picking
ORD_0000555,CUST_00042,WH_003,2026-01-11 14:49:00,2026-01-12,Jiangsu,Suzhou,normal,dispatched
ORD_0000556,CUST_00061,WH_002,2026-01-11 10:44:00,2026-01-12,Shandong,Qingdao,normal,dispatched
ORD_0000557,CUST_00055,WH_001,2026-01-11 11:14:00,2026-01-12,Henan,Zhengzhou,urgent,picking
ORD_0000558,CUST_00126,WH_001,2026-01-11 13:18:00,2026-01-12,Jiangsu,Nanjing,normal,picking
ORD_0000559,CUST_00099,WH_003,2026-01-11 09:45:00,2026-01-12,Zhejiang,Hangzhou,normal,picking
ORD_0000560,CUST_00139,WH_001,2026-01-11 18:50:00,2026-01-12,Zhejiang,Ningbo,normal,picked
ORD_0000561,CUST_00152,WH_003,2026-01-11 19:40:00,2026-01-12,Shandong,Qingdao,normal,delivered
ORD_0000562,CUST_00074,WH_003,2026-01-11 13:33:00,2026-01-12,Sichuan,Mianyang,normal,pending
ORD_0000563,CUST_00073,WH_001,2026-01-11 09:10:00,2026-01-12,Jiangsu,Wuxi,normal,dispatched
ORD_0000564,CUST_00080,WH_003,2026-01-11 09:46:00,2026-01-12,Jiangsu,Nanjing,normal,dispatched
ORD_0000565,CUST_00144,WH_003,2026-01-11 08:52:00,2026-01-12,Shandong,Qingdao,normal,delivered
ORD_0000566,CUST_00100,WH_001,2026-01-11 20:54:00,2026-01-12,Zhejiang,Wenzhou,high,picked
ORD_0000567,CUST_00002,WH_003,2026-01-11 18:16:00,2026-01-12,Sichuan,Deyang,normal,picked
ORD_0000568,CUST_00096,WH_002,2026-01-11 15:21:00,2026-01-12,Hubei,Yichang,normal,picked
ORD_0000569,CUST_00004,WH_001,2026-01-11 15:56:00,2026-01-12,Jiangsu,Nanjing,high,pending
ORD_0000570,CUST_00161,WH_003,2026-01-11 08:16:00,2026-01-12,Guangdong,Dongguan,normal,dispatched
ORD_0000571,CUST_00044,WH_001,2026-01-11 13:48:00,2026-01-13,Henan,Luoyang,normal,picked
ORD_0000572,CUST_00087,WH_001,2026-01-11 13:20:00,2026-01-12,Guangdong,Guangzhou,normal,picked
ORD_0000573,CUST_00003,WH_002,2026-01-11 16:46:00,2026-01-12,Henan,Zhengzhou,normal,delivered
ORD_0000574,CUST_00188,WH_001,2026-01-11 20:47:00,2026-01-12,Shandong,Qingdao,normal,picking
ORD_0000575,CUST_00071,WH_001,2026-01-11 17:50:00,2026-01-12,Sichuan,Chengdu,normal,picked
ORD_0000576,CUST_00103,WH_001,2026-01-11 21:32:00,2026-01-12,Zhejiang,Hangzhou,high,picked
ORD_0000577,CUST_00043,WH_001,2026-01-11 07:08:00,2026-01-12,Zhejiang,Hangzhou,high,picked
ORD_0000578,CUST_00158,WH_001,2026-01-11 08:16:00,2026-01-13,Zhejiang,Ningbo,normal,dispatched
ORD_0000579,CUST_00041,WH_001,2026-01-11 11:22:00,2026-01-13,Jiangsu,Nanjing,normal,pending
ORD_0000580,CUST_00084,WH_002,2026-01-11 08:15:00,2026-01-13,Shandong,Qingdao,normal,picked
ORD_0000581,CUST_00032,WH_001,2026-01-11 12:50:00,2026-01-12,Henan,Luoyang,normal,picking
ORD_0000582,CUST_00150,WH_002,2026-01-11 07:30:00,2026-01-12,Guangdong,Guangzhou,normal,delivered
ORD_0000583,CUST_00115,WH_001,2026-01-11 11:17:00,2026-01-12,Shandong,Jinan,normal,pending
ORD_0000584,CUST_00051,WH_002,2026-01-11 07:25:00,2026-01-12,Hubei,Yichang,normal,delivered
ORD_0000585,CUST_00047,WH_003,2026-01-11 09:52:00,2026-01-12,Zhejiang,Ningbo,normal,delivered
ORD_0000586,CUST_00178,WH_002,2026-01-11 08:45:00,2026-01-12,Shandong,Jinan,normal,dispatched
ORD_0000587,CUST_00136,WH_002,2026-01-11 13:20:00,2026-01-12,Hubei,Yichang,normal,pending
ORD_0000588,CUST_00084,WH_003,2026-01-11 09:45:00,2026-01-12,Shandong,Qingdao,normal,picked
ORD_0000589,CUST_00095,WH_001,2026-01-11 19:23:00,2026-01-12,Zhejiang,Ningbo,high,picking
ORD_0000590,CUST_00100,WH_003,2026-01-11 10:30:00,2026-01-12,Zhejiang,Wenzhou,urgent,picked
ORD_0000591,CUST_00042,WH_003,2026-01-11 21:33:00,2026-01-12,Jiangsu,Suzhou,normal,picked
ORD_0000592,CUST_00046,WH_003,2026-01-11 17:19:00,2026-01-12,Sichuan,Deyang,urgent,picked
ORD_0000593,CUST_00194,WH_001,2026-01-11 07:07:00,2026-01-12,Zhejiang,Wenzhou,normal,picked
ORD_0000594,CUST_00075,WH_003,2026-01-11 07:13:00,2026-01-13,Sichuan,Deyang,normal,picked
ORD_0000595,CUST_00121,WH_001,2026-01-11 19:07:00,2026-01-12,Sichuan,Deyang,normal,picked
ORD_0000596,CUST_00030,WH_001,2026-01-11 11:40:00,2026-01-12,Hubei,Xiangyang,normal,picking
ORD_0000597,CUST_00048,WH_002,2026-01-11 06:41:00,2026-01-12,Shandong,Jinan,urgent,picked
ORD_0000598,CUST_00156,WH_003,2026-01-11 17:27:00,2026-01-13,Zhejiang,Ningbo,normal,dispatched
ORD_0000599,CUST_00111,WH_001,2026-01-11 18:34:00,2026-01-12,Guangdong,Guangzhou,normal,dispatched
ORD_0000600,CUST_00012,WH_001,2026-01-11 11:05:00,2026-01-12,Sichuan,Deyang,normal,pending
ORD_0000601,CUST_00002,WH_002,2026-01-11 06:24:00,2026-01-12,Sichuan,Deyang,normal,picked
ORD_0000602,CUST_00033,WH_002,2026-01-11 06:15:00,2026-01-12,Jiangsu,Nanjing,normal,dispatched
ORD_0000603,CUST_00095,WH_001,2026-01-11 14:10:00,2026-01-12,Zhejiang,Ningbo,normal,picked
ORD_0000604,CUST_00035,WH_001,2026-01-11 08:00:00,2026-01-12,Shandong,Jinan,high,picking
ORD_0000605,CUST_00075,WH_002,2026-01-11 14:21:00,2026-01-12,Sichuan,Deyang,normal,dispatched
ORD_0000606,CUST_00038,WH_002,2026-01-11 14:15:00,2026-01-12,Hubei,Yichang,normal,picked
ORD_0000607,CUST_00038,WH_003,2026-01-11 19:23:00,2026-01-12,Hubei,Yichang,normal,picking
ORD_0000608,CUST_00114,WH_001,2026-01-11 09:17:00,2026-01-12,Zhejiang,Ningbo,urgent,dispatched
ORD_0000609,CUST_00035,WH_001,2026-01-11 13:20:00,2026-01-12,Shandong,Jinan,high,picked
ORD_0000610,CUST_00180,WH_003,2026-01-11 18:09:00,2026-01-12,Shandong,Yantai,normal,picked
ORD_0000611,CUST_00155,WH_002,2026-01-11 08:40:00,2026-01-12,Sichuan,Chengdu,normal,dispatched
ORD_0000612,CUST_00085,WH_003,2026-01-11 16:07:00,2026-01-12,Shandong,Qingdao,normal,picking
ORD_0000613,CUST_00111,WH_003,2026-01-11 19:45:00,2026-01-13,Guangdong,Guangzhou,normal,picking
ORD_0000614,CUST_00167,WH_002,2026-01-11 11:40:00,2026-01-12,Zhejiang,Ningbo,normal,delivered
ORD_0000615,CUST_00175,WH_003,2026-01-11 19:29:00,2026-01-12,Sichuan,Deyang,normal,picked
ORD_0000616,CUST_00085,WH_002,2026-01-11 07:50:00,2026-01-12,Shandong,Qingdao,normal,delivered
ORD_0000617,CUST_00118,WH_002,2026-01-11 12:01:00,2026-01-12,Sichuan,Mianyang,normal,dispatched
ORD_0000618,CUST_00113,WH_002,2026-01-11 17:08:00,2026-01-12,Shandong,Qingdao,normal,dispatched
ORD_0000619,CUST_00148,WH_001,2026-01-11 16:51:00,2026-01-12,Jiangsu,Suzhou,urgent,picked
ORD_0000620,CUST_00195,WH_002,2026-01-11 14:23:00,2026-01-13,Zhejiang,Wenzhou,high,picked
ORD_0000621,CUST_00200,WH_002,2026-01-11 09:07:00,2026-01-12,Zhejiang,Ningbo,normal,pending
ORD_0000622,CUST_00100,WH_001,2026-01-11 17:54:00,2026-01-12,Zhejiang,Wenzhou,high,picked
ORD_0000623,CUST_00047,WH_001,2026-01-11 17:25:00,2026-01-12,Zhejiang,Ningbo,normal,picked
ORD_0000624,CUST_00064,WH_002,2026-01-11 21:00:00,2026-01-12,Zhejiang,Wenzhou,normal,picking
ORD_0000625,CUST_00147,WH_002,2026-01-11 17:48:00,2026-01-12,Zhejiang,Hangzhou,normal,pending
ORD_0000626,CUST_00119,WH_002,2026-01-11 15:59:00,2026-01-12,Zhejiang,Wenzhou,normal,picking
ORD_0000627,CUST_00007,WH_003,2026-01-11 07:25:00,2026-01-12,Sichuan,Deyang,normal,pending
ORD_0000628,CUST_00121,WH_003,2026-01-11 16:53:00,2026-01-12,Sichuan,Deyang,high,delivered
ORD_0000629,CUST_00088,WH_001,2026-01-11 07:46:00,2026-01-12,Shandong,Yantai,normal,picked
ORD_0000630,CUST_00176,WH_002,2026-01-11 08:22:00,2026-01-12,Henan,Luoyang,normal,dispatched
ORD_0000631,CUST_00183,WH_001,2026-01-11 14:04:00,2026-01-12,Jiangsu,Nanjing,normal,dispatched
ORD_0000632,CUST_00143,WH_002,2026-01-11 15:35:00,2026-01-12,Guangdong,Dongguan,normal,pending
ORD_0000633,CUST_00059,WH_002,2026-01-11 08:31:00,2026-01-12,Hubei,Yichang,normal,picking
ORD_0000634,CUST_00126,WH_001,2026-01-11 07:58:00,2026-01-12,Jiangsu,Nanjing,normal,dispatched
ORD_0000635,CUST_00137,WH_003,2026-01-11 12:52:00,2026-01-13,Henan,Kaifeng,normal,picking
ORD_0000636,CUST_00012,WH_003,2026-01-11 10:42:00,2026-01-12,Sichuan,Deyang,normal,dispatched
ORD_0000637,CUST_00166,WH_001,2026-01-11 19:47:00,2026-01-12,Henan,Luoyang,normal,picked
ORD_0000638,CUST_00145,WH_002,2026-01-11 15:51:00,2026-01-12,Sichuan,Chengdu,normal,dispatched
ORD_0000639,CUST_00163,WH_002,2026-01-11 17:46:00,2026-01-12,Jiangsu,Nanjing,normal,dispatched
ORD_0000640,CUST_00109,WH_003,2026-01-11 08:10:00,2026-01-12,Shandong,Jinan,normal,delivered
ORD_0000641,CUST_00136,WH_003,2026-01-11 07:21:00,2026-01-13,Hubei,Yichang,normal,picked
ORD_0000642,CUST_00191,WH_003,2026-01-11 09:55:00,2026-01-12,Zhejiang,Ningbo,normal,picking
ORD_0000643,CUST_00176,WH_002,2026-01-11 10:18:00,2026-01-12,Henan,Luoyang,normal,delivered
ORD_0000644,CUST_00080,WH_003,2026-01-11 19:12:00,2026-01-12,Jiangsu,Nanjing,normal,picked
ORD_0000645,CUST_00136,WH_001,2026-01-11 08:07:00,2026-01-13,Hubei,Yichang,normal,picking
ORD_0000646,CUST_00065,WH_003,2026-01-11 07:11:00,2026-01-12,Shandong,Jinan,normal,picked
ORD_0000647,CUST_00071,WH_001,2026-01-11 19:53:00,2026-01-12,Sichuan,Chengdu,normal,dispatched
ORD_0000648,CUST_00027,WH_002,2026-01-11 15:01:00,2026-01-12,Jiangsu,Wuxi,normal,delivered
ORD_0000649,CUST_00098,WH_003,2026-01-11 08:51:00,2026-01-12,Zhejiang,Hangzhou,normal,dispatched
ORD_0000650,CUST_00160,WH_003,2026-01-11 07:42:00,2026-01-12,Shandong,Qingdao,normal,dispatched
ORD_0000651,CUST_00107,WH_002,2026-01-11 07:48:00,2026-01-12,Henan,Luoyang,urgent,picked
ORD_0000652,CUST_00054,WH_003,2026-01-11 10:20:00,2026-01-12,Guangdong,Dongguan,high,picking
ORD_0000653,CUST_00052,WH_003,2026-01-11 17:28:00,2026-01-12,Guangdong,Dongguan,normal,delivered
ORD_0000654,CUST_00098,WH_001,2026-01-11 12:15:00,2026-01-12,Zhejiang,Hangzhou,normal,picking
ORD_0000655,CUST_00161,WH_002,2026-01-11 09:57:00,2026-01-12,Guangdong,Dongguan,normal,picked
ORD_0000656,CUST_00120,WH_002,2026-01-11 08:31:00,2026-01-12,Guangdong,Dongguan,normal,picked
ORD_0000657,CUST_00039,WH_002,2026-01-11 19:23:00,2026-01-12,Shandong,Qingdao,normal,picking
ORD_0000658,CUST_00177,WH_002,2026-01-11 06:07:00,2026-01-12,Zhejiang,Ningbo,normal,picked
ORD_0000659,CUST_00059,WH_002,2026-01-11 21:44:00,2026-01-12,Hubei,Yichang,normal,dispatched
ORD_0000660,CUST_00184,WH_002,2026-01-11 11:17:00,2026-01-13,Jiangsu,Nanjing,normal,delivered
ORD_0000661,CUST_00190,WH_002,2026-01-11 06:58:00,2026-01-12,Henan,Luoyang,normal,dispatched
ORD_0000662,CUST_00005,WH_002,2026-01-11 16:09:00,2026-01-12,Zhejiang,Hangzhou,normal,pending
ORD_0000663,CUST_00132,WH_003,2026-01-11 20:43:00,2026-01-12,Zhejiang,Ningbo,normal,pending
ORD_0000664,CUST_00139,WH_001,2026-01-11 18:43:00,2026-01-12,Zhejiang,Ningbo,high,delivered
ORD_0000665,CUST_00006,WH_003,2026-01-11 11:39:00,2026-01-12,Zhejiang,Ningbo,normal,picked
ORD_0000666,CUST_00174,WH_003,2026-01-11 16:00:00,2026-01-12,Guangdong,Dongguan,urgent,picked
ORD_0000667,CUST_00090,WH_003,2026-01-11 06:44:00,2026-01-12,Hubei,Yichang,urgent,pending
ORD_0000668,CUST_00097,WH_003,2026-01-11 21:57:00,2026-01-12,Hubei,Yichang,normal,dispatched
ORD_0000669,CUST_00085,WH_002,2026-01-11 12:02:00,2026-01-12,Shandong,Qingdao,normal,pending
ORD_0000670,CUST_00063,WH_002,2026-01-11 15:19:00,2026-01-12,Henan,Luoyang,high,delivered
ORD_0000671,CUST_00031,WH_002,2026-01-11 18:15:00,2026-01-12,Guangdong,Dongguan,high,pending
ORD_0000672,CUST_00103,WH_003,2026-01-11 21:51:00,2026-01-12,Zhejiang,Hangzhou,normal,delivered
ORD_0000673,CUST_00168,WH_002,2026-01-11 18:07:00,2026-01-12,Hubei,Wuhan,urgent,delivered
ORD_0000674,CUST_00196,WH_001,2026-01-11 16:04:00,2026-01-12,Henan,Zhengzhou,normal,dispatched
ORD_0000675,CUST_00186,WH_002,2026-01-11 06:16:00,2026-01-12,Sichuan,Chengdu,normal,picked
ORD_0000676,CUST_00101,WH_002,2026-01-11 20:32:00,2026-01-12,Hubei,Wuhan,high,picked
ORD_0000677,CUST_00121,WH_001,2026-01-11 08:47:00,2026-01-12,Sichuan,Deyang,normal,picking
ORD_0000678,CUST_00006,WH_001,2026-01-11 21:24:00,2026-01-12,Zhejiang,Ningbo,normal,dispatched
ORD_0000679,CUST_00163,WH_002,2026-01-11 21:25:00,2026-01-13,Jiangsu,Nanjing,normal,picking
ORD_0000680,CUST_00102,WH_003,2026-01-11 16:43:00,2026-01-12,Sichuan,Chengdu,normal,picked
ORD_0000681,CUST_00017,WH_002,2026-01-11 17:45:00,2026-01-12,Shandong,Yantai,normal,picking
ORD_0000682,CUST_00126,WH_001,2026-01-11 10:18:00,2026-01-12,Jiangsu,Nanjing,normal,picking
ORD_0000683,CUST_00018,WH_003,2026-01-11 20:04:00,2026-01-12,Jiangsu,Suzhou,normal,picked
ORD_0000684,CUST_00029,WH_002,2026-01-11 12:21:00,2026-01-12,Zhejiang,Ningbo,high,dispatched
ORD_0000685,CUST_00015,WH_002,2026-01-11 19:24:00,2026-01-12,Guangdong,Guangzhou,normal,picked
ORD_0000686,CUST_00125,WH_002,2026-01-11 08:34:00,2026-01-12,Henan,Kaifeng,normal,dispatched
ORD_0000687,CUST_00115,WH_003,2026-01-11 13:30:00,2026-01-12,Shandong,Jinan,normal,dispatched
ORD_0000688,CUST_00178,WH_001,2026-01-11 07:59:00,2026-01-12,Shandong,Jinan,normal,dispatched
ORD_0000689,CUST_00162,WH_001,2026-01-11 21:19:00,2026-01-12,Zhejiang,Ningbo,normal,dispatched
ORD_0000690,CUST_00049,WH_002,2026-01-11 16:40:00,2026-01-12,Shandong,Qingdao,normal,delivered
ORD_0000691,CUST_00125,WH_002,2026-01-11 07:55:00,2026-01-12,Henan,Kaifeng,normal,picked
ORD_0000692,CUST_00106,WH_002,2026-01-11 20:51:00,2026-01-12,Hubei,Wuhan,normal,picking
ORD_0000693,CUST_00153,WH_002,2026-01-11 17:07:00,2026-01-12,Zhejiang,Wenzhou,normal,dispatched
ORD_0000694,CUST_00143,WH_001,2026-01-11 14:49:00,2026-01-12,Guangdong,Dongguan,normal,picking
ORD_0000695,CUST_00046,WH_001,2026-01-11 09:21:00,2026-01-12,Sichuan,Deyang,normal,picking
ORD_0000696,CUST_00083,WH_002,2026-01-11 06:29:00,2026-01-12,Zhejiang,Ningbo,normal,pending
ORD_0000697,CUST_00069,WH_003,2026-01-11 09:05:00,2026-01-12,Sichuan,Chengdu,normal,pending
ORD_0000698,CUST_00067,WH_003,2026-01-11 21:55:00,2026-01-13,Zhejiang,Wenzhou,normal,delivered
ORD_0000699,CUST_00083,WH_002,2026-01-11 15:48:00,2026-01-12,Zhejiang,Ningbo,normal,dispatched
ORD_0000700,CUST_00086,WH_003,2026-01-11 08:08:00,2026-01-12,Guangdong,Dongguan,normal,delivered
ORD_0000701,CUST_00055,WH_001,2026-01-11 16:36:00,2026-01-12,Henan,Zhengzhou,normal,picking
ORD_0000702,CUST_00042,WH_002,2026-01-11 17:14:00,2026-01-12,Jiangsu,Suzhou,normal,picked
ORD_0000703,CUST_00009,WH_001,2026-01-11 07:23:00,2026-01-12,Sichuan,Mianyang,normal,picked
ORD_0000704,CUST_00111,WH_001,2026-01-11 08:57:00,2026-01-12,Guangdong,Guangzhou,urgent,picked
ORD_0000705,CUST_00162,WH_001,2026-01-11 08:57:00,2026-01-12,Zhejiang,Ningbo,normal,picking
ORD_0000706,CUST_00150,WH_003,2026-01-11 10:06:00,2026-01-12,Guangdong,Guangzhou,normal,picking
ORD_0000707,CUST_00180,WH_003,2026-01-11 21:45:00,2026-01-12,Shandong,Yantai,normal,dispatched
ORD_0000708,CUST_00085,WH_003,2026-01-11 15:17:00,2026-01-12,Shandong,Qingdao,normal,picking
ORD_0000709,CUST_00164,WH_001,2026-01-11 18:55:00,2026-01-12,Zhejiang,Wenzhou,normal,dispatched
ORD_0000710,CUST_00031,WH_002,2026-01-11 09:25:00,2026-01-12,Guangdong,Dongguan,normal,pending
ORD_0000711,CUST_00071,WH_003,2026-01-11 09:08:00,2026-01-13,Sichuan,Chengdu,normal,pending
ORD_0000712,CUST_00085,WH_003,2026-01-11 12:10:00,2026-01-12,Shandong,Qingdao,normal,picking
ORD_0000713,CUST_00175,WH_002,2026-01-11 18:30:00,2026-01-12,Sichuan,Deyang,normal,dispatched
ORD_0000714,CUST_00089,WH_003,2026-01-11 07:57:00,2026-01-12,Guangdong,Shenzhen,normal,picked
ORD_0000715,CUST_00092,WH_003,2026-01-11 17:42:00,2026-01-12,Jiangsu,Nanjing,high,dispatched
ORD_0000716,CUST_00041,WH_002,2026-01-11 16:01:00,2026-01-12,Jiangsu,Nanjing,normal,picked
ORD_0000717,CUST_00168,WH_001,2026-01-11 06:00:00,2026-01-12,Hubei,Wuhan,normal,picked
ORD_0000718,CUST_00072,WH_001,2026-01-11 09:02:00,2026-01-13,Zhejiang,Wenzhou,high,delivered
ORD_0000719,CUST_00051,WH_003,2026-01-11 21:48:00,2026-01-12,Hubei,Yichang,high,picked
ORD_0000720,CUST_00075,WH_002,2026-01-11 08:43:00,2026-01-12,Sichuan,Deyang,normal,dispatched
ORD_0000721,CUST_00108,WH_002,2026-01-11 13:06:00,2026-01-13,Jiangsu,Nanjing,normal,picked
ORD_0000722,CUST_00020,WH_003,2026-01-11 13:32:00,2026-01-13,Jiangsu,Nanjing,normal,picking
ORD_0000723,CUST_00014,WH_001,2026-01-11 10:45:00,2026-01-13,Shandong,Yantai,normal,picked
ORD_0000724,CUST_00059,WH_001,2026-01-11 15:28:00,2026-01-13,Hubei,Yichang,normal,delivered
ORD_0000725,CUST_00047,WH_001,2026-01-11 18:41:00,2026-01-12,Zhejiang,Ningbo,normal,delivered
ORD_0000726,CUST_00127,WH_002,2026-01-11 20:53:00,2026-01-12,Henan,Luoyang,normal,dispatched
ORD_0000727,CUST_00193,WH_001,2026-01-11 17:05:00,2026-01-12,Zhejiang,Hangzhou,normal,picking
ORD_0000728,CUST_00159,WH_002,2026-01-11 16:23:00,2026-01-13,Guangdong,Shenzhen,normal,picked
ORD_0000729,CUST_00092,WH_002,2026-01-11 14:12:00,2026-01-12,Jiangsu,Nanjing,high,pending
ORD_0000730,CUST_00197,WH_003,2026-01-11 14:07:00,2026-01-12,Jiangsu,Nanjing,normal,pending
ORD_0000731,CUST_00199,WH_001,2026-01-11 13:47:00,2026-01-12,Guangdong,Dongguan,urgent,picked
ORD_0000732,CUST_00002,WH_002,2026-01-11 09:13:00,2026-01-12,Sichuan,Deyang,normal,picked
ORD_0000733,CUST_00006,WH_001,2026-01-11 16:38:00,2026-01-12,Zhejiang,Ningbo,normal,delivered
ORD_0000734,CUST_00070,WH_002,2026-01-11 08:10:00,2026-01-12,Zhejiang,Wenzhou,normal,picked
ORD_0000735,CUST_00019,WH_002,2026-01-11 11:11:00,2026-01-12,Henan,Luoyang,normal,dispatched
ORD_0000736,CUST_00016,WH_003,2026-01-11 17:13:00,2026-01-12,Sichuan,Mianyang,high,picked
ORD_0000737,CUST_00043,WH_003,2026-01-11 07:59:00,2026-01-12,Zhejiang,Hangzhou,normal,dispatched
ORD_0000738,CUST_00111,WH_002,2026-01-11 10:01:00,2026-01-13,Guangdong,Guangzhou,normal,dispatched
ORD_0000739,CUST_00123,WH_003,2026-01-11 21:03:00,2026-01-12,Guangdong,Guangzhou,urgent,dispatched
ORD_0000740,CUST_00043,WH_001,2026-01-11 16:18:00,2026-01-12,Zhejiang,Hangzhou,normal,picking
ORD_0000741,CUST_00151,WH_002,2026-01-11 20:39:00,2026-01-12,Hubei,Yichang,normal,picking
ORD_0000742,CUST_00149,WH_003,2026-01-11 10:55:00,2026-01-13,Henan,Zhengzhou,normal,dispatched
ORD_0000743,CUST_00097,WH_001,2026-01-11 10:38:00,2026-01-12,Hubei,Yichang,normal,picked
ORD_0000744,CUST_00191,WH_002,2026-01-11 07:38:00,2026-01-12,Zhejiang,Ningbo,normal,picking
ORD_0000745,CUST_00153,WH_003,2026-01-11 11:47:00,2026-01-12,Zhejiang,Wenzhou,normal,picked
ORD_0000746,CUST_00105,WH_001,2026-01-11 12:12:00,2026-01-12,Sichuan,Chengdu,normal,dispatched
ORD_0000747,CUST_00154,WH_001,2026-01-11 06:26:00,2026-01-12,Guangdong,Dongguan,urgent,picked
ORD_0000748,CUST_00167,WH_003,2026-01-11 20:26:00,2026-01-12,Zhejiang,Ningbo,urgent,delivered
ORD_0000749,CUST_00145,WH_001,2026-01-11 15:03:00,2026-01-13,Sichuan,Chengdu,normal,dispatched
ORD_0000750,CUST_00025,WH_002,2026-01-11 19:04:00,2026-01-12,Hubei,Yichang,urgent,delivered
ORD_0000751,CUST_00062,WH_001,2026-01-11 07:08:00,2026-01-12,Zhejiang,Wenzhou,normal,picked
ORD_0000752,CUST_00172,WH_003,2026-01-11 06:01:00,2026-01-12,Sichuan,Deyang,normal,picked
ORD_0000753,CUST_00162,WH_003,2026-01-11 12:02:00,2026-01-12,Zhejiang,Ningbo,normal,dispatched
ORD_0000754,CUST_00001,WH_003,2026-01-11 11:28:00,2026-01-12,Zhejiang,Ningbo,normal,delivered
ORD_0000755,CUST_00013,WH_002,2026-01-11 16:03:00,2026-01-12,Hubei,Wuhan,normal,delivered
ORD_0000756,CUST_00073,WH_003,2026-01-11 11:57:00,2026-01-12,Jiangsu,Wuxi,normal,pending
ORD_0000757,CUST_00086,WH_001,2026-01-11 14:37:00,2026-01-12,Guangdong,Dongguan,normal,delivered
ORD_0000758,CUST_00166,WH_002,2026-01-11 09:48:00,2026-01-12,Henan,Luoyang,normal,pending
ORD_0000759,CUST_00088,WH_003,2026-01-11 18:45:00,2026-01-12,Shandong,Yantai,normal,dispatched
ORD_0000760,CUST_00111,WH_002,2026-01-11 20:32:00,2026-01-13,Guangdong,Guangzhou,normal,picked
ORD_0000761,CUST_00087,WH_002,2026-01-11 18:39:00,2026-01-12,Guangdong,Guangzhou,normal,dispatched
ORD_0000762,CUST_00129,WH_002,2026-01-11 14:39:00,2026-01-12,Hubei,Yichang,normal,delivered
ORD_0000763,CUST_00018,WH_001,2026-01-11 21:21:00,2026-01-12,Jiangsu,Suzhou,normal,dispatched
ORD_0000764,CUST_00195,WH_002,2026-01-11 18:35:00,2026-01-12,Zhejiang,Wenzhou,urgent,dispatched
ORD_0000765,CUST_00156,WH_001,2026-01-11 14:53:00,2026-01-12,Zhejiang,Ningbo,high,picked
ORD_0000766,CUST_00169,WH_002,2026-01-11 18:34:00,2026-01-12,Shandong,Jinan,normal,dispatched
ORD_0000767,CUST_00053,WH_003,2026-01-11 12:30:00,2026-01-12,Guangdong,Dongguan,normal,delivered
ORD_0000768,CUST_00023,WH_003,2026-01-11 10:38:00,2026-01-12,Guangdong,Dongguan,normal,delivered
ORD_0000769,CUST_00120,WH_002,2026-01-11 06:57:00,2026-01-12,Guangdong,Dongguan,normal,delivered
ORD_0000770,CUST_00119,WH_001,2026-01-11 10:32:00,2026-01-12,Zhejiang,Wenzhou,normal,picking
ORD_0000771,CUST_00113,WH_003,2026-01-11 17:29:00,2026-01-12,Shandong,Qingdao,normal,picked
ORD_0000772,CUST_00063,WH_003,2026-01-11 11:18:00,2026-01-12,Henan,Luoyang,normal,picked
ORD_0000773,CUST_00026,WH_003,2026-01-11 07:09:00,2026-01-12,Guangdong,Guangzhou,normal,dispatched
ORD_0000774,CUST_00121,WH_002,2026-01-11 09:29:00,2026-01-13,Sichuan,Deyang,normal,dispatched
ORD_0000775,CUST_00033,WH_002,2026-01-11 17:31:00,2026-01-12,Jiangsu,Nanjing,normal,dispatched
ORD_0000776,CUST_00167,WH_002,2026-01-11 12:15:00,2026-01-13,Zhejiang,Ningbo,normal,dispatched
ORD_0000777,CUST_00050,WH_001,2026-01-11 08:51:00,2026-01-12,Shandong,Jinan,normal,pending
ORD_0000778,CUST_00143,WH_003,2026-01-11 10:46:00,2026-01-13,Guangdong,Dongguan,normal,dispatched
ORD_0000779,CUST_00097,WH_002,2026-01-11 09:48:00,2026-01-12,Hubei,Yichang,normal,pending
ORD_0000780,CUST_00183,WH_002,2026-01-11 18:35:00,2026-01-12,Jiangsu,Nanjing,normal,dispatched
ORD_0000781,CUST_00071,WH_003,2026-01-11 08:36:00,2026-01-12,Sichuan,Chengdu,normal,delivered
ORD_0000782,CUST_00110,WH_002,2026-01-11 12:46:00,2026-01-12,Zhejiang,Ningbo,high,dispatched
ORD_0000783,CUST_00151,WH_003,2026-01-11 07:15:00,2026-01-12,Hubei,Yichang,normal,picking
ORD_0000784,CUST_00187,WH_001,2026-01-11 07:10:00,2026-01-12,Jiangsu,Wuxi,normal,delivered
ORD_0000785,CUST_00143,WH_002,2026-01-11 10:24:00,2026-01-12,Guangdong,Dongguan,high,picking
ORD_0000786,CUST_00200,WH_003,2026-01-11 14:29:00,2026-01-12,Zhejiang,Ningbo,normal,dispatched
ORD_0000787,CUST_00095,WH_002,2026-01-11 14:13:00,2026-01-12,Zhejiang,Ningbo,normal,picking
ORD_0000788,CUST_00056,WH_002,2026-01-11 10:15:00,2026-01-12,Shandong,Yantai,normal,picking
ORD_0000789,CUST_00056,WH_001,2026-01-11 18:42:00,2026-01-12,Shandong,Yantai,normal,delivered
ORD_0000790,CUST_00030,WH_002,2026-01-11 07:27:00,2026-01-12,Hubei,Xiangyang,normal,picking
ORD_0000791,CUST_00175,WH_003,2026-01-11 14:09:00,2026-01-12,Sichuan,Deyang,high,picked
ORD_0000792,CUST_00200,WH_003,2026-01-11 11:05:00,2026-01-12,Zhejiang,Ningbo,normal,picked
ORD_0000793,CUST_00101,WH_003,2026-01-11 06:23:00,2026-01-12,Hubei,Wuhan,normal,pending
ORD_0000794,CUST_00174,WH_003,2026-01-11 14:29:00,2026-01-12,Guangdong,Dongguan,normal,delivered
ORD_0000795,CUST_00088,WH_001,2026-01-11 07:08:00,2026-01-12,Shandong,Yantai,high,picked
ORD_0000796,CUST_00053,WH_002,2026-01-11 15:55:00,2026-01-12,Guangdong,Dongguan,normal,picked
ORD_0000797,CUST_00090,WH_003,2026-01-11 06:07:00,2026-01-12,Hubei,Yichang,urgent,dispatched
ORD_0000798,CUST_00152,WH_003,2026-01-11 19:06:00,2026-01-12,Shandong,Qingdao,normal,picking
ORD_0000799,CUST_00030,WH_001,2026-01-11 06:54:00,2026-01-12,Hubei,Xiangyang,normal,picking
ORD_0000800,CUST_00087,WH_002,2026-01-11 15:14:00,2026-01-12,Guangdong,Guangzhou,normal,picking
ORD_0000801,CUST_00026,WH_002,2026-01-11 11:49:00,2026-01-12,Guangdong,Guangzhou,normal,picking
ORD_0000802,CUST_00070,WH_002,2026-01-11 07:41:00,2026-01-12,Zhejiang,Wenzhou,normal,delivered
ORD_0000803,CUST_00059,WH_001,2026-01-11 15:22:00,2026-01-13,Hubei,Yichang,normal,delivered
ORD_0000804,CUST_00152,WH_003,2026-01-11 06:26:00,2026-01-12,Shandong,Qingdao,normal,picking
ORD_0000805,CUST_00091,WH_002,2026-01-11 08:54:00,2026-01-12,Zhejiang,Ningbo,normal,picked
ORD_0000806,CUST_00057,WH_001,2026-01-11 11:51:00,2026-01-12,Guangdong,Dongguan,normal,picking
ORD_0000807,CUST_00014,WH_002,2026-01-11 17:07:00,2026-01-12,Shandong,Yantai,normal,picked
ORD_0000808,CUST_00101,WH_001,2026-01-11 08:39:00,2026-01-12,Hubei,Wuhan,high,picked
ORD_0000809,CUST_00100,WH_001,2026-01-11 09:18:00,2026-01-12,Zhejiang,Wenzhou,normal,delivered
ORD_0000810,CUST_00019,WH_002,2026-01-11 15:58:00,2026-01-12,Henan,Luoyang,high,delivered
ORD_0000811,CUST_00175,WH_003,2026-01-11 17:14:00,2026-01-12,Sichuan,Deyang,normal,picked
ORD_0000812,CUST_00147,WH_001,2026-01-11 20:18:00,2026-01-12,Zhejiang,Hangzhou,normal,picked
ORD_0000813,CUST_00135,WH_003,2026-01-11 14:26:00,2026-01-12,Shandong,Yantai,normal,pending
ORD_0000814,CUST_00178,WH_002,2026-01-11 16:34:00,2026-01-12,Shandong,Jinan,normal,picked
ORD_0000815,CUST_00082,WH_001,2026-01-11 08:01:00,2026-01-12,Zhejiang,Wenzhou,high,dispatched
ORD_0000816,CUST_00086,WH_002,2026-01-11 19:14:00,2026-01-12,Guangdong,Dongguan,urgent,dispatched
ORD_0000817,CUST_00144,WH_002,2026-01-11 06:35:00,2026-01-12,Shandong,Qingdao,normal,dispatched
ORD_0000818,CUST_00166,WH_001,2026-01-11 09:05:00,2026-01-12,Henan,Luoyang,normal,picked
ORD_0000819,CUST_00168,WH_001,2026-01-11 08:37:00,2026-01-12,Hubei,Wuhan,high,dispatched
ORD_0000820,CUST_00198,WH_001,2026-01-11 13:04:00,2026-01-13,Shandong,Yantai,normal,picking
ORD_0000821,CUST_00148,WH_003,2026-01-11 06:15:00,2026-01-13,Jiangsu,Suzhou,normal,dispatched
ORD_0000822,CUST_00066,WH_001,2026-01-11 06:51:00,2026-01-12,Zhejiang,Hangzhou,normal,picked
ORD_0000823,CUST_00100,WH_003,2026-01-11 13:32:00,2026-01-12,Zhejiang,Wenzhou,high,delivered
ORD_0000824,CUST_00124,WH_002,2026-01-11 15:39:00,2026-01-12,Guangdong,Dongguan,normal,picked
ORD_0000825,CUST_00185,WH_001,2026-01-11 16:17:00,2026-01-12,Guangdong,Dongguan,normal,picked
ORD_0000826,CUST_00197,WH_001,2026-01-11 13:14:00,2026-01-13,Jiangsu,Nanjing,normal,dispatched
ORD_0000827,CUST_00093,WH_001,2026-01-11 13:09:00,2026-01-12,Guangdong,Guangzhou,normal,delivered
ORD_0000828,CUST_00070,WH_001,2026-01-11 07:27:00,2026-01-12,Zhejiang,Wenzhou,normal,picked
ORD_0000829,CUST_00050,WH_003,2026-01-11 12:06:00,2026-01-12,Shandong,Jinan,normal,picking
ORD_0000830,CUST_00054,WH_003,2026-01-11 10:57:00,2026-01-12,Guangdong,Dongguan,high,delivered
ORD_0000831,CUST_00137,WH_002,2026-01-12 17:36:00,2026-01-13,Henan,Kaifeng,high,picked
ORD_0000832,CUST_00119,WH_001,2026-01-12 07:53:00,2026-01-13,Zhejiang,Wenzhou,normal,dispatched
ORD_0000833,CUST_00172,WH_001,2026-01-12 12:19:00,2026-01-13,Sichuan,Deyang,normal,picked
ORD_0000834,CUST_00138,WH_001,2026-01-12 08:54:00,2026-01-13,Guangdong,Shenzhen,normal,picking
ORD_0000835,CUST_00150,WH_002,2026-01-12 13:18:00,2026-01-13,Guangdong,Guangzhou,normal,picked
ORD_0000836,CUST_00143,WH_003,2026-01-12 17:07:00,2026-01-13,Guangdong,Dongguan,normal,picking
ORD_0000837,CUST_00002,WH_002,2026-01-12 15:23:00,2026-01-13,Sichuan,Deyang,normal,picking
ORD_0000838,CUST_00052,WH_002,2026-01-12 06:53:00,2026-01-13,Guangdong,Dongguan,normal,picking
ORD_0000839,CUST_00032,WH_002,2026-01-12 13:53:00,2026-01-13,Henan,Luoyang,normal,delivered
ORD_0000840,CUST_00067,WH_002,2026-01-12 08:50:00,2026-01-13,Zhejiang,Wenzhou,normal,picked
ORD_0000841,CUST_00067,WH_002,2026-01-12 15:27:00,2026-01-13,Zhejiang,Wenzhou,normal,picked
ORD_0000842,CUST_00164,WH_002,2026-01-12 16:33:00,2026-01-13,Zhejiang,Wenzhou,normal,delivered
ORD_0000843,CUST_00165,WH_001,2026-01-12 16:01:00,2026-01-13,Shandong,Yantai,normal,delivered
ORD_0000844,CUST_00177,WH_002,2026-01-12 08:07:00,2026-01-13,Zhejiang,Ningbo,normal,delivered
ORD_0000845,CUST_00112,WH_002,2026-01-12 15:07:00,2026-01-13,Guangdong,Guangzhou,normal,picking
ORD_0000846,CUST_00082,WH_001,2026-01-12 13:17:00,2026-01-14,Zhejiang,Wenzhou,high,dispatched
ORD_0000847,CUST_00094,WH_001,2026-01-12 09:08:00,2026-01-13,Henan,Zhengzhou,normal,picked
ORD_0000848,CUST_00103,WH_002,2026-01-12 15:51:00,2026-01-13,Zhejiang,Hangzhou,normal,delivered
ORD_0000849,CUST_00039,WH_001,2026-01-12 11:44:00,2026-01-14,Shandong,Qingdao,high,picking
ORD_0000850,CUST_00097,WH_001,2026-01-12 06:11:00,2026-01-13,Hubei,Yichang,normal,delivered
ORD_0000851,CUST_00129,WH_003,2026-01-12 07:53:00,2026-01-13,Hubei,Yichang,normal,picked
ORD_0000852,CUST_00077,WH_002,2026-01-12 16:12:00,2026-01-13,Zhejiang,Ningbo,normal,picked
ORD_0000853,CUST_00098,WH_002,2026-01-12 14:09:00,2026-01-13,Zhejiang,Hangzhou,normal,dispatched
ORD_0000854,CUST_00185,WH_003,2026-01-12 13:35:00,2026-01-14,Guangdong,Dongguan,normal,dispatched
ORD_0000855,CUST_00154,WH_003,2026-01-12 10:53:00,2026-01-13,Guangdong,Dongguan,high,delivered
ORD_0000856,CUST_00175,WH_001,2026-01-12 14:49:00,2026-01-13,Sichuan,Deyang,normal,dispatched
ORD_0000857,CUST_00104,WH_002,2026-01-12 09:26:00,2026-01-13,Zhejiang,Ningbo,urgent,delivered
ORD_0000858,CUST_00131,WH_003,2026-01-12 09:19:00,2026-01-13,Henan,Kaifeng,normal,picking
ORD_0000859,CUST_00103,WH_001,2026-01-12 10:28:00,2026-01-13,Zhejiang,Hangzhou,normal,picked
ORD_0000860,CUST_00150,WH_003,2026-01-12 13:33:00,2026-01-13,Guangdong,Guangzhou,normal,pending
ORD_0000861,CUST_00138,WH_001,2026-01-12 12:53:00,2026-01-13,Guangdong,Shenzhen,normal,picking
ORD_0000862,CUST_00116,WH_001,2026-01-12 11:34:00,2026-01-13,Henan,Kaifeng,normal,picking
ORD_0000863,CUST_00182,WH_001,2026-01-12 15:05:00,2026-01-13,Zhejiang,Hangzhou,high,delivered
ORD_0000864,CUST_00025,WH_003,2026-01-12 13:50:00,2026-01-13,Hubei,Yichang,high,dispatched
ORD_0000865,CUST_00085,WH_002,2026-01-12 13:12:00,2026-01-14,Shandong,Qingdao,normal,dispatched
ORD_0000866,CUST_00008,WH_001,2026-01-12 10:52:00,2026-01-13,Hubei,Wuhan,normal,pending
ORD_0000867,CUST_00185,WH_003,2026-01-12 16:32:00,2026-01-13,Guangdong,Dongguan,normal,delivered
ORD_0000868,CUST_00105,WH_003,2026-01-12 17:46:00,2026-01-14,Sichuan,Chengdu,urgent,delivered
ORD_0000869,CUST_00055,WH_002,2026-01-12 08:46:00,2026-01-13,Henan,Zhengzhou,normal,dispatched
ORD_0000870,CUST_00029,WH_003,2026-01-12 15:02:00,2026-01-13,Zhejiang,Ningbo,normal,picked
ORD_0000871,CUST_00076,WH_003,2026-01-12 14:13:00,2026-01-14,Sichuan,Mianyang,high,pending
ORD_0000872,CUST_00063,WH_003,2026-01-12 08:40:00,2026-01-14,Henan,Luoyang,normal,dispatched
ORD_0000873,CUST_00141,WH_003,2026-01-12 19:31:00,2026-01-13,Henan,Luoyang,normal,picked
ORD_0000874,CUST_00173,WH_001,2026-01-12 08:01:00,2026-01-13,Henan,Kaifeng,normal,picking
ORD_0000875,CUST_00069,WH_001,2026-01-12 17:53:00,2026-01-13,Sichuan,Chengdu,high,dispatched
ORD_0000876,CUST_00118,WH_002,2026-01-12 19:52:00,2026-01-13,Sichuan,Mianyang,normal,picked
ORD_0000877,CUST_00148,WH_001,2026-01-12 15:46:00,2026-01-13,Jiangsu,Suzhou,high,delivered
ORD_0000878,CUST_00147,WH_001,2026-01-12 21:53:00,2026-01-13,Zhejiang,Hangzhou,normal,delivered
ORD_0000879,CUST_00102,WH_003,2026-01-12 15:15:00,2026-01-13,Sichuan,Chengdu,normal,picked
ORD_0000880,CUST_00196,WH_001,2026-01-12 06:09:00,2026-01-13,Henan,Zhengzhou,normal,dispatched
ORD_0000881,CUST_00045,WH_003,2026-01-12 06:42:00,2026-01-13,Sichuan,Chengdu,normal,picked
ORD_0000882,CUST_00050,WH_002,2026-01-12 15:04:00,2026-01-13,Shandong,Jinan,normal,dispatched
ORD_0000883,CUST_00019,WH_003,2026-01-12 19:01:00,2026-01-13,Henan,Luoyang,normal,dispatched
ORD_0000884,CUST_00153,WH_003,2026-01-12 21:06:00,2026-01-13,Zhejiang,Wenzhou,normal,dispatched
ORD_0000885,CUST_00177,WH_003,2026-01-12 17:42:00,2026-01-13,Zhejiang,Ningbo,normal,picking
ORD_0000886,CUST_00133,WH_002,2026-01-12 11:08:00,2026-01-13,Zhejiang,Wenzhou,normal,picking
ORD_0000887,CUST_00006,WH_001,2026-01-12 08:10:00,2026-01-13,Zhejiang,Ningbo,normal,dispatched
ORD_0000888,CUST_00196,WH_002,2026-01-12 11:22:00,2026-01-13,Henan,Zhengzhou,urgent,picking
ORD_0000889,CUST_00173,WH_002,2026-01-12 10:51:00,2026-01-13,Henan,Kaifeng,normal,picked
ORD_0000890,CUST_00081,WH_003,2026-01-12 07:23:00,2026-01-13,Hubei,Xiangyang,normal,picked
ORD_0000891,CUST_00157,WH_002,2026-01-12 21:06:00,2026-01-13,Guangdong,Guangzhou,normal,picked
ORD_0000892,CUST_00151,WH_001,2026-01-12 07:14:00,2026-01-13,Hubei,Yichang,normal,picked
ORD_0000893,CUST_00100,WH_001,2026-01-12 15:30:00,2026-01-13,Zhejiang,Wenzhou,normal,pending
ORD_0000894,CUST_00196,WH_002,2026-01-12 18:17:00,2026-01-13,Henan,Zhengzhou,normal,dispatched
ORD_0000895,CUST_00074,WH_001,2026-01-12 18:04:00,2026-01-13,Sichuan,Mianyang,normal,pending
ORD_0000896,CUST_00189,WH_001,2026-01-12 20:22:00,2026-01-13,Hubei,Xiangyang,normal,delivered
ORD_0000897,CUST_00160,WH_003,2026-01-12 14:32:00,2026-01-13,Shandong,Qingdao,normal,picked
ORD_0000898,CUST_00152,WH_003,2026-01-12 10:30:00,2026-01-13,Shandong,Qingdao,normal,dispatched
ORD_0000899,CUST_00104,WH_002,2026-01-12 08:50:00,2026-01-13,Zhejiang,Ningbo,normal,pending
ORD_0000900,CUST_00153,WH_001,2026-01-12 06:25:00,2026-01-13,Zhejiang,Wenzhou,normal,dispatched
ORD_0000901,CUST_00097,WH_001,2026-01-12 10:55:00,2026-01-13,Hubei,Yichang,normal,delivered
ORD_0000902,CUST_00116,WH_003,2026-01-12 12:49:00,2026-01-13,Henan,Kaifeng,normal,picking
ORD_0000903,CUST_00050,WH_002,2026-01-12 21:43:00,2026-01-13,Shandong,Jinan,normal,dispatched
ORD_0000904,CUST_00012,WH_003,2026-01-12 20:22:00,2026-01-14,Sichuan,Deyang,normal,delivered
ORD_0000905,CUST_00199,WH_001,2026-01-12 17:36:00,2026-01-13,Guangdong,Dongguan,normal,delivered
ORD_0000906,CUST_00026,WH_001,2026-01-12 08:04:00,2026-01-13,Guangdong,Guangzhou,normal,pending
ORD_0000907,CUST_00191,WH_003,2026-01-12 11:03:00,2026-01-13,Zhejiang,Ningbo,normal,picked
ORD_0000908,CUST_00026,WH_003,2026-01-12 17:55:00,2026-01-13,Guangdong,Guangzhou,normal,delivered
ORD_0000909,CUST_00168,WH_003,2026-01-12 14:23:00,2026-01-13,Hubei,Wuhan,high,dispatched
ORD_0000910,CUST_00107,WH_002,2026-01-12 16:37:00,2026-01-13,Henan,Luoyang,high,picked
ORD_0000911,CUST_00116,WH_001,2026-01-12 06:48:00,2026-01-13,Henan,Kaifeng,normal,picked
ORD_0000912,CUST_00132,WH_003,2026-01-12 15:52:00,2026-01-13,Zhejiang,Ningbo,normal,dispatched
ORD_0000913,CUST_00097,WH_003,2026-01-12 21:21:00,2026-01-13,Hubei,Yichang,normal,picking
ORD_0000914,CUST_00175,WH_001,2026-01-12 08:11:00,2026-01-13,Sichuan,Deyang,normal,picked
ORD_0000915,CUST_00097,WH_003,2026-01-12 16:04:00,2026-01-13,Hubei,Yichang,normal,picked
ORD_0000916,CUST_00049,WH_002,2026-01-12 08:30:00,2026-01-13,Shandong,Qingdao,normal,picked
ORD_0000917,CUST_00197,WH_002,2026-01-12 17:25:00,2026-01-13,Jiangsu,Nanjing,normal,picking
ORD_0000918,CUST_00182,WH_001,2026-01-12 14:40:00,2026-01-13,Zhejiang,Hangzhou,normal,picking
ORD_0000919,CUST_00074,WH_002,2026-01-12 09:42:00,2026-01-13,Sichuan,Mianyang,high,picking
ORD_0000920,CUST_00197,WH_002,2026-01-12 21:56:00,2026-01-13,Jiangsu,Nanjing,normal,picked
ORD_0000921,CUST_00154,WH_002,2026-01-12 09:13:00,2026-01-13,Guangdong,Dongguan,high,delivered
ORD_0000922,CUST_00010,WH_001,2026-01-12 08:46:00,2026-01-13,Sichuan,Mianyang,high,picked
ORD_0000923,CUST_00052,WH_003,2026-01-12 06:54:00,2026-01-13,Guangdong,Dongguan,normal,dispatched
ORD_0000924,CUST_00127,WH_001,2026-01-12 17:42:00,2026-01-14,Henan,Luoyang,normal,picked
ORD_0000925,CUST_00056,WH_003,2026-01-12 19:11:00,2026-01-13,Shandong,Yantai,normal,picking
ORD_0000926,CUST_00004,WH_003,2026-01-12 14:44:00,2026-01-13,Jiangsu,Nanjing,high,picking
ORD_0000927,CUST_00036,WH_001,2026-01-12 16:20:00,2026-01-13,Sichuan,Mianyang,normal,delivered
ORD_0000928,CUST_00005,WH_003,2026-01-12 12:58:00,2026-01-13,Zhejiang,Hangzhou,normal,pending
ORD_0000929,CUST_00199,WH_001,2026-01-12 16:34:00,2026-01-13,Guangdong,Dongguan,normal,picked
ORD_0000930,CUST_00070,WH_003,2026-01-12 17:13:00,2026-01-13,Zhejiang,Wenzhou,normal,dispatched
ORD_0000931,CUST_00194,WH_003,2026-01-12 18:58:00,2026-01-13,Zhejiang,Wenzhou,normal,picked
ORD_0000932,CUST_00157,WH_003,2026-01-12 14:03:00,2026-01-13,Guangdong,Guangzhou,normal,picking
ORD_0000933,CUST_00005,WH_002,2026-01-12 07:08:00,2026-01-13,Zhejiang,Hangzhou,normal,picked
ORD_0000934,CUST_00175,WH_002,2026-01-12 13:27:00,2026-01-13,Sichuan,Deyang,normal,picking
ORD_0000935,CUST_00192,WH_003,2026-01-12 10:16:00,2026-01-13,Shandong,Qingdao,normal,picked
ORD_0000936,CUST_00099,WH_003,2026-01-12 17:04:00,2026-01-13,Zhejiang,Hangzhou,normal,picking
ORD_0000937,CUST_00058,WH_003,2026-01-12 19:40:00,2026-01-13,Jiangsu,Suzhou,normal,picked
ORD_0000938,CUST_00072,WH_003,2026-01-12 07:02:00,2026-01-14,Zhejiang,Wenzhou,normal,dispatched
ORD_0000939,CUST_00124,WH_002,2026-01-12 06:38:00,2026-01-13,Guangdong,Dongguan,normal,delivered
ORD_0000940,CUST_00107,WH_002,2026-01-12 13:07:00,2026-01-13,Henan,Luoyang,normal,picked
ORD_0000941,CUST_00075,WH_002,2026-01-12 12:20:00,2026-01-13,Sichuan,Deyang,normal,picking
ORD_0000942,CUST_00016,WH_002,2026-01-12 16:19:00,2026-01-14,Sichuan,Mianyang,normal,dispatched
ORD_0000943,CUST_00107,WH_003,2026-01-12 11:42:00,2026-01-14,Henan,Luoyang,normal,picked
ORD_0000944,CUST_00113,WH_002,2026-01-12 20:45:00,2026-01-13,Shandong,Qingdao,normal,picking
ORD_0000945,CUST_00081,WH_003,2026-01-12 09:34:00,2026-01-13,Hubei,Xiangyang,normal,picked
ORD_0000946,CUST_00010,WH_001,2026-01-12 11:01:00,2026-01-13,Sichuan,Mianyang,normal,picking
ORD_0000947,CUST_00130,WH_002,2026-01-12 18:54:00,2026-01-13,Henan,Zhengzhou,normal,picked
ORD_0000948,CUST_00064,WH_003,2026-01-12 13:02:00,2026-01-14,Zhejiang,Wenzhou,normal,dispatched
ORD_0000949,CUST_00062,WH_001,2026-01-12 09:18:00,2026-01-13,Zhejiang,Wenzhou,normal,picked
ORD_0000950,CUST_00200,WH_003,2026-01-12 14:45:00,2026-01-13,Zhejiang,Ningbo,normal,picked
ORD_0000951,CUST_00068,WH_001,2026-01-12 11:57:00,2026-01-13,Shandong,Qingdao,normal,dispatched
ORD_0000952,CUST_00132,WH_001,2026-01-12 18:57:00,2026-01-14,Zhejiang,Ningbo,normal,picking
ORD_0000953,CUST_00064,WH_003,2026-01-12 15:36:00,2026-01-14,Zhejiang,Wenzhou,normal,picked
ORD_0000954,CUST_00061,WH_001,2026-01-12 11:05:00,2026-01-13,Shandong,Qingdao,urgent,delivered
ORD_0000955,CUST_00062,WH_002,2026-01-12 10:09:00,2026-01-13,Zhejiang,Wenzhou,normal,dispatched
ORD_0000956,CUST_00092,WH_003,2026-01-12 15:28:00,2026-01-13,Jiangsu,Nanjing,urgent,picking
ORD_0000957,CUST_00183,WH_003,2026-01-12 15:26:00,2026-01-13,Jiangsu,Nanjing,high,picked
ORD_0000958,CUST_00059,WH_003,2026-01-12 20:22:00,2026-01-13,Hubei,Yichang,normal,dispatched
ORD_0000959,CUST_00150,WH_003,2026-01-12 16:24:00,2026-01-13,Guangdong,Guangzhou,normal,dispatched
ORD_0000960,CUST_00183,WH_003,2026-01-12 15:46:00,2026-01-14,Jiangsu,Nanjing,high,pending
ORD_0000961,CUST_00197,WH_001,2026-01-12 17:09:00,2026-01-14,Jiangsu,Nanjing,normal,dispatched
ORD_0000962,CUST_00185,WH_001,2026-01-12 06:02:00,2026-01-14,Guangdong,Dongguan,normal,dispatched
ORD_0000963,CUST_00177,WH_003,2026-01-12 20:45:00,2026-01-13,Zhejiang,Ningbo,normal,picked
ORD_0000964,CUST_00014,WH_001,2026-01-12 13:19:00,2026-01-13,Shandong,Yantai,normal,picked
ORD_0000965,CUST_00197,WH_002,2026-01-12 09:39:00,2026-01-13,Jiangsu,Nanjing,urgent,pending
ORD_0000966,CUST_00107,WH_002,2026-01-12 06:08:00,2026-01-13,Henan,Luoyang,normal,dispatched
ORD_0000967,CUST_00058,WH_002,2026-01-12 18:34:00,2026-01-13,Jiangsu,Suzhou,normal,pending
ORD_0000968,CUST_00149,WH_001,2026-01-12 19:07:00,2026-01-13,Henan,Zhengzhou,normal,picked
ORD_0000969,CUST_00143,WH_001,2026-01-12 21:10:00,2026-01-13,Guangdong,Dongguan,normal,picking
ORD_0000970,CUST_00086,WH_001,2026-01-12 17:04:00,2026-01-14,Guangdong,Dongguan,normal,picked
ORD_0000971,CUST_00156,WH_003,2026-01-12 15:14:00,2026-01-13,Zhejiang,Ningbo,normal,delivered
ORD_0000972,CUST_00195,WH_003,2026-01-12 16:16:00,2026-01-13,Zhejiang,Wenzhou,high,picked
ORD_0000973,CUST_00051,WH_001,2026-01-12 13:16:00,2026-01-13,Hubei,Yichang,normal,dispatched
ORD_0000974,CUST_00041,WH_003,2026-01-12 19:08:00,2026-01-13,Jiangsu,Nanjing,high,picked
ORD_0000975,CUST_00055,WH_001,2026-01-12 08:50:00,2026-01-13,Henan,Zhengzhou,normal,picked
ORD_0000976,CUST_00045,WH_003,2026-01-12 09:04:00,2026-01-13,Sichuan,Chengdu,normal,picking
ORD_0000977,CUST_00138,WH_003,2026-01-12 19:32:00,2026-01-13,Guangdong,Shenzhen,normal,picked
ORD_0000978,CUST_00171,WH_001,2026-01-12 13:36:00,2026-01-13,Guangdong,Guangzhou,normal,picked
ORD_0000979,CUST_00088,WH_001,2026-01-12 09:04:00,2026-01-14,Shandong,Yantai,normal,picking
ORD_0000980,CUST_00121,WH_001,2026-01-12 16:40:00,2026-01-13,Sichuan,Deyang,normal,picked
ORD_0000981,CUST_00120,WH_001,2026-01-12 19:45:00,2026-01-13,Guangdong,Dongguan,normal,picked
ORD_0000982,CUST_00099,WH_002,2026-01-12 08:06:00,2026-01-13,Zhejiang,Hangzhou,normal,dispatched
ORD_0000983,CUST_00020,WH_003,2026-01-12 13:17:00,2026-01-13,Jiangsu,Nanjing,normal,picking
ORD_0000984,CUST_00113,WH_002,2026-01-12 11:46:00,2026-01-13,Shandong,Qingdao,normal,picking
ORD_0000985,CUST_00100,WH_002,2026-01-12 15:46:00,2026-01-13,Zhejiang,Wenzhou,normal,dispatched
ORD_0000986,CUST_00043,WH_003,2026-01-12 21:53:00,2026-01-13,Zhejiang,Hangzhou,urgent,dispatched
ORD_0000987,CUST_00028,WH_003,2026-01-12 18:38:00,2026-01-13,Hubei,Wuhan,high,dispatched
ORD_0000988,CUST_00086,WH_003,2026-01-12 17:57:00,2026-01-13,Guangdong,Dongguan,high,dispatched
ORD_0000989,CUST_00109,WH_002,2026-01-12 12:28:00,2026-01-13,Shandong,Jinan,normal,delivered
ORD_0000990,CUST_00180,WH_003,2026-01-12 06:34:00,2026-01-13,Shandong,Yantai,normal,picked
ORD_0000991,CUST_00039,WH_002,2026-01-12 09:04:00,2026-01-13,Shandong,Qingdao,normal,picked
ORD_0000992,CUST_00066,WH_003,2026-01-12 21:13:00,2026-01-13,Zhejiang,Hangzhou,normal,picking
ORD_0000993,CUST_00091,WH_001,2026-01-12 06:36:00,2026-01-13,Zhejiang,Ningbo,normal,picking
ORD_0000994,CUST_00043,WH_002,2026-01-12 21:24:00,2026-01-13,Zhejiang,Hangzhou,normal,dispatched
ORD_0000995,CUST_00081,WH_003,2026-01-12 07:08:00,2026-01-13,Hubei,Xiangyang,normal,picked
ORD_0000996,CUST_00041,WH_003,2026-01-12 21:26:00,2026-01-13,Jiangsu,Nanjing,normal,picking
ORD_0000997,CUST_00130,WH_003,2026-01-12 14:39:00,2026-01-13,Henan,Zhengzhou,normal,picked
ORD_0000998,CUST_00159,WH_002,2026-01-12 15:23:00,2026-01-13,Guangdong,Shenzhen,normal,dispatched
ORD_0000999,CUST_00162,WH_003,2026-01-12 12:34:00,2026-01-14,Zhejiang,Ningbo,normal,picking
ORD_0001000,CUST_00021,WH_001,2026-01-12 14:44:00,2026-01-13,Guangdong,Shenzhen,normal,pending
ORD_0001001,CUST_00087,WH_001,2026-01-12 18:39:00,2026-01-13,Guangdong,Guangzhou,high,picking
ORD_0001002,CUST_00048,WH_002,2026-01-12 19:39:00,2026-01-14,Shandong,Jinan,normal,pending
ORD_0001003,CUST_00028,WH_002,2026-01-12 09:35:00,2026-01-13,Hubei,Wuhan,normal,picking
ORD_0001004,CUST_00125,WH_002,2026-01-12 06:37:00,2026-01-13,Henan,Kaifeng,normal,dispatched
ORD_0001005,CUST_00134,WH_003,2026-01-12 19:51:00,2026-01-13,Sichuan,Mianyang,high,pending
ORD_0001006,CUST_00183,WH_001,2026-01-12 07:06:00,2026-01-13,Jiangsu,Nanjing,high,dispatched
ORD_0001007,CUST_00053,WH_001,2026-01-12 21:12:00,2026-01-13,Guangdong,Dongguan,urgent,dispatched
ORD_0001008,CUST_00128,WH_003,2026-01-12 16:37:00,2026-01-13,Zhejiang,Wenzhou,normal,pending
ORD_0001009,CUST_00195,WH_002,2026-01-12 17:53:00,2026-01-13,Zhejiang,Wenzhou,high,picked
ORD_0001010,CUST_00122,WH_003,2026-01-12 09:54:00,2026-01-13,Jiangsu,Nanjing,normal,dispatched
ORD_0001011,CUST_00019,WH_001,2026-01-12 16:46:00,2026-01-13,Henan,Luoyang,normal,delivered
ORD_0001012,CUST_00142,WH_001,2026-01-12 20:00:00,2026-01-13,Hubei,Wuhan,normal,dispatched
ORD_0001013,CUST_00192,WH_003,2026-01-12 07:50:00,2026-01-13,Shandong,Qingdao,high,picked
ORD_0001014,CUST_00025,WH_002,2026-01-12 10:55:00,2026-01-13,Hubei,Yichang,high,delivered
ORD_0001015,CUST_00102,WH_003,2026-01-12 15:06:00,2026-01-13,Sichuan,Chengdu,urgent,picking
ORD_0001016,CUST_00072,WH_001,2026-01-12 16:26:00,2026-01-13,Zhejiang,Wenzhou,normal,picking
ORD_0001017,CUST_00075,WH_002,2026-01-12 09:47:00,2026-01-13,Sichuan,Deyang,normal,delivered
ORD_0001018,CUST_00114,WH_002,2026-01-12 12:01:00,2026-01-13,Zhejiang,Ningbo,normal,picked
ORD_0001019,CUST_00089,WH_001,2026-01-12 17:49:00,2026-01-13,Guangdong,Shenzhen,normal,picking
ORD_0001020,CUST_00196,WH_002,2026-01-12 20:01:00,2026-01-13,Henan,Zhengzhou,normal,picked
ORD_0001021,CUST_00066,WH_002,2026-01-12 06:48:00,2026-01-14,Zhejiang,Hangzhou,normal,picking
ORD_0001022,CUST_00153,WH_002,2026-01-12 13:31:00,2026-01-14,Zhejiang,Wenzhou,high,picked
ORD_0001023,CUST_00111,WH_001,2026-01-12 07:45:00,2026-01-13,Guangdong,Guangzhou,normal,picked
ORD_0001024,CUST_00042,WH_003,2026-01-12 21:26:00,2026-01-13,Jiangsu,Suzhou,urgent,picking
ORD_0001025,CUST_00065,WH_003,2026-01-12 14:32:00,2026-01-13,Shandong,Jinan,normal,picked
ORD_0001026,CUST_00134,WH_001,2026-01-12 19:29:00,2026-01-13,Sichuan,Mianyang,normal,picked
ORD_0001027,CUST_00051,WH_002,2026-01-12 15:30:00,2026-01-13,Hubei,Yichang,normal,pending
ORD_0001028,CUST_00108,WH_001,2026-01-12 21:59:00,2026-01-13,Jiangsu,Nanjing,normal,dispatched
ORD_0001029,CUST_00190,WH_003,2026-01-12 19:21:00,2026-01-14,Henan,Luoyang,normal,delivered
ORD_0001030,CUST_00093,WH_003,2026-01-12 06:51:00,2026-01-13,Guangdong,Guangzhou,normal,picked
ORD_0001031,CUST_00175,WH_002,2026-01-12 10:09:00,2026-01-13,Sichuan,Deyang,normal,picking
ORD_0001032,CUST_00092,WH_002,2026-01-12 16:10:00,2026-01-13,Jiangsu,Nanjing,high,dispatched
ORD_0001033,CUST_00121,WH_002,2026-01-12 10:30:00,2026-01-13,Sichuan,Deyang,high,dispatched
ORD_0001034,CUST_00129,WH_002,2026-01-12 13:23:00,2026-01-14,Hubei,Yichang,normal,picked
ORD_0001035,CUST_00130,WH_001,2026-01-12 09:28:00,2026-01-13,Henan,Zhengzhou,normal,picking
ORD_0001036,CUST_00081,WH_001,2026-01-12 11:23:00,2026-01-13,Hubei,Xiangyang,normal,pending
ORD_0001037,CUST_00105,WH_003,2026-01-12 21:16:00,2026-01-14,Sichuan,Chengdu,normal,delivered
ORD_0001038,CUST_00184,WH_003,2026-01-12 14:03:00,2026-01-13,Jiangsu,Nanjing,normal,picked
ORD_0001039,CUST_00164,WH_002,2026-01-12 13:24:00,2026-01-13,Zhejiang,Wenzhou,high,dispatched
ORD_0001040,CUST_00150,WH_003,2026-01-12 11:45:00,2026-01-13,Guangdong,Guangzhou,normal,picking
ORD_0001041,CUST_00123,WH_003,2026-01-12 06:44:00,2026-01-14,Guangdong,Guangzhou,high,delivered
ORD_0001042,CUST_00027,WH_003,2026-01-12 14:13:00,2026-01-13,Jiangsu,Wuxi,normal,picking
ORD_0001043,CUST_00170,WH_002,2026-01-12 08:43:00,2026-01-13,Henan,Luoyang,normal,pending
ORD_0001044,CUST_00011,WH_001,2026-01-12 08:59:00,2026-01-13,Guangdong,Dongguan,normal,picked
ORD_0001045,CUST_00153,WH_003,2026-01-12 16:15:00,2026-01-13,Zhejiang,Wenzhou,normal,picked
ORD_0001046,CUST_00160,WH_001,2026-01-12 18:37:00,2026-01-13,Shandong,Qingdao,normal,delivered
ORD_0001047,CUST_00005,WH_001,2026-01-12 09:00:00,2026-01-13,Zhejiang,Hangzhou,normal,picked
ORD_0001048,CUST_00013,WH_002,2026-01-12 12:22:00,2026-01-13,Hubei,Wuhan,normal,picked
ORD_0001049,CUST_00182,WH_001,2026-01-12 17:40:00,2026-01-13,Zhejiang,Hangzhou,normal,picked
ORD_0001050,CUST_00089,WH_001,2026-01-12 13:42:00,2026-01-13,Guangdong,Shenzhen,normal,picking
ORD_0001051,CUST_00066,WH_003,2026-01-12 11:26:00,2026-01-14,Zhejiang,Hangzhou,normal,dispatched
ORD_0001052,CUST_00150,WH_001,2026-01-12 16:06:00,2026-01-13,Guangdong,Guangzhou,normal,dispatched
ORD_0001053,CUST_00084,WH_001,2026-01-12 18:52:00,2026-01-13,Shandong,Qingdao,normal,picked
ORD_0001054,CUST_00036,WH_003,2026-01-12 07:13:00,2026-01-13,Sichuan,Mianyang,normal,delivered
ORD_0001055,CUST_00015,WH_003,2026-01-12 21:53:00,2026-01-13,Guangdong,Guangzhou,normal,dispatched
ORD_0001056,CUST_00042,WH_003,2026-01-12 14:08:00,2026-01-13,Jiangsu,Suzhou,normal,delivered
ORD_0001057,CUST_00041,WH_003,2026-01-12 10:31:00,2026-01-13,Jiangsu,Nanjing,high,picked
ORD_0001058,CUST_00048,WH_001,2026-01-12 09:33:00,2026-01-13,Shandong,Jinan,normal,picked
ORD_0001059,CUST_00182,WH_001,2026-01-12 08:12:00,2026-01-13,Zhejiang,Hangzhou,high,delivered
ORD_0001060,CUST_00156,WH_003,2026-01-12 21:53:00,2026-01-13,Zhejiang,Ningbo,normal,dispatched
ORD_0001061,CUST_00087,WH_001,2026-01-12 17:26:00,2026-01-13,Guangdong,Guangzhou,normal,picking
ORD_0001062,CUST_00020,WH_003,2026-01-12 07:40:00,2026-01-13,Jiangsu,Nanjing,high,dispatched
ORD_0001063,CUST_00100,WH_002,2026-01-12 13:15:00,2026-01-13,Zhejiang,Wenzhou,normal,picking
ORD_0001064,CUST_00099,WH_001,2026-01-12 20:53:00,2026-01-13,Zhejiang,Hangzhou,normal,picked
ORD_0001065,CUST_00109,WH_003,2026-01-12 15:06:00,2026-01-14,Shandong,Jinan,normal,picked
ORD_0001066,CUST_00039,WH_002,2026-01-12 07:16:00,2026-01-13,Shandong,Qingdao,normal,picking
ORD_0001067,CUST_00176,WH_001,2026-01-12 12:48:00,2026-01-13,Henan,Luoyang,high,dispatched
ORD_0001068,CUST_00180,WH_003,2026-01-12 16:50:00,2026-01-13,Shandong,Yantai,normal,dispatched
ORD_0001069,CUST_00026,WH_001,2026-01-12 15:44:00,2026-01-13,Guangdong,Guangzhou,normal,pending
ORD_0001070,CUST_00031,WH_003,2026-01-12 09:03:00,2026-01-13,Guangdong,Dongguan,normal,picked
ORD_0001071,CUST_00115,WH_003,2026-01-12 11:33:00,2026-01-14,Shandong,Jinan,normal,picked
ORD_0001072,CUST_00145,WH_002,2026-01-12 10:26:00,2026-01-14,Sichuan,Chengdu,normal,picking
ORD_0001073,CUST_00077,WH_001,2026-01-12 20:01:00,2026-01-13,Zhejiang,Ningbo,normal,delivered
ORD_0001074,CUST_00086,WH_002,2026-01-12 19:07:00,2026-01-13,Guangdong,Dongguan,normal,dispatched
ORD_0001075,CUST_00049,WH_001,2026-01-12 09:42:00,2026-01-13,Shandong,Qingdao,normal,picked
ORD_0001076,CUST_00084,WH_003,2026-01-12 08:17:00,2026-01-13,Shandong,Qingdao,normal,picked
ORD_0001077,CUST_00174,WH_003,2026-01-12 18:20:00,2026-01-13,Guangdong,Dongguan,urgent,picked
ORD_0001078,CUST_00119,WH_001,2026-01-12 09:21:00,2026-01-13,Zhejiang,Wenzhou,normal,picking
ORD_0001079,CUST_00171,WH_003,2026-01-12 14:22:00,2026-01-13,Guangdong,Guangzhou,normal,picking
ORD_0001080,CUST_00142,WH_003,2026-01-12 10:18:00,2026-01-13,Hubei,Wuhan,normal,pending
ORD_0001081,CUST_00176,WH_002,2026-01-12 06:48:00,2026-01-13,Henan,Luoyang,normal,picked
ORD_0001082,CUST_00051,WH_002,2026-01-12 16:12:00,2026-01-13,Hubei,Yichang,normal,picked
ORD_0001083,CUST_00076,WH_001,2026-01-12 12:29:00,2026-01-13,Sichuan,Mianyang,normal,picking
ORD_0001084,CUST_00018,WH_002,2026-01-12 11:55:00,2026-01-13,Jiangsu,Suzhou,normal,picking
ORD_0001085,CUST_00054,WH_001,2026-01-12 13:58:00,2026-01-13,Guangdong,Dongguan,high,picking
ORD_0001086,CUST_00179,WH_002,2026-01-12 20:55:00,2026-01-13,Henan,Zhengzhou,normal,picked
ORD_0001087,CUST_00045,WH_001,2026-01-12 08:02:00,2026-01-13,Sichuan,Chengdu,high,picked
ORD_0001088,CUST_00153,WH_002,2026-01-12 06:51:00,2026-01-13,Zhejiang,Wenzhou,normal,delivered
ORD_0001089,CUST_00072,WH_002,2026-01-12 19:38:00,2026-01-13,Zhejiang,Wenzhou,normal,delivered
ORD_0001090,CUST_00006,WH_001,2026-01-12 17:18:00,2026-01-13,Zhejiang,Ningbo,normal,picked
ORD_0001091,CUST_00184,WH_001,2026-01-12 19:42:00,2026-01-13,Jiangsu,Nanjing,urgent,dispatched
ORD_0001092,CUST_00199,WH_003,2026-01-12 20:47:00,2026-01-13,Guangdong,Dongguan,normal,picked
ORD_0001093,CUST_00056,WH_003,2026-01-12 20:38:00,2026-01-13,Shandong,Yantai,normal,pending
ORD_0001094,CUST_00019,WH_001,2026-01-12 11:23:00,2026-01-13,Henan,Luoyang,normal,pending
ORD_0001095,CUST_00152,WH_003,2026-01-12 18:54:00,2026-01-13,Shandong,Qingdao,normal,picked
ORD_0001096,CUST_00095,WH_002,2026-01-12 15:52:00,2026-01-13,Zhejiang,Ningbo,normal,delivered
ORD_0001097,CUST_00102,WH_002,2026-01-12 16:14:00,2026-01-13,Sichuan,Chengdu,normal,picked
ORD_0001098,CUST_00057,WH_002,2026-01-12 15:24:00,2026-01-13,Guangdong,Dongguan,normal,dispatched
ORD_0001099,CUST_00020,WH_001,2026-01-12 16:52:00,2026-01-13,Jiangsu,Nanjing,normal,picking
ORD_0001100,CUST_00112,WH_003,2026-01-12 18:14:00,2026-01-13,Guangdong,Guangzhou,high,dispatched
ORD_0001101,CUST_00134,WH_003,2026-01-12 11:14:00,2026-01-13,Sichuan,Mianyang,normal,picked
ORD_0001102,CUST_00167,WH_001,2026-01-12 15:12:00,2026-01-13,Zhejiang,Ningbo,normal,pending
ORD_0001103,CUST_00179,WH_003,2026-01-12 15:48:00,2026-01-13,Henan,Zhengzhou,normal,delivered
ORD_0001104,CUST_00160,WH_003,2026-01-12 16:43:00,2026-01-13,Shandong,Qingdao,high,dispatched
ORD_0001105,CUST_00007,WH_003,2026-01-12 09:42:00,2026-01-13,Sichuan,Deyang,normal,picked
ORD_0001106,CUST_00096,WH_003,2026-01-12 13:15:00,2026-01-13,Hubei,Yichang,high,picking
ORD_0001107,CUST_00011,WH_002,2026-01-12 19:02:00,2026-01-13,Guangdong,Dongguan,normal,picking
ORD_0001108,CUST_00031,WH_001,2026-01-12 09:33:00,2026-01-13,Guangdong,Dongguan,normal,dispatched
ORD_0001109,CUST_00065,WH_002,2026-01-12 21:03:00,2026-01-13,Shandong,Jinan,normal,picked
ORD_0001110,CUST_00048,WH_002,2026-01-12 21:39:00,2026-01-13,Shandong,Jinan,normal,delivered
ORD_0001111,CUST_00042,WH_002,2026-01-12 14:04:00,2026-01-13,Jiangsu,Suzhou,normal,dispatched
ORD_0001112,CUST_00116,WH_003,2026-01-12 15:42:00,2026-01-13,Henan,Kaifeng,normal,picked
ORD_0001113,CUST_00183,WH_002,2026-01-12 19:49:00,2026-01-13,Jiangsu,Nanjing,normal,picked
ORD_0001114,CUST_00169,WH_002,2026-01-12 21:34:00,2026-01-13,Shandong,Jinan,normal,picking
ORD_0001115,CUST_00035,WH_003,2026-01-12 19:07:00,2026-01-13,Shandong,Jinan,normal,picking
ORD_0001116,CUST_00030,WH_002,2026-01-12 11:22:00,2026-01-14,Hubei,Xiangyang,high,dispatched
ORD_0001117,CUST_00019,WH_001,2026-01-12 18:23:00,2026-01-14,Henan,Luoyang,normal,delivered
ORD_0001118,CUST_00118,WH_003,2026-01-12 11:37:00,2026-01-14,Sichuan,Mianyang,normal,picking
ORD_0001119,CUST_00011,WH_003,2026-01-12 20:56:00,2026-01-13,Guangdong,Dongguan,normal,picked
ORD_0001120,CUST_00009,WH_002,2026-01-12 06:45:00,2026-01-13,Sichuan,Mianyang,normal,delivered
ORD_0001121,CUST_00105,WH_003,2026-01-12 15:00:00,2026-01-13,Sichuan,Chengdu,normal,picked
ORD_0001122,CUST_00048,WH_001,2026-01-12 15:02:00,2026-01-13,Shandong,Jinan,normal,picked
ORD_0001123,CUST_00197,WH_002,2026-01-12 18:46:00,2026-01-13,Jiangsu,Nanjing,normal,picking
ORD_0001124,CUST_00178,WH_002,2026-01-12 16:23:00,2026-01-13,Shandong,Jinan,normal,picked
ORD_0001125,CUST_00080,WH_002,2026-01-12 11:13:00,2026-01-14,Jiangsu,Nanjing,normal,picked
ORD_0001126,CUST_00052,WH_001,2026-01-12 21:56:00,2026-01-13,Guangdong,Dongguan,normal,dispatched
ORD_0001127,CUST_00139,WH_003,2026-01-12 15:39:00,2026-01-13,Zhejiang,Ningbo,normal,delivered
ORD_0001128,CUST_00102,WH_001,2026-01-12 17:14:00,2026-01-13,Sichuan,Chengdu,normal,delivered
ORD_0001129,CUST_00026,WH_001,2026-01-12 19:01:00,2026-01-13,Guangdong,Guangzhou,high,dispatched
ORD_0001130,CUST_00139,WH_001,2026-01-12 18:06:00,2026-01-14,Zhejiang,Ningbo,high,picked
ORD_0001131,CUST_00037,WH_001,2026-01-12 06:54:00,2026-01-13,Jiangsu,Wuxi,high,picked
ORD_0001132,CUST_00150,WH_002,2026-01-12 18:36:00,2026-01-13,Guangdong,Guangzhou,normal,dispatched
ORD_0001133,CUST_00200,WH_003,2026-01-12 15:38:00,2026-01-13,Zhejiang,Ningbo,normal,picked
ORD_0001134,CUST_00143,WH_003,2026-01-12 06:58:00,2026-01-13,Guangdong,Dongguan,normal,picked
ORD_0001135,CUST_00072,WH_001,2026-01-12 18:47:00,2026-01-13,Zhejiang,Wenzhou,urgent,picking
ORD_0001136,CUST_00159,WH_003,2026-01-12 21:19:00,2026-01-13,Guangdong,Shenzhen,normal,picked
ORD_0001137,CUST_00107,WH_003,2026-01-12 11:17:00,2026-01-13,Henan,Luoyang,normal,picking
ORD_0001138,CUST_00180,WH_003,2026-01-12 10:41:00,2026-01-14,Shandong,Yantai,normal,picked
ORD_0001139,CUST_00022,WH_003,2026-01-12 07:29:00,2026-01-13,Zhejiang,Wenzhou,normal,picked
ORD_0001140,CUST_00060,WH_002,2026-01-12 20:00:00,2026-01-13,Zhejiang,Ningbo,normal,dispatched
ORD_0001141,CUST_00072,WH_001,2026-01-12 18:33:00,2026-01-13,Zhejiang,Wenzhou,normal,picking
ORD_0001142,CUST_00078,WH_003,2026-01-12 07:37:00,2026-01-13,Henan,Kaifeng,high,picking
ORD_0001143,CUST_00042,WH_001,2026-01-12 12:59:00,2026-01-13,Jiangsu,Suzhou,normal,picked
ORD_0001144,CUST_00147,WH_002,2026-01-12 08:02:00,2026-01-13,Zhejiang,Hangzhou,normal,dispatched
ORD_0001145,CUST_00096,WH_001,2026-01-12 19:21:00,2026-01-13,Hubei,Yichang,high,delivered
ORD_0001146,CUST_00005,WH_003,2026-01-12 10:16:00,2026-01-13,Zhejiang,Hangzhou,normal,picked
ORD_0001147,CUST_00074,WH_003,2026-01-12 20:02:00,2026-01-13,Sichuan,Mianyang,normal,picked
ORD_0001148,CUST_00149,WH_002,2026-01-12 20:15:00,2026-01-13,Henan,Zhengzhou,urgent,picking
ORD_0001149,CUST_00054,WH_003,2026-01-12 06:42:00,2026-01-13,Guangdong,Dongguan,high,picked
ORD_0001150,CUST_00053,WH_001,2026-01-12 17:59:00,2026-01-14,Guangdong,Dongguan,normal,picked
ORD_0001151,CUST_00122,WH_001,2026-01-12 11:27:00,2026-01-13,Jiangsu,Nanjing,normal,dispatched
ORD_0001152,CUST_00068,WH_003,2026-01-12 12:27:00,2026-01-13,Shandong,Qingdao,normal,pending
ORD_0001153,CUST_00130,WH_002,2026-01-12 20:05:00,2026-01-13,Henan,Zhengzhou,normal,picked
ORD_0001154,CUST_00040,WH_002,2026-01-12 15:10:00,2026-01-13,Guangdong,Shenzhen,high,picked
ORD_0001155,CUST_00135,WH_003,2026-01-12 20:28:00,2026-01-13,Shandong,Yantai,urgent,picking
ORD_0001156,CUST_00173,WH_001,2026-01-12 17:51:00,2026-01-14,Henan,Kaifeng,normal,picking
ORD_0001157,CUST_00010,WH_002,2026-01-12 08:19:00,2026-01-14,Sichuan,Mianyang,high,delivered
ORD_0001158,CUST_00200,WH_002,2026-01-12 11:27:00,2026-01-13,Zhejiang,Ningbo,normal,picking
ORD_0001159,CUST_00061,WH_002,2026-01-12 18:15:00,2026-01-13,Shandong,Qingdao,normal,pending
ORD_0001160,CUST_00081,WH_002,2026-01-12 15:10:00,2026-01-13,Hubei,Xiangyang,high,delivered
ORD_0001161,CUST_00196,WH_001,2026-01-12 12:48:00,2026-01-13,Henan,Zhengzhou,normal,dispatched
ORD_0001162,CUST_00107,WH_002,2026-01-12 18:34:00,2026-01-13,Henan,Luoyang,normal,dispatched
ORD_0001163,CUST_00068,WH_002,2026-01-12 15:34:00,2026-01-13,Shandong,Qingdao,normal,picked
ORD_0001164,CUST_00184,WH_001,2026-01-12 14:48:00,2026-01-13,Jiangsu,Nanjing,normal,pending
ORD_0001165,CUST_00057,WH_001,2026-01-12 21:10:00,2026-01-14,Guangdong,Dongguan,high,picked
ORD_0001166,CUST_00172,WH_001,2026-01-12 13:51:00,2026-01-13,Sichuan,Deyang,normal,picked
ORD_0001167,CUST_00009,WH_001,2026-01-12 17:41:00,2026-01-13,Sichuan,Mianyang,normal,pending
ORD_0001168,CUST_00055,WH_001,2026-01-12 14:42:00,2026-01-13,Henan,Zhengzhou,normal,picked
ORD_0001169,CUST_00168,WH_002,2026-01-12 16:06:00,2026-01-13,Hubei,Wuhan,normal,dispatched
ORD_0001170,CUST_00112,WH_002,2026-01-12 06:10:00,2026-01-13,Guangdong,Guangzhou,normal,picked
ORD_0001171,CUST_00197,WH_001,2026-01-12 18:17:00,2026-01-13,Jiangsu,Nanjing,high,picking
ORD_0001172,CUST_00093,WH_001,2026-01-12 06:56:00,2026-01-14,Guangdong,Guangzhou,normal,picked
ORD_0001173,CUST_00030,WH_003,2026-01-12 16:52:00,2026-01-13,Hubei,Xiangyang,normal,dispatched
ORD_0001174,CUST_00165,WH_001,2026-01-12 16:57:00,2026-01-13,Shandong,Yantai,urgent,picking
ORD_0001175,CUST_00187,WH_001,2026-01-12 13:03:00,2026-01-13,Jiangsu,Wuxi,normal,picked
ORD_0001176,CUST_00179,WH_001,2026-01-12 08:04:00,2026-01-13,Henan,Zhengzhou,normal,delivered
ORD_0001177,CUST_00111,WH_001,2026-01-12 20:51:00,2026-01-14,Guangdong,Guangzhou,normal,picking
ORD_0001178,CUST_00139,WH_002,2026-01-12 11:49:00,2026-01-13,Zhejiang,Ningbo,normal,picking
ORD_0001179,CUST_00068,WH_003,2026-01-12 13:40:00,2026-01-13,Shandong,Qingdao,normal,delivered
ORD_0001180,CUST_00167,WH_003,2026-01-12 20:55:00,2026-01-13,Zhejiang,Ningbo,normal,picked
ORD_0001181,CUST_00182,WH_002,2026-01-12 06:53:00,2026-01-13,Zhejiang,Hangzhou,high,dispatched
ORD_0001182,CUST_00073,WH_001,2026-01-12 15:06:00,2026-01-13,Jiangsu,Wuxi,normal,delivered
ORD_0001183,CUST_00180,WH_002,2026-01-12 08:34:00,2026-01-13,Shandong,Yantai,urgent,picked
ORD_0001184,CUST_00117,WH_002,2026-01-12 19:15:00,2026-01-13,Zhejiang,Wenzhou,normal,delivered
ORD_0001185,CUST_00014,WH_001,2026-01-12 13:11:00,2026-01-13,Shandong,Yantai,high,picking
ORD_0001186,CUST_00157,WH_001,2026-01-12 10:21:00,2026-01-13,Guangdong,Guangzhou,normal,picking
ORD_0001187,CUST_00175,WH_001,2026-01-12 07:22:00,2026-01-13,Sichuan,Deyang,high,dispatched
ORD_0001188,CUST_00192,WH_002,2026-01-12 12:34:00,2026-01-13,Shandong,Qingdao,normal,picked
ORD_0001189,CUST_00019,WH_002,2026-01-12 19:40:00,2026-01-13,Henan,Luoyang,normal,picking
ORD_0001190,CUST_00048,WH_003,2026-01-12 10:19:00,2026-01-14,Shandong,Jinan,normal,picked
ORD_0001191,CUST_00041,WH_001,2026-01-12 11:53:00,2026-01-13,Jiangsu,Nanjing,normal,dispatched
ORD_0001192,CUST_00178,WH_002,2026-01-12 19:01:00,2026-01-13,Shandong,Jinan,normal,dispatched
ORD_0001193,CUST_00052,WH_002,2026-01-12 13:34:00,2026-01-13,Guangdong,Dongguan,normal,pending
ORD_0001194,CUST_00062,WH_001,2026-01-12 06:22:00,2026-01-13,Zhejiang,Wenzhou,normal,picked
ORD_0001195,CUST_00175,WH_003,2026-01-12 19:27:00,2026-01-13,Sichuan,Deyang,normal,delivered
ORD_0001196,CUST_00001,WH_002,2026-01-12 13:30:00,2026-01-13,Zhejiang,Ningbo,normal,picked
ORD_0001197,CUST_00121,WH_001,2026-01-12 19:43:00,2026-01-13,Sichuan,Deyang,normal,picked
ORD_0001198,CUST_00154,WH_003,2026-01-12 09:01:00,2026-01-13,Guangdong,Dongguan,high,picking
ORD_0001199,CUST_00200,WH_001,2026-01-12 06:54:00,2026-01-13,Zhejiang,Ningbo,normal,picked
ORD_0001200,CUST_00141,WH_001,2026-01-12 16:18:00,2026-01-13,Henan,Luoyang,normal,dispatched
ORD_0001201,CUST_00154,WH_002,2026-01-12 07:46:00,2026-01-13,Guangdong,Dongguan,high,dispatched
ORD_0001202,CUST_00153,WH_001,2026-01-12 07:53:00,2026-01-13,Zhejiang,Wenzhou,normal,dispatched
ORD_0001203,CUST_00164,WH_002,2026-01-12 06:36:00,2026-01-14,Zhejiang,Wenzhou,normal,picked
ORD_0001204,CUST_00019,WH_001,2026-01-12 06:49:00,2026-01-13,Henan,Luoyang,normal,picking
ORD_0001205,CUST_00149,WH_002,2026-01-12 12:29:00,2026-01-14,Henan,Zhengzhou,normal,picking
ORD_0001206,CUST_00126,WH_002,2026-01-12 09:10:00,2026-01-13,Jiangsu,Nanjing,high,dispatched
ORD_0001207,CUST_00051,WH_001,2026-01-12 06:41:00,2026-01-13,Hubei,Yichang,normal,picking
ORD_0001208,CUST_00181,WH_003,2026-01-12 13:43:00,2026-01-13,Hubei,Yichang,normal,picked
ORD_0001209,CUST_00066,WH_002,2026-01-12 07:52:00,2026-01-13,Zhejiang,Hangzhou,normal,dispatched
ORD_0001210,CUST_00110,WH_003,2026-01-12 19:36:00,2026-01-13,Zhejiang,Ningbo,high,delivered
ORD_0001211,CUST_00171,WH_002,2026-01-12 15:04:00,2026-01-13,Guangdong,Guangzhou,normal,delivered
ORD_0001212,CUST_00148,WH_003,2026-01-12 07:35:00,2026-01-13,Jiangsu,Suzhou,normal,delivered
ORD_0001213,CUST_00058,WH_003,2026-01-12 15:21:00,2026-01-13,Jiangsu,Suzhou,normal,delivered
ORD_0001214,CUST_00173,WH_001,2026-01-12 16:54:00,2026-01-13,Henan,Kaifeng,urgent,dispatched
ORD_0001215,CUST_00060,WH_001,2026-01-12 07:18:00,2026-01-13,Zhejiang,Ningbo,normal,dispatched
ORD_0001216,CUST_00185,WH_002,2026-01-12 18:36:00,2026-01-13,Guangdong,Dongguan,normal,dispatched
ORD_0001217,CUST_00176,WH_002,2026-01-12 21:15:00,2026-01-13,Henan,Luoyang,normal,picked
ORD_0001218,CUST_00148,WH_001,2026-01-12 08:24:00,2026-01-13,Jiangsu,Suzhou,normal,delivered
ORD_0001219,CUST_00131,WH_001,2026-01-12 11:11:00,2026-01-13,Henan,Kaifeng,normal,picking
ORD_0001220,CUST_00139,WH_002,2026-01-12 11:28:00,2026-01-14,Zhejiang,Ningbo,normal,picked
ORD_0001221,CUST_00128,WH_003,2026-01-12 16:11:00,2026-01-13,Zhejiang,Wenzhou,normal,picked
ORD_0001222,CUST_00058,WH_002,2026-01-12 11:59:00,2026-01-13,Jiangsu,Suzhou,normal,delivered
ORD_0001223,CUST_00169,WH_001,2026-01-12 07:20:00,2026-01-13,Shandong,Jinan,normal,picked
ORD_0001224,CUST_00133,WH_001,2026-01-12 21:06:00,2026-01-13,Zhejiang,Wenzhou,normal,picking
ORD_0001225,CUST_00002,WH_001,2026-01-12 07:41:00,2026-01-13,Sichuan,Deyang,urgent,picked
ORD_0001226,CUST_00139,WH_001,2026-01-12 06:52:00,2026-01-13,Zhejiang,Ningbo,normal,picking
ORD_0001227,CUST_00196,WH_002,2026-01-12 17:14:00,2026-01-13,Henan,Zhengzhou,normal,picked
ORD_0001228,CUST_00061,WH_002,2026-01-12 14:51:00,2026-01-13,Shandong,Qingdao,normal,delivered
ORD_0001229,CUST_00107,WH_001,2026-01-12 14:02:00,2026-01-13,Henan,Luoyang,high,dispatched
ORD_0001230,CUST_00109,WH_001,2026-01-12 20:31:00,2026-01-13,Shandong,Jinan,normal,picked
ORD_0001231,CUST_00120,WH_002,2026-01-12 21:44:00,2026-01-13,Guangdong,Dongguan,normal,dispatched
ORD_0001232,CUST_00029,WH_001,2026-01-12 13:51:00,2026-01-13,Zhejiang,Ningbo,normal,picked
ORD_0001233,CUST_00121,WH_003,2026-01-12 08:27:00,2026-01-13,Sichuan,Deyang,normal,dispatched
ORD_0001234,CUST_00081,WH_003,2026-01-12 13:53:00,2026-01-14,Hubei,Xiangyang,normal,dispatched
ORD_0001235,CUST_00029,WH_001,2026-01-12 15:19:00,2026-01-14,Zhejiang,Ningbo,high,dispatched
ORD_0001236,CUST_00151,WH_001,2026-01-12 13:44:00,2026-01-13,Hubei,Yichang,normal,picking
ORD_0001237,CUST_00054,WH_001,2026-01-12 08:30:00,2026-01-13,Guangdong,Dongguan,high,dispatched
ORD_0001238,CUST_00099,WH_002,2026-01-12 15:53:00,2026-01-13,Zhejiang,Hangzhou,normal,pending
ORD_0001239,CUST_00170,WH_002,2026-01-12 08:07:00,2026-01-13,Henan,Luoyang,normal,dispatched
ORD_0001240,CUST_00036,WH_002,2026-01-12 06:41:00,2026-01-13,Sichuan,Mianyang,normal,delivered
ORD_0001241,CUST_00033,WH_001,2026-01-12 08:36:00,2026-01-13,Jiangsu,Nanjing,normal,delivered
ORD_0001242,CUST_00096,WH_001,2026-01-12 16:37:00,2026-01-13,Hubei,Yichang,high,pending
ORD_0001243,CUST_00145,WH_003,2026-01-12 12:40:00,2026-01-13,Sichuan,Chengdu,urgent,picking
ORD_0001244,CUST_00097,WH_001,2026-01-12 10:31:00,2026-01-13,Hubei,Yichang,normal,pending
ORD_0001245,CUST_00116,WH_001,2026-01-12 18:09:00,2026-01-13,Henan,Kaifeng,normal,picked
ORD_0001246,CUST_00151,WH_001,2026-01-13 20:31:00,2026-01-14,Hubei,Yichang,high,picked
ORD_0001247,CUST_00180,WH_002,2026-01-13 09:00:00,2026-01-14,Shandong,Yantai,normal,picking
ORD_0001248,CUST_00172,WH_002,2026-01-13 20:45:00,2026-01-14,Sichuan,Deyang,normal,dispatched
ORD_0001249,CUST_00127,WH_001,2026-01-13 14:22:00,2026-01-14,Henan,Luoyang,normal,picked
ORD_0001250,CUST_00158,WH_001,2026-01-13 19:07:00,2026-01-14,Zhejiang,Ningbo,normal,dispatched
ORD_0001251,CUST_00020,WH_003,2026-01-13 11:58:00,2026-01-14,Jiangsu,Nanjing,normal,picked
ORD_0001252,CUST_00028,WH_003,2026-01-13 14:48:00,2026-01-14,Hubei,Wuhan,normal,delivered
ORD_0001253,CUST_00080,WH_001,2026-01-13 15:18:00,2026-01-14,Jiangsu,Nanjing,normal,picked
ORD_0001254,CUST_00015,WH_002,2026-01-13 09:52:00,2026-01-14,Guangdong,Guangzhou,normal,dispatched
ORD_0001255,CUST_00021,WH_002,2026-01-13 09:17:00,2026-01-15,Guangdong,Shenzhen,normal,dispatched
ORD_0001256,CUST_00161,WH_001,2026-01-13 13:48:00,2026-01-14,Guangdong,Dongguan,normal,dispatched
ORD_0001257,CUST_00137,WH_001,2026-01-13 19:05:00,2026-01-14,Henan,Kaifeng,urgent,pending
ORD_0001258,CUST_00154,WH_003,2026-01-13 06:34:00,2026-01-14,Guangdong,Dongguan,normal,dispatched
ORD_0001259,CUST_00098,WH_003,2026-01-13 07:54:00,2026-01-14,Zhejiang,Hangzhou,normal,picking
ORD_0001260,CUST_00022,WH_001,2026-01-13 07:50:00,2026-01-14,Zhejiang,Wenzhou,high,picked
ORD_0001261,CUST_00184,WH_003,2026-01-13 07:27:00,2026-01-14,Jiangsu,Nanjing,normal,picked
ORD_0001262,CUST_00168,WH_003,2026-01-13 20:46:00,2026-01-14,Hubei,Wuhan,normal,delivered
ORD_0001263,CUST_00172,WH_001,2026-01-13 16:53:00,2026-01-14,Sichuan,Deyang,high,dispatched
ORD_0001264,CUST_00099,WH_002,2026-01-13 08:30:00,2026-01-14,Zhejiang,Hangzhou,normal,dispatched
ORD_0001265,CUST_00177,WH_003,2026-01-13 21:18:00,2026-01-14,Zhejiang,Ningbo,urgent,picked
ORD_0001266,CUST_00094,WH_003,2026-01-13 07:51:00,2026-01-14,Henan,Zhengzhou,normal,dispatched
ORD_0001267,CUST_00132,WH_003,2026-01-13 06:44:00,2026-01-14,Zhejiang,Ningbo,normal,picked
ORD_0001268,CUST_00031,WH_002,2026-01-13 21:44:00,2026-01-15,Guangdong,Dongguan,normal,picked
ORD_0001269,CUST_00191,WH_001,2026-01-13 12:45:00,2026-01-14,Zhejiang,Ningbo,normal,picked
ORD_0001270,CUST_00128,WH_003,2026-01-13 14:08:00,2026-01-14,Zhejiang,Wenzhou,normal,pending
ORD_0001271,CUST_00043,WH_003,2026-01-13 17:52:00,2026-01-14,Zhejiang,Hangzhou,normal,dispatched
ORD_0001272,CUST_00018,WH_003,2026-01-13 07:21:00,2026-01-14,Jiangsu,Suzhou,urgent,picking
ORD_0001273,CUST_00168,WH_003,2026-01-13 08:55:00,2026-01-15,Hubei,Wuhan,high,delivered
ORD_0001274,CUST_00124,WH_002,2026-01-13 07:38:00,2026-01-14,Guangdong,Dongguan,normal,picking
ORD_0001275,CUST_00025,WH_001,2026-01-13 14:41:00,2026-01-14,Hubei,Yichang,normal,picked
ORD_0001276,CUST_00070,WH_001,2026-01-13 16:18:00,2026-01-15,Zhejiang,Wenzhou,normal,picked
ORD_0001277,CUST_00163,WH_003,2026-01-13 14:08:00,2026-01-14,Jiangsu,Nanjing,normal,picking
ORD_0001278,CUST_00048,WH_001,2026-01-13 21:55:00,2026-01-15,Shandong,Jinan,normal,pending
ORD_0001279,CUST_00057,WH_001,2026-01-13 11:03:00,2026-01-14,Guangdong,Dongguan,normal,dispatched
ORD_0001280,CUST_00047,WH_001,2026-01-13 07:14:00,2026-01-14,Zhejiang,Ningbo,normal,dispatched
ORD_0001281,CUST_00160,WH_002,2026-01-13 09:17:00,2026-01-14,Shandong,Qingdao,normal,delivered
ORD_0001282,CUST_00157,WH_001,2026-01-13 11:15:00,2026-01-14,Guangdong,Guangzhou,normal,pending
ORD_0001283,CUST_00027,WH_001,2026-01-13 19:51:00,2026-01-14,Jiangsu,Wuxi,normal,pending
ORD_0001284,CUST_00092,WH_001,2026-01-13 09:52:00,2026-01-14,Jiangsu,Nanjing,high,delivered
ORD_0001285,CUST_00146,WH_003,2026-01-13 12:02:00,2026-01-14,Zhejiang,Hangzhou,normal,picked
ORD_0001286,CUST_00155,WH_002,2026-01-13 12:18:00,2026-01-14,Sichuan,Chengdu,normal,picked
ORD_0001287,CUST_00138,WH_003,2026-01-13 19:19:00,2026-01-14,Guangdong,Shenzhen,normal,dispatched
ORD_0001288,CUST_00129,WH_003,2026-01-13 10:21:00,2026-01-14,Hubei,Yichang,normal,dispatched
ORD_0001289,CUST_00146,WH_002,2026-01-13 14:12:00,2026-01-14,Zhejiang,Hangzhou,normal,picked
ORD_0001290,CUST_00173,WH_002,2026-01-13 20:03:00,2026-01-14,Henan,Kaifeng,normal,picked
ORD_0001291,CUST_00185,WH_002,2026-01-13 17:15:00,2026-01-15,Guangdong,Dongguan,normal,picking
ORD_0001292,CUST_00006,WH_003,2026-01-13 14:51:00,2026-01-14,Zhejiang,Ningbo,urgent,picked
ORD_0001293,CUST_00061,WH_001,2026-01-13 08:54:00,2026-01-14,Shandong,Qingdao,urgent,dispatched
ORD_0001294,CUST_00149,WH_003,2026-01-13 20:25:00,2026-01-15,Henan,Zhengzhou,urgent,picked
ORD_0001295,CUST_00015,WH_002,2026-01-13 14:50:00,2026-01-14,Guangdong,Guangzhou,normal,picked
ORD_0001296,CUST_00091,WH_001,2026-01-13 20:03:00,2026-01-14,Zhejiang,Ningbo,urgent,dispatched
ORD_0001297,CUST_00166,WH_002,2026-01-13 09:48:00,2026-01-14,Henan,Luoyang,normal,picked
ORD_0001298,CUST_00050,WH_002,2026-01-13 21:46:00,2026-01-14,Shandong,Jinan,normal,picking
ORD_0001299,CUST_00154,WH_001,2026-01-13 18:39:00,2026-01-14,Guangdong,Dongguan,high,picked
ORD_0001300,CUST_00187,WH_001,2026-01-13 11:44:00,2026-01-14,Jiangsu,Wuxi,normal,dispatched
ORD_0001301,CUST_00089,WH_002,2026-01-13 13:30:00,2026-01-14,Guangdong,Shenzhen,urgent,picking
ORD_0001302,CUST_00039,WH_001,2026-01-13 08:37:00,2026-01-14,Shandong,Qingdao,normal,picking
ORD_0001303,CUST_00178,WH_003,2026-01-13 20:36:00,2026-01-14,Shandong,Jinan,normal,picked
ORD_0001304,CUST_00157,WH_001,2026-01-13 16:39:00,2026-01-14,Guangdong,Guangzhou,normal,picked
ORD_0001305,CUST_00145,WH_001,2026-01-13 06:08:00,2026-01-14,Sichuan,Chengdu,normal,picked
ORD_0001306,CUST_00063,WH_002,2026-01-13 11:22:00,2026-01-14,Henan,Luoyang,normal,dispatched
ORD_0001307,CUST_00010,WH_001,2026-01-13 14:12:00,2026-01-15,Sichuan,Mianyang,high,picked
ORD_0001308,CUST_00024,WH_003,2026-01-13 21:43:00,2026-01-14,Jiangsu,Wuxi,high,delivered
ORD_0001309,CUST_00104,WH_003,2026-01-13 17:04:00,2026-01-14,Zhejiang,Ningbo,normal,picking
ORD_0001310,CUST_00072,WH_003,2026-01-13 20:50:00,2026-01-14,Zhejiang,Wenzhou,normal,pending
ORD_0001311,CUST_00029,WH_002,2026-01-13 18:58:00,2026-01-14,Zhejiang,Ningbo,normal,picking
ORD_0001312,CUST_00136,WH_001,2026-01-13 20:33:00,2026-01-14,Hubei,Yichang,high,picked
ORD_0001313,CUST_00076,WH_001,2026-01-13 19:57:00,2026-01-15,Sichuan,Mianyang,normal,picked
ORD_0001314,CUST_00066,WH_003,2026-01-13 15:37:00,2026-01-14,Zhejiang,Hangzhou,normal,dispatched
ORD_0001315,CUST_00102,WH_002,2026-01-13 20:34:00,2026-01-14,Sichuan,Chengdu,normal,picked
ORD_0001316,CUST_00100,WH_003,2026-01-13 19:21:00,2026-01-14,Zhejiang,Wenzhou,urgent,pending
ORD_0001317,CUST_00011,WH_002,2026-01-13 16:26:00,2026-01-14,Guangdong,Dongguan,normal,delivered
ORD_0001318,CUST_00061,WH_002,2026-01-13 10:35:00,2026-01-14,Shandong,Qingdao,normal,delivered
ORD_0001319,CUST_00003,WH_003,2026-01-13 16:10:00,2026-01-14,Henan,Zhengzhou,normal,picking
ORD_0001320,CUST_00196,WH_001,2026-01-13 09:57:00,2026-01-14,Henan,Zhengzhou,normal,pending
ORD_0001321,CUST_00124,WH_001,2026-01-13 07:03:00,2026-01-14,Guangdong,Dongguan,high,picked
ORD_0001322,CUST_00099,WH_001,2026-01-13 13:02:00,2026-01-14,Zhejiang,Hangzhou,normal,picked
ORD_0001323,CUST_00107,WH_001,2026-01-13 20:03:00,2026-01-14,Henan,Luoyang,normal,picked
ORD_0001324,CUST_00035,WH_003,2026-01-13 06:06:00,2026-01-14,Shandong,Jinan,normal,picking
ORD_0001325,CUST_00120,WH_002,2026-01-13 09:01:00,2026-01-14,Guangdong,Dongguan,normal,picked
ORD_0001326,CUST_00063,WH_002,2026-01-13 07:13:00,2026-01-14,Henan,Luoyang,normal,picking
ORD_0001327,CUST_00002,WH_003,2026-01-13 07:34:00,2026-01-14,Sichuan,Deyang,normal,dispatched
ORD_0001328,CUST_00141,WH_001,2026-01-13 09:03:00,2026-01-14,Henan,Luoyang,normal,delivered
ORD_0001329,CUST_00063,WH_001,2026-01-13 11:12:00,2026-01-14,Henan,Luoyang,normal,picking
ORD_0001330,CUST_00105,WH_003,2026-01-13 20:53:00,2026-01-14,Sichuan,Chengdu,normal,delivered
ORD_0001331,CUST_00086,WH_001,2026-01-13 08:23:00,2026-01-14,Guangdong,Dongguan,normal,picking
ORD_0001332,CUST_00173,WH_003,2026-01-13 17:06:00,2026-01-14,Henan,Kaifeng,high,picked
ORD_0001333,CUST_00067,WH_002,2026-01-13 06:38:00,2026-01-15,Zhejiang,Wenzhou,high,dispatched
ORD_0001334,CUST_00043,WH_002,2026-01-13 11:41:00,2026-01-14,Zhejiang,Hangzhou,normal,dispatched
ORD_0001335,CUST_00078,WH_003,2026-01-13 21:15:00,2026-01-14,Henan,Kaifeng,high,dispatched
ORD_0001336,CUST_00066,WH_003,2026-01-13 09:33:00,2026-01-14,Zhejiang,Hangzhou,normal,pending
ORD_0001337,CUST_00144,WH_002,2026-01-13 21:10:00,2026-01-14,Shandong,Qingdao,normal,picked
ORD_0001338,CUST_00191,WH_003,2026-01-13 10:16:00,2026-01-14,Zhejiang,Ningbo,normal,picking
ORD_0001339,CUST_00057,WH_002,2026-01-13 13:23:00,2026-01-14,Guangdong,Dongguan,normal,delivered
ORD_0001340,CUST_00179,WH_003,2026-01-13 10:24:00,2026-01-14,Henan,Zhengzhou,normal,picked
ORD_0001341,CUST_00080,WH_001,2026-01-13 20:58:00,2026-01-14,Jiangsu,Nanjing,normal,delivered
ORD_0001342,CUST_00029,WH_003,2026-01-13 18:16:00,2026-01-14,Zhejiang,Ningbo,normal,picked
ORD_0001343,CUST_00097,WH_003,2026-01-13 10:17:00,2026-01-14,Hubei,Yichang,normal,picking
ORD_0001344,CUST_00182,WH_002,2026-01-13 12:59:00,2026-01-14,Zhejiang,Hangzhou,high,picking
ORD_0001345,CUST_00011,WH_001,2026-01-13 20:50:00,2026-01-14,Guangdong,Dongguan,normal,picked
ORD_0001346,CUST_00160,WH_002,2026-01-13 07:34:00,2026-01-14,Shandong,Qingdao,normal,picked
ORD_0001347,CUST_00093,WH_001,2026-01-13 14:29:00,2026-01-14,Guangdong,Guangzhou,normal,picked
ORD_0001348,CUST_00044,WH_001,2026-01-13 06:51:00,2026-01-15,Henan,Luoyang,normal,pending
ORD_0001349,CUST_00026,WH_003,2026-01-13 07:47:00,2026-01-14,Guangdong,Guangzhou,normal,picked
ORD_0001350,CUST_00077,WH_003,2026-01-13 11:38:00,2026-01-14,Zhejiang,Ningbo,normal,picking
ORD_0001351,CUST_00056,WH_001,2026-01-13 19:58:00,2026-01-14,Shandong,Yantai,normal,picked
ORD_0001352,CUST_00047,WH_003,2026-01-13 06:16:00,2026-01-14,Zhejiang,Ningbo,normal,delivered
ORD_0001353,CUST_00182,WH_001,2026-01-13 11:41:00,2026-01-14,Zhejiang,Hangzhou,normal,picking
ORD_0001354,CUST_00038,WH_001,2026-01-13 12:34:00,2026-01-14,Hubei,Yichang,normal,picked
ORD_0001355,CUST_00056,WH_003,2026-01-13 17:33:00,2026-01-14,Shandong,Yantai,normal,picking
ORD_0001356,CUST_00014,WH_002,2026-01-13 11:27:00,2026-01-14,Shandong,Yantai,normal,dispatched
ORD_0001357,CUST_00189,WH_001,2026-01-13 09:13:00,2026-01-14,Hubei,Xiangyang,high,dispatched
ORD_0001358,CUST_00137,WH_001,2026-01-13 19:56:00,2026-01-14,Henan,Kaifeng,normal,picking
ORD_0001359,CUST_00196,WH_001,2026-01-13 13:37:00,2026-01-14,Henan,Zhengzhou,normal,dispatched
ORD_0001360,CUST_00162,WH_003,2026-01-13 06:15:00,2026-01-14,Zhejiang,Ningbo,normal,picking
ORD_0001361,CUST_00194,WH_002,2026-01-13 16:38:00,2026-01-14,Zhejiang,Wenzhou,normal,picking
ORD_0001362,CUST_00118,WH_003,2026-01-13 10:23:00,2026-01-14,Sichuan,Mianyang,normal,dispatched
ORD_0001363,CUST_00109,WH_001,2026-01-13 15:47:00,2026-01-14,Shandong,Jinan,normal,picked
ORD_0001364,CUST_00129,WH_002,2026-01-13 11:11:00,2026-01-15,Hubei,Yichang,high,picking
ORD_0001365,CUST_00022,WH_002,2026-01-13 12:11:00,2026-01-14,Zhejiang,Wenzhou,high,dispatched
ORD_0001366,CUST_00093,WH_001,2026-01-13 11:40:00,2026-01-14,Guangdong,Guangzhou,urgent,delivered
ORD_0001367,CUST_00160,WH_003,2026-01-13 18:48:00,2026-01-14,Shandong,Qingdao,normal,pending
ORD_0001368,CUST_00112,WH_003,2026-01-13 07:58:00,2026-01-14,Guangdong,Guangzhou,normal,delivered
ORD_0001369,CUST_00007,WH_003,2026-01-13 07:40:00,2026-01-14,Sichuan,Deyang,normal,picked
ORD_0001370,CUST_00116,WH_003,2026-01-13 16:49:00,2026-01-14,Henan,Kaifeng,normal,delivered
ORD_0001371,CUST_00068,WH_001,2026-01-13 15:33:00,2026-01-14,Shandong,Qingdao,normal,pending
ORD_0001372,CUST_00152,WH_001,2026-01-13 19:39:00,2026-01-14,Shandong,Qingdao,normal,dispatched
ORD_0001373,CUST_00154,WH_001,2026-01-13 06:26:00,2026-01-14,Guangdong,Dongguan,high,delivered
ORD_0001374,CUST_00167,WH_001,2026-01-13 13:13:00,2026-01-14,Zhejiang,Ningbo,normal,picked
ORD_0001375,CUST_00082,WH_001,2026-01-13 21:58:00,2026-01-15,Zhejiang,Wenzhou,high,delivered
ORD_0001376,CUST_00036,WH_001,2026-01-13 09:56:00,2026-01-14,Sichuan,Mianyang,normal,picking
ORD_0001377,CUST_00022,WH_002,2026-01-13 06:35:00,2026-01-14,Zhejiang,Wenzhou,normal,dispatched
ORD_0001378,CUST_00173,WH_002,2026-01-13 10:27:00,2026-01-14,Henan,Kaifeng,normal,dispatched
ORD_0001379,CUST_00053,WH_003,2026-01-13 11:15:00,2026-01-14,Guangdong,Dongguan,normal,picking
ORD_0001380,CUST_00065,WH_001,2026-01-13 14:46:00,2026-01-14,Shandong,Jinan,normal,delivered
ORD_0001381,CUST_00094,WH_001,2026-01-13 21:21:00,2026-01-14,Henan,Zhengzhou,normal,dispatched
ORD_0001382,CUST_00126,WH_001,2026-01-13 12:54:00,2026-01-14,Jiangsu,Nanjing,normal,picking
ORD_0001383,CUST_00150,WH_001,2026-01-13 06:56:00,2026-01-14,Guangdong,Guangzhou,normal,dispatched
ORD_0001384,CUST_00097,WH_001,2026-01-13 15:53:00,2026-01-14,Hubei,Yichang,normal,delivered
ORD_0001385,CUST_00030,WH_003,2026-01-13 10:11:00,2026-01-14,Hubei,Xiangyang,normal,pending
ORD_0001386,CUST_00145,WH_003,2026-01-13 18:37:00,2026-01-14,Sichuan,Chengdu,normal,dispatched
ORD_0001387,CUST_00178,WH_002,2026-01-13 12:26:00,2026-01-14,Shandong,Jinan,normal,dispatched
ORD_0001388,CUST_00011,WH_001,2026-01-13 20:48:00,2026-01-14,Guangdong,Dongguan,normal,dispatched
ORD_0001389,CUST_00092,WH_001,2026-01-13 09:43:00,2026-01-14,Jiangsu,Nanjing,high,picked
ORD_0001390,CUST_00126,WH_003,2026-01-13 06:49:00,2026-01-14,Jiangsu,Nanjing,urgent,dispatched
ORD_0001391,CUST_00110,WH_003,2026-01-13 21:35:00,2026-01-14,Zhejiang,Ningbo,high,picking
ORD_0001392,CUST_00038,WH_003,2026-01-13 15:06:00,2026-01-14,Hubei,Yichang,normal,delivered
ORD_0001393,CUST_00172,WH_002,2026-01-13 18:15:00,2026-01-14,Sichuan,Deyang,normal,dispatched
ORD_0001394,CUST_00089,WH_001,2026-01-13 10:42:00,2026-01-14,Guangdong,Shenzhen,normal,picked
ORD_0001395,CUST_00197,WH_002,2026-01-13 11:08:00,2026-01-14,Jiangsu,Nanjing,normal,picking
ORD_0001396,CUST_00114,WH_001,2026-01-13 19:24:00,2026-01-14,Zhejiang,Ningbo,normal,delivered
ORD_0001397,CUST_00156,WH_002,2026-01-13 11:16:00,2026-01-14,Zhejiang,Ningbo,normal,delivered
ORD_0001398,CUST_00060,WH_001,2026-01-13 20:07:00,2026-01-14,Zhejiang,Ningbo,urgent,dispatched
ORD_0001399,CUST_00096,WH_003,2026-01-13 21:23:00,2026-01-14,Hubei,Yichang,high,picked
ORD_0001400,CUST_00023,WH_001,2026-01-13 20:24:00,2026-01-14,Guangdong,Dongguan,normal,picking
ORD_0001401,CUST_00082,WH_003,2026-01-13 19:33:00,2026-01-14,Zhejiang,Wenzhou,high,dispatched
ORD_0001402,CUST_00061,WH_003,2026-01-13 14:59:00,2026-01-14,Shandong,Qingdao,normal,picked
ORD_0001403,CUST_00022,WH_001,2026-01-13 08:29:00,2026-01-14,Zhejiang,Wenzhou,normal,dispatched
ORD_0001404,CUST_00198,WH_002,2026-01-13 12:44:00,2026-01-14,Shandong,Yantai,normal,pending
ORD_0001405,CUST_00153,WH_003,2026-01-13 20:04:00,2026-01-14,Zhejiang,Wenzhou,normal,picking
ORD_0001406,CUST_00004,WH_001,2026-01-13 21:04:00,2026-01-14,Jiangsu,Nanjing,high,pending
ORD_0001407,CUST_00174,WH_001,2026-01-13 08:49:00,2026-01-14,Guangdong,Dongguan,high,picking
ORD_0001408,CUST_00101,WH_002,2026-01-13 19:35:00,2026-01-14,Hubei,Wuhan,normal,picked
ORD_0001409,CUST_00101,WH_003,2026-01-13 16:28:00,2026-01-14,Hubei,Wuhan,normal,delivered
ORD_0001410,CUST_00196,WH_002,2026-01-13 20:40:00,2026-01-14,Henan,Zhengzhou,high,pending
ORD_0001411,CUST_00002,WH_001,2026-01-13 06:36:00,2026-01-14,Sichuan,Deyang,normal,dispatched
ORD_0001412,CUST_00124,WH_003,2026-01-13 14:58:00,2026-01-14,Guangdong,Dongguan,normal,picking
ORD_0001413,CUST_00067,WH_002,2026-01-13 11:32:00,2026-01-14,Zhejiang,Wenzhou,normal,delivered
ORD_0001414,CUST_00049,WH_001,2026-01-13 11:25:00,2026-01-14,Shandong,Qingdao,normal,picked
ORD_0001415,CUST_00156,WH_001,2026-01-13 21:59:00,2026-01-14,Zhejiang,Ningbo,normal,picking
ORD_0001416,CUST_00094,WH_002,2026-01-13 13:08:00,2026-01-14,Henan,Zhengzhou,normal,picked
ORD_0001417,CUST_00172,WH_003,2026-01-13 06:17:00,2026-01-14,Sichuan,Deyang,normal,picking
ORD_0001418,CUST_00094,WH_001,2026-01-13 06:49:00,2026-01-14,Henan,Zhengzhou,normal,dispatched
ORD_0001419,CUST_00119,WH_003,2026-01-13 10:25:00,2026-01-15,Zhejiang,Wenzhou,normal,picking
ORD_0001420,CUST_00107,WH_002,2026-01-13 13:08:00,2026-01-14,Henan,Luoyang,normal,picking
ORD_0001421,CUST_00054,WH_003,2026-01-13 18:27:00,2026-01-14,Guangdong,Dongguan,high,picked
ORD_0001422,CUST_00129,WH_002,2026-01-13 18:44:00,2026-01-14,Hubei,Yichang,normal,delivered
ORD_0001423,CUST_00059,WH_002,2026-01-13 15:45:00,2026-01-14,Hubei,Yichang,normal,picked
ORD_0001424,CUST_00115,WH_001,2026-01-13 09:21:00,2026-01-14,Shandong,Jinan,high,dispatched
ORD_0001425,CUST_00129,WH_001,2026-01-13 20:03:00,2026-01-15,Hubei,Yichang,normal,picked
ORD_0001426,CUST_00197,WH_003,2026-01-13 20:06:00,2026-01-14,Jiangsu,Nanjing,normal,picking
ORD_0001427,CUST_00076,WH_003,2026-01-13 12:45:00,2026-01-14,Sichuan,Mianyang,normal,picking
ORD_0001428,CUST_00187,WH_002,2026-01-13 11:11:00,2026-01-14,Jiangsu,Wuxi,normal,dispatched
ORD_0001429,CUST_00117,WH_003,2026-01-13 07:44:00,2026-01-14,Zhejiang,Wenzhou,normal,picked
ORD_0001430,CUST_00175,WH_002,2026-01-13 17:30:00,2026-01-14,Sichuan,Deyang,normal,dispatched
ORD_0001431,CUST_00117,WH_002,2026-01-13 19:13:00,2026-01-14,Zhejiang,Wenzhou,normal,picking
ORD_0001432,CUST_00151,WH_003,2026-01-13 09:41:00,2026-01-15,Hubei,Yichang,normal,picking
ORD_0001433,CUST_00016,WH_002,2026-01-13 20:51:00,2026-01-14,Sichuan,Mianyang,normal,picking
ORD_0001434,CUST_00102,WH_002,2026-01-13 13:13:00,2026-01-15,Sichuan,Chengdu,normal,delivered
ORD_0001435,CUST_00090,WH_002,2026-01-13 19:21:00,2026-01-14,Hubei,Yichang,high,dispatched
ORD_0001436,CUST_00101,WH_002,2026-01-13 06:50:00,2026-01-14,Hubei,Wuhan,high,delivered
ORD_0001437,CUST_00064,WH_002,2026-01-13 07:34:00,2026-01-14,Zhejiang,Wenzhou,normal,picked
ORD_0001438,CUST_00061,WH_001,2026-01-13 09:51:00,2026-01-14,Shandong,Qingdao,high,picked
ORD_0001439,CUST_00104,WH_002,2026-01-13 10:30:00,2026-01-14,Zhejiang,Ningbo,normal,picked
ORD_0001440,CUST_00039,WH_003,2026-01-13 21:26:00,2026-01-14,Shandong,Qingdao,normal,picked
ORD_0001441,CUST_00163,WH_003,2026-01-13 06:19:00,2026-01-14,Jiangsu,Nanjing,high,dispatched
ORD_0001442,CUST_00132,WH_002,2026-01-13 12:40:00,2026-01-14,Zhejiang,Ningbo,normal,delivered
ORD_0001443,CUST_00142,WH_002,2026-01-13 18:47:00,2026-01-14,Hubei,Wuhan,normal,dispatched
ORD_0001444,CUST_00016,WH_003,2026-01-13 13:09:00,2026-01-14,Sichuan,Mianyang,high,pending
ORD_0001445,CUST_00199,WH_001,2026-01-13 16:18:00,2026-01-14,Guangdong,Dongguan,normal,picked
ORD_0001446,CUST_00005,WH_002,2026-01-13 21:52:00,2026-01-14,Zhejiang,Hangzhou,normal,picked
ORD_0001447,CUST_00065,WH_003,2026-01-13 10:11:00,2026-01-14,Shandong,Jinan,normal,delivered
ORD_0001448,CUST_00007,WH_002,2026-01-13 14:07:00,2026-01-14,Sichuan,Deyang,normal,dispatched
ORD_0001449,CUST_00150,WH_003,2026-01-13 13:59:00,2026-01-14,Guangdong,Guangzhou,normal,delivered
ORD_0001450,CUST_00131,WH_001,2026-01-13 18:15:00,2026-01-14,Henan,Kaifeng,normal,picking
ORD_0001451,CUST_00066,WH_003,2026-01-13 12:00:00,2026-01-15,Zhejiang,Hangzhou,normal,picked
ORD_0001452,CUST_00083,WH_002,2026-01-13 16:29:00,2026-01-15,Zhejiang,Ningbo,normal,picked
ORD_0001453,CUST_00134,WH_001,2026-01-13 21:33:00,2026-01-14,Sichuan,Mianyang,normal,dispatched
ORD_0001454,CUST_00137,WH_002,2026-01-13 08:57:00,2026-01-15,Henan,Kaifeng,normal,pending
ORD_0001455,CUST_00156,WH_001,2026-01-13 12:00:00,2026-01-14,Zhejiang,Ningbo,normal,picked
ORD_0001456,CUST_00171,WH_001,2026-01-13 10:31:00,2026-01-14,Guangdong,Guangzhou,urgent,picking
ORD_0001457,CUST_00129,WH_001,2026-01-13 07:56:00,2026-01-14,Hubei,Yichang,normal,dispatched
ORD_0001458,CUST_00106,WH_001,2026-01-13 10:01:00,2026-01-14,Hubei,Wuhan,normal,picking
ORD_0001459,CUST_00063,WH_002,2026-01-13 18:59:00,2026-01-14,Henan,Luoyang,normal,dispatched
ORD_0001460,CUST_00126,WH_002,2026-01-13 14:32:00,2026-01-14,Jiangsu,Nanjing,normal,dispatched
ORD_0001461,CUST_00162,WH_002,2026-01-13 14:02:00,2026-01-14,Zhejiang,Ningbo,normal,picked
ORD_0001462,CUST_00183,WH_003,2026-01-13 13:17:00,2026-01-14,Jiangsu,Nanjing,normal,picked
ORD_0001463,CUST_00170,WH_001,2026-01-13 16:52:00,2026-01-14,Henan,Luoyang,normal,pending
ORD_0001464,CUST_00073,WH_003,2026-01-13 07:25:00,2026-01-14,Jiangsu,Wuxi,high,delivered
ORD_0001465,CUST_00009,WH_003,2026-01-13 21:59:00,2026-01-14,Sichuan,Mianyang,high,picking
ORD_0001466,CUST_00046,WH_001,2026-01-13 06:35:00,2026-01-14,Sichuan,Deyang,normal,pending
ORD_0001467,CUST_00087,WH_001,2026-01-13 06:15:00,2026-01-14,Guangdong,Guangzhou,high,pending
ORD_0001468,CUST_00164,WH_001,2026-01-13 16:04:00,2026-01-14,Zhejiang,Wenzhou,normal,pending
ORD_0001469,CUST_00183,WH_001,2026-01-13 07:45:00,2026-01-14,Jiangsu,Nanjing,normal,picked
ORD_0001470,CUST_00100,WH_002,2026-01-13 10:20:00,2026-01-14,Zhejiang,Wenzhou,normal,pending
ORD_0001471,CUST_00003,WH_003,2026-01-13 13:01:00,2026-01-14,Henan,Zhengzhou,normal,delivered
ORD_0001472,CUST_00084,WH_002,2026-01-13 21:58:00,2026-01-14,Shandong,Qingdao,normal,pending
ORD_0001473,CUST_00013,WH_003,2026-01-13 14:35:00,2026-01-14,Hubei,Wuhan,normal,picked
ORD_0001474,CUST_00105,WH_001,2026-01-13 10:53:00,2026-01-14,Sichuan,Chengdu,normal,picked
ORD_0001475,CUST_00102,WH_001,2026-01-13 15:22:00,2026-01-14,Sichuan,Chengdu,normal,picked
ORD_0001476,CUST_00006,WH_003,2026-01-13 21:46:00,2026-01-14,Zhejiang,Ningbo,normal,picking
ORD_0001477,CUST_00190,WH_002,2026-01-13 18:16:00,2026-01-14,Henan,Luoyang,normal,delivered
ORD_0001478,CUST_00081,WH_002,2026-01-13 14:18:00,2026-01-15,Hubei,Xiangyang,normal,dispatched
ORD_0001479,CUST_00007,WH_001,2026-01-13 20:03:00,2026-01-14,Sichuan,Deyang,normal,picking
ORD_0001480,CUST_00144,WH_002,2026-01-13 06:28:00,2026-01-14,Shandong,Qingdao,normal,dispatched
ORD_0001481,CUST_00155,WH_001,2026-01-13 07:09:00,2026-01-14,Sichuan,Chengdu,high,pending
ORD_0001482,CUST_00119,WH_003,2026-01-13 12:50:00,2026-01-15,Zhejiang,Wenzhou,normal,pending
ORD_0001483,CUST_00031,WH_002,2026-01-13 13:13:00,2026-01-15,Guangdong,Dongguan,normal,picked
ORD_0001484,CUST_00057,WH_002,2026-01-13 14:28:00,2026-01-14,Guangdong,Dongguan,normal,dispatched
ORD_0001485,CUST_00022,WH_002,2026-01-13 08:33:00,2026-01-14,Zhejiang,Wenzhou,high,picked
ORD_0001486,CUST_00170,WH_003,2026-01-13 16:05:00,2026-01-14,Henan,Luoyang,normal,pending
ORD_0001487,CUST_00100,WH_003,2026-01-13 13:39:00,2026-01-15,Zhejiang,Wenzhou,normal,picked
ORD_0001488,CUST_00065,WH_001,2026-01-13 18:29:00,2026-01-14,Shandong,Jinan,high,delivered
ORD_0001489,CUST_00199,WH_003,2026-01-13 14:47:00,2026-01-14,Guangdong,Dongguan,normal,picking
ORD_0001490,CUST_00093,WH_001,2026-01-13 09:59:00,2026-01-14,Guangdong,Guangzhou,normal,picking
ORD_0001491,CUST_00103,WH_001,2026-01-13 20:59:00,2026-01-14,Zhejiang,Hangzhou,normal,picked
ORD_0001492,CUST_00082,WH_002,2026-01-13 08:13:00,2026-01-14,Zhejiang,Wenzhou,normal,picking
ORD_0001493,CUST_00197,WH_001,2026-01-13 18:50:00,2026-01-14,Jiangsu,Nanjing,normal,delivered
ORD_0001494,CUST_00148,WH_002,2026-01-13 14:54:00,2026-01-14,Jiangsu,Suzhou,normal,dispatched
ORD_0001495,CUST_00100,WH_003,2026-01-13 10:15:00,2026-01-14,Zhejiang,Wenzhou,normal,picking
ORD_0001496,CUST_00160,WH_001,2026-01-13 06:37:00,2026-01-15,Shandong,Qingdao,normal,dispatched
ORD_0001497,CUST_00061,WH_003,2026-01-13 15:22:00,2026-01-15,Shandong,Qingdao,normal,delivered
ORD_0001498,CUST_00145,WH_002,2026-01-13 20:02:00,2026-01-14,Sichuan,Chengdu,normal,picked
ORD_0001499,CUST_00032,WH_002,2026-01-13 21:54:00,2026-01-14,Henan,Luoyang,normal,picked
ORD_0001500,CUST_00116,WH_001,2026-01-13 15:31:00,2026-01-15,Henan,Kaifeng,normal,picked
ORD_0001501,CUST_00121,WH_003,2026-01-13 10:55:00,2026-01-14,Sichuan,Deyang,normal,picking
ORD_0001502,CUST_00037,WH_003,2026-01-13 08:24:00,2026-01-14,Jiangsu,Wuxi,normal,picked
ORD_0001503,CUST_00038,WH_001,2026-01-13 21:02:00,2026-01-14,Hubei,Yichang,normal,picked
ORD_0001504,CUST_00168,WH_001,2026-01-13 10:09:00,2026-01-14,Hubei,Wuhan,urgent,picked
ORD_0001505,CUST_00136,WH_003,2026-01-13 13:15:00,2026-01-14,Hubei,Yichang,normal,dispatched
ORD_0001506,CUST_00002,WH_002,2026-01-13 18:24:00,2026-01-14,Sichuan,Deyang,high,picking
ORD_0001507,CUST_00146,WH_003,2026-01-13 15:49:00,2026-01-14,Zhejiang,Hangzhou,normal,delivered
ORD_0001508,CUST_00120,WH_001,2026-01-13 07:36:00,2026-01-14,Guangdong,Dongguan,normal,picked
ORD_0001509,CUST_00026,WH_001,2026-01-13 12:15:00,2026-01-14,Guangdong,Guangzhou,normal,picking
ORD_0001510,CUST_00124,WH_002,2026-01-13 13:11:00,2026-01-14,Guangdong,Dongguan,normal,picking
ORD_0001511,CUST_00046,WH_003,2026-01-13 13:04:00,2026-01-15,Sichuan,Deyang,normal,delivered
ORD_0001512,CUST_00046,WH_002,2026-01-13 06:53:00,2026-01-14,Sichuan,Deyang,normal,picked
ORD_0001513,CUST_00055,WH_002,2026-01-13 06:37:00,2026-01-15,Henan,Zhengzhou,normal,picked
ORD_0001514,CUST_00152,WH_003,2026-01-13 17:37:00,2026-01-15,Shandong,Qingdao,high,delivered
ORD_0001515,CUST_00110,WH_001,2026-01-13 16:57:00,2026-01-14,Zhejiang,Ningbo,high,picked
ORD_0001516,CUST_00016,WH_003,2026-01-13 18:08:00,2026-01-14,Sichuan,Mianyang,normal,picking
ORD_0001517,CUST_00147,WH_001,2026-01-13 12:03:00,2026-01-14,Zhejiang,Hangzhou,normal,dispatched
ORD_0001518,CUST_00109,WH_001,2026-01-13 13:21:00,2026-01-14,Shandong,Jinan,normal,picked
ORD_0001519,CUST_00074,WH_001,2026-01-13 16:56:00,2026-01-14,Sichuan,Mianyang,normal,picking
ORD_0001520,CUST_00143,WH_003,2026-01-13 18:08:00,2026-01-14,Guangdong,Dongguan,normal,picked
ORD_0001521,CUST_00106,WH_003,2026-01-13 15:53:00,2026-01-14,Hubei,Wuhan,normal,dispatched
ORD_0001522,CUST_00001,WH_001,2026-01-13 15:34:00,2026-01-14,Zhejiang,Ningbo,normal,dispatched
ORD_0001523,CUST_00024,WH_003,2026-01-13 06:20:00,2026-01-14,Jiangsu,Wuxi,normal,delivered
ORD_0001524,CUST_00139,WH_002,2026-01-13 13:42:00,2026-01-14,Zhejiang,Ningbo,normal,picking
ORD_0001525,CUST_00093,WH_002,2026-01-13 15:59:00,2026-01-15,Guangdong,Guangzhou,normal,picking
ORD_0001526,CUST_00141,WH_001,2026-01-13 18:09:00,2026-01-14,Henan,Luoyang,high,picked
ORD_0001527,CUST_00022,WH_003,2026-01-13 21:25:00,2026-01-14,Zhejiang,Wenzhou,high,delivered
ORD_0001528,CUST_00193,WH_001,2026-01-13 09:08:00,2026-01-14,Zhejiang,Hangzhou,normal,dispatched
ORD_0001529,CUST_00122,WH_001,2026-01-13 19:42:00,2026-01-14,Jiangsu,Nanjing,normal,dispatched
ORD_0001530,CUST_00102,WH_001,2026-01-13 16:26:00,2026-01-15,Sichuan,Chengdu,normal,picked
ORD_0001531,CUST_00164,WH_002,2026-01-13 06:42:00,2026-01-14,Zhejiang,Wenzhou,normal,dispatched
ORD_0001532,CUST_00151,WH_001,2026-01-13 17:49:00,2026-01-14,Hubei,Yichang,normal,picking
ORD_0001533,CUST_00004,WH_002,2026-01-13 15:14:00,2026-01-14,Jiangsu,Nanjing,urgent,dispatched
ORD_0001534,CUST_00190,WH_003,2026-01-13 19:27:00,2026-01-14,Henan,Luoyang,normal,picked
ORD_0001535,CUST_00016,WH_003,2026-01-13 06:39:00,2026-01-14,Sichuan,Mianyang,normal,dispatched
ORD_0001536,CUST_00119,WH_001,2026-01-13 15:21:00,2026-01-14,Zhejiang,Wenzhou,normal,picked
ORD_0001537,CUST_00060,WH_002,2026-01-13 17:09:00,2026-01-14,Zhejiang,Ningbo,normal,pending
ORD_0001538,CUST_00051,WH_003,2026-01-13 19:03:00,2026-01-14,Hubei,Yichang,normal,picked
ORD_0001539,CUST_00154,WH_003,2026-01-13 08:49:00,2026-01-15,Guangdong,Dongguan,high,delivered
ORD_0001540,CUST_00006,WH_003,2026-01-13 17:53:00,2026-01-14,Zhejiang,Ningbo,normal,picking
ORD_0001541,CUST_00052,WH_001,2026-01-13 07:23:00,2026-01-15,Guangdong,Dongguan,urgent,picked
ORD_0001542,CUST_00154,WH_002,2026-01-13 18:01:00,2026-01-15,Guangdong,Dongguan,high,delivered
ORD_0001543,CUST_00116,WH_001,2026-01-13 16:06:00,2026-01-14,Henan,Kaifeng,normal,picking
ORD_0001544,CUST_00152,WH_003,2026-01-13 11:00:00,2026-01-14,Shandong,Qingdao,normal,picked
ORD_0001545,CUST_00130,WH_002,2026-01-13 15:50:00,2026-01-14,Henan,Zhengzhou,urgent,pending
ORD_0001546,CUST_00057,WH_002,2026-01-13 21:04:00,2026-01-14,Guangdong,Dongguan,normal,picked
ORD_0001547,CUST_00031,WH_001,2026-01-13 16:27:00,2026-01-15,Guangdong,Dongguan,normal,delivered
ORD_0001548,CUST_00080,WH_003,2026-01-13 18:48:00,2026-01-14,Jiangsu,Nanjing,high,pending
ORD_0001549,CUST_00080,WH_002,2026-01-13 16:13:00,2026-01-14,Jiangsu,Nanjing,normal,picked
ORD_0001550,CUST_00099,WH_001,2026-01-13 21:37:00,2026-01-14,Zhejiang,Hangzhou,high,dispatched
ORD_0001551,CUST_00175,WH_003,2026-01-13 16:17:00,2026-01-15,Sichuan,Deyang,normal,picking
ORD_0001552,CUST_00076,WH_002,2026-01-13 09:35:00,2026-01-14,Sichuan,Mianyang,normal,picking
ORD_0001553,CUST_00170,WH_001,2026-01-13 07:20:00,2026-01-14,Henan,Luoyang,normal,picked
ORD_0001554,CUST_00054,WH_003,2026-01-13 15:58:00,2026-01-15,Guangdong,Dongguan,normal,delivered
ORD_0001555,CUST_00077,WH_001,2026-01-13 09:21:00,2026-01-14,Zhejiang,Ningbo,normal,dispatched
ORD_0001556,CUST_00093,WH_002,2026-01-13 09:35:00,2026-01-14,Guangdong,Guangzhou,normal,dispatched
ORD_0001557,CUST_00126,WH_001,2026-01-13 15:32:00,2026-01-14,Jiangsu,Nanjing,normal,picked
ORD_0001558,CUST_00116,WH_002,2026-01-13 17:12:00,2026-01-14,Henan,Kaifeng,normal,dispatched
ORD_0001559,CUST_00037,WH_002,2026-01-13 11:21:00,2026-01-14,Jiangsu,Wuxi,high,picked
ORD_0001560,CUST_00111,WH_001,2026-01-13 20:53:00,2026-01-14,Guangdong,Guangzhou,normal,picking
ORD_0001561,CUST_00029,WH_002,2026-01-13 13:09:00,2026-01-14,Zhejiang,Ningbo,high,delivered
ORD_0001562,CUST_00191,WH_002,2026-01-13 06:55:00,2026-01-14,Zhejiang,Ningbo,normal,picked
ORD_0001563,CUST_00155,WH_003,2026-01-13 19:17:00,2026-01-14,Sichuan,Chengdu,normal,dispatched
ORD_0001564,CUST_00085,WH_003,2026-01-13 18:11:00,2026-01-14,Shandong,Qingdao,normal,dispatched
ORD_0001565,CUST_00156,WH_001,2026-01-13 18:52:00,2026-01-14,Zhejiang,Ningbo,normal,picked
ORD_0001566,CUST_00157,WH_003,2026-01-13 19:26:00,2026-01-15,Guangdong,Guangzhou,normal,delivered
ORD_0001567,CUST_00173,WH_001,2026-01-13 20:49:00,2026-01-14,Henan,Kaifeng,normal,picking
ORD_0001568,CUST_00198,WH_003,2026-01-13 07:03:00,2026-01-14,Shandong,Yantai,normal,picked
ORD_0001569,CUST_00077,WH_003,2026-01-13 16:49:00,2026-01-14,Zhejiang,Ningbo,normal,picked
ORD_0001570,CUST_00047,WH_003,2026-01-13 07:52:00,2026-01-14,Zhejiang,Ningbo,normal,picked
ORD_0001571,CUST_00033,WH_002,2026-01-13 12:51:00,2026-01-14,Jiangsu,Nanjing,normal,picked
ORD_0001572,CUST_00102,WH_003,2026-01-13 06:48:00,2026-01-15,Sichuan,Chengdu,normal,dispatched
ORD_0001573,CUST_00009,WH_001,2026-01-13 13:14:00,2026-01-14,Sichuan,Mianyang,normal,delivered
ORD_0001574,CUST_00104,WH_001,2026-01-13 16:51:00,2026-01-14,Zhejiang,Ningbo,normal,dispatched
ORD_0001575,CUST_00099,WH_002,2026-01-13 20:03:00,2026-01-14,Zhejiang,Hangzhou,normal,picked
ORD_0001576,CUST_00025,WH_003,2026-01-13 10:34:00,2026-01-14,Hubei,Yichang,urgent,picking
ORD_0001577,CUST_00058,WH_002,2026-01-13 06:38:00,2026-01-15,Jiangsu,Suzhou,normal,dispatched
ORD_0001578,CUST_00038,WH_003,2026-01-13 18:45:00,2026-01-14,Hubei,Yichang,normal,delivered
ORD_0001579,CUST_00144,WH_002,2026-01-13 13:19:00,2026-01-14,Shandong,Qingdao,urgent,dispatched
ORD_0001580,CUST_00011,WH_002,2026-01-13 11:44:00,2026-01-14,Guangdong,Dongguan,normal,dispatched
ORD_0001581,CUST_00143,WH_002,2026-01-13 13:14:00,2026-01-14,Guangdong,Dongguan,normal,picking
ORD_0001582,CUST_00122,WH_001,2026-01-13 08:55:00,2026-01-14,Jiangsu,Nanjing,normal,picked
ORD_0001583,CUST_00181,WH_003,2026-01-13 07:25:00,2026-01-14,Hubei,Yichang,high,pending
ORD_0001584,CUST_00174,WH_003,2026-01-13 13:44:00,2026-01-14,Guangdong,Dongguan,normal,pending
ORD_0001585,CUST_00035,WH_002,2026-01-13 19:20:00,2026-01-14,Shandong,Jinan,normal,pending
ORD_0001586,CUST_00089,WH_001,2026-01-13 17:44:00,2026-01-15,Guangdong,Shenzhen,normal,picking
ORD_0001587,CUST_00105,WH_002,2026-01-13 06:32:00,2026-01-14,Sichuan,Chengdu,normal,picking
ORD_0001588,CUST_00196,WH_003,2026-01-13 09:24:00,2026-01-14,Henan,Zhengzhou,normal,picked
ORD_0001589,CUST_00116,WH_001,2026-01-13 19:54:00,2026-01-14,Henan,Kaifeng,high,picked
ORD_0001590,CUST_00048,WH_001,2026-01-13 08:01:00,2026-01-14,Shandong,Jinan,normal,picked
ORD_0001591,CUST_00164,WH_003,2026-01-13 10:12:00,2026-01-14,Zhejiang,Wenzhou,normal,picked
ORD_0001592,CUST_00016,WH_002,2026-01-13 16:11:00,2026-01-14,Sichuan,Mianyang,normal,delivered
ORD_0001593,CUST_00008,WH_002,2026-01-13 19:03:00,2026-01-15,Hubei,Wuhan,high,dispatched
ORD_0001594,CUST_00182,WH_002,2026-01-13 12:19:00,2026-01-14,Zhejiang,Hangzhou,high,dispatched
ORD_0001595,CUST_00146,WH_003,2026-01-13 12:22:00,2026-01-14,Zhejiang,Hangzhou,normal,dispatched
ORD_0001596,CUST_00040,WH_003,2026-01-13 14:06:00,2026-01-14,Guangdong,Shenzhen,high,dispatched
ORD_0001597,CUST_00140,WH_002,2026-01-13 20:19:00,2026-01-14,Zhejiang,Ningbo,normal,pending
ORD_0001598,CUST_00136,WH_003,2026-01-13 16:57:00,2026-01-14,Hubei,Yichang,normal,dispatched
ORD_0001599,CUST_00153,WH_002,2026-01-13 21:38:00,2026-01-14,Zhejiang,Wenzhou,normal,picked
ORD_0001600,CUST_00069,WH_002,2026-01-13 12:23:00,2026-01-14,Sichuan,Chengdu,urgent,dispatched
ORD_0001601,CUST_00068,WH_003,2026-01-13 10:59:00,2026-01-14,Shandong,Qingdao,normal,picked
ORD_0001602,CUST_00145,WH_002,2026-01-13 10:38:00,2026-01-14,Sichuan,Chengdu,normal,dispatched
ORD_0001603,CUST_00178,WH_003,2026-01-13 19:35:00,2026-01-15,Shandong,Jinan,normal,picked
ORD_0001604,CUST_00163,WH_001,2026-01-13 19:33:00,2026-01-14,Jiangsu,Nanjing,normal,delivered
ORD_0001605,CUST_00081,WH_001,2026-01-13 19:14:00,2026-01-15,Hubei,Xiangyang,normal,picked
ORD_0001606,CUST_00016,WH_003,2026-01-13 15:40:00,2026-01-14,Sichuan,Mianyang,normal,picked
ORD_0001607,CUST_00123,WH_003,2026-01-13 09:31:00,2026-01-14,Guangdong,Guangzhou,normal,picked
ORD_0001608,CUST_00017,WH_001,2026-01-13 19:57:00,2026-01-15,Shandong,Yantai,normal,picked
ORD_0001609,CUST_00190,WH_001,2026-01-13 13:34:00,2026-01-14,Henan,Luoyang,normal,picking
ORD_0001610,CUST_00096,WH_003,2026-01-13 20:28:00,2026-01-14,Hubei,Yichang,high,delivered
ORD_0001611,CUST_00097,WH_002,2026-01-13 17:02:00,2026-01-14,Hubei,Yichang,normal,picked
ORD_0001612,CUST_00163,WH_001,2026-01-13 17:29:00,2026-01-14,Jiangsu,Nanjing,normal,picked
ORD_0001613,CUST_00025,WH_003,2026-01-13 10:58:00,2026-01-15,Hubei,Yichang,normal,dispatched
ORD_0001614,CUST_00096,WH_003,2026-01-13 08:39:00,2026-01-14,Hubei,Yichang,high,dispatched
ORD_0001615,CUST_00175,WH_003,2026-01-13 08:59:00,2026-01-14,Sichuan,Deyang,normal,delivered
ORD_0001616,CUST_00043,WH_001,2026-01-13 10:28:00,2026-01-14,Zhejiang,Hangzhou,high,dispatched
ORD_0001617,CUST_00161,WH_002,2026-01-13 07:49:00,2026-01-14,Guangdong,Dongguan,normal,delivered
ORD_0001618,CUST_00144,WH_002,2026-01-13 21:13:00,2026-01-14,Shandong,Qingdao,high,delivered
ORD_0001619,CUST_00016,WH_003,2026-01-13 18:02:00,2026-01-14,Sichuan,Mianyang,urgent,dispatched
ORD_0001620,CUST_00048,WH_002,2026-01-13 10:22:00,2026-01-14,Shandong,Jinan,normal,dispatched
ORD_0001621,CUST_00137,WH_003,2026-01-13 19:42:00,2026-01-14,Henan,Kaifeng,normal,dispatched
ORD_0001622,CUST_00036,WH_002,2026-01-13 11:15:00,2026-01-14,Sichuan,Mianyang,normal,picking
ORD_0001623,CUST_00164,WH_003,2026-01-13 18:37:00,2026-01-14,Zhejiang,Wenzhou,normal,dispatched
ORD_0001624,CUST_00107,WH_001,2026-01-13 15:30:00,2026-01-14,Henan,Luoyang,normal,dispatched
ORD_0001625,CUST_00145,WH_001,2026-01-13 21:37:00,2026-01-14,Sichuan,Chengdu,normal,picked
ORD_0001626,CUST_00085,WH_002,2026-01-13 09:44:00,2026-01-14,Shandong,Qingdao,normal,dispatched
ORD_0001627,CUST_00155,WH_003,2026-01-13 07:44:00,2026-01-14,Sichuan,Chengdu,high,picking
ORD_0001628,CUST_00143,WH_001,2026-01-13 11:54:00,2026-01-14,Guangdong,Dongguan,normal,dispatched
ORD_0001629,CUST_00088,WH_002,2026-01-13 09:23:00,2026-01-14,Shandong,Yantai,normal,delivered
ORD_0001630,CUST_00127,WH_003,2026-01-13 10:45:00,2026-01-15,Henan,Luoyang,normal,picking
ORD_0001631,CUST_00018,WH_002,2026-01-13 08:13:00,2026-01-14,Jiangsu,Suzhou,high,dispatched
ORD_0001632,CUST_00029,WH_002,2026-01-13 16:21:00,2026-01-14,Zhejiang,Ningbo,high,picked
ORD_0001633,CUST_00178,WH_003,2026-01-13 18:48:00,2026-01-14,Shandong,Jinan,normal,delivered
ORD_0001634,CUST_00009,WH_001,2026-01-13 21:49:00,2026-01-14,Sichuan,Mianyang,normal,pending
ORD_0001635,CUST_00154,WH_001,2026-01-13 15:34:00,2026-01-14,Guangdong,Dongguan,normal,picked
ORD_0001636,CUST_00125,WH_001,2026-01-13 21:47:00,2026-01-14,Henan,Kaifeng,normal,dispatched
ORD_0001637,CUST_00123,WH_003,2026-01-13 09:45:00,2026-01-14,Guangdong,Guangzhou,normal,picking
ORD_0001638,CUST_00003,WH_003,2026-01-13 13:35:00,2026-01-14,Henan,Zhengzhou,normal,picked
ORD_0001639,CUST_00119,WH_003,2026-01-13 17:50:00,2026-01-15,Zhejiang,Wenzhou,normal,dispatched
ORD_0001640,CUST_00134,WH_001,2026-01-13 20:48:00,2026-01-14,Sichuan,Mianyang,normal,picked
ORD_0001641,CUST_00023,WH_003,2026-01-13 15:18:00,2026-01-15,Guangdong,Dongguan,high,dispatched
ORD_0001642,CUST_00024,WH_001,2026-01-13 18:30:00,2026-01-14,Jiangsu,Wuxi,normal,dispatched
ORD_0001643,CUST_00054,WH_001,2026-01-13 12:36:00,2026-01-14,Guangdong,Dongguan,high,dispatched
ORD_0001644,CUST_00099,WH_002,2026-01-13 13:26:00,2026-01-14,Zhejiang,Hangzhou,normal,picked
ORD_0001645,CUST_00173,WH_001,2026-01-13 09:54:00,2026-01-14,Henan,Kaifeng,high,picking
ORD_0001646,CUST_00127,WH_001,2026-01-13 10:17:00,2026-01-14,Henan,Luoyang,normal,picked
ORD_0001647,CUST_00135,WH_003,2026-01-13 06:22:00,2026-01-14,Shandong,Yantai,urgent,dispatched
ORD_0001648,CUST_00149,WH_003,2026-01-13 17:17:00,2026-01-14,Henan,Zhengzhou,normal,dispatched
ORD_0001649,CUST_00006,WH_001,2026-01-13 07:00:00,2026-01-14,Zhejiang,Ningbo,normal,dispatched
ORD_0001650,CUST_00189,WH_001,2026-01-13 14:24:00,2026-01-14,Hubei,Xiangyang,normal,dispatched
ORD_0001651,CUST_00159,WH_001,2026-01-13 12:30:00,2026-01-15,Guangdong,Shenzhen,normal,picked
ORD_0001652,CUST_00059,WH_002,2026-01-13 09:49:00,2026-01-14,Hubei,Yichang,normal,delivered
ORD_0001653,CUST_00133,WH_001,2026-01-13 06:42:00,2026-01-14,Zhejiang,Wenzhou,normal,picking
ORD_0001654,CUST_00033,WH_002,2026-01-13 15:41:00,2026-01-15,Jiangsu,Nanjing,normal,dispatched
ORD_0001655,CUST_00060,WH_003,2026-01-13 13:24:00,2026-01-14,Zhejiang,Ningbo,normal,delivered
ORD_0001656,CUST_00184,WH_003,2026-01-13 20:49:00,2026-01-14,Jiangsu,Nanjing,urgent,pending
ORD_0001657,CUST_00187,WH_001,2026-01-13 19:29:00,2026-01-14,Jiangsu,Wuxi,normal,delivered
ORD_0001658,CUST_00171,WH_003,2026-01-13 08:41:00,2026-01-14,Guangdong,Guangzhou,normal,picking
ORD_0001659,CUST_00008,WH_003,2026-01-13 20:58:00,2026-01-14,Hubei,Wuhan,normal,picked
ORD_0001660,CUST_00061,WH_001,2026-01-13 18:36:00,2026-01-14,Shandong,Qingdao,high,picking
ORD_0001661,CUST_00072,WH_003,2026-01-13 10:37:00,2026-01-14,Zhejiang,Wenzhou,normal,picked
ORD_0001662,CUST_00098,WH_002,2026-01-13 16:19:00,2026-01-14,Zhejiang,Hangzhou,normal,picked
ORD_0001663,CUST_00119,WH_003,2026-01-13 11:14:00,2026-01-14,Zhejiang,Wenzhou,normal,pending
ORD_0001664,CUST_00047,WH_001,2026-01-13 06:42:00,2026-01-14,Zhejiang,Ningbo,normal,picked
ORD_0001665,CUST_00069,WH_003,2026-01-13 15:33:00,2026-01-14,Sichuan,Chengdu,normal,picked
ORD_0001666,CUST_00125,WH_001,2026-01-13 16:27:00,2026-01-14,Henan,Kaifeng,normal,delivered
ORD_0001667,CUST_00020,WH_002,2026-01-13 11:27:00,2026-01-14,Jiangsu,Nanjing,normal,picking
ORD_0001668,CUST_00192,WH_002,2026-01-13 08:17:00,2026-01-14,Shandong,Qingdao,normal,delivered
ORD_0001669,CUST_00185,WH_001,2026-01-13 15:37:00,2026-01-14,Guangdong,Dongguan,normal,picking
ORD_0001670,CUST_00150,WH_003,2026-01-13 17:54:00,2026-01-14,Guangdong,Guangzhou,normal,delivered
ORD_0001671,CUST_00177,WH_001,2026-01-13 07:51:00,2026-01-14,Zhejiang,Ningbo,normal,picking
ORD_0001672,CUST_00056,WH_002,2026-01-13 17:56:00,2026-01-15,Shandong,Yantai,normal,dispatched
ORD_0001673,CUST_00078,WH_001,2026-01-13 19:40:00,2026-01-14,Henan,Kaifeng,normal,pending
ORD_0001674,CUST_00002,WH_001,2026-01-13 17:14:00,2026-01-14,Sichuan,Deyang,normal,delivered
ORD_0001675,CUST_00040,WH_001,2026-01-13 18:58:00,2026-01-14,Guangdong,Shenzhen,normal,pending
ORD_0001676,CUST_00177,WH_003,2026-01-13 14:51:00,2026-01-14,Zhejiang,Ningbo,normal,picked
ORD_0001677,CUST_00039,WH_002,2026-01-13 11:42:00,2026-01-14,Shandong,Qingdao,normal,delivered
ORD_0001678,CUST_00051,WH_003,2026-01-13 06:28:00,2026-01-14,Hubei,Yichang,normal,dispatched
ORD_0001679,CUST_00135,WH_001,2026-01-13 07:02:00,2026-01-14,Shandong,Yantai,normal,dispatched
ORD_0001680,CUST_00148,WH_001,2026-01-13 11:55:00,2026-01-14,Jiangsu,Suzhou,normal,dispatched
ORD_0001681,CUST_00014,WH_002,2026-01-13 12:04:00,2026-01-14,Shandong,Yantai,high,dispatched
ORD_0001682,CUST_00058,WH_001,2026-01-13 10:00:00,2026-01-15,Jiangsu,Suzhou,normal,picked
ORD_0001683,CUST_00012,WH_002,2026-01-13 15:05:00,2026-01-15,Sichuan,Deyang,high,picking
ORD_0001684,CUST_00108,WH_002,2026-01-13 21:27:00,2026-01-14,Jiangsu,Nanjing,normal,picked
ORD_0001685,CUST_00156,WH_002,2026-01-13 21:20:00,2026-01-14,Zhejiang,Ningbo,normal,picking
ORD_0001686,CUST_00075,WH_003,2026-01-13 16:01:00,2026-01-14,Sichuan,Deyang,normal,dispatched
ORD_0001687,CUST_00057,WH_001,2026-01-13 06:39:00,2026-01-14,Guangdong,Dongguan,normal,dispatched
ORD_0001688,CUST_00086,WH_003,2026-01-13 10:14:00,2026-01-14,Guangdong,Dongguan,urgent,dispatched
ORD_0001689,CUST_00094,WH_002,2026-01-13 18:26:00,2026-01-14,Henan,Zhengzhou,normal,dispatched
ORD_0001690,CUST_00062,WH_003,2026-01-13 16:56:00,2026-01-14,Zhejiang,Wenzhou,high,delivered
ORD_0001691,CUST_00110,WH_003,2026-01-13 18:56:00,2026-01-14,Zhejiang,Ningbo,high,picked
ORD_0001692,CUST_00110,WH_003,2026-01-13 19:26:00,2026-01-14,Zhejiang,Ningbo,high,dispatched
ORD_0001693,CUST_00171,WH_002,2026-01-13 14:54:00,2026-01-14,Guangdong,Guangzhou,high,picked
ORD_0001694,CUST_00066,WH_002,2026-01-13 08:09:00,2026-01-14,Zhejiang,Hangzhou,normal,delivered
ORD_0001695,CUST_00137,WH_003,2026-01-13 20:26:00,2026-01-15,Henan,Kaifeng,normal,picked
ORD_0001696,CUST_00127,WH_003,2026-01-13 19:08:00,2026-01-14,Henan,Luoyang,normal,picking
ORD_0001697,CUST_00019,WH_002,2026-01-13 15:36:00,2026-01-14,Henan,Luoyang,normal,dispatched
ORD_0001698,CUST_00032,WH_003,2026-01-13 17:26:00,2026-01-14,Henan,Luoyang,normal,picking
ORD_0001699,CUST_00118,WH_003,2026-01-13 13:58:00,2026-01-14,Sichuan,Mianyang,normal,dispatched
ORD_0001700,CUST_00025,WH_003,2026-01-13 06:24:00,2026-01-15,Hubei,Yichang,normal,picking
ORD_0001701,CUST_00043,WH_002,2026-01-13 15:56:00,2026-01-14,Zhejiang,Hangzhou,normal,picked
ORD_0001702,CUST_00100,WH_003,2026-01-13 09:13:00,2026-01-14,Zhejiang,Wenzhou,normal,pending
ORD_0001703,CUST_00084,WH_002,2026-01-13 20:21:00,2026-01-14,Shandong,Qingdao,normal,dispatched
ORD_0001704,CUST_00194,WH_001,2026-01-13 18:26:00,2026-01-14,Zhejiang,Wenzhou,normal,delivered
ORD_0001705,CUST_00182,WH_001,2026-01-13 12:20:00,2026-01-14,Zhejiang,Hangzhou,high,dispatched
ORD_0001706,CUST_00006,WH_001,2026-01-13 15:45:00,2026-01-14,Zhejiang,Ningbo,normal,picking
ORD_0001707,CUST_00131,WH_003,2026-01-13 07:40:00,2026-01-15,Henan,Kaifeng,normal,dispatched
ORD_0001708,CUST_00149,WH_001,2026-01-13 14:48:00,2026-01-14,Henan,Zhengzhou,normal,delivered
ORD_0001709,CUST_00185,WH_003,2026-01-13 12:20:00,2026-01-15,Guangdong,Dongguan,high,picking
ORD_0001710,CUST_00172,WH_002,2026-01-13 06:29:00,2026-01-15,Sichuan,Deyang,high,picked
ORD_0001711,CUST_00042,WH_002,2026-01-13 08:02:00,2026-01-14,Jiangsu,Suzhou,normal,dispatched
ORD_0001712,CUST_00170,WH_001,2026-01-13 19:23:00,2026-01-15,Henan,Luoyang,normal,picked
ORD_0001713,CUST_00007,WH_001,2026-01-13 08:32:00,2026-01-15,Sichuan,Deyang,urgent,picking
ORD_0001714,CUST_00148,WH_002,2026-01-13 14:00:00,2026-01-14,Jiangsu,Suzhou,normal,picked
ORD_0001715,CUST_00115,WH_001,2026-01-13 14:51:00,2026-01-14,Shandong,Jinan,high,picking
ORD_0001716,CUST_00004,WH_001,2026-01-13 16:49:00,2026-01-14,Jiangsu,Nanjing,high,picking
ORD_0001717,CUST_00199,WH_001,2026-01-13 14:16:00,2026-01-14,Guangdong,Dongguan,normal,picked
ORD_0001718,CUST_00010,WH_003,2026-01-13 17:09:00,2026-01-15,Sichuan,Mianyang,normal,picking
ORD_0001719,CUST_00113,WH_002,2026-01-13 07:19:00,2026-01-14,Shandong,Qingdao,urgent,dispatched
ORD_0001720,CUST_00143,WH_002,2026-01-13 14:45:00,2026-01-15,Guangdong,Dongguan,normal,picked
ORD_0001721,CUST_00159,WH_001,2026-01-13 20:10:00,2026-01-15,Guangdong,Shenzhen,normal,pending
ORD_0001722,CUST_00035,WH_002,2026-01-13 11:05:00,2026-01-15,Shandong,Jinan,normal,picking
ORD_0001723,CUST_00074,WH_003,2026-01-13 12:10:00,2026-01-14,Sichuan,Mianyang,normal,dispatched
ORD_0001724,CUST_00033,WH_001,2026-01-13 21:26:00,2026-01-14,Jiangsu,Nanjing,normal,pending
ORD_0001725,CUST_00078,WH_003,2026-01-13 07:49:00,2026-01-14,Henan,Kaifeng,high,dispatched
ORD_0001726,CUST_00129,WH_001,2026-01-13 09:36:00,2026-01-14,Hubei,Yichang,normal,delivered
ORD_0001727,CUST_00101,WH_002,2026-01-13 17:46:00,2026-01-14,Hubei,Wuhan,normal,dispatched
ORD_0001728,CUST_00171,WH_002,2026-01-13 14:43:00,2026-01-14,Guangdong,Guangzhou,normal,delivered
ORD_0001729,CUST_00049,WH_002,2026-01-13 11:22:00,2026-01-14,Shandong,Qingdao,normal,picked
ORD_0001730,CUST_00018,WH_003,2026-01-13 07:06:00,2026-01-14,Jiangsu,Suzhou,normal,dispatched
ORD_0001731,CUST_00133,WH_003,2026-01-13 21:21:00,2026-01-14,Zhejiang,Wenzhou,normal,delivered
ORD_0001732,CUST_00148,WH_003,2026-01-13 15:07:00,2026-01-14,Jiangsu,Suzhou,normal,delivered
ORD_0001733,CUST_00109,WH_001,2026-01-13 21:25:00,2026-01-14,Shandong,Jinan,normal,pending
ORD_0001734,CUST_00076,WH_001,2026-01-13 16:35:00,2026-01-14,Sichuan,Mianyang,normal,dispatched
ORD_0001735,CUST_00152,WH_003,2026-01-13 18:13:00,2026-01-15,Shandong,Qingdao,normal,picking
ORD_0001736,CUST_00181,WH_001,2026-01-13 09:46:00,2026-01-14,Hubei,Yichang,normal,dispatched
ORD_0001737,CUST_00107,WH_003,2026-01-13 16:45:00,2026-01-15,Henan,Luoyang,normal,delivered
ORD_0001738,CUST_00021,WH_003,2026-01-13 11:17:00,2026-01-14,Guangdong,Shenzhen,normal,picking
ORD_0001739,CUST_00068,WH_001,2026-01-13 10:41:00,2026-01-14,Shandong,Qingdao,normal,dispatched
ORD_0001740,CUST_00151,WH_001,2026-01-13 20:02:00,2026-01-14,Hubei,Yichang,normal,delivered
ORD_0001741,CUST_00124,WH_001,2026-01-13 19:49:00,2026-01-14,Guangdong,Dongguan,normal,delivered
ORD_0001742,CUST_00090,WH_002,2026-01-13 13:07:00,2026-01-14,Hubei,Yichang,high,picked
ORD_0001743,CUST_00080,WH_002,2026-01-13 20:30:00,2026-01-14,Jiangsu,Nanjing,high,delivered
ORD_0001744,CUST_00198,WH_002,2026-01-13 20:01:00,2026-01-15,Shandong,Yantai,normal,picking
ORD_0001745,CUST_00118,WH_003,2026-01-13 13:04:00,2026-01-15,Sichuan,Mianyang,normal,delivered
ORD_0001746,CUST_00077,WH_001,2026-01-13 18:32:00,2026-01-14,Zhejiang,Ningbo,normal,picking
ORD_0001747,CUST_00104,WH_001,2026-01-13 13:56:00,2026-01-14,Zhejiang,Ningbo,normal,picked
ORD_0001748,CUST_00119,WH_002,2026-01-13 19:31:00,2026-01-14,Zhejiang,Wenzhou,normal,dispatched
ORD_0001749,CUST_00016,WH_002,2026-01-13 10:20:00,2026-01-14,Sichuan,Mianyang,normal,picking
ORD_0001750,CUST_00051,WH_002,2026-01-13 06:21:00,2026-01-14,Hubei,Yichang,high,picked
ORD_0001751,CUST_00090,WH_002,2026-01-13 19:23:00,2026-01-14,Hubei,Yichang,high,dispatched
ORD_0001752,CUST_00195,WH_001,2026-01-13 17:59:00,2026-01-15,Zhejiang,Wenzhou,urgent,delivered
ORD_0001753,CUST_00010,WH_002,2026-01-13 17:45:00,2026-01-14,Sichuan,Mianyang,high,pending
ORD_0001754,CUST_00149,WH_002,2026-01-13 15:51:00,2026-01-15,Henan,Zhengzhou,normal,dispatched
ORD_0001755,CUST_00014,WH_002,2026-01-13 14:32:00,2026-01-14,Shandong,Yantai,normal,picked
ORD_0001756,CUST_00185,WH_002,2026-01-13 18:37:00,2026-01-15,Guangdong,Dongguan,normal,dispatched
ORD_0001757,CUST_00145,WH_003,2026-01-13 19:05:00,2026-01-14,Sichuan,Chengdu,normal,dispatched
ORD_0001758,CUST_00151,WH_003,2026-01-13 14:40:00,2026-01-14,Hubei,Yichang,normal,dispatched
ORD_0001759,CUST_00088,WH_002,2026-01-13 15:52:00,2026-01-14,Shandong,Yantai,normal,picking
ORD_0001760,CUST_00096,WH_003,2026-01-13 10:26:00,2026-01-14,Hubei,Yichang,urgent,picking
ORD_0001761,CUST_00089,WH_002,2026-01-13 08:45:00,2026-01-14,Guangdong,Shenzhen,normal,picked
ORD_0001762,CUST_00131,WH_003,2026-01-13 07:39:00,2026-01-14,Henan,Kaifeng,normal,pending
ORD_0001763,CUST_00106,WH_001,2026-01-13 19:36:00,2026-01-14,Hubei,Wuhan,normal,delivered
ORD_0001764,CUST_00164,WH_001,2026-01-13 14:36:00,2026-01-14,Zhejiang,Wenzhou,normal,picking
ORD_0001765,CUST_00200,WH_001,2026-01-13 10:07:00,2026-01-15,Zhejiang,Ningbo,normal,dispatched
ORD_0001766,CUST_00104,WH_002,2026-01-13 06:06:00,2026-01-14,Zhejiang,Ningbo,high,dispatched
ORD_0001767,CUST_00050,WH_001,2026-01-13 21:48:00,2026-01-15,Shandong,Jinan,normal,pending
ORD_0001768,CUST_00127,WH_002,2026-01-13 21:25:00,2026-01-14,Henan,Luoyang,urgent,pending
ORD_0001769,CUST_00137,WH_001,2026-01-13 17:38:00,2026-01-14,Henan,Kaifeng,normal,dispatched
ORD_0001770,CUST_00186,WH_003,2026-01-13 08:07:00,2026-01-14,Sichuan,Chengdu,normal,dispatched
ORD_0001771,CUST_00198,WH_001,2026-01-13 16:43:00,2026-01-14,Shandong,Yantai,normal,picked
ORD_0001772,CUST_00118,WH_002,2026-01-13 10:40:00,2026-01-14,Sichuan,Mianyang,normal,delivered
ORD_0001773,CUST_00031,WH_003,2026-01-13 12:04:00,2026-01-15,Guangdong,Dongguan,normal,picking
ORD_0001774,CUST_00026,WH_002,2026-01-13 17:52:00,2026-01-15,Guangdong,Guangzhou,normal,picked
ORD_0001775,CUST_00178,WH_001,2026-01-13 08:26:00,2026-01-14,Shandong,Jinan,normal,picked
ORD_0001776,CUST_00058,WH_001,2026-01-13 06:56:00,2026-01-14,Jiangsu,Suzhou,normal,picked
ORD_0001777,CUST_00132,WH_003,2026-01-13 09:21:00,2026-01-14,Zhejiang,Ningbo,high,picked
ORD_0001778,CUST_00022,WH_001,2026-01-13 15:50:00,2026-01-14,Zhejiang,Wenzhou,high,delivered
ORD_0001779,CUST_00185,WH_002,2026-01-13 06:28:00,2026-01-14,Guangdong,Dongguan,high,picked
ORD_0001780,CUST_00116,WH_001,2026-01-13 14:39:00,2026-01-15,Henan,Kaifeng,normal,delivered
ORD_0001781,CUST_00042,WH_001,2026-01-13 14:25:00,2026-01-14,Jiangsu,Suzhou,normal,picking
ORD_0001782,CUST_00188,WH_001,2026-01-13 12:39:00,2026-01-14,Shandong,Qingdao,normal,picking
ORD_0001783,CUST_00033,WH_002,2026-01-13 12:54:00,2026-01-14,Jiangsu,Nanjing,normal,picked
ORD_0001784,CUST_00193,WH_002,2026-01-13 17:18:00,2026-01-14,Zhejiang,Hangzhou,normal,dispatched
ORD_0001785,CUST_00026,WH_002,2026-01-13 07:34:00,2026-01-15,Guangdong,Guangzhou,normal,dispatched
ORD_0001786,CUST_00076,WH_002,2026-01-13 07:17:00,2026-01-15,Sichuan,Mianyang,normal,pending
ORD_0001787,CUST_00123,WH_002,2026-01-13 18:16:00,2026-01-15,Guangdong,Guangzhou,high,picked
ORD_0001788,CUST_00184,WH_001,2026-01-13 09:44:00,2026-01-14,Jiangsu,Nanjing,normal,pending
ORD_0001789,CUST_00030,WH_003,2026-01-13 21:25:00,2026-01-14,Hubei,Xiangyang,normal,picking
ORD_0001790,CUST_00024,WH_001,2026-01-13 08:05:00,2026-01-14,Jiangsu,Wuxi,normal,picked
ORD_0001791,CUST_00031,WH_003,2026-01-13 14:20:00,2026-01-14,Guangdong,Dongguan,normal,delivered
ORD_0001792,CUST_00069,WH_001,2026-01-13 18:34:00,2026-01-14,Sichuan,Chengdu,urgent,picked
ORD_0001793,CUST_00146,WH_001,2026-01-13 17:51:00,2026-01-14,Zhejiang,Hangzhou,normal,pending
ORD_0001794,CUST_00197,WH_003,2026-01-13 14:47:00,2026-01-15,Jiangsu,Nanjing,normal,picking
ORD_0001795,CUST_00097,WH_001,2026-01-13 14:50:00,2026-01-14,Hubei,Yichang,normal,delivered
ORD_0001796,CUST_00060,WH_002,2026-01-13 08:25:00,2026-01-14,Zhejiang,Ningbo,normal,pending
ORD_0001797,CUST_00147,WH_001,2026-01-13 21:59:00,2026-01-14,Zhejiang,Hangzhou,urgent,picked
ORD_0001798,CUST_00123,WH_003,2026-01-13 16:44:00,2026-01-14,Guangdong,Guangzhou,normal,picking
ORD_0001799,CUST_00092,WH_002,2026-01-13 10:32:00,2026-01-15,Jiangsu,Nanjing,high,dispatched
ORD_0001800,CUST_00124,WH_001,2026-01-13 08:42:00,2026-01-15,Guangdong,Dongguan,normal,delivered
ORD_0001801,CUST_00128,WH_003,2026-01-13 20:54:00,2026-01-14,Zhejiang,Wenzhou,normal,picking
ORD_0001802,CUST_00032,WH_002,2026-01-13 18:23:00,2026-01-14,Henan,Luoyang,normal,picked
ORD_0001803,CUST_00029,WH_001,2026-01-13 11:36:00,2026-01-14,Zhejiang,Ningbo,normal,dispatched
ORD_0001804,CUST_00152,WH_002,2026-01-13 17:29:00,2026-01-14,Shandong,Qingdao,normal,picking
ORD_0001805,CUST_00043,WH_002,2026-01-13 20:09:00,2026-01-14,Zhejiang,Hangzhou,normal,delivered
ORD_0001806,CUST_00007,WH_003,2026-01-13 18:44:00,2026-01-14,Sichuan,Deyang,normal,delivered
ORD_0001807,CUST_00183,WH_002,2026-01-13 13:41:00,2026-01-14,Jiangsu,Nanjing,normal,dispatched
ORD_0001808,CUST_00178,WH_002,2026-01-13 12:52:00,2026-01-14,Shandong,Jinan,high,picked
ORD_0001809,CUST_00132,WH_002,2026-01-13 20:59:00,2026-01-14,Zhejiang,Ningbo,normal,picked
ORD_0001810,CUST_00017,WH_003,2026-01-13 21:05:00,2026-01-14,Shandong,Yantai,normal,picked
ORD_0001811,CUST_00003,WH_001,2026-01-13 11:35:00,2026-01-14,Henan,Zhengzhou,normal,picked
ORD_0001812,CUST_00041,WH_001,2026-01-13 16:32:00,2026-01-14,Jiangsu,Nanjing,normal,pending
ORD_0001813,CUST_00114,WH_003,2026-01-13 14:25:00,2026-01-14,Zhejiang,Ningbo,normal,dispatched
ORD_0001814,CUST_00082,WH_002,2026-01-13 12:10:00,2026-01-14,Zhejiang,Wenzhou,normal,picked
ORD_0001815,CUST_00127,WH_002,2026-01-13 09:04:00,2026-01-14,Henan,Luoyang,normal,picked
ORD_0001816,CUST_00052,WH_001,2026-01-13 06:48:00,2026-01-14,Guangdong,Dongguan,normal,picked
ORD_0001817,CUST_00143,WH_003,2026-01-13 20:48:00,2026-01-15,Guangdong,Dongguan,normal,picked
ORD_0001818,CUST_00096,WH_002,2026-01-13 15:29:00,2026-01-14,Hubei,Yichang,normal,delivered
ORD_0001819,CUST_00015,WH_001,2026-01-13 21:45:00,2026-01-14,Guangdong,Guangzhou,normal,pending
ORD_0001820,CUST_00083,WH_003,2026-01-13 13:22:00,2026-01-14,Zhejiang,Ningbo,normal,dispatched
ORD_0001821,CUST_00034,WH_001,2026-01-13 12:07:00,2026-01-14,Jiangsu,Suzhou,normal,delivered
ORD_0001822,CUST_00042,WH_002,2026-01-13 10:55:00,2026-01-14,Jiangsu,Suzhou,normal,dispatched
ORD_0001823,CUST_00038,WH_001,2026-01-13 20:27:00,2026-01-14,Hubei,Yichang,normal,dispatched
ORD_0001824,CUST_00022,WH_002,2026-01-13 11:12:00,2026-01-14,Zhejiang,Wenzhou,high,picking
ORD_0001825,CUST_00075,WH_001,2026-01-13 08:05:00,2026-01-14,Sichuan,Deyang,normal,dispatched
ORD_0001826,CUST_00159,WH_002,2026-01-13 12:12:00,2026-01-14,Guangdong,Shenzhen,normal,delivered
ORD_0001827,CUST_00129,WH_002,2026-01-13 06:16:00,2026-01-14,Hubei,Yichang,high,picked
ORD_0001828,CUST_00032,WH_003,2026-01-13 14:47:00,2026-01-14,Henan,Luoyang,normal,dispatched
ORD_0001829,CUST_00103,WH_003,2026-01-13 10:26:00,2026-01-14,Zhejiang,Hangzhou,high,pending
ORD_0001830,CUST_00087,WH_003,2026-01-13 07:18:00,2026-01-14,Guangdong,Guangzhou,normal,picked
ORD_0001831,CUST_00117,WH_002,2026-01-13 21:46:00,2026-01-14,Zhejiang,Wenzhou,normal,picked
ORD_0001832,CUST_00106,WH_003,2026-01-13 21:54:00,2026-01-14,Hubei,Wuhan,high,picking
ORD_0001833,CUST_00056,WH_003,2026-01-13 15:54:00,2026-01-14,Shandong,Yantai,high,picking
ORD_0001834,CUST_00033,WH_001,2026-01-13 12:25:00,2026-01-14,Jiangsu,Nanjing,normal,picked
ORD_0001835,CUST_00024,WH_002,2026-01-13 13:52:00,2026-01-14,Jiangsu,Wuxi,normal,picked
ORD_0001836,CUST_00117,WH_003,2026-01-13 12:11:00,2026-01-14,Zhejiang,Wenzhou,normal,pending
ORD_0001837,CUST_00083,WH_001,2026-01-13 07:59:00,2026-01-14,Zhejiang,Ningbo,normal,delivered
ORD_0001838,CUST_00147,WH_001,2026-01-13 06:44:00,2026-01-14,Zhejiang,Hangzhou,normal,pending
ORD_0001839,CUST_00187,WH_003,2026-01-13 11:40:00,2026-01-14,Jiangsu,Wuxi,normal,picking
ORD_0001840,CUST_00185,WH_002,2026-01-13 19:26:00,2026-01-14,Guangdong,Dongguan,normal,dispatched
ORD_0001841,CUST_00200,WH_003,2026-01-13 15:44:00,2026-01-14,Zhejiang,Ningbo,normal,dispatched
ORD_0001842,CUST_00126,WH_003,2026-01-13 20:41:00,2026-01-14,Jiangsu,Nanjing,urgent,picking
ORD_0001843,CUST_00065,WH_002,2026-01-13 08:59:00,2026-01-14,Shandong,Jinan,normal,dispatched
ORD_0001844,CUST_00072,WH_002,2026-01-13 19:25:00,2026-01-14,Zhejiang,Wenzhou,normal,picking
ORD_0001845,CUST_00196,WH_002,2026-01-13 18:16:00,2026-01-14,Henan,Zhengzhou,normal,dispatched
ORD_0001846,CUST_00173,WH_001,2026-01-13 20:46:00,2026-01-14,Henan,Kaifeng,normal,picking
ORD_0001847,CUST_00189,WH_002,2026-01-13 18:05:00,2026-01-14,Hubei,Xiangyang,normal,delivered
ORD_0001848,CUST_00082,WH_001,2026-01-13 11:51:00,2026-01-14,Zhejiang,Wenzhou,high,delivered
ORD_0001849,CUST_00067,WH_001,2026-01-13 19:49:00,2026-01-14,Zhejiang,Wenzhou,normal,picked
ORD_0001850,CUST_00157,WH_003,2026-01-13 18:58:00,2026-01-14,Guangdong,Guangzhou,normal,picked
ORD_0001851,CUST_00111,WH_001,2026-01-13 06:25:00,2026-01-14,Guangdong,Guangzhou,urgent,picked
ORD_0001852,CUST_00010,WH_003,2026-01-13 11:03:00,2026-01-14,Sichuan,Mianyang,high,picking
ORD_0001853,CUST_00119,WH_002,2026-01-13 19:51:00,2026-01-14,Zhejiang,Wenzhou,normal,pending
ORD_0001854,CUST_00032,WH_001,2026-01-13 09:39:00,2026-01-14,Henan,Luoyang,normal,picking
ORD_0001855,CUST_00032,WH_001,2026-01-13 16:09:00,2026-01-15,Henan,Luoyang,high,picked
ORD_0001856,CUST_00093,WH_003,2026-01-13 08:29:00,2026-01-14,Guangdong,Guangzhou,normal,dispatched
ORD_0001857,CUST_00023,WH_001,2026-01-13 12:01:00,2026-01-14,Guangdong,Dongguan,high,picked
ORD_0001858,CUST_00083,WH_002,2026-01-13 09:48:00,2026-01-14,Zhejiang,Ningbo,normal,dispatched
ORD_0001859,CUST_00136,WH_002,2026-01-13 09:53:00,2026-01-14,Hubei,Yichang,high,dispatched
ORD_0001860,CUST_00191,WH_002,2026-01-13 16:26:00,2026-01-14,Zhejiang,Ningbo,normal,pending
ORD_0001861,CUST_00024,WH_003,2026-01-13 09:18:00,2026-01-14,Jiangsu,Wuxi,normal,pending
ORD_0001862,CUST_00023,WH_002,2026-01-13 21:50:00,2026-01-15,Guangdong,Dongguan,normal,pending
ORD_0001863,CUST_00026,WH_003,2026-01-13 10:54:00,2026-01-14,Guangdong,Guangzhou,normal,picked
ORD_0001864,CUST_00083,WH_001,2026-01-13 08:56:00,2026-01-15,Zhejiang,Ningbo,normal,pending
ORD_0001865,CUST_00005,WH_003,2026-01-13 06:10:00,2026-01-14,Zhejiang,Hangzhou,high,picking
ORD_0001866,CUST_00018,WH_002,2026-01-13 13:49:00,2026-01-14,Jiangsu,Suzhou,normal,picking
ORD_0001867,CUST_00122,WH_002,2026-01-13 14:28:00,2026-01-14,Jiangsu,Nanjing,normal,dispatched
ORD_0001868,CUST_00171,WH_002,2026-01-13 15:45:00,2026-01-14,Guangdong,Guangzhou,normal,dispatched
ORD_0001869,CUST_00016,WH_002,2026-01-13 17:23:00,2026-01-14,Sichuan,Mianyang,normal,picking
ORD_0001870,CUST_00037,WH_003,2026-01-13 15:10:00,2026-01-14,Jiangsu,Wuxi,high,delivered
ORD_0001871,CUST_00189,WH_002,2026-01-13 08:08:00,2026-01-14,Hubei,Xiangyang,normal,dispatched
ORD_0001872,CUST_00006,WH_002,2026-01-13 17:24:00,2026-01-14,Zhejiang,Ningbo,normal,picked
ORD_0001873,CUST_00019,WH_003,2026-01-13 16:31:00,2026-01-14,Henan,Luoyang,urgent,pending
ORD_0001874,CUST_00106,WH_003,2026-01-13 12:57:00,2026-01-15,Hubei,Wuhan,normal,picking
ORD_0001875,CUST_00180,WH_002,2026-01-13 14:01:00,2026-01-14,Shandong,Yantai,normal,picking
ORD_0001876,CUST_00153,WH_002,2026-01-13 10:47:00,2026-01-14,Zhejiang,Wenzhou,normal,picked
ORD_0001877,CUST_00117,WH_003,2026-01-13 16:19:00,2026-01-14,Zhejiang,Wenzhou,normal,picked
ORD_0001878,CUST_00051,WH_002,2026-01-13 17:44:00,2026-01-14,Hubei,Yichang,normal,picking
ORD_0001879,CUST_00194,WH_001,2026-01-13 21:03:00,2026-01-14,Zhejiang,Wenzhou,normal,delivered
ORD_0001880,CUST_00059,WH_003,2026-01-13 11:42:00,2026-01-14,Hubei,Yichang,normal,picked
ORD_0001881,CUST_00107,WH_003,2026-01-13 16:55:00,2026-01-14,Henan,Luoyang,normal,pending
ORD_0001882,CUST_00032,WH_001,2026-01-13 13:05:00,2026-01-14,Henan,Luoyang,normal,picked
ORD_0001883,CUST_00041,WH_002,2026-01-13 19:55:00,2026-01-14,Jiangsu,Nanjing,normal,picking
ORD_0001884,CUST_00192,WH_003,2026-01-13 14:48:00,2026-01-14,Shandong,Qingdao,high,delivered
ORD_0001885,CUST_00184,WH_001,2026-01-13 13:15:00,2026-01-14,Jiangsu,Nanjing,normal,delivered
ORD_0001886,CUST_00004,WH_002,2026-01-13 13:03:00,2026-01-15,Jiangsu,Nanjing,high,delivered
ORD_0001887,CUST_00064,WH_002,2026-01-13 17:21:00,2026-01-14,Zhejiang,Wenzhou,normal,delivered
ORD_0001888,CUST_00029,WH_001,2026-01-13 19:08:00,2026-01-14,Zhejiang,Ningbo,normal,picked
ORD_0001889,CUST_00076,WH_002,2026-01-13 14:46:00,2026-01-14,Sichuan,Mianyang,urgent,dispatched
ORD_0001890,CUST_00104,WH_002,2026-01-13 16:57:00,2026-01-14,Zhejiang,Ningbo,normal,picked
ORD_0001891,CUST_00081,WH_001,2026-01-13 19:24:00,2026-01-14,Hubei,Xiangyang,normal,picked
ORD_0001892,CUST_00056,WH_002,2026-01-13 11:29:00,2026-01-14,Shandong,Yantai,normal,dispatched
ORD_0001893,CUST_00100,WH_001,2026-01-13 06:59:00,2026-01-14,Zhejiang,Wenzhou,normal,picking
ORD_0001894,CUST_00200,WH_002,2026-01-13 21:27:00,2026-01-14,Zhejiang,Ningbo,normal,dispatched
ORD_0001895,CUST_00083,WH_002,2026-01-13 13:52:00,2026-01-14,Zhejiang,Ningbo,high,picking
ORD_0001896,CUST_00052,WH_003,2026-01-13 18:05:00,2026-01-14,Guangdong,Dongguan,normal,dispatched
ORD_0001897,CUST_00038,WH_003,2026-01-13 18:40:00,2026-01-15,Hubei,Yichang,normal,picking
ORD_0001898,CUST_00095,WH_002,2026-01-13 15:25:00,2026-01-14,Zhejiang,Ningbo,normal,picked
ORD_0001899,CUST_00155,WH_002,2026-01-13 11:28:00,2026-01-14,Sichuan,Chengdu,high,picked
ORD_0001900,CUST_00057,WH_001,2026-01-13 20:58:00,2026-01-15,Guangdong,Dongguan,normal,picking
ORD_0001901,CUST_00022,WH_003,2026-01-13 19:30:00,2026-01-14,Zhejiang,Wenzhou,high,dispatched
ORD_0001902,CUST_00035,WH_001,2026-01-13 07:03:00,2026-01-14,Shandong,Jinan,normal,dispatched
ORD_0001903,CUST_00128,WH_001,2026-01-13 14:01:00,2026-01-14,Zhejiang,Wenzhou,normal,picked
ORD_0001904,CUST_00059,WH_002,2026-01-13 20:30:00,2026-01-15,Hubei,Yichang,normal,picked
ORD_0001905,CUST_00185,WH_002,2026-01-13 14:11:00,2026-01-14,Guangdong,Dongguan,normal,picked
ORD_0001906,CUST_00023,WH_001,2026-01-13 21:36:00,2026-01-15,Guangdong,Dongguan,normal,picked
ORD_0001907,CUST_00003,WH_001,2026-01-13 21:36:00,2026-01-14,Henan,Zhengzhou,normal,picked
ORD_0001908,CUST_00040,WH_002,2026-01-13 16:26:00,2026-01-15,Guangdong,Shenzhen,high,picked
ORD_0001909,CUST_00045,WH_003,2026-01-13 08:45:00,2026-01-14,Sichuan,Chengdu,normal,picking
ORD_0001910,CUST_00093,WH_001,2026-01-13 13:35:00,2026-01-14,Guangdong,Guangzhou,normal,picked
ORD_0001911,CUST_00157,WH_001,2026-01-13 19:57:00,2026-01-14,Guangdong,Guangzhou,normal,dispatched
ORD_0001912,CUST_00054,WH_001,2026-01-13 17:17:00,2026-01-14,Guangdong,Dongguan,normal,delivered
ORD_0001913,CUST_00019,WH_003,2026-01-13 15:18:00,2026-01-15,Henan,Luoyang,normal,picked
ORD_0001914,CUST_00165,WH_001,2026-01-13 10:28:00,2026-01-14,Shandong,Yantai,normal,picking
ORD_0001915,CUST_00099,WH_003,2026-01-13 06:12:00,2026-01-14,Zhejiang,Hangzhou,normal,picking
ORD_0001916,CUST_00044,WH_003,2026-01-13 21:14:00,2026-01-14,Henan,Luoyang,normal,pending
ORD_0001917,CUST_00156,WH_003,2026-01-13 10:21:00,2026-01-14,Zhejiang,Ningbo,normal,dispatched
ORD_0001918,CUST_00102,WH_002,2026-01-13 18:49:00,2026-01-14,Sichuan,Chengdu,normal,picking
ORD_0001919,CUST_00190,WH_003,2026-01-13 19:39:00,2026-01-14,Henan,Luoyang,normal,picked
ORD_0001920,CUST_00136,WH_002,2026-01-13 09:08:00,2026-01-14,Hubei,Yichang,normal,picked
ORD_0001921,CUST_00121,WH_002,2026-01-13 09:12:00,2026-01-14,Sichuan,Deyang,normal,picked
ORD_0001922,CUST_00187,WH_002,2026-01-13 15:55:00,2026-01-14,Jiangsu,Wuxi,normal,picking
ORD_0001923,CUST_00075,WH_001,2026-01-13 06:29:00,2026-01-14,Sichuan,Deyang,normal,picked
ORD_0001924,CUST_00060,WH_003,2026-01-13 16:02:00,2026-01-14,Zhejiang,Ningbo,normal,dispatched
ORD_0001925,CUST_00039,WH_003,2026-01-13 11:42:00,2026-01-14,Shandong,Qingdao,urgent,picking
ORD_0001926,CUST_00059,WH_003,2026-01-13 16:45:00,2026-01-14,Hubei,Yichang,normal,pending
ORD_0001927,CUST_00057,WH_001,2026-01-13 12:48:00,2026-01-14,Guangdong,Dongguan,normal,picked
ORD_0001928,CUST_00126,WH_002,2026-01-13 09:03:00,2026-01-14,Jiangsu,Nanjing,normal,picking
ORD_0001929,CUST_00062,WH_002,2026-01-13 19:37:00,2026-01-14,Zhejiang,Wenzhou,normal,picked
ORD_0001930,CUST_00191,WH_001,2026-01-13 20:46:00,2026-01-14,Zhejiang,Ningbo,normal,dispatched
ORD_0001931,CUST_00120,WH_002,2026-01-13 07:27:00,2026-01-15,Guangdong,Dongguan,normal,pending
ORD_0001932,CUST_00174,WH_001,2026-01-13 10:44:00,2026-01-14,Guangdong,Dongguan,normal,dispatched
ORD_0001933,CUST_00135,WH_002,2026-01-13 08:25:00,2026-01-15,Shandong,Yantai,normal,delivered
ORD_0001934,CUST_00185,WH_001,2026-01-13 16:49:00,2026-01-14,Guangdong,Dongguan,normal,dispatched
ORD_0001935,CUST_00012,WH_001,2026-01-13 19:54:00,2026-01-14,Sichuan,Deyang,normal,pending
ORD_0001936,CUST_00154,WH_002,2026-01-13 10:06:00,2026-01-14,Guangdong,Dongguan,high,picked
ORD_0001937,CUST_00122,WH_003,2026-01-13 20:47:00,2026-01-14,Jiangsu,Nanjing,normal,picked
ORD_0001938,CUST_00119,WH_003,2026-01-13 17:35:00,2026-01-14,Zhejiang,Wenzhou,normal,dispatched
ORD_0001939,CUST_00053,WH_002,2026-01-13 16:01:00,2026-01-14,Guangdong,Dongguan,normal,dispatched
ORD_0001940,CUST_00141,WH_003,2026-01-13 21:39:00,2026-01-14,Henan,Luoyang,normal,picked
ORD_0001941,CUST_00057,WH_001,2026-01-13 12:01:00,2026-01-14,Guangdong,Dongguan,normal,picking
ORD_0001942,CUST_00170,WH_002,2026-01-13 16:02:00,2026-01-14,Henan,Luoyang,normal,picked
ORD_0001943,CUST_00155,WH_002,2026-01-13 21:58:00,2026-01-14,Sichuan,Chengdu,high,picking
ORD_0001944,CUST_00184,WH_001,2026-01-13 07:55:00,2026-01-14,Jiangsu,Nanjing,normal,picked
ORD_0001945,CUST_00091,WH_003,2026-01-13 06:27:00,2026-01-14,Zhejiang,Ningbo,normal,picked
ORD_0001946,CUST_00183,WH_003,2026-01-13 21:37:00,2026-01-14,Jiangsu,Nanjing,normal,picking
ORD_0001947,CUST_00200,WH_002,2026-01-13 16:54:00,2026-01-14,Zhejiang,Ningbo,normal,pending
ORD_0001948,CUST_00140,WH_001,2026-01-13 19:23:00,2026-01-14,Zhejiang,Ningbo,normal,dispatched
ORD_0001949,CUST_00125,WH_002,2026-01-13 11:50:00,2026-01-14,Henan,Kaifeng,high,picking
ORD_0001950,CUST_00121,WH_002,2026-01-13 13:36:00,2026-01-14,Sichuan,Deyang,normal,dispatched
ORD_0001951,CUST_00078,WH_003,2026-01-13 10:36:00,2026-01-15,Henan,Kaifeng,high,picking
ORD_0001952,CUST_00192,WH_003,2026-01-13 14:29:00,2026-01-14,Shandong,Qingdao,normal,picked
ORD_0001953,CUST_00137,WH_001,2026-01-13 14:54:00,2026-01-14,Henan,Kaifeng,normal,delivered
ORD_0001954,CUST_00018,WH_003,2026-01-13 13:06:00,2026-01-15,Jiangsu,Suzhou,normal,delivered
ORD_0001955,CUST_00061,WH_003,2026-01-13 07:07:00,2026-01-14,Shandong,Qingdao,normal,dispatched
ORD_0001956,CUST_00056,WH_003,2026-01-13 17:57:00,2026-01-14,Shandong,Yantai,normal,dispatched
ORD_0001957,CUST_00079,WH_002,2026-01-13 14:19:00,2026-01-14,Henan,Kaifeng,normal,picking
ORD_0001958,CUST_00160,WH_003,2026-01-13 08:42:00,2026-01-14,Shandong,Qingdao,normal,picking
ORD_0001959,CUST_00100,WH_001,2026-01-13 13:30:00,2026-01-14,Zhejiang,Wenzhou,normal,picked
ORD_0001960,CUST_00017,WH_001,2026-01-13 20:52:00,2026-01-14,Shandong,Yantai,normal,delivered
ORD_0001961,CUST_00089,WH_002,2026-01-13 08:36:00,2026-01-14,Guangdong,Shenzhen,normal,picked
ORD_0001962,CUST_00084,WH_002,2026-01-13 11:58:00,2026-01-14,Shandong,Qingdao,normal,picking
ORD_0001963,CUST_00142,WH_002,2026-01-13 21:59:00,2026-01-14,Hubei,Wuhan,normal,delivered
ORD_0001964,CUST_00029,WH_001,2026-01-13 16:46:00,2026-01-14,Zhejiang,Ningbo,normal,picked
ORD_0001965,CUST_00057,WH_002,2026-01-13 06:23:00,2026-01-14,Guangdong,Dongguan,normal,picked
ORD_0001966,CUST_00183,WH_001,2026-01-13 11:02:00,2026-01-14,Jiangsu,Nanjing,normal,dispatched
ORD_0001967,CUST_00123,WH_003,2026-01-13 18:29:00,2026-01-14,Guangdong,Guangzhou,high,dispatched
ORD_0001968,CUST_00151,WH_002,2026-01-13 06:01:00,2026-01-14,Hubei,Yichang,normal,delivered
ORD_0001969,CUST_00186,WH_001,2026-01-13 15:27:00,2026-01-14,Sichuan,Chengdu,normal,picked
ORD_0001970,CUST_00032,WH_002,2026-01-13 17:36:00,2026-01-14,Henan,Luoyang,normal,delivered
ORD_0001971,CUST_00094,WH_001,2026-01-13 16:07:00,2026-01-14,Henan,Zhengzhou,urgent,dispatched
ORD_0001972,CUST_00111,WH_001,2026-01-13 19:34:00,2026-01-14,Guangdong,Guangzhou,normal,picked
ORD_0001973,CUST_00068,WH_002,2026-01-13 12:40:00,2026-01-14,Shandong,Qingdao,normal,picking
ORD_0001974,CUST_00125,WH_003,2026-01-13 09:06:00,2026-01-14,Henan,Kaifeng,normal,dispatched
ORD_0001975,CUST_00053,WH_003,2026-01-13 15:02:00,2026-01-14,Guangdong,Dongguan,normal,picked
ORD_0001976,CUST_00120,WH_003,2026-01-13 18:35:00,2026-01-14,Guangdong,Dongguan,normal,picking
ORD_0001977,CUST_00027,WH_002,2026-01-13 11:06:00,2026-01-14,Jiangsu,Wuxi,normal,picked
ORD_0001978,CUST_00040,WH_001,2026-01-13 13:23:00,2026-01-14,Guangdong,Shenzhen,high,picked
ORD_0001979,CUST_00116,WH_002,2026-01-13 19:02:00,2026-01-14,Henan,Kaifeng,high,dispatched
ORD_0001980,CUST_00149,WH_002,2026-01-13 21:51:00,2026-01-14,Henan,Zhengzhou,high,picking
ORD_0001981,CUST_00198,WH_002,2026-01-13 21:39:00,2026-01-14,Shandong,Yantai,normal,picked
ORD_0001982,CUST_00004,WH_002,2026-01-13 14:29:00,2026-01-14,Jiangsu,Nanjing,normal,dispatched
ORD_0001983,CUST_00138,WH_002,2026-01-13 18:44:00,2026-01-14,Guangdong,Shenzhen,normal,picked
ORD_0001984,CUST_00102,WH_001,2026-01-13 08:47:00,2026-01-14,Sichuan,Chengdu,high,dispatched
ORD_0001985,CUST_00166,WH_002,2026-01-13 19:18:00,2026-01-14,Henan,Luoyang,normal,delivered
ORD_0001986,CUST_00003,WH_003,2026-01-13 09:08:00,2026-01-14,Henan,Zhengzhou,normal,delivered
ORD_0001987,CUST_00131,WH_002,2026-01-13 14:18:00,2026-01-14,Henan,Kaifeng,normal,picking
ORD_0001988,CUST_00179,WH_001,2026-01-13 06:52:00,2026-01-14,Henan,Zhengzhou,normal,delivered
ORD_0001989,CUST_00111,WH_002,2026-01-13 09:34:00,2026-01-14,Guangdong,Guangzhou,normal,picked
ORD_0001990,CUST_00142,WH_003,2026-01-13 09:16:00,2026-01-14,Hubei,Wuhan,normal,dispatched
ORD_0001991,CUST_00092,WH_002,2026-01-13 17:40:00,2026-01-14,Jiangsu,Nanjing,high,dispatched
ORD_0001992,CUST_00056,WH_001,2026-01-13 06:36:00,2026-01-14,Shandong,Yantai,normal,picked
ORD_0001993,CUST_00100,WH_001,2026-01-13 07:23:00,2026-01-14,Zhejiang,Wenzhou,normal,picking
ORD_0001994,CUST_00037,WH_003,2026-01-13 13:47:00,2026-01-14,Jiangsu,Wuxi,normal,picked
ORD_0001995,CUST_00122,WH_001,2026-01-13 19:49:00,2026-01-14,Jiangsu,Nanjing,normal,picking
ORD_0001996,CUST_00061,WH_001,2026-01-13 17:36:00,2026-01-14,Shandong,Qingdao,normal,delivered
ORD_0001997,CUST_00078,WH_001,2026-01-13 14:43:00,2026-01-14,Henan,Kaifeng,urgent,pending
ORD_0001998,CUST_00049,WH_003,2026-01-13 13:31:00,2026-01-15,Shandong,Qingdao,normal,delivered
ORD_0001999,CUST_00103,WH_001,2026-01-13 19:13:00,2026-01-14,Zhejiang,Hangzhou,normal,delivered
ORD_0002000,CUST_00007,WH_003,2026-01-13 12:11:00,2026-01-14,Sichuan,Deyang,urgent,picked
ORD_0002001,CUST_00085,WH_001,2026-01-13 07:53:00,2026-01-14,Shandong,Qingdao,normal,picked
ORD_0002002,CUST_00124,WH_002,2026-01-13 19:45:00,2026-01-14,Guangdong,Dongguan,normal,dispatched
ORD_0002003,CUST_00150,WH_003,2026-01-13 16:08:00,2026-01-15,Guangdong,Guangzhou,normal,pending
ORD_0002004,CUST_00186,WH_002,2026-01-13 10:04:00,2026-01-15,Sichuan,Chengdu,normal,picked
ORD_0002005,CUST_00133,WH_002,2026-01-13 19:48:00,2026-01-14,Zhejiang,Wenzhou,normal,picking
ORD_0002006,CUST_00044,WH_002,2026-01-13 19:27:00,2026-01-14,Henan,Luoyang,normal,picked
ORD_0002007,CUST_00154,WH_003,2026-01-13 20:42:00,2026-01-14,Guangdong,Dongguan,normal,picking
ORD_0002008,CUST_00116,WH_002,2026-01-13 21:42:00,2026-01-15,Henan,Kaifeng,normal,picked
ORD_0002009,CUST_00174,WH_002,2026-01-13 16:43:00,2026-01-14,Guangdong,Dongguan,normal,picked
ORD_0002010,CUST_00039,WH_001,2026-01-13 14:37:00,2026-01-14,Shandong,Qingdao,high,picking
ORD_0002011,CUST_00140,WH_003,2026-01-13 20:10:00,2026-01-14,Zhejiang,Ningbo,normal,picking
ORD_0002012,CUST_00096,WH_003,2026-01-13 08:17:00,2026-01-14,Hubei,Yichang,high,delivered
ORD_0002013,CUST_00036,WH_003,2026-01-13 09:08:00,2026-01-14,Sichuan,Mianyang,normal,picked
ORD_0002014,CUST_00185,WH_001,2026-01-13 13:59:00,2026-01-14,Guangdong,Dongguan,normal,pending
ORD_0002015,CUST_00119,WH_002,2026-01-13 06:12:00,2026-01-14,Zhejiang,Wenzhou,normal,delivered
ORD_0002016,CUST_00191,WH_001,2026-01-13 18:08:00,2026-01-14,Zhejiang,Ningbo,normal,delivered
ORD_0002017,CUST_00001,WH_001,2026-01-13 17:33:00,2026-01-14,Zhejiang,Ningbo,normal,dispatched
ORD_0002018,CUST_00103,WH_003,2026-01-13 17:24:00,2026-01-14,Zhejiang,Hangzhou,high,pending
ORD_0002019,CUST_00195,WH_002,2026-01-13 08:29:00,2026-01-14,Zhejiang,Wenzhou,high,dispatched
ORD_0002020,CUST_00002,WH_001,2026-01-13 07:02:00,2026-01-14,Sichuan,Deyang,normal,picked
ORD_0002021,CUST_00137,WH_003,2026-01-13 20:15:00,2026-01-15,Henan,Kaifeng,normal,picking
ORD_0002022,CUST_00182,WH_002,2026-01-13 12:02:00,2026-01-14,Zhejiang,Hangzhou,high,pending
ORD_0002023,CUST_00032,WH_002,2026-01-13 17:01:00,2026-01-14,Henan,Luoyang,normal,pending
ORD_0002024,CUST_00159,WH_003,2026-01-13 14:49:00,2026-01-14,Guangdong,Shenzhen,normal,delivered
ORD_0002025,CUST_00016,WH_002,2026-01-13 13:52:00,2026-01-14,Sichuan,Mianyang,normal,dispatched
ORD_0002026,CUST_00048,WH_002,2026-01-13 21:02:00,2026-01-15,Shandong,Jinan,normal,dispatched
ORD_0002027,CUST_00147,WH_003,2026-01-13 20:41:00,2026-01-15,Zhejiang,Hangzhou,normal,dispatched
ORD_0002028,CUST_00163,WH_003,2026-01-13 14:32:00,2026-01-14,Jiangsu,Nanjing,normal,picked
ORD_0002029,CUST_00075,WH_003,2026-01-13 08:10:00,2026-01-15,Sichuan,Deyang,normal,dispatched
ORD_0002030,CUST_00018,WH_003,2026-01-13 19:51:00,2026-01-14,Jiangsu,Suzhou,normal,picked
ORD_0002031,CUST_00069,WH_002,2026-01-13 15:39:00,2026-01-14,Sichuan,Chengdu,high,picked
ORD_0002032,CUST_00029,WH_003,2026-01-13 17:12:00,2026-01-14,Zhejiang,Ningbo,normal,picked
ORD_0002033,CUST_00009,WH_002,2026-01-13 17:26:00,2026-01-14,Sichuan,Mianyang,normal,dispatched
ORD_0002034,CUST_00072,WH_001,2026-01-13 08:49:00,2026-01-14,Zhejiang,Wenzhou,normal,dispatched
ORD_0002035,CUST_00053,WH_001,2026-01-13 10:22:00,2026-01-15,Guangdong,Dongguan,normal,picked
ORD_0002036,CUST_00027,WH_001,2026-01-13 07:16:00,2026-01-14,Jiangsu,Wuxi,normal,picked
ORD_0002037,CUST_00086,WH_003,2026-01-13 15:25:00,2026-01-14,Guangdong,Dongguan,normal,picked
ORD_0002038,CUST_00140,WH_003,2026-01-13 09:23:00,2026-01-14,Zhejiang,Ningbo,high,pending
ORD_0002039,CUST_00194,WH_003,2026-01-13 17:47:00,2026-01-14,Zhejiang,Wenzhou,normal,picked
ORD_0002040,CUST_00177,WH_002,2026-01-13 12:07:00,2026-01-14,Zhejiang,Ningbo,normal,pending
ORD_0002041,CUST_00111,WH_003,2026-01-13 17:45:00,2026-01-14,Guangdong,Guangzhou,urgent,dispatched
ORD_0002042,CUST_00091,WH_003,2026-01-13 09:26:00,2026-01-14,Zhejiang,Ningbo,normal,dispatched
ORD_0002043,CUST_00050,WH_002,2026-01-13 19:11:00,2026-01-14,Shandong,Jinan,high,picking
ORD_0002044,CUST_00128,WH_002,2026-01-13 14:39:00,2026-01-14,Zhejiang,Wenzhou,normal,picked
ORD_0002045,CUST_00114,WH_003,2026-01-13 07:23:00,2026-01-14,Zhejiang,Ningbo,normal,picked
ORD_0002046,CUST_00184,WH_003,2026-01-13 14:59:00,2026-01-14,Jiangsu,Nanjing,normal,picked
ORD_0002047,CUST_00019,WH_003,2026-01-13 09:32:00,2026-01-14,Henan,Luoyang,urgent,picked
ORD_0002048,CUST_00128,WH_001,2026-01-13 15:45:00,2026-01-15,Zhejiang,Wenzhou,high,picked
ORD_0002049,CUST_00036,WH_001,2026-01-13 21:03:00,2026-01-14,Sichuan,Mianyang,urgent,picked
ORD_0002050,CUST_00121,WH_001,2026-01-13 19:33:00,2026-01-14,Sichuan,Deyang,normal,picked
ORD_0002051,CUST_00005,WH_003,2026-01-13 16:35:00,2026-01-14,Zhejiang,Hangzhou,normal,dispatched
ORD_0002052,CUST_00190,WH_001,2026-01-13 06:44:00,2026-01-14,Henan,Luoyang,normal,pending
ORD_0002053,CUST_00013,WH_003,2026-01-13 13:25:00,2026-01-15,Hubei,Wuhan,high,picked
ORD_0002054,CUST_00134,WH_001,2026-01-13 12:52:00,2026-01-14,Sichuan,Mianyang,high,picked
ORD_0002055,CUST_00132,WH_001,2026-01-13 20:25:00,2026-01-14,Zhejiang,Ningbo,normal,dispatched
ORD_0002056,CUST_00112,WH_001,2026-01-13 09:32:00,2026-01-14,Guangdong,Guangzhou,normal,picking
ORD_0002057,CUST_00007,WH_003,2026-01-13 20:05:00,2026-01-14,Sichuan,Deyang,normal,dispatched
ORD_0002058,CUST_00079,WH_003,2026-01-13 07:06:00,2026-01-14,Henan,Kaifeng,high,picked
ORD_0002059,CUST_00017,WH_003,2026-01-13 19:44:00,2026-01-14,Shandong,Yantai,normal,delivered
ORD_0002060,CUST_00016,WH_001,2026-01-13 17:08:00,2026-01-14,Sichuan,Mianyang,high,dispatched
ORD_0002061,CUST_00040,WH_003,2026-01-13 17:09:00,2026-01-14,Guangdong,Shenzhen,normal,delivered
ORD_0002062,CUST_00174,WH_001,2026-01-13 17:22:00,2026-01-14,Guangdong,Dongguan,normal,picked
ORD_0002063,CUST_00133,WH_002,2026-01-13 15:32:00,2026-01-14,Zhejiang,Wenzhou,normal,picked
ORD_0002064,CUST_00152,WH_002,2026-01-13 11:35:00,2026-01-14,Shandong,Qingdao,high,pending
ORD_0002065,CUST_00063,WH_003,2026-01-13 07:04:00,2026-01-14,Henan,Luoyang,normal,pending
ORD_0002066,CUST_00172,WH_002,2026-01-13 18:07:00,2026-01-14,Sichuan,Deyang,normal,dispatched
ORD_0002067,CUST_00199,WH_003,2026-01-13 18:19:00,2026-01-14,Guangdong,Dongguan,normal,picked
ORD_0002068,CUST_00063,WH_001,2026-01-13 09:56:00,2026-01-14,Henan,Luoyang,high,picked
ORD_0002069,CUST_00162,WH_002,2026-01-13 20:10:00,2026-01-14,Zhejiang,Ningbo,normal,dispatched
ORD_0002070,CUST_00033,WH_003,2026-01-13 17:27:00,2026-01-14,Jiangsu,Nanjing,normal,pending
ORD_0002071,CUST_00089,WH_003,2026-01-13 15:28:00,2026-01-14,Guangdong,Shenzhen,urgent,picking
ORD_0002072,CUST_00193,WH_002,2026-01-13 06:45:00,2026-01-14,Zhejiang,Hangzhou,normal,pending
ORD_0002073,CUST_00135,WH_003,2026-01-13 14:39:00,2026-01-14,Shandong,Yantai,normal,picking
ORD_0002074,CUST_00096,WH_001,2026-01-13 21:08:00,2026-01-14,Hubei,Yichang,high,picked
ORD_0002075,CUST_00077,WH_001,2026-01-13 21:39:00,2026-01-15,Zhejiang,Ningbo,normal,picking
ORD_0002076,CUST_00002,WH_003,2026-01-13 06:59:00,2026-01-14,Sichuan,Deyang,normal,picked
ORD_0002077,CUST_00021,WH_001,2026-01-13 16:39:00,2026-01-14,Guangdong,Shenzhen,normal,pending
ORD_0002078,CUST_00127,WH_003,2026-01-13 19:16:00,2026-01-15,Henan,Luoyang,high,picked
ORD_0002079,CUST_00015,WH_003,2026-01-13 18:22:00,2026-01-15,Guangdong,Guangzhou,normal,dispatched
ORD_0002080,CUST_00030,WH_001,2026-01-13 10:36:00,2026-01-14,Hubei,Xiangyang,normal,picking
ORD_0002081,CUST_00189,WH_002,2026-01-13 18:43:00,2026-01-15,Hubei,Xiangyang,normal,picking
ORD_0002082,CUST_00037,WH_001,2026-01-13 12:26:00,2026-01-14,Jiangsu,Wuxi,high,dispatched
ORD_0002083,CUST_00155,WH_002,2026-01-13 13:48:00,2026-01-14,Sichuan,Chengdu,normal,picked
ORD_0002084,CUST_00014,WH_003,2026-01-13 08:30:00,2026-01-14,Shandong,Yantai,normal,dispatched
ORD_0002085,CUST_00104,WH_001,2026-01-13 08:18:00,2026-01-14,Zhejiang,Ningbo,normal,dispatched
ORD_0002086,CUST_00121,WH_002,2026-01-13 07:10:00,2026-01-15,Sichuan,Deyang,normal,picking
ORD_0002087,CUST_00198,WH_001,2026-01-13 08:36:00,2026-01-14,Shandong,Yantai,normal,pending
ORD_0002088,CUST_00072,WH_001,2026-01-13 12:08:00,2026-01-14,Zhejiang,Wenzhou,normal,picked
ORD_0002089,CUST_00189,WH_003,2026-01-13 15:22:00,2026-01-14,Hubei,Xiangyang,normal,dispatched
ORD_0002090,CUST_00134,WH_003,2026-01-13 10:17:00,2026-01-14,Sichuan,Mianyang,normal,dispatched
ORD_0002091,CUST_00074,WH_003,2026-01-13 07:08:00,2026-01-14,Sichuan,Mianyang,normal,picking
ORD_0002092,CUST_00096,WH_003,2026-01-13 06:06:00,2026-01-14,Hubei,Yichang,high,dispatched
ORD_0002093,CUST_00073,WH_002,2026-01-13 13:58:00,2026-01-15,Jiangsu,Wuxi,normal,dispatched
ORD_0002094,CUST_00038,WH_003,2026-01-13 06:40:00,2026-01-14,Hubei,Yichang,normal,delivered
ORD_0002095,CUST_00016,WH_001,2026-01-13 10:59:00,2026-01-14,Sichuan,Mianyang,normal,picked
ORD_0002096,CUST_00149,WH_002,2026-01-13 15:42:00,2026-01-15,Henan,Zhengzhou,normal,picked
ORD_0002097,CUST_00121,WH_003,2026-01-13 12:11:00,2026-01-15,Sichuan,Deyang,normal,dispatched
ORD_0002098,CUST_00026,WH_002,2026-01-13 18:51:00,2026-01-14,Guangdong,Guangzhou,normal,picked
ORD_0002099,CUST_00167,WH_001,2026-01-13 18:12:00,2026-01-14,Zhejiang,Ningbo,normal,pending
ORD_0002100,CUST_00036,WH_002,2026-01-13 13:58:00,2026-01-14,Sichuan,Mianyang,normal,picking
ORD_0002101,CUST_00078,WH_002,2026-01-13 19:14:00,2026-01-14,Henan,Kaifeng,high,dispatched
ORD_0002102,CUST_00126,WH_002,2026-01-13 13:40:00,2026-01-15,Jiangsu,Nanjing,normal,pending
ORD_0002103,CUST_00148,WH_002,2026-01-13 12:08:00,2026-01-15,Jiangsu,Suzhou,normal,dispatched
ORD_0002104,CUST_00084,WH_002,2026-01-13 16:25:00,2026-01-14,Shandong,Qingdao,normal,picked
ORD_0002105,CUST_00002,WH_002,2026-01-13 19:43:00,2026-01-14,Sichuan,Deyang,normal,pending
ORD_0002106,CUST_00104,WH_003,2026-01-13 10:56:00,2026-01-14,Zhejiang,Ningbo,normal,picking
ORD_0002107,CUST_00025,WH_001,2026-01-13 19:28:00,2026-01-14,Hubei,Yichang,high,picked
ORD_0002108,CUST_00121,WH_002,2026-01-13 17:10:00,2026-01-15,Sichuan,Deyang,normal,pending
ORD_0002109,CUST_00072,WH_003,2026-01-13 15:18:00,2026-01-14,Zhejiang,Wenzhou,normal,delivered
ORD_0002110,CUST_00104,WH_001,2026-01-13 14:56:00,2026-01-15,Zhejiang,Ningbo,normal,picking
ORD_0002111,CUST_00060,WH_003,2026-01-13 09:49:00,2026-01-14,Zhejiang,Ningbo,normal,delivered
ORD_0002112,CUST_00006,WH_001,2026-01-13 15:20:00,2026-01-14,Zhejiang,Ningbo,high,picked
ORD_0002113,CUST_00153,WH_002,2026-01-13 17:02:00,2026-01-14,Zhejiang,Wenzhou,high,picked
ORD_0002114,CUST_00160,WH_002,2026-01-13 18:12:00,2026-01-14,Shandong,Qingdao,normal,picked
ORD_0002115,CUST_00105,WH_003,2026-01-13 06:45:00,2026-01-14,Sichuan,Chengdu,normal,picking
ORD_0002116,CUST_00174,WH_003,2026-01-13 10:18:00,2026-01-14,Guangdong,Dongguan,normal,picked
ORD_0002117,CUST_00001,WH_001,2026-01-13 07:23:00,2026-01-15,Zhejiang,Ningbo,normal,picking
ORD_0002118,CUST_00013,WH_002,2026-01-13 06:22:00,2026-01-14,Hubei,Wuhan,normal,delivered
ORD_0002119,CUST_00190,WH_003,2026-01-13 06:08:00,2026-01-14,Henan,Luoyang,normal,picked
ORD_0002120,CUST_00029,WH_002,2026-01-13 14:03:00,2026-01-15,Zhejiang,Ningbo,normal,dispatched
ORD_0002121,CUST_00140,WH_002,2026-01-13 19:15:00,2026-01-15,Zhejiang,Ningbo,normal,dispatched
ORD_0002122,CUST_00063,WH_002,2026-01-13 06:12:00,2026-01-14,Henan,Luoyang,normal,picked
ORD_0002123,CUST_00088,WH_002,2026-01-13 17:32:00,2026-01-14,Shandong,Yantai,normal,picked
ORD_0002124,CUST_00122,WH_001,2026-01-13 19:49:00,2026-01-14,Jiangsu,Nanjing,normal,picked
ORD_0002125,CUST_00153,WH_003,2026-01-13 17:10:00,2026-01-14,Zhejiang,Wenzhou,normal,delivered
ORD_0002126,CUST_00127,WH_003,2026-01-13 08:30:00,2026-01-14,Henan,Luoyang,normal,dispatched
ORD_0002127,CUST_00070,WH_001,2026-01-13 20:27:00,2026-01-14,Zhejiang,Wenzhou,normal,dispatched
ORD_0002128,CUST_00042,WH_002,2026-01-13 17:54:00,2026-01-14,Jiangsu,Suzhou,normal,delivered
ORD_0002129,CUST_00037,WH_002,2026-01-13 19:49:00,2026-01-15,Jiangsu,Wuxi,normal,delivered
ORD_0002130,CUST_00086,WH_002,2026-01-13 21:02:00,2026-01-14,Guangdong,Dongguan,normal,pending
ORD_0002131,CUST_00051,WH_001,2026-01-13 12:25:00,2026-01-14,Hubei,Yichang,normal,picking
ORD_0002132,CUST_00020,WH_002,2026-01-13 08:01:00,2026-01-15,Jiangsu,Nanjing,normal,dispatched
ORD_0002133,CUST_00070,WH_003,2026-01-13 19:17:00,2026-01-14,Zhejiang,Wenzhou,urgent,dispatched
ORD_0002134,CUST_00052,WH_002,2026-01-13 19:05:00,2026-01-14,Guangdong,Dongguan,normal,delivered
ORD_0002135,CUST_00094,WH_003,2026-01-13 19:32:00,2026-01-14,Henan,Zhengzhou,normal,picked
ORD_0002136,CUST_00002,WH_001,2026-01-13 13:44:00,2026-01-14,Sichuan,Deyang,normal,delivered
ORD_0002137,CUST_00096,WH_001,2026-01-13 20:44:00,2026-01-14,Hubei,Yichang,urgent,pending
ORD_0002138,CUST_00113,WH_001,2026-01-13 15:11:00,2026-01-14,Shandong,Qingdao,normal,picking
ORD_0002139,CUST_00078,WH_002,2026-01-13 16:40:00,2026-01-14,Henan,Kaifeng,high,dispatched
ORD_0002140,CUST_00048,WH_001,2026-01-13 21:31:00,2026-01-14,Shandong,Jinan,high,picking
ORD_0002141,CUST_00163,WH_003,2026-01-13 12:35:00,2026-01-14,Jiangsu,Nanjing,normal,picked
ORD_0002142,CUST_00191,WH_003,2026-01-13 18:04:00,2026-01-14,Zhejiang,Ningbo,normal,picked
ORD_0002143,CUST_00196,WH_002,2026-01-13 20:14:00,2026-01-14,Henan,Zhengzhou,normal,picking
ORD_0002144,CUST_00193,WH_002,2026-01-13 21:20:00,2026-01-14,Zhejiang,Hangzhou,normal,dispatched
ORD_0002145,CUST_00122,WH_002,2026-01-13 17:23:00,2026-01-14,Jiangsu,Nanjing,high,delivered
ORD_0002146,CUST_00104,WH_002,2026-01-13 18:37:00,2026-01-14,Zhejiang,Ningbo,normal,picked
ORD_0002147,CUST_00104,WH_002,2026-01-13 16:02:00,2026-01-14,Zhejiang,Ningbo,normal,picked
ORD_0002148,CUST_00168,WH_003,2026-01-13 06:59:00,2026-01-14,Hubei,Wuhan,normal,picking
ORD_0002149,CUST_00122,WH_001,2026-01-13 16:05:00,2026-01-14,Jiangsu,Nanjing,normal,picking
ORD_0002150,CUST_00160,WH_003,2026-01-13 08:07:00,2026-01-14,Shandong,Qingdao,normal,picked
ORD_0002151,CUST_00001,WH_001,2026-01-13 12:16:00,2026-01-14,Zhejiang,Ningbo,normal,picking
ORD_0002152,CUST_00069,WH_001,2026-01-13 06:03:00,2026-01-14,Sichuan,Chengdu,urgent,picking
ORD_0002153,CUST_00155,WH_002,2026-01-13 16:59:00,2026-01-14,Sichuan,Chengdu,normal,pending
ORD_0002154,CUST_00170,WH_003,2026-01-13 16:40:00,2026-01-14,Henan,Luoyang,normal,dispatched
ORD_0002155,CUST_00045,WH_002,2026-01-13 21:30:00,2026-01-14,Sichuan,Chengdu,normal,delivered
ORD_0002156,CUST_00122,WH_002,2026-01-13 11:29:00,2026-01-14,Jiangsu,Nanjing,normal,dispatched
ORD_0002157,CUST_00151,WH_003,2026-01-13 15:23:00,2026-01-14,Hubei,Yichang,normal,dispatched
ORD_0002158,CUST_00164,WH_001,2026-01-13 19:29:00,2026-01-14,Zhejiang,Wenzhou,high,delivered
ORD_0002159,CUST_00167,WH_001,2026-01-13 10:19:00,2026-01-14,Zhejiang,Ningbo,urgent,picking
ORD_0002160,CUST_00159,WH_002,2026-01-13 19:17:00,2026-01-14,Guangdong,Shenzhen,normal,picked
ORD_0002161,CUST_00162,WH_001,2026-01-13 11:04:00,2026-01-14,Zhejiang,Ningbo,normal,picked
ORD_0002162,CUST_00006,WH_003,2026-01-13 19:19:00,2026-01-14,Zhejiang,Ningbo,normal,picking
ORD_0002163,CUST_00037,WH_003,2026-01-13 06:32:00,2026-01-14,Jiangsu,Wuxi,high,dispatched
ORD_0002164,CUST_00005,WH_002,2026-01-13 09:54:00,2026-01-14,Zhejiang,Hangzhou,normal,dispatched
ORD_0002165,CUST_00132,WH_001,2026-01-13 12:53:00,2026-01-14,Zhejiang,Ningbo,normal,picked
ORD_0002166,CUST_00008,WH_002,2026-01-13 17:13:00,2026-01-14,Hubei,Wuhan,normal,picked
ORD_0002167,CUST_00012,WH_003,2026-01-13 17:41:00,2026-01-14,Sichuan,Deyang,normal,picked
ORD_0002168,CUST_00120,WH_003,2026-01-13 13:54:00,2026-01-14,Guangdong,Dongguan,normal,picking
ORD_0002169,CUST_00118,WH_003,2026-01-13 14:13:00,2026-01-14,Sichuan,Mianyang,normal,picking
ORD_0002170,CUST_00091,WH_002,2026-01-13 19:28:00,2026-01-14,Zhejiang,Ningbo,normal,picked
ORD_0002171,CUST_00021,WH_003,2026-01-13 07:49:00,2026-01-14,Guangdong,Shenzhen,high,delivered
ORD_0002172,CUST_00167,WH_003,2026-01-13 07:52:00,2026-01-14,Zhejiang,Ningbo,normal,delivered
ORD_0002173,CUST_00112,WH_003,2026-01-13 12:19:00,2026-01-14,Guangdong,Guangzhou,normal,pending
ORD_0002174,CUST_00002,WH_003,2026-01-13 08:53:00,2026-01-14,Sichuan,Deyang,normal,picked
ORD_0002175,CUST_00150,WH_003,2026-01-13 19:23:00,2026-01-14,Guangdong,Guangzhou,urgent,picked
ORD_0002176,CUST_00173,WH_001,2026-01-13 12:09:00,2026-01-14,Henan,Kaifeng,normal,dispatched
ORD_0002177,CUST_00072,WH_003,2026-01-13 16:47:00,2026-01-15,Zhejiang,Wenzhou,urgent,picked
ORD_0002178,CUST_00099,WH_002,2026-01-13 06:25:00,2026-01-14,Zhejiang,Hangzhou,normal,picked
ORD_0002179,CUST_00126,WH_002,2026-01-13 06:24:00,2026-01-14,Jiangsu,Nanjing,normal,picked
ORD_0002180,CUST_00194,WH_002,2026-01-13 19:35:00,2026-01-14,Zhejiang,Wenzhou,normal,picked
ORD_0002181,CUST_00077,WH_003,2026-01-13 08:56:00,2026-01-14,Zhejiang,Ningbo,high,dispatched
ORD_0002182,CUST_00185,WH_001,2026-01-13 16:46:00,2026-01-14,Guangdong,Dongguan,high,picking
ORD_0002183,CUST_00142,WH_002,2026-01-13 21:22:00,2026-01-14,Hubei,Wuhan,normal,dispatched
ORD_0002184,CUST_00043,WH_002,2026-01-13 20:47:00,2026-01-14,Zhejiang,Hangzhou,normal,picked
ORD_0002185,CUST_00031,WH_003,2026-01-13 07:13:00,2026-01-15,Guangdong,Dongguan,high,delivered
ORD_0002186,CUST_00052,WH_003,2026-01-13 06:55:00,2026-01-14,Guangdong,Dongguan,normal,picking
ORD_0002187,CUST_00055,WH_003,2026-01-13 16:32:00,2026-01-14,Henan,Zhengzhou,normal,picked
ORD_0002188,CUST_00032,WH_001,2026-01-13 19:09:00,2026-01-14,Henan,Luoyang,normal,pending
ORD_0002189,CUST_00142,WH_001,2026-01-13 06:20:00,2026-01-14,Hubei,Wuhan,urgent,picking
ORD_0002190,CUST_00169,WH_002,2026-01-13 07:27:00,2026-01-14,Shandong,Jinan,high,dispatched
ORD_0002191,CUST_00132,WH_003,2026-01-13 14:16:00,2026-01-15,Zhejiang,Ningbo,normal,picking
ORD_0002192,CUST_00022,WH_001,2026-01-13 08:25:00,2026-01-14,Zhejiang,Wenzhou,normal,picking
ORD_0002193,CUST_00024,WH_001,2026-01-13 11:28:00,2026-01-14,Jiangsu,Wuxi,normal,dispatched
ORD_0002194,CUST_00010,WH_001,2026-01-13 12:32:00,2026-01-14,Sichuan,Mianyang,high,picked
ORD_0002195,CUST_00169,WH_002,2026-01-13 09:55:00,2026-01-14,Shandong,Jinan,normal,dispatched
ORD_0002196,CUST_00064,WH_002,2026-01-13 17:40:00,2026-01-14,Zhejiang,Wenzhou,urgent,picking
ORD_0002197,CUST_00049,WH_002,2026-01-13 12:44:00,2026-01-14,Shandong,Qingdao,normal,delivered
ORD_0002198,CUST_00030,WH_003,2026-01-13 13:52:00,2026-01-14,Hubei,Xiangyang,normal,picked
ORD_0002199,CUST_00074,WH_003,2026-01-13 06:41:00,2026-01-14,Sichuan,Mianyang,normal,picked
ORD_0002200,CUST_00112,WH_001,2026-01-13 19:06:00,2026-01-14,Guangdong,Guangzhou,normal,picked
ORD_0002201,CUST_00193,WH_002,2026-01-13 13:21:00,2026-01-14,Zhejiang,Hangzhou,normal,dispatched
ORD_0002202,CUST_00121,WH_002,2026-01-13 21:31:00,2026-01-14,Sichuan,Deyang,normal,dispatched
ORD_0002203,CUST_00148,WH_001,2026-01-13 06:41:00,2026-01-14,Jiangsu,Suzhou,normal,picked
ORD_0002204,CUST_00175,WH_002,2026-01-13 12:27:00,2026-01-14,Sichuan,Deyang,normal,dispatched
ORD_0002205,CUST_00044,WH_003,2026-01-13 19:43:00,2026-01-14,Henan,Luoyang,urgent,picking
ORD_0002206,CUST_00177,WH_003,2026-01-13 14:45:00,2026-01-15,Zhejiang,Ningbo,normal,picking
ORD_0002207,CUST_00056,WH_003,2026-01-13 14:52:00,2026-01-14,Shandong,Yantai,high,dispatched
ORD_0002208,CUST_00156,WH_003,2026-01-13 08:12:00,2026-01-14,Zhejiang,Ningbo,normal,dispatched
ORD_0002209,CUST_00127,WH_001,2026-01-13 15:27:00,2026-01-14,Henan,Luoyang,normal,pending
ORD_0002210,CUST_00022,WH_001,2026-01-13 18:01:00,2026-01-15,Zhejiang,Wenzhou,urgent,picked
ORD_0002211,CUST_00145,WH_002,2026-01-13 08:36:00,2026-01-14,Sichuan,Chengdu,normal,picked
ORD_0002212,CUST_00078,WH_002,2026-01-13 10:47:00,2026-01-14,Henan,Kaifeng,normal,pending
ORD_0002213,CUST_00055,WH_002,2026-01-13 06:12:00,2026-01-14,Henan,Zhengzhou,normal,picked
ORD_0002214,CUST_00073,WH_001,2026-01-13 19:27:00,2026-01-14,Jiangsu,Wuxi,normal,picked
ORD_0002215,CUST_00189,WH_002,2026-01-13 19:45:00,2026-01-14,Hubei,Xiangyang,normal,picked
ORD_0002216,CUST_00120,WH_003,2026-01-13 19:44:00,2026-01-14,Guangdong,Dongguan,normal,picked
ORD_0002217,CUST_00200,WH_003,2026-01-13 21:11:00,2026-01-14,Zhejiang,Ningbo,normal,picking
ORD_0002218,CUST_00054,WH_001,2026-01-13 18:14:00,2026-01-14,Guangdong,Dongguan,normal,delivered
ORD_0002219,CUST_00186,WH_003,2026-01-13 12:47:00,2026-01-14,Sichuan,Chengdu,normal,picking
ORD_0002220,CUST_00133,WH_002,2026-01-13 07:25:00,2026-01-14,Zhejiang,Wenzhou,normal,picked
ORD_0002221,CUST_00160,WH_002,2026-01-13 21:01:00,2026-01-15,Shandong,Qingdao,normal,delivered
ORD_0002222,CUST_00090,WH_002,2026-01-13 18:29:00,2026-01-14,Hubei,Yichang,high,picked
ORD_0002223,CUST_00119,WH_002,2026-01-13 06:11:00,2026-01-14,Zhejiang,Wenzhou,normal,dispatched
ORD_0002224,CUST_00045,WH_002,2026-01-13 06:36:00,2026-01-14,Sichuan,Chengdu,normal,delivered
ORD_0002225,CUST_00093,WH_003,2026-01-13 18:06:00,2026-01-15,Guangdong,Guangzhou,normal,delivered
ORD_0002226,CUST_00114,WH_001,2026-01-13 06:15:00,2026-01-14,Zhejiang,Ningbo,normal,picking
ORD_0002227,CUST_00052,WH_002,2026-01-13 21:29:00,2026-01-14,Guangdong,Dongguan,normal,delivered
ORD_0002228,CUST_00174,WH_002,2026-01-13 18:00:00,2026-01-14,Guangdong,Dongguan,normal,picked
ORD_0002229,CUST_00156,WH_003,2026-01-13 09:45:00,2026-01-14,Zhejiang,Ningbo,high,picked
ORD_0002230,CUST_00152,WH_001,2026-01-13 06:34:00,2026-01-14,Shandong,Qingdao,normal,picking
ORD_0002231,CUST_00085,WH_002,2026-01-13 07:05:00,2026-01-15,Shandong,Qingdao,normal,delivered
ORD_0002232,CUST_00036,WH_003,2026-01-13 09:32:00,2026-01-14,Sichuan,Mianyang,normal,picked
ORD_0002233,CUST_00068,WH_002,2026-01-13 12:28:00,2026-01-14,Shandong,Qingdao,normal,delivered
ORD_0002234,CUST_00004,WH_003,2026-01-13 12:45:00,2026-01-15,Jiangsu,Nanjing,normal,dispatched
ORD_0002235,CUST_00102,WH_003,2026-01-13 21:43:00,2026-01-14,Sichuan,Chengdu,high,dispatched
ORD_0002236,CUST_00197,WH_001,2026-01-13 20:36:00,2026-01-14,Jiangsu,Nanjing,normal,delivered
ORD_0002237,CUST_00066,WH_002,2026-01-13 14:04:00,2026-01-14,Zhejiang,Hangzhou,normal,delivered
ORD_0002238,CUST_00188,WH_001,2026-01-13 11:28:00,2026-01-14,Shandong,Qingdao,normal,delivered
ORD_0002239,CUST_00088,WH_001,2026-01-13 15:17:00,2026-01-14,Shandong,Yantai,normal,delivered
ORD_0002240,CUST_00048,WH_003,2026-01-13 07:34:00,2026-01-14,Shandong,Jinan,urgent,picked
ORD_0002241,CUST_00183,WH_003,2026-01-13 10:50:00,2026-01-14,Jiangsu,Nanjing,normal,picked
ORD_0002242,CUST_00045,WH_001,2026-01-13 15:20:00,2026-01-14,Sichuan,Chengdu,normal,picked
ORD_0002243,CUST_00160,WH_001,2026-01-13 08:20:00,2026-01-14,Shandong,Qingdao,normal,dispatched
ORD_0002244,CUST_00092,WH_002,2026-01-13 08:58:00,2026-01-15,Jiangsu,Nanjing,high,picked
ORD_0002245,CUST_00023,WH_001,2026-01-13 18:17:00,2026-01-14,Guangdong,Dongguan,normal,picked
ORD_0002246,CUST_00108,WH_002,2026-01-13 18:30:00,2026-01-14,Jiangsu,Nanjing,normal,picking
ORD_0002247,CUST_00144,WH_001,2026-01-13 14:45:00,2026-01-14,Shandong,Qingdao,normal,dispatched
ORD_0002248,CUST_00052,WH_003,2026-01-13 08:55:00,2026-01-14,Guangdong,Dongguan,normal,dispatched
ORD_0002249,CUST_00042,WH_003,2026-01-13 08:46:00,2026-01-14,Jiangsu,Suzhou,normal,delivered
ORD_0002250,CUST_00027,WH_002,2026-01-13 20:09:00,2026-01-14,Jiangsu,Wuxi,urgent,dispatched
ORD_0002251,CUST_00140,WH_001,2026-01-13 11:35:00,2026-01-14,Zhejiang,Ningbo,high,delivered
ORD_0002252,CUST_00133,WH_001,2026-01-13 21:34:00,2026-01-15,Zhejiang,Wenzhou,normal,dispatched
ORD_0002253,CUST_00021,WH_003,2026-01-13 10:42:00,2026-01-14,Guangdong,Shenzhen,high,delivered
ORD_0002254,CUST_00038,WH_002,2026-01-13 12:28:00,2026-01-14,Hubei,Yichang,normal,pending
ORD_0002255,CUST_00077,WH_001,2026-01-13 16:37:00,2026-01-14,Zhejiang,Ningbo,normal,picked
ORD_0002256,CUST_00117,WH_003,2026-01-13 06:48:00,2026-01-15,Zhejiang,Wenzhou,normal,pending
ORD_0002257,CUST_00160,WH_002,2026-01-13 19:29:00,2026-01-14,Shandong,Qingdao,normal,pending
ORD_0002258,CUST_00048,WH_003,2026-01-13 16:43:00,2026-01-14,Shandong,Jinan,normal,dispatched
ORD_0002259,CUST_00030,WH_003,2026-01-13 14:56:00,2026-01-14,Hubei,Xiangyang,normal,picking
ORD_0002260,CUST_00123,WH_003,2026-01-13 15:06:00,2026-01-14,Guangdong,Guangzhou,high,picked
ORD_0002261,CUST_00042,WH_003,2026-01-13 11:19:00,2026-01-14,Jiangsu,Suzhou,normal,picked
ORD_0002262,CUST_00056,WH_001,2026-01-13 15:55:00,2026-01-14,Shandong,Yantai,normal,picking
ORD_0002263,CUST_00085,WH_001,2026-01-13 13:06:00,2026-01-14,Shandong,Qingdao,normal,picked
ORD_0002264,CUST_00108,WH_002,2026-01-13 06:47:00,2026-01-14,Jiangsu,Nanjing,normal,delivered
ORD_0002265,CUST_00137,WH_002,2026-01-13 18:49:00,2026-01-14,Henan,Kaifeng,normal,pending
ORD_0002266,CUST_00078,WH_001,2026-01-13 14:35:00,2026-01-14,Henan,Kaifeng,high,dispatched
ORD_0002267,CUST_00067,WH_003,2026-01-13 10:28:00,2026-01-14,Zhejiang,Wenzhou,normal,picked
ORD_0002268,CUST_00086,WH_002,2026-01-13 10:33:00,2026-01-14,Guangdong,Dongguan,normal,picked
ORD_0002269,CUST_00074,WH_002,2026-01-13 17:05:00,2026-01-14,Sichuan,Mianyang,normal,pending
ORD_0002270,CUST_00100,WH_003,2026-01-13 19:58:00,2026-01-14,Zhejiang,Wenzhou,normal,picked
ORD_0002271,CUST_00148,WH_003,2026-01-13 07:53:00,2026-01-14,Jiangsu,Suzhou,normal,dispatched
ORD_0002272,CUST_00050,WH_002,2026-01-13 09:39:00,2026-01-14,Shandong,Jinan,urgent,picking
ORD_0002273,CUST_00003,WH_003,2026-01-13 15:03:00,2026-01-14,Henan,Zhengzhou,normal,picking
ORD_0002274,CUST_00168,WH_001,2026-01-13 16:11:00,2026-01-15,Hubei,Wuhan,normal,pending
ORD_0002275,CUST_00097,WH_001,2026-01-13 07:05:00,2026-01-14,Hubei,Yichang,normal,dispatched
ORD_0002276,CUST_00113,WH_001,2026-01-13 10:20:00,2026-01-14,Shandong,Qingdao,normal,picked
ORD_0002277,CUST_00056,WH_003,2026-01-13 11:29:00,2026-01-14,Shandong,Yantai,normal,dispatched
ORD_0002278,CUST_00024,WH_003,2026-01-13 11:25:00,2026-01-14,Jiangsu,Wuxi,normal,delivered
ORD_0002279,CUST_00165,WH_001,2026-01-13 13:00:00,2026-01-14,Shandong,Yantai,normal,picking
ORD_0002280,CUST_00140,WH_002,2026-01-13 06:46:00,2026-01-14,Zhejiang,Ningbo,normal,picked
ORD_0002281,CUST_00111,WH_003,2026-01-13 21:06:00,2026-01-14,Guangdong,Guangzhou,normal,picking
ORD_0002282,CUST_00184,WH_003,2026-01-13 18:24:00,2026-01-14,Jiangsu,Nanjing,high,picking
ORD_0002283,CUST_00119,WH_003,2026-01-13 09:37:00,2026-01-14,Zhejiang,Wenzhou,normal,picked
ORD_0002284,CUST_00163,WH_002,2026-01-13 09:09:00,2026-01-14,Jiangsu,Nanjing,normal,picking
ORD_0002285,CUST_00142,WH_003,2026-01-13 13:48:00,2026-01-14,Hubei,Wuhan,normal,picking
ORD_0002286,CUST_00090,WH_003,2026-01-13 07:47:00,2026-01-14,Hubei,Yichang,high,dispatched
ORD_0002287,CUST_00164,WH_001,2026-01-13 08:06:00,2026-01-14,Zhejiang,Wenzhou,normal,dispatched
ORD_0002288,CUST_00027,WH_003,2026-01-13 11:46:00,2026-01-14,Jiangsu,Wuxi,high,delivered
ORD_0002289,CUST_00112,WH_001,2026-01-13 09:25:00,2026-01-14,Guangdong,Guangzhou,normal,picked
ORD_0002290,CUST_00094,WH_003,2026-01-13 09:12:00,2026-01-14,Henan,Zhengzhou,normal,dispatched
ORD_0002291,CUST_00004,WH_003,2026-01-13 07:17:00,2026-01-14,Jiangsu,Nanjing,high,picked
ORD_0002292,CUST_00199,WH_001,2026-01-13 20:49:00,2026-01-15,Guangdong,Dongguan,normal,delivered
ORD_0002293,CUST_00084,WH_003,2026-01-13 13:18:00,2026-01-14,Shandong,Qingdao,normal,dispatched
ORD_0002294,CUST_00061,WH_001,2026-01-13 13:12:00,2026-01-14,Shandong,Qingdao,normal,picking
ORD_0002295,CUST_00150,WH_001,2026-01-13 19:48:00,2026-01-14,Guangdong,Guangzhou,normal,dispatched
ORD_0002296,CUST_00114,WH_003,2026-01-13 17:57:00,2026-01-14,Zhejiang,Ningbo,normal,dispatched
ORD_0002297,CUST_00129,WH_003,2026-01-13 06:18:00,2026-01-14,Hubei,Yichang,high,picked
ORD_0002298,CUST_00067,WH_002,2026-01-13 20:10:00,2026-01-14,Zhejiang,Wenzhou,high,pending
ORD_0002299,CUST_00001,WH_002,2026-01-13 18:36:00,2026-01-14,Zhejiang,Ningbo,normal,dispatched
ORD_0002300,CUST_00192,WH_003,2026-01-13 08:20:00,2026-01-14,Shandong,Qingdao,normal,dispatched
ORD_0002301,CUST_00091,WH_003,2026-01-13 08:14:00,2026-01-14,Zhejiang,Ningbo,high,picked
ORD_0002302,CUST_00190,WH_002,2026-01-13 18:16:00,2026-01-14,Henan,Luoyang,normal,picked
ORD_0002303,CUST_00077,WH_001,2026-01-13 13:03:00,2026-01-14,Zhejiang,Ningbo,normal,picked
ORD_0002304,CUST_00154,WH_002,2026-01-13 12:37:00,2026-01-14,Guangdong,Dongguan,normal,picked
ORD_0002305,CUST_00078,WH_002,2026-01-13 21:24:00,2026-01-14,Henan,Kaifeng,normal,picking
ORD_0002306,CUST_00180,WH_002,2026-01-13 11:38:00,2026-01-14,Shandong,Yantai,normal,picking
ORD_0002307,CUST_00129,WH_002,2026-01-13 21:02:00,2026-01-14,Hubei,Yichang,normal,dispatched
ORD_0002308,CUST_00099,WH_003,2026-01-13 10:49:00,2026-01-14,Zhejiang,Hangzhou,normal,picked
ORD_0002309,CUST_00122,WH_003,2026-01-13 12:46:00,2026-01-14,Jiangsu,Nanjing,normal,picked
ORD_0002310,CUST_00058,WH_003,2026-01-13 08:49:00,2026-01-14,Jiangsu,Suzhou,normal,picking
ORD_0002311,CUST_00169,WH_003,2026-01-13 08:27:00,2026-01-15,Shandong,Jinan,normal,dispatched
ORD_0002312,CUST_00016,WH_001,2026-01-13 18:03:00,2026-01-14,Sichuan,Mianyang,high,dispatched
ORD_0002313,CUST_00116,WH_001,2026-01-13 19:48:00,2026-01-14,Henan,Kaifeng,high,delivered
ORD_0002314,CUST_00186,WH_003,2026-01-13 08:19:00,2026-01-14,Sichuan,Chengdu,normal,dispatched
ORD_0002315,CUST_00100,WH_003,2026-01-13 21:34:00,2026-01-14,Zhejiang,Wenzhou,normal,picked
ORD_0002316,CUST_00143,WH_003,2026-01-13 14:56:00,2026-01-14,Guangdong,Dongguan,normal,picked
ORD_0002317,CUST_00141,WH_001,2026-01-13 16:06:00,2026-01-14,Henan,Luoyang,high,picked
ORD_0002318,CUST_00031,WH_002,2026-01-13 15:43:00,2026-01-14,Guangdong,Dongguan,normal,dispatched
ORD_0002319,CUST_00094,WH_003,2026-01-13 14:39:00,2026-01-14,Henan,Zhengzhou,normal,dispatched
ORD_0002320,CUST_00122,WH_002,2026-01-13 06:08:00,2026-01-14,Jiangsu,Nanjing,normal,delivered
ORD_0002321,CUST_00009,WH_001,2026-01-13 14:14:00,2026-01-15,Sichuan,Mianyang,normal,dispatched
ORD_0002322,CUST_00070,WH_002,2026-01-13 10:36:00,2026-01-15,Zhejiang,Wenzhou,normal,delivered
ORD_0002323,CUST_00075,WH_002,2026-01-13 11:19:00,2026-01-14,Sichuan,Deyang,normal,dispatched
ORD_0002324,CUST_00065,WH_002,2026-01-13 10:07:00,2026-01-14,Shandong,Jinan,normal,dispatched
ORD_0002325,CUST_00019,WH_001,2026-01-13 21:50:00,2026-01-14,Henan,Luoyang,normal,pending
ORD_0002326,CUST_00176,WH_002,2026-01-13 13:24:00,2026-01-14,Henan,Luoyang,normal,picked
ORD_0002327,CUST_00001,WH_001,2026-01-13 13:56:00,2026-01-15,Zhejiang,Ningbo,normal,picked
ORD_0002328,CUST_00073,WH_002,2026-01-13 14:05:00,2026-01-14,Jiangsu,Wuxi,high,dispatched
ORD_0002329,CUST_00044,WH_002,2026-01-13 10:11:00,2026-01-14,Henan,Luoyang,normal,pending
ORD_0002330,CUST_00125,WH_001,2026-01-13 17:43:00,2026-01-14,Henan,Kaifeng,normal,picked
ORD_0002331,CUST_00023,WH_002,2026-01-13 16:40:00,2026-01-14,Guangdong,Dongguan,normal,delivered
ORD_0002332,CUST_00134,WH_001,2026-01-13 10:40:00,2026-01-14,Sichuan,Mianyang,normal,picking
ORD_0002333,CUST_00130,WH_001,2026-01-13 12:45:00,2026-01-14,Henan,Zhengzhou,normal,picked
ORD_0002334,CUST_00014,WH_001,2026-01-13 06:28:00,2026-01-15,Shandong,Yantai,normal,delivered
ORD_0002335,CUST_00171,WH_001,2026-01-13 08:16:00,2026-01-14,Guangdong,Guangzhou,normal,delivered
ORD_0002336,CUST_00200,WH_001,2026-01-13 20:35:00,2026-01-15,Zhejiang,Ningbo,urgent,picking
ORD_0002337,CUST_00198,WH_003,2026-01-13 19:27:00,2026-01-14,Shandong,Yantai,normal,dispatched
ORD_0002338,CUST_00151,WH_001,2026-01-13 06:03:00,2026-01-14,Hubei,Yichang,normal,dispatched
ORD_0002339,CUST_00029,WH_003,2026-01-13 10:29:00,2026-01-14,Zhejiang,Ningbo,normal,dispatched
ORD_0002340,CUST_00156,WH_003,2026-01-13 08:31:00,2026-01-14,Zhejiang,Ningbo,normal,delivered
ORD_0002341,CUST_00004,WH_002,2026-01-13 15:11:00,2026-01-15,Jiangsu,Nanjing,high,dispatched
ORD_0002342,CUST_00117,WH_003,2026-01-13 13:58:00,2026-01-14,Zhejiang,Wenzhou,normal,dispatched
ORD_0002343,CUST_00106,WH_002,2026-01-13 19:29:00,2026-01-14,Hubei,Wuhan,normal,delivered
ORD_0002344,CUST_00068,WH_003,2026-01-13 20:37:00,2026-01-14,Shandong,Qingdao,normal,dispatched
ORD_0002345,CUST_00101,WH_002,2026-01-13 18:02:00,2026-01-14,Hubei,Wuhan,normal,picked
ORD_0002346,CUST_00113,WH_003,2026-01-13 14:22:00,2026-01-15,Shandong,Qingdao,normal,dispatched
ORD_0002347,CUST_00079,WH_003,2026-01-13 14:27:00,2026-01-14,Henan,Kaifeng,high,picked
ORD_0002348,CUST_00138,WH_003,2026-01-13 12:24:00,2026-01-15,Guangdong,Shenzhen,normal,picked
ORD_0002349,CUST_00010,WH_001,2026-01-13 15:44:00,2026-01-14,Sichuan,Mianyang,normal,picked
ORD_0002350,CUST_00104,WH_001,2026-01-13 10:53:00,2026-01-14,Zhejiang,Ningbo,normal,dispatched
ORD_0002351,CUST_00067,WH_002,2026-01-13 14:53:00,2026-01-14,Zhejiang,Wenzhou,normal,dispatched
ORD_0002352,CUST_00151,WH_003,2026-01-13 19:23:00,2026-01-14,Hubei,Yichang,normal,pending
ORD_0002353,CUST_00123,WH_003,2026-01-13 09:51:00,2026-01-14,Guangdong,Guangzhou,normal,delivered
ORD_0002354,CUST_00197,WH_001,2026-01-13 15:09:00,2026-01-14,Jiangsu,Nanjing,normal,picking
ORD_0002355,CUST_00063,WH_001,2026-01-13 13:02:00,2026-01-14,Henan,Luoyang,normal,picking
ORD_0002356,CUST_00090,WH_002,2026-01-13 07:50:00,2026-01-14,Hubei,Yichang,normal,picking
ORD_0002357,CUST_00175,WH_001,2026-01-13 20:24:00,2026-01-14,Sichuan,Deyang,urgent,picking
ORD_0002358,CUST_00039,WH_002,2026-01-13 09:13:00,2026-01-14,Shandong,Qingdao,normal,picking
ORD_0002359,CUST_00155,WH_001,2026-01-13 21:41:00,2026-01-14,Sichuan,Chengdu,normal,dispatched
ORD_0002360,CUST_00092,WH_003,2026-01-13 08:39:00,2026-01-14,Jiangsu,Nanjing,normal,picked
ORD_0002361,CUST_00196,WH_001,2026-01-13 18:59:00,2026-01-14,Henan,Zhengzhou,normal,dispatched
ORD_0002362,CUST_00105,WH_001,2026-01-13 09:46:00,2026-01-14,Sichuan,Chengdu,normal,picking
ORD_0002363,CUST_00052,WH_003,2026-01-13 09:17:00,2026-01-14,Guangdong,Dongguan,normal,delivered
ORD_0002364,CUST_00008,WH_002,2026-01-13 18:17:00,2026-01-14,Hubei,Wuhan,high,dispatched
ORD_0002365,CUST_00038,WH_002,2026-01-13 20:41:00,2026-01-14,Hubei,Yichang,high,picked
ORD_0002366,CUST_00142,WH_002,2026-01-13 19:42:00,2026-01-14,Hubei,Wuhan,normal,picked
ORD_0002367,CUST_00116,WH_003,2026-01-13 10:02:00,2026-01-14,Henan,Kaifeng,normal,pending
ORD_0002368,CUST_00081,WH_002,2026-01-13 09:43:00,2026-01-14,Hubei,Xiangyang,urgent,picked
ORD_0002369,CUST_00147,WH_003,2026-01-13 18:38:00,2026-01-14,Zhejiang,Hangzhou,high,picked
ORD_0002370,CUST_00157,WH_003,2026-01-13 18:31:00,2026-01-14,Guangdong,Guangzhou,normal,delivered
ORD_0002371,CUST_00024,WH_002,2026-01-13 07:10:00,2026-01-14,Jiangsu,Wuxi,normal,picking
ORD_0002372,CUST_00025,WH_001,2026-01-13 19:38:00,2026-01-14,Hubei,Yichang,normal,picked
ORD_0002373,CUST_00180,WH_001,2026-01-13 19:22:00,2026-01-15,Shandong,Yantai,normal,picking
ORD_0002374,CUST_00092,WH_001,2026-01-13 20:14:00,2026-01-14,Jiangsu,Nanjing,normal,dispatched
ORD_0002375,CUST_00123,WH_002,2026-01-13 10:31:00,2026-01-14,Guangdong,Guangzhou,normal,delivered
ORD_0002376,CUST_00037,WH_001,2026-01-13 18:44:00,2026-01-14,Jiangsu,Wuxi,high,pending
ORD_0002377,CUST_00113,WH_002,2026-01-13 14:46:00,2026-01-14,Shandong,Qingdao,normal,picked
ORD_0002378,CUST_00192,WH_002,2026-01-13 16:05:00,2026-01-14,Shandong,Qingdao,normal,delivered
ORD_0002379,CUST_00032,WH_001,2026-01-13 21:53:00,2026-01-15,Henan,Luoyang,normal,picked
ORD_0002380,CUST_00112,WH_001,2026-01-13 09:30:00,2026-01-14,Guangdong,Guangzhou,normal,dispatched
ORD_0002381,CUST_00170,WH_003,2026-01-13 20:02:00,2026-01-14,Henan,Luoyang,high,delivered
ORD_0002382,CUST_00108,WH_001,2026-01-13 06:02:00,2026-01-14,Jiangsu,Nanjing,normal,pending
ORD_0002383,CUST_00015,WH_002,2026-01-13 09:27:00,2026-01-14,Guangdong,Guangzhou,high,dispatched
ORD_0002384,CUST_00171,WH_002,2026-01-13 16:05:00,2026-01-14,Guangdong,Guangzhou,normal,picked
ORD_0002385,CUST_00138,WH_002,2026-01-13 13:09:00,2026-01-14,Guangdong,Shenzhen,normal,pending
ORD_0002386,CUST_00027,WH_001,2026-01-13 19:42:00,2026-01-15,Jiangsu,Wuxi,normal,picked
ORD_0002387,CUST_00101,WH_001,2026-01-13 19:02:00,2026-01-14,Hubei,Wuhan,normal,delivered
ORD_0002388,CUST_00112,WH_002,2026-01-13 14:12:00,2026-01-14,Guangdong,Guangzhou,normal,pending
ORD_0002389,CUST_00033,WH_001,2026-01-13 07:13:00,2026-01-15,Jiangsu,Nanjing,normal,delivered
ORD_0002390,CUST_00115,WH_001,2026-01-13 13:44:00,2026-01-14,Shandong,Jinan,high,picking
ORD_0002391,CUST_00082,WH_003,2026-01-13 13:24:00,2026-01-14,Zhejiang,Wenzhou,normal,pending
ORD_0002392,CUST_00029,WH_001,2026-01-13 17:22:00,2026-01-15,Zhejiang,Ningbo,normal,picking
ORD_0002393,CUST_00168,WH_001,2026-01-13 20:40:00,2026-01-14,Hubei,Wuhan,normal,picked
ORD_0002394,CUST_00092,WH_002,2026-01-13 06:42:00,2026-01-15,Jiangsu,Nanjing,normal,picking
ORD_0002395,CUST_00125,WH_002,2026-01-13 20:05:00,2026-01-15,Henan,Kaifeng,normal,dispatched
ORD_0002396,CUST_00191,WH_002,2026-01-13 18:12:00,2026-01-14,Zhejiang,Ningbo,normal,picking
ORD_0002397,CUST_00027,WH_003,2026-01-13 13:57:00,2026-01-15,Jiangsu,Wuxi,normal,delivered
ORD_0002398,CUST_00088,WH_003,2026-01-13 13:19:00,2026-01-14,Shandong,Yantai,normal,delivered
ORD_0002399,CUST_00065,WH_002,2026-01-13 07:38:00,2026-01-14,Shandong,Jinan,normal,picking
ORD_0002400,CUST_00155,WH_003,2026-01-13 11:20:00,2026-01-14,Sichuan,Chengdu,normal,picked
ORD_0002401,CUST_00077,WH_002,2026-01-13 12:18:00,2026-01-14,Zhejiang,Ningbo,normal,delivered
ORD_0002402,CUST_00081,WH_001,2026-01-13 13:11:00,2026-01-14,Hubei,Xiangyang,normal,pending
ORD_0002403,CUST_00151,WH_002,2026-01-13 18:04:00,2026-01-14,Hubei,Yichang,normal,picked
ORD_0002404,CUST_00159,WH_002,2026-01-13 17:44:00,2026-01-14,Guangdong,Shenzhen,normal,dispatched
ORD_0002405,CUST_00005,WH_002,2026-01-13 20:23:00,2026-01-14,Zhejiang,Hangzhou,normal,picked
ORD_0002406,CUST_00054,WH_002,2026-01-13 15:53:00,2026-01-14,Guangdong,Dongguan,high,picked
ORD_0002407,CUST_00111,WH_001,2026-01-13 16:47:00,2026-01-14,Guangdong,Guangzhou,normal,dispatched
ORD_0002408,CUST_00129,WH_001,2026-01-13 13:11:00,2026-01-14,Hubei,Yichang,normal,delivered
ORD_0002409,CUST_00127,WH_001,2026-01-13 09:00:00,2026-01-14,Henan,Luoyang,normal,pending
ORD_0002410,CUST_00010,WH_003,2026-01-13 20:07:00,2026-01-14,Sichuan,Mianyang,high,picking
ORD_0002411,CUST_00022,WH_003,2026-01-13 13:00:00,2026-01-14,Zhejiang,Wenzhou,high,picked
ORD_0002412,CUST_00004,WH_002,2026-01-13 06:24:00,2026-01-14,Jiangsu,Nanjing,high,picked
ORD_0002413,CUST_00023,WH_001,2026-01-13 07:42:00,2026-01-14,Guangdong,Dongguan,normal,pending
ORD_0002414,CUST_00010,WH_001,2026-01-13 18:27:00,2026-01-14,Sichuan,Mianyang,normal,dispatched
ORD_0002415,CUST_00177,WH_003,2026-01-13 19:07:00,2026-01-14,Zhejiang,Ningbo,normal,dispatched
ORD_0002416,CUST_00071,WH_001,2026-01-13 18:07:00,2026-01-14,Sichuan,Chengdu,normal,dispatched
ORD_0002417,CUST_00172,WH_002,2026-01-13 12:29:00,2026-01-14,Sichuan,Deyang,normal,picked
ORD_0002418,CUST_00020,WH_001,2026-01-13 19:06:00,2026-01-14,Jiangsu,Nanjing,normal,dispatched
ORD_0002419,CUST_00127,WH_002,2026-01-13 10:04:00,2026-01-14,Henan,Luoyang,normal,picking
ORD_0002420,CUST_00118,WH_001,2026-01-13 17:22:00,2026-01-14,Sichuan,Mianyang,normal,delivered
ORD_0002421,CUST_00081,WH_001,2026-01-13 16:22:00,2026-01-14,Hubei,Xiangyang,normal,picking
ORD_0002422,CUST_00096,WH_003,2026-01-13 13:57:00,2026-01-14,Hubei,Yichang,high,picked
ORD_0002423,CUST_00130,WH_003,2026-01-13 18:04:00,2026-01-14,Henan,Zhengzhou,high,picking
ORD_0002424,CUST_00192,WH_003,2026-01-13 08:48:00,2026-01-14,Shandong,Qingdao,normal,picked
ORD_0002425,CUST_00033,WH_003,2026-01-13 13:04:00,2026-01-14,Jiangsu,Nanjing,normal,picking
ORD_0002426,CUST_00035,WH_002,2026-01-13 10:56:00,2026-01-14,Shandong,Jinan,normal,picked
ORD_0002427,CUST_00003,WH_001,2026-01-13 07:35:00,2026-01-14,Henan,Zhengzhou,normal,picking
ORD_0002428,CUST_00037,WH_002,2026-01-13 11:33:00,2026-01-15,Jiangsu,Wuxi,high,delivered
ORD_0002429,CUST_00003,WH_001,2026-01-13 06:39:00,2026-01-14,Henan,Zhengzhou,normal,picking
ORD_0002430,CUST_00184,WH_003,2026-01-13 14:39:00,2026-01-15,Jiangsu,Nanjing,normal,delivered
ORD_0002431,CUST_00048,WH_001,2026-01-13 19:40:00,2026-01-14,Shandong,Jinan,normal,picking
ORD_0002432,CUST_00192,WH_003,2026-01-13 08:18:00,2026-01-14,Shandong,Qingdao,normal,picked
ORD_0002433,CUST_00056,WH_002,2026-01-13 14:19:00,2026-01-14,Shandong,Yantai,normal,picking
ORD_0002434,CUST_00026,WH_003,2026-01-13 15:11:00,2026-01-14,Guangdong,Guangzhou,normal,picked
ORD_0002435,CUST_00043,WH_002,2026-01-13 13:00:00,2026-01-14,Zhejiang,Hangzhou,normal,picked
ORD_0002436,CUST_00183,WH_002,2026-01-13 19:47:00,2026-01-14,Jiangsu,Nanjing,normal,picked
ORD_0002437,CUST_00104,WH_001,2026-01-13 11:49:00,2026-01-14,Zhejiang,Ningbo,normal,pending
ORD_0002438,CUST_00080,WH_001,2026-01-13 12:45:00,2026-01-14,Jiangsu,Nanjing,normal,picked
ORD_0002439,CUST_00193,WH_003,2026-01-13 07:30:00,2026-01-14,Zhejiang,Hangzhou,normal,picking
ORD_0002440,CUST_00180,WH_001,2026-01-13 14:57:00,2026-01-14,Shandong,Yantai,normal,picking
ORD_0002441,CUST_00095,WH_002,2026-01-13 20:36:00,2026-01-14,Zhejiang,Ningbo,normal,pending
ORD_0002442,CUST_00141,WH_002,2026-01-13 15:57:00,2026-01-14,Henan,Luoyang,normal,delivered
ORD_0002443,CUST_00101,WH_002,2026-01-13 17:40:00,2026-01-14,Hubei,Wuhan,high,picked
ORD_0002444,CUST_00136,WH_001,2026-01-13 09:48:00,2026-01-14,Hubei,Yichang,normal,picking
ORD_0002445,CUST_00105,WH_002,2026-01-13 19:05:00,2026-01-14,Sichuan,Chengdu,normal,picking
ORD_0002446,CUST_00155,WH_002,2026-01-13 08:58:00,2026-01-15,Sichuan,Chengdu,high,dispatched
ORD_0002447,CUST_00130,WH_001,2026-01-13 06:16:00,2026-01-14,Henan,Zhengzhou,normal,picked
ORD_0002448,CUST_00091,WH_002,2026-01-13 10:43:00,2026-01-14,Zhejiang,Ningbo,normal,delivered
ORD_0002449,CUST_00003,WH_001,2026-01-13 15:25:00,2026-01-14,Henan,Zhengzhou,normal,dispatched
ORD_0002450,CUST_00142,WH_002,2026-01-13 07:27:00,2026-01-14,Hubei,Wuhan,high,delivered
ORD_0002451,CUST_00066,WH_002,2026-01-13 13:57:00,2026-01-14,Zhejiang,Hangzhou,normal,dispatched
ORD_0002452,CUST_00015,WH_003,2026-01-13 12:54:00,2026-01-14,Guangdong,Guangzhou,normal,picking
ORD_0002453,CUST_00117,WH_002,2026-01-13 18:32:00,2026-01-14,Zhejiang,Wenzhou,normal,picking
ORD_0002454,CUST_00094,WH_001,2026-01-13 10:17:00,2026-01-14,Henan,Zhengzhou,normal,pending
ORD_0002455,CUST_00111,WH_001,2026-01-13 08:16:00,2026-01-15,Guangdong,Guangzhou,normal,picked
ORD_0002456,CUST_00091,WH_001,2026-01-13 19:45:00,2026-01-14,Zhejiang,Ningbo,normal,picked
ORD_0002457,CUST_00098,WH_003,2026-01-13 13:09:00,2026-01-14,Zhejiang,Hangzhou,normal,dispatched
ORD_0002458,CUST_00056,WH_001,2026-01-13 12:47:00,2026-01-14,Shandong,Yantai,normal,picked
ORD_0002459,CUST_00057,WH_003,2026-01-13 14:14:00,2026-01-14,Guangdong,Dongguan,normal,dispatched
ORD_0002460,CUST_00070,WH_002,2026-01-13 09:57:00,2026-01-15,Zhejiang,Wenzhou,normal,picked
ORD_0002461,CUST_00008,WH_003,2026-01-13 19:32:00,2026-01-14,Hubei,Wuhan,normal,picking
ORD_0002462,CUST_00067,WH_002,2026-01-13 17:37:00,2026-01-15,Zhejiang,Wenzhou,normal,dispatched
ORD_0002463,CUST_00117,WH_001,2026-01-13 07:32:00,2026-01-14,Zhejiang,Wenzhou,urgent,pending
ORD_0002464,CUST_00120,WH_002,2026-01-13 20:25:00,2026-01-15,Guangdong,Dongguan,urgent,picking
ORD_0002465,CUST_00083,WH_001,2026-01-13 18:49:00,2026-01-14,Zhejiang,Ningbo,normal,pending
ORD_0002466,CUST_00182,WH_003,2026-01-13 15:04:00,2026-01-14,Zhejiang,Hangzhou,urgent,pending
ORD_0002467,CUST_00017,WH_001,2026-01-13 19:43:00,2026-01-14,Shandong,Yantai,normal,picking
ORD_0002468,CUST_00195,WH_003,2026-01-13 17:15:00,2026-01-14,Zhejiang,Wenzhou,high,picking
ORD_0002469,CUST_00011,WH_002,2026-01-13 14:18:00,2026-01-14,Guangdong,Dongguan,normal,delivered
ORD_0002470,CUST_00190,WH_003,2026-01-13 06:30:00,2026-01-14,Henan,Luoyang,normal,delivered
ORD_0002471,CUST_00116,WH_002,2026-01-13 11:00:00,2026-01-14,Henan,Kaifeng,high,picking
ORD_0002472,CUST_00150,WH_002,2026-01-13 19:12:00,2026-01-14,Guangdong,Guangzhou,normal,pending
ORD_0002473,CUST_00143,WH_001,2026-01-13 10:49:00,2026-01-14,Guangdong,Dongguan,normal,dispatched
ORD_0002474,CUST_00175,WH_002,2026-01-13 06:08:00,2026-01-14,Sichuan,Deyang,normal,dispatched
ORD_0002475,CUST_00090,WH_003,2026-01-13 20:12:00,2026-01-15,Hubei,Yichang,normal,picked
ORD_0002476,CUST_00074,WH_001,2026-01-13 08:54:00,2026-01-14,Sichuan,Mianyang,high,picked
ORD_0002477,CUST_00064,WH_001,2026-01-13 17:01:00,2026-01-14,Zhejiang,Wenzhou,normal,pending
ORD_0002478,CUST_00081,WH_003,2026-01-13 11:24:00,2026-01-14,Hubei,Xiangyang,high,picked
ORD_0002479,CUST_00047,WH_003,2026-01-13 10:16:00,2026-01-14,Zhejiang,Ningbo,normal,delivered
ORD_0002480,CUST_00138,WH_002,2026-01-13 14:58:00,2026-01-14,Guangdong,Shenzhen,normal,picking
ORD_0002481,CUST_00031,WH_001,2026-01-13 12:25:00,2026-01-14,Guangdong,Dongguan,normal,dispatched
ORD_0002482,CUST_00186,WH_003,2026-01-13 21:18:00,2026-01-15,Sichuan,Chengdu,normal,delivered
ORD_0002483,CUST_00088,WH_002,2026-01-13 10:43:00,2026-01-14,Shandong,Yantai,normal,picking
ORD_0002484,CUST_00122,WH_002,2026-01-13 19:07:00,2026-01-15,Jiangsu,Nanjing,normal,picking
ORD_0002485,CUST_00002,WH_002,2026-01-13 16:30:00,2026-01-14,Sichuan,Deyang,high,dispatched
ORD_0002486,CUST_00185,WH_002,2026-01-13 11:52:00,2026-01-15,Guangdong,Dongguan,high,dispatched
ORD_0002487,CUST_00021,WH_002,2026-01-13 07:36:00,2026-01-15,Guangdong,Shenzhen,normal,picked
ORD_0002488,CUST_00003,WH_001,2026-01-13 17:42:00,2026-01-15,Henan,Zhengzhou,normal,dispatched
ORD_0002489,CUST_00056,WH_002,2026-01-13 19:13:00,2026-01-14,Shandong,Yantai,high,picked
ORD_0002490,CUST_00111,WH_002,2026-01-13 19:13:00,2026-01-15,Guangdong,Guangzhou,normal,pending
ORD_0002491,CUST_00044,WH_001,2026-01-13 18:52:00,2026-01-14,Henan,Luoyang,normal,picking
ORD_0002492,CUST_00160,WH_001,2026-01-13 21:40:00,2026-01-14,Shandong,Qingdao,normal,dispatched
ORD_0002493,CUST_00009,WH_002,2026-01-13 14:52:00,2026-01-14,Sichuan,Mianyang,normal,pending
ORD_0002494,CUST_00052,WH_003,2026-01-13 17:27:00,2026-01-14,Guangdong,Dongguan,normal,dispatched
ORD_0002495,CUST_00033,WH_002,2026-01-13 10:49:00,2026-01-14,Jiangsu,Nanjing,normal,picked
ORD_0002496,CUST_00140,WH_001,2026-01-14 08:29:00,2026-01-15,Zhejiang,Ningbo,normal,picked
ORD_0002497,CUST_00075,WH_003,2026-01-14 10:10:00,2026-01-15,Sichuan,Deyang,normal,dispatched
ORD_0002498,CUST_00083,WH_003,2026-01-14 16:16:00,2026-01-15,Zhejiang,Ningbo,normal,dispatched
ORD_0002499,CUST_00185,WH_003,2026-01-14 08:30:00,2026-01-15,Guangdong,Dongguan,normal,picked
ORD_0002500,CUST_00051,WH_002,2026-01-14 20:31:00,2026-01-15,Hubei,Yichang,normal,picking
ORD_0002501,CUST_00037,WH_001,2026-01-14 15:55:00,2026-01-15,Jiangsu,Wuxi,urgent,picking
ORD_0002502,CUST_00030,WH_002,2026-01-14 14:11:00,2026-01-15,Hubei,Xiangyang,normal,delivered
ORD_0002503,CUST_00050,WH_002,2026-01-14 21:25:00,2026-01-15,Shandong,Jinan,normal,delivered
ORD_0002504,CUST_00021,WH_001,2026-01-14 17:13:00,2026-01-15,Guangdong,Shenzhen,normal,picked
ORD_0002505,CUST_00179,WH_001,2026-01-14 20:08:00,2026-01-16,Henan,Zhengzhou,normal,picked
ORD_0002506,CUST_00158,WH_001,2026-01-14 17:19:00,2026-01-15,Zhejiang,Ningbo,normal,dispatched
ORD_0002507,CUST_00165,WH_003,2026-01-14 20:07:00,2026-01-15,Shandong,Yantai,normal,picking
ORD_0002508,CUST_00004,WH_003,2026-01-14 15:44:00,2026-01-15,Jiangsu,Nanjing,high,picking
ORD_0002509,CUST_00099,WH_002,2026-01-14 19:25:00,2026-01-15,Zhejiang,Hangzhou,normal,picked
ORD_0002510,CUST_00148,WH_002,2026-01-14 17:46:00,2026-01-15,Jiangsu,Suzhou,normal,picking
ORD_0002511,CUST_00024,WH_001,2026-01-14 10:27:00,2026-01-15,Jiangsu,Wuxi,normal,dispatched
ORD_0002512,CUST_00078,WH_002,2026-01-14 11:45:00,2026-01-15,Henan,Kaifeng,high,picked
ORD_0002513,CUST_00081,WH_002,2026-01-14 08:28:00,2026-01-15,Hubei,Xiangyang,normal,dispatched
ORD_0002514,CUST_00016,WH_003,2026-01-14 06:13:00,2026-01-15,Sichuan,Mianyang,normal,dispatched
ORD_0002515,CUST_00061,WH_001,2026-01-14 21:31:00,2026-01-15,Shandong,Qingdao,normal,dispatched
ORD_0002516,CUST_00166,WH_002,2026-01-14 09:02:00,2026-01-15,Henan,Luoyang,normal,delivered
ORD_0002517,CUST_00074,WH_003,2026-01-14 20:12:00,2026-01-15,Sichuan,Mianyang,normal,pending
ORD_0002518,CUST_00062,WH_002,2026-01-14 06:27:00,2026-01-15,Zhejiang,Wenzhou,normal,picked
ORD_0002519,CUST_00171,WH_003,2026-01-14 16:44:00,2026-01-15,Guangdong,Guangzhou,high,delivered
ORD_0002520,CUST_00115,WH_002,2026-01-14 13:43:00,2026-01-15,Shandong,Jinan,normal,picked
ORD_0002521,CUST_00049,WH_002,2026-01-14 17:14:00,2026-01-15,Shandong,Qingdao,normal,delivered
ORD_0002522,CUST_00035,WH_002,2026-01-14 11:45:00,2026-01-15,Shandong,Jinan,normal,picked
ORD_0002523,CUST_00016,WH_003,2026-01-14 20:08:00,2026-01-15,Sichuan,Mianyang,urgent,picked
ORD_0002524,CUST_00175,WH_001,2026-01-14 18:20:00,2026-01-15,Sichuan,Deyang,normal,picked
ORD_0002525,CUST_00048,WH_001,2026-01-14 14:29:00,2026-01-15,Shandong,Jinan,normal,delivered
ORD_0002526,CUST_00195,WH_003,2026-01-14 12:25:00,2026-01-15,Zhejiang,Wenzhou,high,delivered
ORD_0002527,CUST_00183,WH_001,2026-01-14 21:10:00,2026-01-15,Jiangsu,Nanjing,normal,dispatched
ORD_0002528,CUST_00022,WH_001,2026-01-14 15:12:00,2026-01-15,Zhejiang,Wenzhou,normal,dispatched
ORD_0002529,CUST_00117,WH_002,2026-01-14 20:06:00,2026-01-15,Zhejiang,Wenzhou,normal,picked
ORD_0002530,CUST_00156,WH_002,2026-01-14 20:43:00,2026-01-15,Zhejiang,Ningbo,urgent,delivered
ORD_0002531,CUST_00062,WH_002,2026-01-14 06:30:00,2026-01-15,Zhejiang,Wenzhou,high,dispatched
ORD_0002532,CUST_00062,WH_001,2026-01-14 06:53:00,2026-01-15,Zhejiang,Wenzhou,normal,delivered
ORD_0002533,CUST_00124,WH_001,2026-01-14 15:48:00,2026-01-15,Guangdong,Dongguan,normal,picking
ORD_0002534,CUST_00020,WH_001,2026-01-14 15:13:00,2026-01-15,Jiangsu,Nanjing,normal,picking
ORD_0002535,CUST_00195,WH_003,2026-01-14 18:14:00,2026-01-16,Zhejiang,Wenzhou,high,delivered
ORD_0002536,CUST_00084,WH_002,2026-01-14 08:57:00,2026-01-15,Shandong,Qingdao,urgent,picked
ORD_0002537,CUST_00195,WH_002,2026-01-14 17:14:00,2026-01-15,Zhejiang,Wenzhou,high,picking
ORD_0002538,CUST_00089,WH_001,2026-01-14 17:02:00,2026-01-15,Guangdong,Shenzhen,normal,picked
ORD_0002539,CUST_00049,WH_002,2026-01-14 12:33:00,2026-01-15,Shandong,Qingdao,normal,dispatched
ORD_0002540,CUST_00159,WH_003,2026-01-14 07:30:00,2026-01-15,Guangdong,Shenzhen,normal,picking
ORD_0002541,CUST_00063,WH_003,2026-01-14 14:33:00,2026-01-15,Henan,Luoyang,normal,picked
ORD_0002542,CUST_00079,WH_002,2026-01-14 09:07:00,2026-01-15,Henan,Kaifeng,high,picking
ORD_0002543,CUST_00121,WH_002,2026-01-14 19:06:00,2026-01-15,Sichuan,Deyang,normal,picking
ORD_0002544,CUST_00140,WH_003,2026-01-14 09:16:00,2026-01-15,Zhejiang,Ningbo,normal,picked
ORD_0002545,CUST_00018,WH_001,2026-01-14 20:01:00,2026-01-15,Jiangsu,Suzhou,normal,delivered
ORD_0002546,CUST_00058,WH_003,2026-01-14 10:34:00,2026-01-15,Jiangsu,Suzhou,normal,dispatched
ORD_0002547,CUST_00149,WH_001,2026-01-14 13:15:00,2026-01-15,Henan,Zhengzhou,normal,dispatched
ORD_0002548,CUST_00036,WH_001,2026-01-14 18:19:00,2026-01-16,Sichuan,Mianyang,normal,dispatched
ORD_0002549,CUST_00090,WH_002,2026-01-14 20:12:00,2026-01-15,Hubei,Yichang,normal,picking
ORD_0002550,CUST_00165,WH_002,2026-01-14 08:19:00,2026-01-15,Shandong,Yantai,normal,delivered
ORD_0002551,CUST_00160,WH_003,2026-01-14 19:20:00,2026-01-15,Shandong,Qingdao,normal,picking
ORD_0002552,CUST_00063,WH_001,2026-01-14 19:01:00,2026-01-15,Henan,Luoyang,high,picking
ORD_0002553,CUST_00134,WH_001,2026-01-14 20:40:00,2026-01-15,Sichuan,Mianyang,normal,dispatched
ORD_0002554,CUST_00123,WH_002,2026-01-14 14:03:00,2026-01-15,Guangdong,Guangzhou,normal,picked
ORD_0002555,CUST_00005,WH_002,2026-01-14 11:26:00,2026-01-15,Zhejiang,Hangzhou,normal,pending
ORD_0002556,CUST_00092,WH_002,2026-01-14 18:46:00,2026-01-16,Jiangsu,Nanjing,urgent,delivered
ORD_0002557,CUST_00119,WH_001,2026-01-14 11:08:00,2026-01-15,Zhejiang,Wenzhou,normal,picked
ORD_0002558,CUST_00167,WH_001,2026-01-14 21:43:00,2026-01-15,Zhejiang,Ningbo,normal,picked
ORD_0002559,CUST_00009,WH_001,2026-01-14 17:59:00,2026-01-15,Sichuan,Mianyang,normal,picked
ORD_0002560,CUST_00015,WH_003,2026-01-14 19:44:00,2026-01-15,Guangdong,Guangzhou,normal,picking
ORD_0002561,CUST_00073,WH_001,2026-01-14 16:15:00,2026-01-15,Jiangsu,Wuxi,normal,picking
ORD_0002562,CUST_00031,WH_002,2026-01-14 14:57:00,2026-01-15,Guangdong,Dongguan,normal,picked
ORD_0002563,CUST_00013,WH_003,2026-01-14 14:44:00,2026-01-15,Hubei,Wuhan,normal,picking
ORD_0002564,CUST_00001,WH_002,2026-01-14 06:15:00,2026-01-15,Zhejiang,Ningbo,high,picking
ORD_0002565,CUST_00164,WH_001,2026-01-14 20:40:00,2026-01-15,Zhejiang,Wenzhou,high,picking
ORD_0002566,CUST_00126,WH_002,2026-01-14 06:36:00,2026-01-15,Jiangsu,Nanjing,normal,picked
ORD_0002567,CUST_00109,WH_002,2026-01-14 17:30:00,2026-01-16,Shandong,Jinan,normal,picked
ORD_0002568,CUST_00017,WH_002,2026-01-14 20:43:00,2026-01-15,Shandong,Yantai,normal,dispatched
ORD_0002569,CUST_00066,WH_002,2026-01-14 18:33:00,2026-01-15,Zhejiang,Hangzhou,normal,dispatched
ORD_0002570,CUST_00085,WH_003,2026-01-14 21:46:00,2026-01-16,Shandong,Qingdao,normal,dispatched
ORD_0002571,CUST_00107,WH_003,2026-01-14 18:18:00,2026-01-15,Henan,Luoyang,normal,picked
ORD_0002572,CUST_00152,WH_001,2026-01-14 19:29:00,2026-01-15,Shandong,Qingdao,normal,picked
ORD_0002573,CUST_00058,WH_001,2026-01-14 21:43:00,2026-01-15,Jiangsu,Suzhou,normal,dispatched
ORD_0002574,CUST_00186,WH_002,2026-01-14 20:50:00,2026-01-15,Sichuan,Chengdu,normal,picked
ORD_0002575,CUST_00161,WH_002,2026-01-14 06:19:00,2026-01-15,Guangdong,Dongguan,normal,delivered
ORD_0002576,CUST_00137,WH_003,2026-01-14 17:47:00,2026-01-15,Henan,Kaifeng,normal,pending
ORD_0002577,CUST_00160,WH_003,2026-01-14 12:43:00,2026-01-16,Shandong,Qingdao,normal,pending
ORD_0002578,CUST_00184,WH_001,2026-01-14 20:59:00,2026-01-15,Jiangsu,Nanjing,normal,picked
ORD_0002579,CUST_00055,WH_001,2026-01-14 06:27:00,2026-01-15,Henan,Zhengzhou,normal,dispatched
ORD_0002580,CUST_00057,WH_002,2026-01-14 18:50:00,2026-01-15,Guangdong,Dongguan,urgent,picking
ORD_0002581,CUST_00017,WH_001,2026-01-14 16:29:00,2026-01-15,Shandong,Yantai,normal,delivered
ORD_0002582,CUST_00097,WH_002,2026-01-14 18:02:00,2026-01-15,Hubei,Yichang,normal,picking
ORD_0002583,CUST_00120,WH_001,2026-01-14 12:20:00,2026-01-15,Guangdong,Dongguan,normal,pending
ORD_0002584,CUST_00064,WH_001,2026-01-14 08:02:00,2026-01-15,Zhejiang,Wenzhou,normal,picking
ORD_0002585,CUST_00077,WH_002,2026-01-14 17:45:00,2026-01-15,Zhejiang,Ningbo,normal,delivered
ORD_0002586,CUST_00102,WH_003,2026-01-14 20:38:00,2026-01-15,Sichuan,Chengdu,normal,picking
ORD_0002587,CUST_00009,WH_003,2026-01-14 15:34:00,2026-01-16,Sichuan,Mianyang,normal,delivered
ORD_0002588,CUST_00140,WH_002,2026-01-14 20:35:00,2026-01-15,Zhejiang,Ningbo,normal,dispatched
ORD_0002589,CUST_00032,WH_003,2026-01-14 09:06:00,2026-01-15,Henan,Luoyang,normal,delivered
ORD_0002590,CUST_00003,WH_001,2026-01-14 08:54:00,2026-01-15,Henan,Zhengzhou,normal,delivered
ORD_0002591,CUST_00120,WH_002,2026-01-14 10:09:00,2026-01-15,Guangdong,Dongguan,normal,dispatched
ORD_0002592,CUST_00153,WH_002,2026-01-14 09:41:00,2026-01-16,Zhejiang,Wenzhou,high,picked
ORD_0002593,CUST_00020,WH_001,2026-01-14 10:17:00,2026-01-15,Jiangsu,Nanjing,normal,picked
ORD_0002594,CUST_00140,WH_002,2026-01-14 08:24:00,2026-01-15,Zhejiang,Ningbo,normal,picked
ORD_0002595,CUST_00129,WH_001,2026-01-14 15:37:00,2026-01-15,Hubei,Yichang,normal,delivered
ORD_0002596,CUST_00197,WH_001,2026-01-14 21:23:00,2026-01-15,Jiangsu,Nanjing,normal,picking
ORD_0002597,CUST_00098,WH_003,2026-01-14 21:42:00,2026-01-15,Zhejiang,Hangzhou,normal,delivered
ORD_0002598,CUST_00043,WH_003,2026-01-14 14:17:00,2026-01-15,Zhejiang,Hangzhou,normal,picking
ORD_0002599,CUST_00038,WH_001,2026-01-14 12:44:00,2026-01-15,Hubei,Yichang,normal,dispatched
ORD_0002600,CUST_00023,WH_001,2026-01-14 20:48:00,2026-01-15,Guangdong,Dongguan,normal,picking
ORD_0002601,CUST_00179,WH_001,2026-01-14 17:59:00,2026-01-16,Henan,Zhengzhou,normal,picked
ORD_0002602,CUST_00023,WH_002,2026-01-14 06:06:00,2026-01-15,Guangdong,Dongguan,normal,picked
ORD_0002603,CUST_00067,WH_001,2026-01-14 08:45:00,2026-01-15,Zhejiang,Wenzhou,normal,picked
ORD_0002604,CUST_00166,WH_002,2026-01-14 09:33:00,2026-01-15,Henan,Luoyang,normal,picked
ORD_0002605,CUST_00023,WH_002,2026-01-14 09:32:00,2026-01-15,Guangdong,Dongguan,normal,delivered
ORD_0002606,CUST_00159,WH_002,2026-01-14 08:45:00,2026-01-15,Guangdong,Shenzhen,normal,picked
ORD_0002607,CUST_00066,WH_003,2026-01-14 20:20:00,2026-01-15,Zhejiang,Hangzhou,normal,dispatched
ORD_0002608,CUST_00081,WH_002,2026-01-14 07:48:00,2026-01-16,Hubei,Xiangyang,normal,dispatched
ORD_0002609,CUST_00179,WH_001,2026-01-14 07:10:00,2026-01-15,Henan,Zhengzhou,normal,pending
ORD_0002610,CUST_00029,WH_001,2026-01-14 14:54:00,2026-01-16,Zhejiang,Ningbo,normal,picking
ORD_0002611,CUST_00016,WH_002,2026-01-14 07:39:00,2026-01-15,Sichuan,Mianyang,normal,delivered
ORD_0002612,CUST_00130,WH_001,2026-01-14 21:15:00,2026-01-15,Henan,Zhengzhou,high,pending
ORD_0002613,CUST_00170,WH_001,2026-01-14 21:36:00,2026-01-15,Henan,Luoyang,normal,picking
ORD_0002614,CUST_00015,WH_003,2026-01-14 10:22:00,2026-01-15,Guangdong,Guangzhou,normal,picked
ORD_0002615,CUST_00054,WH_002,2026-01-14 15:34:00,2026-01-15,Guangdong,Dongguan,high,picked
ORD_0002616,CUST_00171,WH_001,2026-01-14 20:31:00,2026-01-16,Guangdong,Guangzhou,normal,delivered
ORD_0002617,CUST_00050,WH_001,2026-01-14 08:02:00,2026-01-15,Shandong,Jinan,normal,pending
ORD_0002618,CUST_00139,WH_003,2026-01-14 16:03:00,2026-01-15,Zhejiang,Ningbo,normal,delivered
ORD_0002619,CUST_00167,WH_003,2026-01-14 11:17:00,2026-01-16,Zhejiang,Ningbo,normal,delivered
ORD_0002620,CUST_00108,WH_002,2026-01-14 06:08:00,2026-01-15,Jiangsu,Nanjing,normal,picking
ORD_0002621,CUST_00062,WH_001,2026-01-14 21:24:00,2026-01-15,Zhejiang,Wenzhou,normal,delivered
ORD_0002622,CUST_00067,WH_003,2026-01-14 07:42:00,2026-01-15,Zhejiang,Wenzhou,normal,pending
ORD_0002623,CUST_00169,WH_003,2026-01-14 16:21:00,2026-01-15,Shandong,Jinan,normal,picked
ORD_0002624,CUST_00141,WH_003,2026-01-14 13:46:00,2026-01-15,Henan,Luoyang,normal,pending
ORD_0002625,CUST_00086,WH_002,2026-01-14 07:20:00,2026-01-15,Guangdong,Dongguan,normal,delivered
ORD_0002626,CUST_00160,WH_001,2026-01-14 18:19:00,2026-01-15,Shandong,Qingdao,normal,picked
ORD_0002627,CUST_00042,WH_001,2026-01-14 15:03:00,2026-01-15,Jiangsu,Suzhou,normal,picked
ORD_0002628,CUST_00024,WH_001,2026-01-14 09:29:00,2026-01-15,Jiangsu,Wuxi,normal,dispatched
ORD_0002629,CUST_00062,WH_002,2026-01-14 07:04:00,2026-01-15,Zhejiang,Wenzhou,normal,dispatched
ORD_0002630,CUST_00008,WH_003,2026-01-14 21:08:00,2026-01-15,Hubei,Wuhan,urgent,picking
ORD_0002631,CUST_00085,WH_001,2026-01-14 19:59:00,2026-01-15,Shandong,Qingdao,normal,pending
ORD_0002632,CUST_00096,WH_003,2026-01-14 18:20:00,2026-01-15,Hubei,Yichang,normal,pending
ORD_0002633,CUST_00129,WH_002,2026-01-14 08:36:00,2026-01-15,Hubei,Yichang,normal,picking
ORD_0002634,CUST_00065,WH_003,2026-01-14 15:01:00,2026-01-15,Shandong,Jinan,normal,pending
ORD_0002635,CUST_00168,WH_002,2026-01-14 08:48:00,2026-01-15,Hubei,Wuhan,normal,picked
ORD_0002636,CUST_00180,WH_003,2026-01-14 11:28:00,2026-01-15,Shandong,Yantai,normal,dispatched
ORD_0002637,CUST_00107,WH_002,2026-01-14 09:59:00,2026-01-15,Henan,Luoyang,normal,delivered
ORD_0002638,CUST_00020,WH_002,2026-01-14 11:49:00,2026-01-15,Jiangsu,Nanjing,normal,delivered
ORD_0002639,CUST_00008,WH_003,2026-01-14 14:42:00,2026-01-15,Hubei,Wuhan,normal,picked
ORD_0002640,CUST_00008,WH_003,2026-01-14 20:34:00,2026-01-15,Hubei,Wuhan,normal,dispatched
ORD_0002641,CUST_00178,WH_001,2026-01-14 09:49:00,2026-01-15,Shandong,Jinan,normal,dispatched
ORD_0002642,CUST_00190,WH_003,2026-01-14 07:24:00,2026-01-15,Henan,Luoyang,normal,dispatched
ORD_0002643,CUST_00189,WH_002,2026-01-14 15:28:00,2026-01-15,Hubei,Xiangyang,normal,picking
ORD_0002644,CUST_00153,WH_002,2026-01-14 08:01:00,2026-01-15,Zhejiang,Wenzhou,normal,dispatched
ORD_0002645,CUST_00033,WH_002,2026-01-14 13:54:00,2026-01-15,Jiangsu,Nanjing,normal,pending
ORD_0002646,CUST_00083,WH_003,2026-01-14 15:01:00,2026-01-15,Zhejiang,Ningbo,urgent,picked
ORD_0002647,CUST_00155,WH_001,2026-01-14 19:26:00,2026-01-15,Sichuan,Chengdu,high,dispatched
ORD_0002648,CUST_00038,WH_003,2026-01-14 11:33:00,2026-01-15,Hubei,Yichang,normal,picked
ORD_0002649,CUST_00126,WH_002,2026-01-14 15:19:00,2026-01-15,Jiangsu,Nanjing,normal,dispatched
ORD_0002650,CUST_00136,WH_003,2026-01-14 19:48:00,2026-01-16,Hubei,Yichang,normal,picked
ORD_0002651,CUST_00004,WH_002,2026-01-14 17:51:00,2026-01-15,Jiangsu,Nanjing,high,dispatched
ORD_0002652,CUST_00026,WH_002,2026-01-14 06:36:00,2026-01-15,Guangdong,Guangzhou,normal,delivered
ORD_0002653,CUST_00167,WH_001,2026-01-14 06:30:00,2026-01-15,Zhejiang,Ningbo,normal,picked
ORD_0002654,CUST_00184,WH_003,2026-01-14 10:06:00,2026-01-15,Jiangsu,Nanjing,normal,picked
ORD_0002655,CUST_00038,WH_003,2026-01-14 17:51:00,2026-01-15,Hubei,Yichang,normal,dispatched
ORD_0002656,CUST_00114,WH_001,2026-01-14 20:27:00,2026-01-15,Zhejiang,Ningbo,normal,picked
ORD_0002657,CUST_00154,WH_001,2026-01-14 14:03:00,2026-01-15,Guangdong,Dongguan,normal,picking
ORD_0002658,CUST_00065,WH_002,2026-01-14 12:18:00,2026-01-15,Shandong,Jinan,high,picked
ORD_0002659,CUST_00069,WH_001,2026-01-14 08:17:00,2026-01-15,Sichuan,Chengdu,normal,picking
ORD_0002660,CUST_00148,WH_003,2026-01-14 19:59:00,2026-01-15,Jiangsu,Suzhou,normal,dispatched
ORD_0002661,CUST_00136,WH_003,2026-01-14 19:48:00,2026-01-15,Hubei,Yichang,normal,pending
ORD_0002662,CUST_00154,WH_001,2026-01-14 21:16:00,2026-01-15,Guangdong,Dongguan,normal,delivered
ORD_0002663,CUST_00114,WH_003,2026-01-14 19:24:00,2026-01-15,Zhejiang,Ningbo,urgent,picking
ORD_0002664,CUST_00138,WH_003,2026-01-14 17:11:00,2026-01-15,Guangdong,Shenzhen,high,picked
ORD_0002665,CUST_00170,WH_003,2026-01-14 19:01:00,2026-01-15,Henan,Luoyang,normal,dispatched
ORD_0002666,CUST_00049,WH_001,2026-01-14 18:04:00,2026-01-15,Shandong,Qingdao,normal,pending
ORD_0002667,CUST_00177,WH_003,2026-01-14 09:56:00,2026-01-16,Zhejiang,Ningbo,normal,picked
ORD_0002668,CUST_00021,WH_001,2026-01-14 06:16:00,2026-01-15,Guangdong,Shenzhen,normal,dispatched
ORD_0002669,CUST_00086,WH_001,2026-01-14 07:28:00,2026-01-15,Guangdong,Dongguan,normal,picked
ORD_0002670,CUST_00146,WH_001,2026-01-14 07:53:00,2026-01-16,Zhejiang,Hangzhou,normal,picked
ORD_0002671,CUST_00177,WH_003,2026-01-14 07:39:00,2026-01-15,Zhejiang,Ningbo,normal,picking
ORD_0002672,CUST_00171,WH_003,2026-01-14 13:18:00,2026-01-15,Guangdong,Guangzhou,normal,picked
ORD_0002673,CUST_00114,WH_002,2026-01-14 08:46:00,2026-01-15,Zhejiang,Ningbo,normal,picked
ORD_0002674,CUST_00033,WH_003,2026-01-14 08:12:00,2026-01-15,Jiangsu,Nanjing,normal,pending
ORD_0002675,CUST_00135,WH_003,2026-01-14 10:09:00,2026-01-16,Shandong,Yantai,normal,dispatched
ORD_0002676,CUST_00053,WH_002,2026-01-14 07:43:00,2026-01-15,Guangdong,Dongguan,normal,picking
ORD_0002677,CUST_00161,WH_002,2026-01-14 12:46:00,2026-01-15,Guangdong,Dongguan,normal,picking
ORD_0002678,CUST_00121,WH_001,2026-01-14 21:01:00,2026-01-15,Sichuan,Deyang,normal,picked
ORD_0002679,CUST_00067,WH_001,2026-01-14 07:53:00,2026-01-15,Zhejiang,Wenzhou,normal,picked
ORD_0002680,CUST_00049,WH_003,2026-01-14 10:53:00,2026-01-15,Shandong,Qingdao,urgent,picked
ORD_0002681,CUST_00179,WH_001,2026-01-14 08:00:00,2026-01-15,Henan,Zhengzhou,normal,dispatched
ORD_0002682,CUST_00105,WH_002,2026-01-14 16:34:00,2026-01-15,Sichuan,Chengdu,normal,picking
ORD_0002683,CUST_00196,WH_001,2026-01-14 11:28:00,2026-01-15,Henan,Zhengzhou,normal,delivered
ORD_0002684,CUST_00002,WH_001,2026-01-14 08:05:00,2026-01-15,Sichuan,Deyang,normal,picking
ORD_0002685,CUST_00045,WH_002,2026-01-14 09:23:00,2026-01-15,Sichuan,Chengdu,normal,picking
ORD_0002686,CUST_00017,WH_002,2026-01-14 17:38:00,2026-01-15,Shandong,Yantai,normal,dispatched
ORD_0002687,CUST_00044,WH_001,2026-01-14 21:44:00,2026-01-15,Henan,Luoyang,normal,picking
ORD_0002688,CUST_00109,WH_002,2026-01-14 17:27:00,2026-01-15,Shandong,Jinan,normal,picked
ORD_0002689,CUST_00011,WH_003,2026-01-14 09:38:00,2026-01-15,Guangdong,Dongguan,urgent,picked
ORD_0002690,CUST_00094,WH_003,2026-01-14 09:47:00,2026-01-15,Henan,Zhengzhou,normal,dispatched
ORD_0002691,CUST_00075,WH_001,2026-01-14 16:53:00,2026-01-15,Sichuan,Deyang,normal,picked
ORD_0002692,CUST_00173,WH_003,2026-01-14 17:28:00,2026-01-15,Henan,Kaifeng,normal,dispatched
ORD_0002693,CUST_00030,WH_003,2026-01-14 12:53:00,2026-01-15,Hubei,Xiangyang,normal,picked
ORD_0002694,CUST_00066,WH_002,2026-01-14 13:42:00,2026-01-15,Zhejiang,Hangzhou,normal,dispatched
ORD_0002695,CUST_00121,WH_002,2026-01-14 16:42:00,2026-01-15,Sichuan,Deyang,normal,picking
ORD_0002696,CUST_00009,WH_003,2026-01-14 12:28:00,2026-01-15,Sichuan,Mianyang,high,picked
ORD_0002697,CUST_00083,WH_001,2026-01-14 19:13:00,2026-01-15,Zhejiang,Ningbo,normal,dispatched
ORD_0002698,CUST_00128,WH_001,2026-01-14 13:54:00,2026-01-15,Zhejiang,Wenzhou,normal,dispatched
ORD_0002699,CUST_00155,WH_002,2026-01-14 14:03:00,2026-01-15,Sichuan,Chengdu,normal,picking
ORD_0002700,CUST_00080,WH_003,2026-01-14 19:43:00,2026-01-15,Jiangsu,Nanjing,normal,picked
ORD_0002701,CUST_00159,WH_003,2026-01-14 09:35:00,2026-01-15,Guangdong,Shenzhen,normal,dispatched
ORD_0002702,CUST_00153,WH_003,2026-01-14 16:01:00,2026-01-15,Zhejiang,Wenzhou,normal,dispatched
ORD_0002703,CUST_00141,WH_003,2026-01-14 16:51:00,2026-01-15,Henan,Luoyang,normal,picked
ORD_0002704,CUST_00116,WH_003,2026-01-14 09:50:00,2026-01-15,Henan,Kaifeng,normal,dispatched
ORD_0002705,CUST_00105,WH_001,2026-01-14 14:31:00,2026-01-15,Sichuan,Chengdu,normal,pending
ORD_0002706,CUST_00033,WH_002,2026-01-14 15:36:00,2026-01-15,Jiangsu,Nanjing,high,dispatched
ORD_0002707,CUST_00151,WH_002,2026-01-14 09:57:00,2026-01-15,Hubei,Yichang,high,picked
ORD_0002708,CUST_00104,WH_002,2026-01-14 19:25:00,2026-01-15,Zhejiang,Ningbo,normal,picking
ORD_0002709,CUST_00061,WH_003,2026-01-14 21:50:00,2026-01-15,Shandong,Qingdao,high,picking
ORD_0002710,CUST_00184,WH_002,2026-01-14 16:08:00,2026-01-15,Jiangsu,Nanjing,normal,dispatched
ORD_0002711,CUST_00175,WH_001,2026-01-14 06:39:00,2026-01-15,Sichuan,Deyang,normal,dispatched
ORD_0002712,CUST_00144,WH_001,2026-01-14 16:56:00,2026-01-15,Shandong,Qingdao,normal,picking
ORD_0002713,CUST_00128,WH_003,2026-01-14 17:20:00,2026-01-16,Zhejiang,Wenzhou,normal,delivered
ORD_0002714,CUST_00076,WH_002,2026-01-14 11:01:00,2026-01-15,Sichuan,Mianyang,normal,picked
ORD_0002715,CUST_00082,WH_003,2026-01-14 13:17:00,2026-01-16,Zhejiang,Wenzhou,high,dispatched
ORD_0002716,CUST_00047,WH_001,2026-01-14 18:03:00,2026-01-15,Zhejiang,Ningbo,normal,picked
ORD_0002717,CUST_00032,WH_002,2026-01-14 12:04:00,2026-01-15,Henan,Luoyang,normal,delivered
ORD_0002718,CUST_00071,WH_001,2026-01-14 13:25:00,2026-01-15,Sichuan,Chengdu,normal,delivered
ORD_0002719,CUST_00135,WH_001,2026-01-14 17:30:00,2026-01-15,Shandong,Yantai,normal,pending
ORD_0002720,CUST_00098,WH_001,2026-01-14 14:00:00,2026-01-15,Zhejiang,Hangzhou,normal,picked
ORD_0002721,CUST_00151,WH_002,2026-01-14 08:25:00,2026-01-16,Hubei,Yichang,normal,delivered
ORD_0002722,CUST_00037,WH_003,2026-01-14 10:09:00,2026-01-15,Jiangsu,Wuxi,high,picking
ORD_0002723,CUST_00094,WH_002,2026-01-14 21:08:00,2026-01-16,Henan,Zhengzhou,high,picking
ORD_0002724,CUST_00013,WH_002,2026-01-14 18:32:00,2026-01-16,Hubei,Wuhan,high,dispatched
ORD_0002725,CUST_00170,WH_003,2026-01-14 09:11:00,2026-01-15,Henan,Luoyang,normal,dispatched
ORD_0002726,CUST_00112,WH_002,2026-01-14 19:27:00,2026-01-15,Guangdong,Guangzhou,normal,picking
ORD_0002727,CUST_00114,WH_003,2026-01-14 10:11:00,2026-01-15,Zhejiang,Ningbo,normal,dispatched
ORD_0002728,CUST_00121,WH_001,2026-01-14 21:26:00,2026-01-16,Sichuan,Deyang,normal,dispatched
ORD_0002729,CUST_00004,WH_003,2026-01-14 13:48:00,2026-01-15,Jiangsu,Nanjing,high,delivered
ORD_0002730,CUST_00185,WH_001,2026-01-14 12:44:00,2026-01-15,Guangdong,Dongguan,normal,picked
ORD_0002731,CUST_00176,WH_001,2026-01-14 10:04:00,2026-01-15,Henan,Luoyang,normal,pending
ORD_0002732,CUST_00024,WH_002,2026-01-14 11:04:00,2026-01-15,Jiangsu,Wuxi,normal,dispatched
ORD_0002733,CUST_00004,WH_001,2026-01-14 16:36:00,2026-01-16,Jiangsu,Nanjing,high,pending
ORD_0002734,CUST_00143,WH_003,2026-01-14 19:35:00,2026-01-15,Guangdong,Dongguan,normal,picked
ORD_0002735,CUST_00159,WH_001,2026-01-14 17:24:00,2026-01-15,Guangdong,Shenzhen,normal,picked
ORD_0002736,CUST_00065,WH_002,2026-01-14 14:34:00,2026-01-15,Shandong,Jinan,normal,dispatched
ORD_0002737,CUST_00087,WH_003,2026-01-14 12:29:00,2026-01-16,Guangdong,Guangzhou,normal,picking
ORD_0002738,CUST_00033,WH_003,2026-01-14 08:26:00,2026-01-15,Jiangsu,Nanjing,normal,delivered
ORD_0002739,CUST_00154,WH_001,2026-01-14 20:32:00,2026-01-16,Guangdong,Dongguan,high,picked
ORD_0002740,CUST_00034,WH_001,2026-01-14 21:26:00,2026-01-15,Jiangsu,Suzhou,normal,dispatched
ORD_0002741,CUST_00168,WH_001,2026-01-14 20:49:00,2026-01-15,Hubei,Wuhan,high,picked
ORD_0002742,CUST_00141,WH_002,2026-01-14 07:14:00,2026-01-15,Henan,Luoyang,normal,picking
ORD_0002743,CUST_00172,WH_001,2026-01-14 06:09:00,2026-01-15,Sichuan,Deyang,normal,dispatched
ORD_0002744,CUST_00113,WH_002,2026-01-14 08:28:00,2026-01-15,Shandong,Qingdao,urgent,picking
ORD_0002745,CUST_00110,WH_001,2026-01-14 15:10:00,2026-01-15,Zhejiang,Ningbo,high,dispatched
ORD_0002746,CUST_00056,WH_002,2026-01-14 10:39:00,2026-01-15,Shandong,Yantai,normal,picking
ORD_0002747,CUST_00169,WH_001,2026-01-14 19:56:00,2026-01-15,Shandong,Jinan,normal,delivered
ORD_0002748,CUST_00091,WH_001,2026-01-14 08:02:00,2026-01-15,Zhejiang,Ningbo,normal,dispatched
ORD_0002749,CUST_00016,WH_002,2026-01-14 10:26:00,2026-01-15,Sichuan,Mianyang,high,picking
ORD_0002750,CUST_00026,WH_003,2026-01-14 09:31:00,2026-01-15,Guangdong,Guangzhou,normal,delivered
ORD_0002751,CUST_00107,WH_002,2026-01-14 12:04:00,2026-01-15,Henan,Luoyang,normal,picked
ORD_0002752,CUST_00168,WH_003,2026-01-14 21:38:00,2026-01-15,Hubei,Wuhan,high,dispatched
ORD_0002753,CUST_00143,WH_001,2026-01-14 15:19:00,2026-01-16,Guangdong,Dongguan,high,picked
ORD_0002754,CUST_00006,WH_003,2026-01-14 10:30:00,2026-01-15,Zhejiang,Ningbo,high,picked
ORD_0002755,CUST_00008,WH_003,2026-01-14 19:10:00,2026-01-15,Hubei,Wuhan,normal,pending
ORD_0002756,CUST_00102,WH_001,2026-01-14 10:32:00,2026-01-15,Sichuan,Chengdu,normal,delivered
ORD_0002757,CUST_00166,WH_003,2026-01-14 16:26:00,2026-01-15,Henan,Luoyang,normal,picking
ORD_0002758,CUST_00036,WH_003,2026-01-14 07:35:00,2026-01-16,Sichuan,Mianyang,normal,picking
ORD_0002759,CUST_00021,WH_003,2026-01-14 10:43:00,2026-01-15,Guangdong,Shenzhen,high,picking
ORD_0002760,CUST_00063,WH_002,2026-01-14 21:03:00,2026-01-15,Henan,Luoyang,normal,picking
ORD_0002761,CUST_00103,WH_001,2026-01-14 16:46:00,2026-01-15,Zhejiang,Hangzhou,urgent,picked
ORD_0002762,CUST_00022,WH_001,2026-01-14 09:39:00,2026-01-15,Zhejiang,Wenzhou,high,delivered
ORD_0002763,CUST_00199,WH_003,2026-01-14 08:59:00,2026-01-15,Guangdong,Dongguan,normal,picked
ORD_0002764,CUST_00025,WH_002,2026-01-14 10:36:00,2026-01-15,Hubei,Yichang,normal,picked
ORD_0002765,CUST_00097,WH_003,2026-01-14 19:50:00,2026-01-16,Hubei,Yichang,normal,picking
ORD_0002766,CUST_00127,WH_001,2026-01-14 06:47:00,2026-01-15,Henan,Luoyang,normal,delivered
ORD_0002767,CUST_00064,WH_001,2026-01-14 19:56:00,2026-01-15,Zhejiang,Wenzhou,normal,dispatched
ORD_0002768,CUST_00178,WH_002,2026-01-14 10:06:00,2026-01-15,Shandong,Jinan,normal,dispatched
ORD_0002769,CUST_00103,WH_003,2026-01-14 16:49:00,2026-01-15,Zhejiang,Hangzhou,normal,picking
ORD_0002770,CUST_00188,WH_001,2026-01-14 15:35:00,2026-01-15,Shandong,Qingdao,normal,dispatched
ORD_0002771,CUST_00030,WH_001,2026-01-14 12:50:00,2026-01-15,Hubei,Xiangyang,normal,dispatched
ORD_0002772,CUST_00020,WH_001,2026-01-14 11:50:00,2026-01-15,Jiangsu,Nanjing,normal,delivered
ORD_0002773,CUST_00118,WH_002,2026-01-14 09:39:00,2026-01-15,Sichuan,Mianyang,normal,delivered
ORD_0002774,CUST_00047,WH_002,2026-01-14 19:17:00,2026-01-15,Zhejiang,Ningbo,normal,picking
ORD_0002775,CUST_00134,WH_001,2026-01-14 16:36:00,2026-01-15,Sichuan,Mianyang,normal,dispatched
ORD_0002776,CUST_00199,WH_003,2026-01-14 10:06:00,2026-01-15,Guangdong,Dongguan,normal,picked
ORD_0002777,CUST_00157,WH_003,2026-01-14 16:31:00,2026-01-15,Guangdong,Guangzhou,normal,pending
ORD_0002778,CUST_00090,WH_002,2026-01-14 09:09:00,2026-01-16,Hubei,Yichang,high,picked
ORD_0002779,CUST_00057,WH_001,2026-01-14 07:17:00,2026-01-15,Guangdong,Dongguan,normal,delivered
ORD_0002780,CUST_00072,WH_002,2026-01-14 20:01:00,2026-01-15,Zhejiang,Wenzhou,normal,dispatched
ORD_0002781,CUST_00179,WH_003,2026-01-14 14:56:00,2026-01-15,Henan,Zhengzhou,normal,dispatched
ORD_0002782,CUST_00162,WH_003,2026-01-14 18:09:00,2026-01-15,Zhejiang,Ningbo,normal,delivered
ORD_0002783,CUST_00157,WH_003,2026-01-14 15:38:00,2026-01-15,Guangdong,Guangzhou,normal,dispatched
ORD_0002784,CUST_00105,WH_003,2026-01-14 14:48:00,2026-01-15,Sichuan,Chengdu,normal,picked
ORD_0002785,CUST_00105,WH_003,2026-01-14 12:56:00,2026-01-15,Sichuan,Chengdu,normal,picked
ORD_0002786,CUST_00080,WH_002,2026-01-14 07:35:00,2026-01-15,Jiangsu,Nanjing,normal,pending
ORD_0002787,CUST_00021,WH_003,2026-01-14 19:18:00,2026-01-15,Guangdong,Shenzhen,normal,picked
ORD_0002788,CUST_00039,WH_002,2026-01-14 11:27:00,2026-01-15,Shandong,Qingdao,normal,dispatched
ORD_0002789,CUST_00107,WH_001,2026-01-14 20:37:00,2026-01-15,Henan,Luoyang,normal,dispatched
ORD_0002790,CUST_00185,WH_001,2026-01-14 06:35:00,2026-01-16,Guangdong,Dongguan,high,dispatched
ORD_0002791,CUST_00071,WH_002,2026-01-14 06:01:00,2026-01-15,Sichuan,Chengdu,normal,picked
ORD_0002792,CUST_00164,WH_001,2026-01-14 13:17:00,2026-01-16,Zhejiang,Wenzhou,normal,pending
ORD_0002793,CUST_00090,WH_001,2026-01-14 08:13:00,2026-01-15,Hubei,Yichang,high,dispatched
ORD_0002794,CUST_00054,WH_001,2026-01-14 17:18:00,2026-01-15,Guangdong,Dongguan,high,delivered
ORD_0002795,CUST_00123,WH_003,2026-01-14 13:10:00,2026-01-15,Guangdong,Guangzhou,high,dispatched
ORD_0002796,CUST_00179,WH_002,2026-01-14 21:56:00,2026-01-15,Henan,Zhengzhou,normal,delivered
ORD_0002797,CUST_00032,WH_003,2026-01-14 07:03:00,2026-01-15,Henan,Luoyang,normal,dispatched
ORD_0002798,CUST_00025,WH_002,2026-01-14 15:46:00,2026-01-15,Hubei,Yichang,urgent,picked
ORD_0002799,CUST_00024,WH_001,2026-01-14 09:33:00,2026-01-15,Jiangsu,Wuxi,normal,picked
ORD_0002800,CUST_00050,WH_003,2026-01-14 18:14:00,2026-01-15,Shandong,Jinan,normal,picked
ORD_0002801,CUST_00056,WH_002,2026-01-14 14:19:00,2026-01-15,Shandong,Yantai,normal,picking
ORD_0002802,CUST_00041,WH_001,2026-01-14 17:52:00,2026-01-15,Jiangsu,Nanjing,normal,delivered
ORD_0002803,CUST_00051,WH_003,2026-01-14 16:49:00,2026-01-15,Hubei,Yichang,normal,dispatched
ORD_0002804,CUST_00151,WH_003,2026-01-14 11:24:00,2026-01-16,Hubei,Yichang,normal,dispatched
ORD_0002805,CUST_00165,WH_001,2026-01-14 17:15:00,2026-01-15,Shandong,Yantai,normal,picked
ORD_0002806,CUST_00093,WH_001,2026-01-14 17:36:00,2026-01-15,Guangdong,Guangzhou,normal,picked
ORD_0002807,CUST_00140,WH_003,2026-01-14 12:38:00,2026-01-15,Zhejiang,Ningbo,high,delivered
ORD_0002808,CUST_00137,WH_001,2026-01-14 14:32:00,2026-01-15,Henan,Kaifeng,normal,picking
ORD_0002809,CUST_00122,WH_003,2026-01-14 11:08:00,2026-01-15,Jiangsu,Nanjing,normal,pending
ORD_0002810,CUST_00122,WH_001,2026-01-14 07:39:00,2026-01-15,Jiangsu,Nanjing,urgent,dispatched
ORD_0002811,CUST_00002,WH_002,2026-01-14 17:23:00,2026-01-15,Sichuan,Deyang,normal,dispatched
ORD_0002812,CUST_00196,WH_002,2026-01-14 13:00:00,2026-01-15,Henan,Zhengzhou,urgent,picked
ORD_0002813,CUST_00068,WH_001,2026-01-14 07:53:00,2026-01-16,Shandong,Qingdao,normal,picking
ORD_0002814,CUST_00049,WH_001,2026-01-14 09:01:00,2026-01-15,Shandong,Qingdao,normal,picked
ORD_0002815,CUST_00149,WH_002,2026-01-14 12:55:00,2026-01-15,Henan,Zhengzhou,normal,dispatched
ORD_0002816,CUST_00074,WH_002,2026-01-14 12:56:00,2026-01-15,Sichuan,Mianyang,normal,picking
ORD_0002817,CUST_00043,WH_001,2026-01-14 20:48:00,2026-01-15,Zhejiang,Hangzhou,normal,pending
ORD_0002818,CUST_00076,WH_002,2026-01-14 14:45:00,2026-01-15,Sichuan,Mianyang,normal,picked
ORD_0002819,CUST_00073,WH_002,2026-01-14 06:14:00,2026-01-15,Jiangsu,Wuxi,normal,dispatched
ORD_0002820,CUST_00135,WH_002,2026-01-14 14:41:00,2026-01-15,Shandong,Yantai,normal,picked
ORD_0002821,CUST_00121,WH_003,2026-01-14 06:53:00,2026-01-15,Sichuan,Deyang,normal,picked
ORD_0002822,CUST_00036,WH_003,2026-01-14 08:07:00,2026-01-15,Sichuan,Mianyang,normal,delivered
ORD_0002823,CUST_00010,WH_002,2026-01-14 16:40:00,2026-01-15,Sichuan,Mianyang,normal,dispatched
ORD_0002824,CUST_00068,WH_001,2026-01-14 11:45:00,2026-01-15,Shandong,Qingdao,normal,picked
ORD_0002825,CUST_00120,WH_002,2026-01-14 17:30:00,2026-01-15,Guangdong,Dongguan,high,dispatched
ORD_0002826,CUST_00140,WH_003,2026-01-14 06:48:00,2026-01-15,Zhejiang,Ningbo,normal,pending
ORD_0002827,CUST_00162,WH_003,2026-01-14 16:38:00,2026-01-15,Zhejiang,Ningbo,normal,dispatched
ORD_0002828,CUST_00063,WH_002,2026-01-14 18:02:00,2026-01-15,Henan,Luoyang,normal,picked
ORD_0002829,CUST_00182,WH_002,2026-01-14 15:31:00,2026-01-15,Zhejiang,Hangzhou,normal,picking
ORD_0002830,CUST_00142,WH_001,2026-01-14 11:54:00,2026-01-15,Hubei,Wuhan,normal,picking
ORD_0002831,CUST_00010,WH_003,2026-01-14 06:41:00,2026-01-16,Sichuan,Mianyang,normal,pending
ORD_0002832,CUST_00181,WH_001,2026-01-14 10:17:00,2026-01-15,Hubei,Yichang,normal,picked
ORD_0002833,CUST_00107,WH_001,2026-01-14 16:15:00,2026-01-15,Henan,Luoyang,normal,pending
ORD_0002834,CUST_00087,WH_002,2026-01-14 20:11:00,2026-01-15,Guangdong,Guangzhou,normal,picking
ORD_0002835,CUST_00149,WH_001,2026-01-14 12:51:00,2026-01-15,Henan,Zhengzhou,high,dispatched
ORD_0002836,CUST_00023,WH_001,2026-01-14 09:36:00,2026-01-15,Guangdong,Dongguan,normal,picked
ORD_0002837,CUST_00116,WH_003,2026-01-14 16:45:00,2026-01-15,Henan,Kaifeng,normal,pending
ORD_0002838,CUST_00117,WH_002,2026-01-14 17:55:00,2026-01-15,Zhejiang,Wenzhou,normal,dispatched
ORD_0002839,CUST_00132,WH_003,2026-01-14 12:43:00,2026-01-15,Zhejiang,Ningbo,normal,delivered
ORD_0002840,CUST_00063,WH_003,2026-01-14 09:30:00,2026-01-16,Henan,Luoyang,normal,picking
ORD_0002841,CUST_00032,WH_001,2026-01-14 07:17:00,2026-01-15,Henan,Luoyang,normal,picked
ORD_0002842,CUST_00068,WH_002,2026-01-14 06:57:00,2026-01-15,Shandong,Qingdao,normal,delivered
ORD_0002843,CUST_00180,WH_002,2026-01-14 12:43:00,2026-01-15,Shandong,Yantai,normal,picking
ORD_0002844,CUST_00063,WH_003,2026-01-14 17:44:00,2026-01-15,Henan,Luoyang,normal,dispatched
ORD_0002845,CUST_00050,WH_001,2026-01-14 12:01:00,2026-01-15,Shandong,Jinan,normal,picked
ORD_0002846,CUST_00138,WH_001,2026-01-14 16:30:00,2026-01-15,Guangdong,Shenzhen,normal,picking
ORD_0002847,CUST_00017,WH_001,2026-01-14 14:44:00,2026-01-15,Shandong,Yantai,normal,pending
ORD_0002848,CUST_00082,WH_001,2026-01-14 17:32:00,2026-01-15,Zhejiang,Wenzhou,high,picking
ORD_0002849,CUST_00051,WH_002,2026-01-14 20:56:00,2026-01-15,Hubei,Yichang,normal,delivered
ORD_0002850,CUST_00095,WH_001,2026-01-14 16:30:00,2026-01-16,Zhejiang,Ningbo,normal,pending
ORD_0002851,CUST_00141,WH_002,2026-01-14 16:12:00,2026-01-16,Henan,Luoyang,normal,dispatched
ORD_0002852,CUST_00169,WH_002,2026-01-14 17:34:00,2026-01-16,Shandong,Jinan,urgent,pending
ORD_0002853,CUST_00143,WH_001,2026-01-14 17:31:00,2026-01-15,Guangdong,Dongguan,normal,delivered
ORD_0002854,CUST_00072,WH_001,2026-01-14 10:31:00,2026-01-16,Zhejiang,Wenzhou,normal,picking
ORD_0002855,CUST_00100,WH_001,2026-01-14 12:23:00,2026-01-15,Zhejiang,Wenzhou,high,dispatched
ORD_0002856,CUST_00044,WH_002,2026-01-14 12:51:00,2026-01-15,Henan,Luoyang,normal,picked
ORD_0002857,CUST_00174,WH_001,2026-01-14 09:29:00,2026-01-15,Guangdong,Dongguan,normal,delivered
ORD_0002858,CUST_00081,WH_002,2026-01-14 15:04:00,2026-01-15,Hubei,Xiangyang,normal,dispatched
ORD_0002859,CUST_00013,WH_002,2026-01-14 14:08:00,2026-01-15,Hubei,Wuhan,normal,picked
ORD_0002860,CUST_00007,WH_002,2026-01-14 15:17:00,2026-01-15,Sichuan,Deyang,normal,picked
ORD_0002861,CUST_00169,WH_003,2026-01-14 19:16:00,2026-01-15,Shandong,Jinan,urgent,picking
ORD_0002862,CUST_00098,WH_003,2026-01-14 07:30:00,2026-01-16,Zhejiang,Hangzhou,normal,picking
ORD_0002863,CUST_00065,WH_001,2026-01-14 12:18:00,2026-01-15,Shandong,Jinan,normal,picked
ORD_0002864,CUST_00030,WH_002,2026-01-14 06:39:00,2026-01-15,Hubei,Xiangyang,normal,picked
ORD_0002865,CUST_00054,WH_002,2026-01-14 08:03:00,2026-01-15,Guangdong,Dongguan,urgent,pending
ORD_0002866,CUST_00004,WH_001,2026-01-14 17:35:00,2026-01-15,Jiangsu,Nanjing,normal,picked
ORD_0002867,CUST_00013,WH_002,2026-01-14 09:11:00,2026-01-15,Hubei,Wuhan,normal,picked
ORD_0002868,CUST_00039,WH_002,2026-01-14 15:30:00,2026-01-15,Shandong,Qingdao,normal,dispatched
ORD_0002869,CUST_00118,WH_001,2026-01-14 18:08:00,2026-01-15,Sichuan,Mianyang,normal,picking
ORD_0002870,CUST_00154,WH_001,2026-01-14 16:45:00,2026-01-15,Guangdong,Dongguan,high,delivered
ORD_0002871,CUST_00193,WH_001,2026-01-14 17:23:00,2026-01-15,Zhejiang,Hangzhou,normal,picking
ORD_0002872,CUST_00148,WH_002,2026-01-14 12:46:00,2026-01-15,Jiangsu,Suzhou,normal,picking
ORD_0002873,CUST_00004,WH_003,2026-01-14 06:08:00,2026-01-15,Jiangsu,Nanjing,high,dispatched
ORD_0002874,CUST_00014,WH_001,2026-01-14 17:13:00,2026-01-15,Shandong,Yantai,normal,picked
ORD_0002875,CUST_00035,WH_002,2026-01-14 07:08:00,2026-01-16,Shandong,Jinan,normal,picked
ORD_0002876,CUST_00098,WH_002,2026-01-14 20:46:00,2026-01-15,Zhejiang,Hangzhou,normal,picking
ORD_0002877,CUST_00003,WH_003,2026-01-14 17:29:00,2026-01-15,Henan,Zhengzhou,normal,dispatched
ORD_0002878,CUST_00007,WH_002,2026-01-14 11:11:00,2026-01-15,Sichuan,Deyang,normal,picking
ORD_0002879,CUST_00062,WH_002,2026-01-14 20:42:00,2026-01-15,Zhejiang,Wenzhou,normal,picked
ORD_0002880,CUST_00094,WH_003,2026-01-14 17:39:00,2026-01-15,Henan,Zhengzhou,normal,picked
ORD_0002881,CUST_00131,WH_002,2026-01-14 20:08:00,2026-01-15,Henan,Kaifeng,normal,picked
ORD_0002882,CUST_00099,WH_001,2026-01-14 08:51:00,2026-01-15,Zhejiang,Hangzhou,normal,delivered
ORD_0002883,CUST_00193,WH_002,2026-01-14 09:55:00,2026-01-15,Zhejiang,Hangzhou,normal,delivered
ORD_0002884,CUST_00016,WH_001,2026-01-14 19:06:00,2026-01-15,Sichuan,Mianyang,normal,delivered
ORD_0002885,CUST_00152,WH_001,2026-01-14 11:18:00,2026-01-15,Shandong,Qingdao,urgent,dispatched
ORD_0002886,CUST_00115,WH_002,2026-01-14 20:07:00,2026-01-15,Shandong,Jinan,normal,picking
ORD_0002887,CUST_00132,WH_003,2026-01-14 09:44:00,2026-01-15,Zhejiang,Ningbo,normal,dispatched
ORD_0002888,CUST_00180,WH_001,2026-01-14 10:20:00,2026-01-15,Shandong,Yantai,normal,picking
ORD_0002889,CUST_00066,WH_003,2026-01-14 11:43:00,2026-01-15,Zhejiang,Hangzhou,urgent,picked
ORD_0002890,CUST_00112,WH_003,2026-01-14 16:26:00,2026-01-15,Guangdong,Guangzhou,normal,delivered
ORD_0002891,CUST_00163,WH_002,2026-01-14 17:41:00,2026-01-15,Jiangsu,Nanjing,normal,picked
ORD_0002892,CUST_00176,WH_001,2026-01-14 11:53:00,2026-01-15,Henan,Luoyang,normal,picked
ORD_0002893,CUST_00155,WH_001,2026-01-14 20:29:00,2026-01-15,Sichuan,Chengdu,high,picked
ORD_0002894,CUST_00111,WH_003,2026-01-14 08:38:00,2026-01-15,Guangdong,Guangzhou,normal,dispatched
ORD_0002895,CUST_00085,WH_003,2026-01-14 10:26:00,2026-01-16,Shandong,Qingdao,normal,picked
ORD_0002896,CUST_00178,WH_002,2026-01-14 16:24:00,2026-01-15,Shandong,Jinan,normal,delivered
ORD_0002897,CUST_00011,WH_001,2026-01-14 15:06:00,2026-01-15,Guangdong,Dongguan,normal,delivered
ORD_0002898,CUST_00062,WH_001,2026-01-14 06:37:00,2026-01-15,Zhejiang,Wenzhou,normal,delivered
ORD_0002899,CUST_00028,WH_002,2026-01-14 21:46:00,2026-01-15,Hubei,Wuhan,normal,picked
ORD_0002900,CUST_00039,WH_001,2026-01-14 15:15:00,2026-01-15,Shandong,Qingdao,normal,picked
ORD_0002901,CUST_00128,WH_002,2026-01-14 17:57:00,2026-01-15,Zhejiang,Wenzhou,normal,pending
ORD_0002902,CUST_00172,WH_001,2026-01-14 09:40:00,2026-01-15,Sichuan,Deyang,normal,dispatched
ORD_0002903,CUST_00019,WH_003,2026-01-14 17:04:00,2026-01-16,Henan,Luoyang,normal,delivered
ORD_0002904,CUST_00169,WH_001,2026-01-14 21:10:00,2026-01-15,Shandong,Jinan,normal,pending
ORD_0002905,CUST_00101,WH_003,2026-01-14 20:33:00,2026-01-15,Hubei,Wuhan,normal,picking
ORD_0002906,CUST_00074,WH_002,2026-01-14 17:43:00,2026-01-15,Sichuan,Mianyang,normal,delivered
ORD_0002907,CUST_00130,WH_003,2026-01-14 16:04:00,2026-01-15,Henan,Zhengzhou,normal,pending
ORD_0002908,CUST_00182,WH_001,2026-01-14 21:12:00,2026-01-15,Zhejiang,Hangzhou,urgent,dispatched
ORD_0002909,CUST_00038,WH_002,2026-01-14 12:09:00,2026-01-16,Hubei,Yichang,normal,picked
ORD_0002910,CUST_00103,WH_001,2026-01-14 21:40:00,2026-01-16,Zhejiang,Hangzhou,normal,dispatched
ORD_0002911,CUST_00042,WH_003,2026-01-14 10:55:00,2026-01-15,Jiangsu,Suzhou,normal,picking
ORD_0002912,CUST_00043,WH_001,2026-01-14 21:23:00,2026-01-15,Zhejiang,Hangzhou,normal,pending
ORD_0002913,CUST_00138,WH_002,2026-01-14 13:15:00,2026-01-15,Guangdong,Shenzhen,normal,delivered
ORD_0002914,CUST_00072,WH_001,2026-01-14 12:51:00,2026-01-15,Zhejiang,Wenzhou,normal,delivered
ORD_0002915,CUST_00036,WH_001,2026-01-14 12:52:00,2026-01-15,Sichuan,Mianyang,normal,picking
ORD_0002916,CUST_00079,WH_003,2026-01-14 13:01:00,2026-01-15,Henan,Kaifeng,high,dispatched
ORD_0002917,CUST_00102,WH_002,2026-01-14 08:06:00,2026-01-15,Sichuan,Chengdu,normal,dispatched
ORD_0002918,CUST_00041,WH_002,2026-01-14 09:46:00,2026-01-15,Jiangsu,Nanjing,normal,picked
ORD_0002919,CUST_00105,WH_001,2026-01-14 14:39:00,2026-01-15,Sichuan,Chengdu,normal,delivered
ORD_0002920,CUST_00166,WH_001,2026-01-14 21:14:00,2026-01-15,Henan,Luoyang,normal,pending
ORD_0002921,CUST_00192,WH_003,2026-01-14 18:10:00,2026-01-15,Shandong,Qingdao,normal,picking
ORD_0002922,CUST_00021,WH_001,2026-01-14 12:22:00,2026-01-15,Guangdong,Shenzhen,high,dispatched
ORD_0002923,CUST_00117,WH_003,2026-01-14 06:47:00,2026-01-15,Zhejiang,Wenzhou,normal,picked
ORD_0002924,CUST_00085,WH_001,2026-01-14 06:05:00,2026-01-15,Shandong,Qingdao,normal,picking
ORD_0002925,CUST_00190,WH_001,2026-01-14 17:52:00,2026-01-15,Henan,Luoyang,normal,picked
ORD_0002926,CUST_00197,WH_001,2026-01-14 12:26:00,2026-01-15,Jiangsu,Nanjing,normal,dispatched
ORD_0002927,CUST_00140,WH_002,2026-01-14 12:59:00,2026-01-15,Zhejiang,Ningbo,normal,picked
ORD_0002928,CUST_00088,WH_003,2026-01-14 17:08:00,2026-01-15,Shandong,Yantai,normal,picking
ORD_0002929,CUST_00056,WH_003,2026-01-14 08:10:00,2026-01-15,Shandong,Yantai,high,pending
ORD_0002930,CUST_00189,WH_001,2026-01-14 16:10:00,2026-01-15,Hubei,Xiangyang,normal,dispatched
ORD_0002931,CUST_00148,WH_003,2026-01-14 11:55:00,2026-01-15,Jiangsu,Suzhou,normal,delivered
ORD_0002932,CUST_00102,WH_002,2026-01-14 19:23:00,2026-01-15,Sichuan,Chengdu,normal,dispatched
ORD_0002933,CUST_00068,WH_003,2026-01-14 19:50:00,2026-01-15,Shandong,Qingdao,high,picking
ORD_0002934,CUST_00152,WH_002,2026-01-14 20:25:00,2026-01-15,Shandong,Qingdao,normal,pending
ORD_0002935,CUST_00096,WH_003,2026-01-14 06:22:00,2026-01-15,Hubei,Yichang,normal,picking
ORD_0002936,CUST_00018,WH_001,2026-01-14 14:35:00,2026-01-15,Jiangsu,Suzhou,urgent,picking
ORD_0002937,CUST_00091,WH_002,2026-01-14 17:24:00,2026-01-15,Zhejiang,Ningbo,normal,dispatched
ORD_0002938,CUST_00123,WH_003,2026-01-14 14:37:00,2026-01-15,Guangdong,Guangzhou,high,dispatched
ORD_0002939,CUST_00009,WH_001,2026-01-14 11:45:00,2026-01-15,Sichuan,Mianyang,normal,dispatched
ORD_0002940,CUST_00059,WH_003,2026-01-14 13:22:00,2026-01-15,Hubei,Yichang,normal,dispatched
ORD_0002941,CUST_00059,WH_001,2026-01-14 20:17:00,2026-01-15,Hubei,Yichang,normal,dispatched
ORD_0002942,CUST_00028,WH_003,2026-01-14 09:14:00,2026-01-15,Hubei,Wuhan,normal,picked
ORD_0002943,CUST_00144,WH_003,2026-01-14 08:16:00,2026-01-16,Shandong,Qingdao,high,delivered
ORD_0002944,CUST_00017,WH_002,2026-01-14 10:39:00,2026-01-15,Shandong,Yantai,high,picked
ORD_0002945,CUST_00035,WH_003,2026-01-14 07:34:00,2026-01-15,Shandong,Jinan,normal,pending
ORD_0002946,CUST_00011,WH_003,2026-01-14 12:58:00,2026-01-15,Guangdong,Dongguan,normal,delivered
ORD_0002947,CUST_00072,WH_003,2026-01-14 12:29:00,2026-01-15,Zhejiang,Wenzhou,normal,dispatched
ORD_0002948,CUST_00158,WH_001,2026-01-14 17:57:00,2026-01-15,Zhejiang,Ningbo,normal,picked
ORD_0002949,CUST_00038,WH_003,2026-01-14 07:59:00,2026-01-15,Hubei,Yichang,normal,dispatched
ORD_0002950,CUST_00186,WH_001,2026-01-14 20:25:00,2026-01-15,Sichuan,Chengdu,normal,picking
ORD_0002951,CUST_00159,WH_003,2026-01-14 21:05:00,2026-01-15,Guangdong,Shenzhen,normal,dispatched
ORD_0002952,CUST_00082,WH_002,2026-01-14 09:04:00,2026-01-15,Zhejiang,Wenzhou,high,dispatched
ORD_0002953,CUST_00013,WH_002,2026-01-14 16:54:00,2026-01-15,Hubei,Wuhan,normal,delivered
ORD_0002954,CUST_00060,WH_003,2026-01-14 06:55:00,2026-01-15,Zhejiang,Ningbo,normal,picked
ORD_0002955,CUST_00194,WH_002,2026-01-14 20:41:00,2026-01-15,Zhejiang,Wenzhou,normal,pending
ORD_0002956,CUST_00083,WH_003,2026-01-14 21:00:00,2026-01-15,Zhejiang,Ningbo,normal,dispatched
ORD_0002957,CUST_00059,WH_002,2026-01-14 13:19:00,2026-01-15,Hubei,Yichang,normal,picking
ORD_0002958,CUST_00015,WH_003,2026-01-14 19:20:00,2026-01-15,Guangdong,Guangzhou,normal,delivered
ORD_0002959,CUST_00056,WH_003,2026-01-14 17:01:00,2026-01-15,Shandong,Yantai,normal,picked
ORD_0002960,CUST_00126,WH_002,2026-01-14 19:26:00,2026-01-15,Jiangsu,Nanjing,normal,dispatched
ORD_0002961,CUST_00044,WH_002,2026-01-14 07:12:00,2026-01-16,Henan,Luoyang,normal,picked
ORD_0002962,CUST_00142,WH_003,2026-01-14 19:40:00,2026-01-15,Hubei,Wuhan,normal,picked
ORD_0002963,CUST_00110,WH_001,2026-01-14 07:56:00,2026-01-16,Zhejiang,Ningbo,high,picked
ORD_0002964,CUST_00147,WH_003,2026-01-14 16:45:00,2026-01-15,Zhejiang,Hangzhou,normal,picked
ORD_0002965,CUST_00111,WH_003,2026-01-14 16:26:00,2026-01-15,Guangdong,Guangzhou,urgent,picked
ORD_0002966,CUST_00169,WH_002,2026-01-14 12:29:00,2026-01-15,Shandong,Jinan,normal,picking
ORD_0002967,CUST_00066,WH_001,2026-01-14 18:00:00,2026-01-15,Zhejiang,Hangzhou,normal,dispatched
ORD_0002968,CUST_00183,WH_003,2026-01-14 17:52:00,2026-01-15,Jiangsu,Nanjing,normal,picking
ORD_0002969,CUST_00043,WH_002,2026-01-14 06:20:00,2026-01-15,Zhejiang,Hangzhou,normal,picking
ORD_0002970,CUST_00014,WH_001,2026-01-14 18:24:00,2026-01-15,Shandong,Yantai,normal,dispatched
ORD_0002971,CUST_00035,WH_003,2026-01-14 06:30:00,2026-01-15,Shandong,Jinan,normal,picked
ORD_0002972,CUST_00089,WH_002,2026-01-14 19:12:00,2026-01-15,Guangdong,Shenzhen,high,picking
ORD_0002973,CUST_00189,WH_002,2026-01-14 08:34:00,2026-01-15,Hubei,Xiangyang,high,picked
ORD_0002974,CUST_00021,WH_002,2026-01-14 17:15:00,2026-01-16,Guangdong,Shenzhen,normal,dispatched
ORD_0002975,CUST_00076,WH_002,2026-01-14 16:42:00,2026-01-15,Sichuan,Mianyang,normal,dispatched
ORD_0002976,CUST_00033,WH_001,2026-01-14 09:32:00,2026-01-15,Jiangsu,Nanjing,normal,picking
ORD_0002977,CUST_00129,WH_002,2026-01-14 20:26:00,2026-01-15,Hubei,Yichang,normal,pending
ORD_0002978,CUST_00150,WH_001,2026-01-14 14:51:00,2026-01-15,Guangdong,Guangzhou,normal,pending
ORD_0002979,CUST_00081,WH_002,2026-01-14 16:00:00,2026-01-15,Hubei,Xiangyang,normal,picking
ORD_0002980,CUST_00172,WH_002,2026-01-14 10:48:00,2026-01-15,Sichuan,Deyang,urgent,pending
ORD_0002981,CUST_00046,WH_001,2026-01-14 06:13:00,2026-01-16,Sichuan,Deyang,normal,dispatched
ORD_0002982,CUST_00079,WH_003,2026-01-14 10:00:00,2026-01-16,Henan,Kaifeng,high,dispatched
ORD_0002983,CUST_00183,WH_003,2026-01-14 09:38:00,2026-01-15,Jiangsu,Nanjing,normal,picked
ORD_0002984,CUST_00183,WH_001,2026-01-14 18:56:00,2026-01-15,Jiangsu,Nanjing,normal,picked
ORD_0002985,CUST_00129,WH_001,2026-01-14 16:32:00,2026-01-15,Hubei,Yichang,urgent,dispatched
ORD_0002986,CUST_00182,WH_001,2026-01-14 12:29:00,2026-01-15,Zhejiang,Hangzhou,normal,dispatched
ORD_0002987,CUST_00011,WH_002,2026-01-14 19:09:00,2026-01-15,Guangdong,Dongguan,normal,delivered
ORD_0002988,CUST_00155,WH_003,2026-01-14 14:50:00,2026-01-15,Sichuan,Chengdu,high,picked
ORD_0002989,CUST_00132,WH_003,2026-01-14 10:21:00,2026-01-15,Zhejiang,Ningbo,normal,picked
ORD_0002990,CUST_00155,WH_001,2026-01-14 20:53:00,2026-01-15,Sichuan,Chengdu,high,picked
ORD_0002991,CUST_00135,WH_003,2026-01-14 10:20:00,2026-01-15,Shandong,Yantai,normal,picking
ORD_0002992,CUST_00112,WH_001,2026-01-14 14:34:00,2026-01-15,Guangdong,Guangzhou,normal,picking
ORD_0002993,CUST_00119,WH_001,2026-01-14 13:18:00,2026-01-15,Zhejiang,Wenzhou,normal,pending
ORD_0002994,CUST_00082,WH_001,2026-01-14 15:30:00,2026-01-15,Zhejiang,Wenzhou,normal,picked
ORD_0002995,CUST_00028,WH_003,2026-01-14 13:20:00,2026-01-15,Hubei,Wuhan,normal,dispatched
ORD_0002996,CUST_00148,WH_003,2026-01-14 19:00:00,2026-01-15,Jiangsu,Suzhou,normal,delivered
ORD_0002997,CUST_00178,WH_001,2026-01-14 17:58:00,2026-01-15,Shandong,Jinan,normal,picked
ORD_0002998,CUST_00088,WH_001,2026-01-14 17:25:00,2026-01-15,Shandong,Yantai,high,picking
ORD_0002999,CUST_00174,WH_001,2026-01-14 12:05:00,2026-01-15,Guangdong,Dongguan,normal,picked
ORD_0003000,CUST_00091,WH_002,2026-01-14 17:45:00,2026-01-15,Zhejiang,Ningbo,normal,delivered
ORD_0003001,CUST_00150,WH_001,2026-01-14 16:48:00,2026-01-15,Guangdong,Guangzhou,normal,picked
ORD_0003002,CUST_00135,WH_003,2026-01-14 19:16:00,2026-01-15,Shandong,Yantai,normal,dispatched
ORD_0003003,CUST_00097,WH_003,2026-01-14 19:47:00,2026-01-16,Hubei,Yichang,normal,picking
ORD_0003004,CUST_00192,WH_001,2026-01-14 11:19:00,2026-01-15,Shandong,Qingdao,high,picked
ORD_0003005,CUST_00038,WH_001,2026-01-14 13:38:00,2026-01-16,Hubei,Yichang,normal,picking
ORD_0003006,CUST_00172,WH_001,2026-01-14 20:45:00,2026-01-15,Sichuan,Deyang,normal,delivered
ORD_0003007,CUST_00040,WH_001,2026-01-14 06:56:00,2026-01-15,Guangdong,Shenzhen,high,picking
ORD_0003008,CUST_00133,WH_003,2026-01-14 07:43:00,2026-01-15,Zhejiang,Wenzhou,normal,picking
ORD_0003009,CUST_00066,WH_003,2026-01-14 10:08:00,2026-01-15,Zhejiang,Hangzhou,normal,picked
ORD_0003010,CUST_00117,WH_001,2026-01-14 16:18:00,2026-01-15,Zhejiang,Wenzhou,normal,picked
ORD_0003011,CUST_00059,WH_003,2026-01-14 07:19:00,2026-01-15,Hubei,Yichang,normal,picked
ORD_0003012,CUST_00092,WH_002,2026-01-14 14:19:00,2026-01-15,Jiangsu,Nanjing,normal,delivered
ORD_0003013,CUST_00066,WH_002,2026-01-14 09:07:00,2026-01-15,Zhejiang,Hangzhou,normal,delivered
ORD_0003014,CUST_00022,WH_002,2026-01-14 20:31:00,2026-01-15,Zhejiang,Wenzhou,normal,dispatched
ORD_0003015,CUST_00096,WH_001,2026-01-14 06:00:00,2026-01-16,Hubei,Yichang,normal,pending
ORD_0003016,CUST_00123,WH_001,2026-01-14 09:27:00,2026-01-15,Guangdong,Guangzhou,urgent,dispatched
ORD_0003017,CUST_00079,WH_001,2026-01-14 11:59:00,2026-01-16,Henan,Kaifeng,high,delivered
ORD_0003018,CUST_00083,WH_003,2026-01-14 17:58:00,2026-01-15,Zhejiang,Ningbo,normal,picking
ORD_0003019,CUST_00102,WH_002,2026-01-14 19:40:00,2026-01-15,Sichuan,Chengdu,high,dispatched
ORD_0003020,CUST_00063,WH_001,2026-01-14 15:58:00,2026-01-15,Henan,Luoyang,normal,dispatched
ORD_0003021,CUST_00070,WH_001,2026-01-14 08:16:00,2026-01-15,Zhejiang,Wenzhou,normal,dispatched
ORD_0003022,CUST_00043,WH_003,2026-01-14 21:51:00,2026-01-15,Zhejiang,Hangzhou,normal,dispatched
ORD_0003023,CUST_00045,WH_001,2026-01-14 14:55:00,2026-01-15,Sichuan,Chengdu,high,picked
ORD_0003024,CUST_00167,WH_003,2026-01-14 18:10:00,2026-01-15,Zhejiang,Ningbo,normal,pending
ORD_0003025,CUST_00087,WH_002,2026-01-14 17:49:00,2026-01-15,Guangdong,Guangzhou,normal,dispatched
ORD_0003026,CUST_00092,WH_001,2026-01-14 15:24:00,2026-01-15,Jiangsu,Nanjing,urgent,picking
ORD_0003027,CUST_00033,WH_003,2026-01-14 10:12:00,2026-01-15,Jiangsu,Nanjing,normal,dispatched
ORD_0003028,CUST_00169,WH_002,2026-01-14 20:38:00,2026-01-15,Shandong,Jinan,normal,picked
ORD_0003029,CUST_00167,WH_001,2026-01-14 16:23:00,2026-01-16,Zhejiang,Ningbo,normal,picked
ORD_0003030,CUST_00180,WH_003,2026-01-14 13:17:00,2026-01-15,Shandong,Yantai,normal,picking
ORD_0003031,CUST_00128,WH_002,2026-01-14 11:15:00,2026-01-15,Zhejiang,Wenzhou,normal,delivered
ORD_0003032,CUST_00049,WH_002,2026-01-14 15:00:00,2026-01-15,Shandong,Qingdao,normal,picked
ORD_0003033,CUST_00151,WH_001,2026-01-14 08:41:00,2026-01-15,Hubei,Yichang,high,dispatched
ORD_0003034,CUST_00101,WH_002,2026-01-14 18:12:00,2026-01-15,Hubei,Wuhan,normal,picking
ORD_0003035,CUST_00026,WH_002,2026-01-14 20:32:00,2026-01-15,Guangdong,Guangzhou,normal,delivered
ORD_0003036,CUST_00117,WH_003,2026-01-14 21:28:00,2026-01-15,Zhejiang,Wenzhou,high,dispatched
ORD_0003037,CUST_00060,WH_001,2026-01-14 19:06:00,2026-01-15,Zhejiang,Ningbo,normal,picked
ORD_0003038,CUST_00084,WH_003,2026-01-14 19:04:00,2026-01-15,Shandong,Qingdao,normal,pending
ORD_0003039,CUST_00188,WH_002,2026-01-14 20:52:00,2026-01-15,Shandong,Qingdao,normal,delivered
ORD_0003040,CUST_00143,WH_001,2026-01-14 15:26:00,2026-01-15,Guangdong,Dongguan,normal,dispatched
ORD_0003041,CUST_00010,WH_003,2026-01-14 15:49:00,2026-01-15,Sichuan,Mianyang,high,pending
ORD_0003042,CUST_00168,WH_002,2026-01-14 14:11:00,2026-01-15,Hubei,Wuhan,high,picked
ORD_0003043,CUST_00014,WH_002,2026-01-14 18:23:00,2026-01-15,Shandong,Yantai,normal,dispatched
ORD_0003044,CUST_00160,WH_002,2026-01-14 12:20:00,2026-01-16,Shandong,Qingdao,normal,delivered
ORD_0003045,CUST_00040,WH_002,2026-01-14 17:22:00,2026-01-15,Guangdong,Shenzhen,normal,picked
ORD_0003046,CUST_00011,WH_002,2026-01-14 08:39:00,2026-01-16,Guangdong,Dongguan,normal,picked
ORD_0003047,CUST_00183,WH_002,2026-01-14 12:37:00,2026-01-15,Jiangsu,Nanjing,normal,dispatched
ORD_0003048,CUST_00019,WH_003,2026-01-14 13:36:00,2026-01-15,Henan,Luoyang,normal,picking
ORD_0003049,CUST_00183,WH_002,2026-01-14 09:59:00,2026-01-15,Jiangsu,Nanjing,normal,dispatched
ORD_0003050,CUST_00130,WH_001,2026-01-14 07:13:00,2026-01-15,Henan,Zhengzhou,normal,picked
ORD_0003051,CUST_00195,WH_001,2026-01-14 18:26:00,2026-01-15,Zhejiang,Wenzhou,normal,picking
ORD_0003052,CUST_00131,WH_003,2026-01-14 06:23:00,2026-01-15,Henan,Kaifeng,normal,delivered
ORD_0003053,CUST_00098,WH_001,2026-01-14 10:15:00,2026-01-15,Zhejiang,Hangzhou,normal,pending
ORD_0003054,CUST_00101,WH_002,2026-01-14 06:59:00,2026-01-15,Hubei,Wuhan,normal,picked
ORD_0003055,CUST_00059,WH_001,2026-01-14 13:51:00,2026-01-15,Hubei,Yichang,normal,picked
ORD_0003056,CUST_00071,WH_001,2026-01-14 16:01:00,2026-01-15,Sichuan,Chengdu,normal,dispatched
ORD_0003057,CUST_00129,WH_001,2026-01-14 13:14:00,2026-01-15,Hubei,Yichang,normal,dispatched
ORD_0003058,CUST_00112,WH_002,2026-01-14 09:56:00,2026-01-16,Guangdong,Guangzhou,normal,delivered
ORD_0003059,CUST_00007,WH_001,2026-01-14 15:01:00,2026-01-15,Sichuan,Deyang,normal,picked
ORD_0003060,CUST_00166,WH_002,2026-01-14 20:26:00,2026-01-15,Henan,Luoyang,normal,dispatched
ORD_0003061,CUST_00161,WH_001,2026-01-14 16:22:00,2026-01-15,Guangdong,Dongguan,normal,picked
ORD_0003062,CUST_00060,WH_001,2026-01-14 19:59:00,2026-01-15,Zhejiang,Ningbo,normal,dispatched
ORD_0003063,CUST_00174,WH_003,2026-01-14 14:27:00,2026-01-15,Guangdong,Dongguan,normal,dispatched
ORD_0003064,CUST_00018,WH_002,2026-01-14 20:38:00,2026-01-15,Jiangsu,Suzhou,normal,delivered
ORD_0003065,CUST_00137,WH_002,2026-01-14 14:22:00,2026-01-15,Henan,Kaifeng,normal,delivered
ORD_0003066,CUST_00073,WH_002,2026-01-14 12:25:00,2026-01-15,Jiangsu,Wuxi,normal,dispatched
ORD_0003067,CUST_00088,WH_002,2026-01-14 11:47:00,2026-01-15,Shandong,Yantai,normal,picking
ORD_0003068,CUST_00118,WH_002,2026-01-14 17:48:00,2026-01-15,Sichuan,Mianyang,normal,pending
ORD_0003069,CUST_00045,WH_003,2026-01-14 17:41:00,2026-01-15,Sichuan,Chengdu,urgent,delivered
ORD_0003070,CUST_00045,WH_001,2026-01-14 11:35:00,2026-01-15,Sichuan,Chengdu,normal,picked
ORD_0003071,CUST_00097,WH_002,2026-01-14 20:39:00,2026-01-15,Hubei,Yichang,normal,pending
ORD_0003072,CUST_00192,WH_001,2026-01-14 10:38:00,2026-01-15,Shandong,Qingdao,normal,picked
ORD_0003073,CUST_00161,WH_002,2026-01-14 20:29:00,2026-01-15,Guangdong,Dongguan,normal,picked
ORD_0003074,CUST_00144,WH_001,2026-01-14 10:24:00,2026-01-15,Shandong,Qingdao,normal,dispatched
ORD_0003075,CUST_00141,WH_003,2026-01-14 16:27:00,2026-01-15,Henan,Luoyang,normal,picked
ORD_0003076,CUST_00189,WH_001,2026-01-14 19:44:00,2026-01-16,Hubei,Xiangyang,normal,dispatched
ORD_0003077,CUST_00008,WH_002,2026-01-14 12:27:00,2026-01-15,Hubei,Wuhan,normal,picking
ORD_0003078,CUST_00072,WH_002,2026-01-14 18:43:00,2026-01-15,Zhejiang,Wenzhou,normal,picked
ORD_0003079,CUST_00115,WH_003,2026-01-14 21:49:00,2026-01-15,Shandong,Jinan,normal,delivered
ORD_0003080,CUST_00092,WH_003,2026-01-14 10:21:00,2026-01-16,Jiangsu,Nanjing,high,picking
ORD_0003081,CUST_00069,WH_002,2026-01-14 17:51:00,2026-01-15,Sichuan,Chengdu,urgent,picking
ORD_0003082,CUST_00021,WH_003,2026-01-14 07:46:00,2026-01-16,Guangdong,Shenzhen,normal,dispatched
ORD_0003083,CUST_00020,WH_002,2026-01-14 09:16:00,2026-01-15,Jiangsu,Nanjing,normal,picking
ORD_0003084,CUST_00114,WH_003,2026-01-14 07:47:00,2026-01-15,Zhejiang,Ningbo,normal,picked
ORD_0003085,CUST_00173,WH_002,2026-01-14 16:23:00,2026-01-16,Henan,Kaifeng,normal,picking
ORD_0003086,CUST_00115,WH_003,2026-01-14 06:02:00,2026-01-15,Shandong,Jinan,normal,picking
ORD_0003087,CUST_00145,WH_003,2026-01-14 08:41:00,2026-01-15,Sichuan,Chengdu,normal,dispatched
ORD_0003088,CUST_00167,WH_002,2026-01-14 11:13:00,2026-01-15,Zhejiang,Ningbo,normal,picking
ORD_0003089,CUST_00026,WH_002,2026-01-14 16:36:00,2026-01-15,Guangdong,Guangzhou,normal,picked
ORD_0003090,CUST_00018,WH_002,2026-01-14 21:03:00,2026-01-15,Jiangsu,Suzhou,urgent,picking
ORD_0003091,CUST_00163,WH_001,2026-01-14 16:26:00,2026-01-15,Jiangsu,Nanjing,normal,picked
ORD_0003092,CUST_00146,WH_001,2026-01-14 19:37:00,2026-01-15,Zhejiang,Hangzhou,normal,delivered
ORD_0003093,CUST_00173,WH_001,2026-01-14 20:12:00,2026-01-15,Henan,Kaifeng,normal,delivered
ORD_0003094,CUST_00177,WH_003,2026-01-14 21:43:00,2026-01-15,Zhejiang,Ningbo,normal,delivered
ORD_0003095,CUST_00074,WH_002,2026-01-14 16:50:00,2026-01-16,Sichuan,Mianyang,high,picked
ORD_0003096,CUST_00133,WH_002,2026-01-14 14:49:00,2026-01-15,Zhejiang,Wenzhou,normal,delivered
ORD_0003097,CUST_00061,WH_002,2026-01-14 14:03:00,2026-01-15,Shandong,Qingdao,high,dispatched
ORD_0003098,CUST_00089,WH_002,2026-01-14 10:08:00,2026-01-15,Guangdong,Shenzhen,normal,picking
ORD_0003099,CUST_00193,WH_001,2026-01-14 14:05:00,2026-01-15,Zhejiang,Hangzhou,normal,picking
ORD_0003100,CUST_00047,WH_002,2026-01-14 08:58:00,2026-01-15,Zhejiang,Ningbo,high,picked
ORD_0003101,CUST_00037,WH_003,2026-01-14 21:51:00,2026-01-15,Jiangsu,Wuxi,high,picking
ORD_0003102,CUST_00193,WH_002,2026-01-14 14:44:00,2026-01-15,Zhejiang,Hangzhou,normal,picked
ORD_0003103,CUST_00172,WH_003,2026-01-14 21:33:00,2026-01-15,Sichuan,Deyang,normal,dispatched
ORD_0003104,CUST_00071,WH_001,2026-01-14 10:21:00,2026-01-15,Sichuan,Chengdu,normal,dispatched
ORD_0003105,CUST_00007,WH_001,2026-01-14 18:11:00,2026-01-15,Sichuan,Deyang,normal,delivered
ORD_0003106,CUST_00134,WH_001,2026-01-14 19:46:00,2026-01-15,Sichuan,Mianyang,normal,picking
ORD_0003107,CUST_00025,WH_002,2026-01-14 07:50:00,2026-01-15,Hubei,Yichang,high,picked
ORD_0003108,CUST_00057,WH_003,2026-01-14 14:06:00,2026-01-15,Guangdong,Dongguan,normal,picking
ORD_0003109,CUST_00096,WH_001,2026-01-14 18:11:00,2026-01-15,Hubei,Yichang,high,delivered
ORD_0003110,CUST_00059,WH_003,2026-01-14 21:21:00,2026-01-16,Hubei,Yichang,urgent,dispatched
ORD_0003111,CUST_00100,WH_003,2026-01-14 07:03:00,2026-01-15,Zhejiang,Wenzhou,normal,dispatched
ORD_0003112,CUST_00025,WH_001,2026-01-14 16:58:00,2026-01-15,Hubei,Yichang,high,delivered
ORD_0003113,CUST_00138,WH_003,2026-01-14 11:46:00,2026-01-16,Guangdong,Shenzhen,normal,picked
ORD_0003114,CUST_00126,WH_002,2026-01-14 11:29:00,2026-01-16,Jiangsu,Nanjing,normal,dispatched
ORD_0003115,CUST_00107,WH_002,2026-01-14 11:29:00,2026-01-15,Henan,Luoyang,normal,pending
ORD_0003116,CUST_00121,WH_001,2026-01-14 19:30:00,2026-01-15,Sichuan,Deyang,normal,picking
ORD_0003117,CUST_00182,WH_001,2026-01-14 15:28:00,2026-01-15,Zhejiang,Hangzhou,urgent,picked
ORD_0003118,CUST_00151,WH_002,2026-01-14 14:57:00,2026-01-15,Hubei,Yichang,normal,dispatched
ORD_0003119,CUST_00153,WH_003,2026-01-14 10:01:00,2026-01-15,Zhejiang,Wenzhou,normal,picking
ORD_0003120,CUST_00102,WH_003,2026-01-14 10:49:00,2026-01-15,Sichuan,Chengdu,normal,picked
ORD_0003121,CUST_00126,WH_002,2026-01-14 15:06:00,2026-01-15,Jiangsu,Nanjing,normal,picked
ORD_0003122,CUST_00059,WH_001,2026-01-14 18:03:00,2026-01-15,Hubei,Yichang,normal,picking
ORD_0003123,CUST_00188,WH_003,2026-01-14 18:34:00,2026-01-15,Shandong,Qingdao,normal,pending
ORD_0003124,CUST_00011,WH_003,2026-01-14 13:27:00,2026-01-15,Guangdong,Dongguan,normal,picked
ORD_0003125,CUST_00084,WH_003,2026-01-14 19:01:00,2026-01-15,Shandong,Qingdao,normal,delivered
ORD_0003126,CUST_00076,WH_001,2026-01-14 06:03:00,2026-01-15,Sichuan,Mianyang,normal,picked
ORD_0003127,CUST_00030,WH_001,2026-01-14 07:37:00,2026-01-15,Hubei,Xiangyang,urgent,picking
ORD_0003128,CUST_00053,WH_003,2026-01-14 10:38:00,2026-01-15,Guangdong,Dongguan,normal,pending
ORD_0003129,CUST_00102,WH_002,2026-01-14 16:19:00,2026-01-15,Sichuan,Chengdu,high,picked
ORD_0003130,CUST_00100,WH_001,2026-01-14 16:19:00,2026-01-15,Zhejiang,Wenzhou,high,dispatched
ORD_0003131,CUST_00192,WH_001,2026-01-14 16:32:00,2026-01-15,Shandong,Qingdao,high,pending
ORD_0003132,CUST_00030,WH_003,2026-01-14 08:19:00,2026-01-15,Hubei,Xiangyang,normal,picking
ORD_0003133,CUST_00121,WH_001,2026-01-14 07:33:00,2026-01-15,Sichuan,Deyang,high,picking
ORD_0003134,CUST_00122,WH_003,2026-01-14 07:42:00,2026-01-15,Jiangsu,Nanjing,normal,picking
ORD_0003135,CUST_00183,WH_003,2026-01-14 20:30:00,2026-01-15,Jiangsu,Nanjing,normal,delivered
ORD_0003136,CUST_00042,WH_003,2026-01-14 12:52:00,2026-01-15,Jiangsu,Suzhou,normal,dispatched
ORD_0003137,CUST_00081,WH_002,2026-01-14 16:57:00,2026-01-15,Hubei,Xiangyang,normal,delivered
ORD_0003138,CUST_00178,WH_002,2026-01-14 19:19:00,2026-01-15,Shandong,Jinan,normal,picked
ORD_0003139,CUST_00117,WH_002,2026-01-14 11:43:00,2026-01-15,Zhejiang,Wenzhou,normal,picking
ORD_0003140,CUST_00181,WH_002,2026-01-14 16:36:00,2026-01-15,Hubei,Yichang,normal,picking
ORD_0003141,CUST_00092,WH_002,2026-01-14 13:55:00,2026-01-15,Jiangsu,Nanjing,high,pending
ORD_0003142,CUST_00004,WH_001,2026-01-14 08:13:00,2026-01-15,Jiangsu,Nanjing,normal,picking
ORD_0003143,CUST_00183,WH_001,2026-01-14 18:44:00,2026-01-15,Jiangsu,Nanjing,normal,picking
ORD_0003144,CUST_00187,WH_001,2026-01-14 12:09:00,2026-01-16,Jiangsu,Wuxi,normal,pending
ORD_0003145,CUST_00074,WH_002,2026-01-14 20:34:00,2026-01-15,Sichuan,Mianyang,high,picking
ORD_0003146,CUST_00091,WH_003,2026-01-14 19:45:00,2026-01-15,Zhejiang,Ningbo,normal,dispatched
ORD_0003147,CUST_00036,WH_003,2026-01-14 21:00:00,2026-01-15,Sichuan,Mianyang,normal,dispatched
ORD_0003148,CUST_00127,WH_002,2026-01-14 11:27:00,2026-01-15,Henan,Luoyang,normal,pending
ORD_0003149,CUST_00085,WH_003,2026-01-14 17:16:00,2026-01-15,Shandong,Qingdao,normal,picked
ORD_0003150,CUST_00114,WH_003,2026-01-14 17:29:00,2026-01-15,Zhejiang,Ningbo,normal,picked
ORD_0003151,CUST_00106,WH_001,2026-01-14 09:19:00,2026-01-16,Hubei,Wuhan,high,picked
ORD_0003152,CUST_00020,WH_002,2026-01-14 19:43:00,2026-01-15,Jiangsu,Nanjing,normal,dispatched
ORD_0003153,CUST_00196,WH_002,2026-01-14 07:24:00,2026-01-15,Henan,Zhengzhou,normal,dispatched
ORD_0003154,CUST_00070,WH_001,2026-01-14 19:54:00,2026-01-15,Zhejiang,Wenzhou,normal,picked
ORD_0003155,CUST_00106,WH_003,2026-01-14 21:14:00,2026-01-15,Hubei,Wuhan,normal,pending
ORD_0003156,CUST_00070,WH_001,2026-01-14 09:19:00,2026-01-16,Zhejiang,Wenzhou,normal,picked
ORD_0003157,CUST_00161,WH_002,2026-01-14 07:49:00,2026-01-15,Guangdong,Dongguan,normal,picked
ORD_0003158,CUST_00037,WH_001,2026-01-14 09:05:00,2026-01-15,Jiangsu,Wuxi,high,pending
ORD_0003159,CUST_00025,WH_002,2026-01-14 21:31:00,2026-01-15,Hubei,Yichang,high,picked
ORD_0003160,CUST_00004,WH_001,2026-01-14 20:20:00,2026-01-15,Jiangsu,Nanjing,high,dispatched
ORD_0003161,CUST_00034,WH_003,2026-01-14 17:50:00,2026-01-15,Jiangsu,Suzhou,urgent,picked
ORD_0003162,CUST_00150,WH_003,2026-01-14 13:27:00,2026-01-15,Guangdong,Guangzhou,high,picking
ORD_0003163,CUST_00197,WH_001,2026-01-14 15:04:00,2026-01-15,Jiangsu,Nanjing,normal,dispatched
ORD_0003164,CUST_00022,WH_002,2026-01-14 08:53:00,2026-01-16,Zhejiang,Wenzhou,normal,picked
ORD_0003165,CUST_00084,WH_002,2026-01-14 13:05:00,2026-01-15,Shandong,Qingdao,high,dispatched
ORD_0003166,CUST_00021,WH_002,2026-01-14 15:10:00,2026-01-15,Guangdong,Shenzhen,normal,dispatched
ORD_0003167,CUST_00162,WH_001,2026-01-14 12:48:00,2026-01-15,Zhejiang,Ningbo,normal,picking
ORD_0003168,CUST_00027,WH_001,2026-01-14 12:28:00,2026-01-15,Jiangsu,Wuxi,normal,picked
ORD_0003169,CUST_00109,WH_001,2026-01-14 13:46:00,2026-01-15,Shandong,Jinan,normal,picking
ORD_0003170,CUST_00071,WH_003,2026-01-14 10:06:00,2026-01-16,Sichuan,Chengdu,normal,picked
ORD_0003171,CUST_00168,WH_001,2026-01-14 15:43:00,2026-01-15,Hubei,Wuhan,high,dispatched
ORD_0003172,CUST_00004,WH_001,2026-01-14 08:25:00,2026-01-15,Jiangsu,Nanjing,high,picked
ORD_0003173,CUST_00162,WH_002,2026-01-14 19:35:00,2026-01-15,Zhejiang,Ningbo,normal,picked
ORD_0003174,CUST_00022,WH_002,2026-01-14 10:02:00,2026-01-15,Zhejiang,Wenzhou,high,picked
ORD_0003175,CUST_00142,WH_002,2026-01-14 12:01:00,2026-01-15,Hubei,Wuhan,normal,dispatched
ORD_0003176,CUST_00100,WH_001,2026-01-14 12:03:00,2026-01-15,Zhejiang,Wenzhou,high,delivered
ORD_0003177,CUST_00085,WH_002,2026-01-14 10:32:00,2026-01-15,Shandong,Qingdao,normal,picked
ORD_0003178,CUST_00125,WH_002,2026-01-14 09:50:00,2026-01-16,Henan,Kaifeng,normal,pending
ORD_0003179,CUST_00140,WH_003,2026-01-14 06:56:00,2026-01-15,Zhejiang,Ningbo,normal,picking
ORD_0003180,CUST_00153,WH_002,2026-01-14 06:24:00,2026-01-15,Zhejiang,Wenzhou,normal,delivered
ORD_0003181,CUST_00130,WH_002,2026-01-14 14:21:00,2026-01-15,Henan,Zhengzhou,urgent,dispatched
ORD_0003182,CUST_00179,WH_002,2026-01-14 14:53:00,2026-01-16,Henan,Zhengzhou,urgent,picked
ORD_0003183,CUST_00113,WH_003,2026-01-14 09:04:00,2026-01-15,Shandong,Qingdao,normal,picking
ORD_0003184,CUST_00127,WH_001,2026-01-14 15:30:00,2026-01-15,Henan,Luoyang,normal,delivered
ORD_0003185,CUST_00153,WH_002,2026-01-14 09:59:00,2026-01-16,Zhejiang,Wenzhou,normal,delivered
ORD_0003186,CUST_00129,WH_003,2026-01-14 12:41:00,2026-01-15,Hubei,Yichang,high,delivered
ORD_0003187,CUST_00121,WH_001,2026-01-14 08:03:00,2026-01-15,Sichuan,Deyang,normal,delivered
ORD_0003188,CUST_00150,WH_003,2026-01-14 20:59:00,2026-01-15,Guangdong,Guangzhou,normal,picking
ORD_0003189,CUST_00100,WH_001,2026-01-14 15:42:00,2026-01-15,Zhejiang,Wenzhou,normal,pending
ORD_0003190,CUST_00108,WH_003,2026-01-14 09:39:00,2026-01-15,Jiangsu,Nanjing,normal,pending
ORD_0003191,CUST_00119,WH_001,2026-01-14 14:15:00,2026-01-16,Zhejiang,Wenzhou,normal,picked
ORD_0003192,CUST_00162,WH_001,2026-01-14 07:03:00,2026-01-15,Zhejiang,Ningbo,high,dispatched
ORD_0003193,CUST_00121,WH_002,2026-01-14 17:55:00,2026-01-15,Sichuan,Deyang,normal,dispatched
ORD_0003194,CUST_00117,WH_001,2026-01-14 11:49:00,2026-01-15,Zhejiang,Wenzhou,normal,dispatched
ORD_0003195,CUST_00154,WH_003,2026-01-14 13:45:00,2026-01-15,Guangdong,Dongguan,high,dispatched
ORD_0003196,CUST_00161,WH_003,2026-01-14 17:08:00,2026-01-15,Guangdong,Dongguan,normal,picked
ORD_0003197,CUST_00147,WH_001,2026-01-14 06:37:00,2026-01-15,Zhejiang,Hangzhou,normal,picked
ORD_0003198,CUST_00197,WH_003,2026-01-14 07:09:00,2026-01-15,Jiangsu,Nanjing,normal,pending
ORD_0003199,CUST_00087,WH_001,2026-01-14 08:11:00,2026-01-15,Guangdong,Guangzhou,normal,picking
ORD_0003200,CUST_00194,WH_002,2026-01-14 13:38:00,2026-01-15,Zhejiang,Wenzhou,normal,pending
ORD_0003201,CUST_00040,WH_002,2026-01-14 19:53:00,2026-01-15,Guangdong,Shenzhen,high,picked
ORD_0003202,CUST_00114,WH_002,2026-01-14 10:33:00,2026-01-16,Zhejiang,Ningbo,normal,picked
ORD_0003203,CUST_00185,WH_001,2026-01-14 12:14:00,2026-01-15,Guangdong,Dongguan,normal,delivered
ORD_0003204,CUST_00021,WH_001,2026-01-14 11:42:00,2026-01-15,Guangdong,Shenzhen,normal,picked
ORD_0003205,CUST_00067,WH_002,2026-01-14 16:21:00,2026-01-16,Zhejiang,Wenzhou,urgent,picking
ORD_0003206,CUST_00011,WH_001,2026-01-14 10:34:00,2026-01-15,Guangdong,Dongguan,normal,dispatched
ORD_0003207,CUST_00041,WH_002,2026-01-14 09:20:00,2026-01-16,Jiangsu,Nanjing,normal,picked
ORD_0003208,CUST_00062,WH_001,2026-01-14 21:21:00,2026-01-15,Zhejiang,Wenzhou,normal,picking
ORD_0003209,CUST_00124,WH_003,2026-01-14 12:13:00,2026-01-15,Guangdong,Dongguan,high,dispatched
ORD_0003210,CUST_00091,WH_003,2026-01-14 16:34:00,2026-01-15,Zhejiang,Ningbo,normal,pending
ORD_0003211,CUST_00179,WH_003,2026-01-14 07:20:00,2026-01-16,Henan,Zhengzhou,normal,dispatched
ORD_0003212,CUST_00074,WH_001,2026-01-14 09:26:00,2026-01-15,Sichuan,Mianyang,normal,delivered
ORD_0003213,CUST_00047,WH_001,2026-01-14 07:58:00,2026-01-15,Zhejiang,Ningbo,normal,picking
ORD_0003214,CUST_00079,WH_001,2026-01-14 15:11:00,2026-01-15,Henan,Kaifeng,normal,dispatched
ORD_0003215,CUST_00029,WH_003,2026-01-14 18:12:00,2026-01-15,Zhejiang,Ningbo,normal,delivered
ORD_0003216,CUST_00050,WH_002,2026-01-14 16:10:00,2026-01-15,Shandong,Jinan,normal,picked
ORD_0003217,CUST_00184,WH_002,2026-01-14 18:45:00,2026-01-15,Jiangsu,Nanjing,normal,picked
ORD_0003218,CUST_00093,WH_002,2026-01-14 16:30:00,2026-01-15,Guangdong,Guangzhou,normal,picked
ORD_0003219,CUST_00146,WH_002,2026-01-14 16:56:00,2026-01-15,Zhejiang,Hangzhou,urgent,picked
ORD_0003220,CUST_00197,WH_002,2026-01-14 11:07:00,2026-01-15,Jiangsu,Nanjing,normal,pending
ORD_0003221,CUST_00177,WH_003,2026-01-14 08:39:00,2026-01-15,Zhejiang,Ningbo,normal,dispatched
ORD_0003222,CUST_00054,WH_002,2026-01-14 10:18:00,2026-01-15,Guangdong,Dongguan,high,picked
ORD_0003223,CUST_00081,WH_003,2026-01-14 06:47:00,2026-01-15,Hubei,Xiangyang,urgent,picking
ORD_0003224,CUST_00107,WH_001,2026-01-14 12:49:00,2026-01-15,Henan,Luoyang,normal,dispatched
ORD_0003225,CUST_00112,WH_002,2026-01-14 08:08:00,2026-01-15,Guangdong,Guangzhou,normal,dispatched
ORD_0003226,CUST_00168,WH_002,2026-01-14 09:37:00,2026-01-15,Hubei,Wuhan,normal,picking
ORD_0003227,CUST_00052,WH_001,2026-01-14 10:21:00,2026-01-15,Guangdong,Dongguan,high,picked
ORD_0003228,CUST_00001,WH_001,2026-01-14 10:05:00,2026-01-15,Zhejiang,Ningbo,normal,picked
ORD_0003229,CUST_00086,WH_001,2026-01-14 14:41:00,2026-01-15,Guangdong,Dongguan,normal,dispatched
ORD_0003230,CUST_00167,WH_001,2026-01-14 19:50:00,2026-01-15,Zhejiang,Ningbo,urgent,delivered
ORD_0003231,CUST_00132,WH_003,2026-01-14 08:48:00,2026-01-15,Zhejiang,Ningbo,normal,delivered
ORD_0003232,CUST_00062,WH_002,2026-01-14 10:18:00,2026-01-15,Zhejiang,Wenzhou,normal,dispatched
ORD_0003233,CUST_00080,WH_001,2026-01-14 16:14:00,2026-01-15,Jiangsu,Nanjing,normal,delivered
ORD_0003234,CUST_00001,WH_002,2026-01-14 10:50:00,2026-01-15,Zhejiang,Ningbo,normal,picking
ORD_0003235,CUST_00129,WH_001,2026-01-14 09:42:00,2026-01-15,Hubei,Yichang,normal,picking
ORD_0003236,CUST_00190,WH_003,2026-01-14 16:28:00,2026-01-16,Henan,Luoyang,normal,dispatched
ORD_0003237,CUST_00040,WH_003,2026-01-14 18:02:00,2026-01-15,Guangdong,Shenzhen,high,delivered
ORD_0003238,CUST_00169,WH_002,2026-01-14 19:28:00,2026-01-15,Shandong,Jinan,high,picking
ORD_0003239,CUST_00082,WH_002,2026-01-14 19:13:00,2026-01-15,Zhejiang,Wenzhou,normal,picked
ORD_0003240,CUST_00069,WH_003,2026-01-14 12:00:00,2026-01-15,Sichuan,Chengdu,normal,picked
ORD_0003241,CUST_00018,WH_003,2026-01-14 21:37:00,2026-01-15,Jiangsu,Suzhou,normal,picked
ORD_0003242,CUST_00062,WH_003,2026-01-14 08:14:00,2026-01-15,Zhejiang,Wenzhou,normal,picking
ORD_0003243,CUST_00167,WH_002,2026-01-14 14:20:00,2026-01-15,Zhejiang,Ningbo,normal,delivered
ORD_0003244,CUST_00182,WH_003,2026-01-14 13:19:00,2026-01-15,Zhejiang,Hangzhou,high,picked
ORD_0003245,CUST_00031,WH_003,2026-01-14 10:41:00,2026-01-16,Guangdong,Dongguan,normal,picked
ORD_0003246,CUST_00105,WH_002,2026-01-14 12:59:00,2026-01-15,Sichuan,Chengdu,normal,picking
ORD_0003247,CUST_00183,WH_002,2026-01-14 06:38:00,2026-01-15,Jiangsu,Nanjing,normal,pending
ORD_0003248,CUST_00051,WH_003,2026-01-14 14:10:00,2026-01-15,Hubei,Yichang,high,pending
ORD_0003249,CUST_00118,WH_002,2026-01-14 10:10:00,2026-01-15,Sichuan,Mianyang,normal,delivered
ORD_0003250,CUST_00109,WH_001,2026-01-14 16:20:00,2026-01-15,Shandong,Jinan,normal,delivered
ORD_0003251,CUST_00020,WH_003,2026-01-14 10:47:00,2026-01-15,Jiangsu,Nanjing,normal,picked
ORD_0003252,CUST_00064,WH_001,2026-01-14 14:03:00,2026-01-15,Zhejiang,Wenzhou,normal,picked
ORD_0003253,CUST_00008,WH_003,2026-01-14 12:43:00,2026-01-15,Hubei,Wuhan,normal,dispatched
ORD_0003254,CUST_00147,WH_001,2026-01-14 11:24:00,2026-01-15,Zhejiang,Hangzhou,normal,dispatched
ORD_0003255,CUST_00092,WH_001,2026-01-14 17:26:00,2026-01-15,Jiangsu,Nanjing,high,picked
ORD_0003256,CUST_00198,WH_002,2026-01-14 16:07:00,2026-01-15,Shandong,Yantai,normal,picking
ORD_0003257,CUST_00078,WH_003,2026-01-14 14:32:00,2026-01-15,Henan,Kaifeng,high,picking
ORD_0003258,CUST_00180,WH_002,2026-01-14 14:53:00,2026-01-16,Shandong,Yantai,normal,dispatched
ORD_0003259,CUST_00008,WH_003,2026-01-14 08:35:00,2026-01-15,Hubei,Wuhan,normal,picking
ORD_0003260,CUST_00071,WH_002,2026-01-14 11:12:00,2026-01-15,Sichuan,Chengdu,normal,picked
ORD_0003261,CUST_00158,WH_001,2026-01-14 07:52:00,2026-01-15,Zhejiang,Ningbo,normal,dispatched
ORD_0003262,CUST_00016,WH_003,2026-01-14 17:28:00,2026-01-15,Sichuan,Mianyang,normal,dispatched
ORD_0003263,CUST_00041,WH_001,2026-01-14 07:27:00,2026-01-15,Jiangsu,Nanjing,normal,dispatched
ORD_0003264,CUST_00180,WH_001,2026-01-14 14:20:00,2026-01-15,Shandong,Yantai,normal,picked
ORD_0003265,CUST_00031,WH_003,2026-01-14 13:47:00,2026-01-15,Guangdong,Dongguan,normal,dispatched
ORD_0003266,CUST_00065,WH_002,2026-01-14 14:33:00,2026-01-15,Shandong,Jinan,normal,delivered
ORD_0003267,CUST_00061,WH_001,2026-01-14 18:42:00,2026-01-15,Shandong,Qingdao,normal,dispatched
ORD_0003268,CUST_00011,WH_001,2026-01-14 17:06:00,2026-01-15,Guangdong,Dongguan,normal,picked
ORD_0003269,CUST_00095,WH_001,2026-01-14 20:09:00,2026-01-15,Zhejiang,Ningbo,normal,pending
ORD_0003270,CUST_00052,WH_003,2026-01-14 21:28:00,2026-01-16,Guangdong,Dongguan,normal,dispatched
ORD_0003271,CUST_00156,WH_002,2026-01-14 17:09:00,2026-01-15,Zhejiang,Ningbo,normal,picking
ORD_0003272,CUST_00138,WH_001,2026-01-14 06:13:00,2026-01-16,Guangdong,Shenzhen,normal,picked
ORD_0003273,CUST_00187,WH_002,2026-01-14 11:31:00,2026-01-15,Jiangsu,Wuxi,normal,picking
ORD_0003274,CUST_00144,WH_003,2026-01-14 06:52:00,2026-01-15,Shandong,Qingdao,urgent,delivered
ORD_0003275,CUST_00127,WH_002,2026-01-14 16:44:00,2026-01-15,Henan,Luoyang,normal,delivered
ORD_0003276,CUST_00039,WH_002,2026-01-14 20:07:00,2026-01-15,Shandong,Qingdao,normal,picked
ORD_0003277,CUST_00037,WH_002,2026-01-14 13:32:00,2026-01-16,Jiangsu,Wuxi,high,delivered
ORD_0003278,CUST_00200,WH_001,2026-01-14 20:35:00,2026-01-15,Zhejiang,Ningbo,normal,picked
ORD_0003279,CUST_00155,WH_003,2026-01-14 17:55:00,2026-01-15,Sichuan,Chengdu,normal,dispatched
ORD_0003280,CUST_00166,WH_001,2026-01-14 21:09:00,2026-01-15,Henan,Luoyang,high,delivered
ORD_0003281,CUST_00194,WH_001,2026-01-14 20:14:00,2026-01-16,Zhejiang,Wenzhou,normal,dispatched
ORD_0003282,CUST_00103,WH_002,2026-01-14 11:38:00,2026-01-16,Zhejiang,Hangzhou,normal,picking
ORD_0003283,CUST_00090,WH_002,2026-01-14 13:42:00,2026-01-15,Hubei,Yichang,normal,picking
ORD_0003284,CUST_00118,WH_001,2026-01-14 16:16:00,2026-01-16,Sichuan,Mianyang,normal,picking
ORD_0003285,CUST_00191,WH_002,2026-01-14 19:04:00,2026-01-15,Zhejiang,Ningbo,normal,picked
ORD_0003286,CUST_00038,WH_003,2026-01-14 08:51:00,2026-01-15,Hubei,Yichang,normal,delivered
ORD_0003287,CUST_00028,WH_002,2026-01-14 11:14:00,2026-01-15,Hubei,Wuhan,high,picked
ORD_0003288,CUST_00102,WH_001,2026-01-14 12:49:00,2026-01-15,Sichuan,Chengdu,high,dispatched
ORD_0003289,CUST_00189,WH_003,2026-01-14 21:50:00,2026-01-15,Hubei,Xiangyang,normal,delivered
ORD_0003290,CUST_00094,WH_001,2026-01-14 20:15:00,2026-01-15,Henan,Zhengzhou,normal,dispatched
ORD_0003291,CUST_00013,WH_001,2026-01-14 13:24:00,2026-01-15,Hubei,Wuhan,normal,picked
ORD_0003292,CUST_00145,WH_002,2026-01-14 11:14:00,2026-01-15,Sichuan,Chengdu,normal,picked
ORD_0003293,CUST_00168,WH_001,2026-01-14 15:43:00,2026-01-15,Hubei,Wuhan,high,dispatched
ORD_0003294,CUST_00137,WH_002,2026-01-14 20:40:00,2026-01-15,Henan,Kaifeng,normal,picking
ORD_0003295,CUST_00104,WH_003,2026-01-14 13:34:00,2026-01-15,Zhejiang,Ningbo,normal,dispatched
ORD_0003296,CUST_00083,WH_001,2026-01-14 19:01:00,2026-01-15,Zhejiang,Ningbo,high,dispatched
ORD_0003297,CUST_00014,WH_001,2026-01-14 11:55:00,2026-01-15,Shandong,Yantai,normal,dispatched
ORD_0003298,CUST_00081,WH_001,2026-01-14 13:13:00,2026-01-15,Hubei,Xiangyang,normal,picked
ORD_0003299,CUST_00168,WH_002,2026-01-14 12:09:00,2026-01-15,Hubei,Wuhan,high,picked
ORD_0003300,CUST_00112,WH_002,2026-01-14 16:45:00,2026-01-15,Guangdong,Guangzhou,normal,picked
ORD_0003301,CUST_00063,WH_002,2026-01-14 21:22:00,2026-01-15,Henan,Luoyang,normal,picking
ORD_0003302,CUST_00156,WH_001,2026-01-14 19:08:00,2026-01-15,Zhejiang,Ningbo,high,picked
ORD_0003303,CUST_00187,WH_002,2026-01-14 11:08:00,2026-01-15,Jiangsu,Wuxi,urgent,dispatched
ORD_0003304,CUST_00052,WH_001,2026-01-14 18:43:00,2026-01-15,Guangdong,Dongguan,normal,dispatched
ORD_0003305,CUST_00110,WH_003,2026-01-14 09:29:00,2026-01-15,Zhejiang,Ningbo,high,dispatched
ORD_0003306,CUST_00113,WH_002,2026-01-14 08:27:00,2026-01-15,Shandong,Qingdao,normal,picked
ORD_0003307,CUST_00169,WH_001,2026-01-14 11:09:00,2026-01-15,Shandong,Jinan,normal,picking
ORD_0003308,CUST_00155,WH_003,2026-01-14 14:25:00,2026-01-15,Sichuan,Chengdu,normal,dispatched
ORD_0003309,CUST_00135,WH_002,2026-01-14 14:53:00,2026-01-15,Shandong,Yantai,normal,delivered
ORD_0003310,CUST_00060,WH_001,2026-01-14 08:02:00,2026-01-15,Zhejiang,Ningbo,normal,delivered
ORD_0003311,CUST_00058,WH_003,2026-01-14 18:57:00,2026-01-15,Jiangsu,Suzhou,normal,dispatched
ORD_0003312,CUST_00125,WH_001,2026-01-14 08:02:00,2026-01-15,Henan,Kaifeng,urgent,dispatched
ORD_0003313,CUST_00007,WH_003,2026-01-14 14:55:00,2026-01-15,Sichuan,Deyang,normal,picking
ORD_0003314,CUST_00001,WH_002,2026-01-14 11:53:00,2026-01-15,Zhejiang,Ningbo,normal,picked
ORD_0003315,CUST_00080,WH_003,2026-01-14 16:32:00,2026-01-15,Jiangsu,Nanjing,normal,picked
ORD_0003316,CUST_00093,WH_002,2026-01-14 13:48:00,2026-01-16,Guangdong,Guangzhou,normal,picked
ORD_0003317,CUST_00111,WH_001,2026-01-14 06:02:00,2026-01-15,Guangdong,Guangzhou,urgent,picking
ORD_0003318,CUST_00058,WH_003,2026-01-14 19:01:00,2026-01-15,Jiangsu,Suzhou,normal,pending
ORD_0003319,CUST_00170,WH_001,2026-01-14 12:50:00,2026-01-15,Henan,Luoyang,normal,dispatched
ORD_0003320,CUST_00176,WH_001,2026-01-14 11:20:00,2026-01-15,Henan,Luoyang,normal,picked
ORD_0003321,CUST_00122,WH_001,2026-01-14 08:23:00,2026-01-15,Jiangsu,Nanjing,high,picked
ORD_0003322,CUST_00190,WH_001,2026-01-14 20:08:00,2026-01-15,Henan,Luoyang,normal,picked
ORD_0003323,CUST_00194,WH_001,2026-01-14 20:57:00,2026-01-16,Zhejiang,Wenzhou,normal,picked
ORD_0003324,CUST_00103,WH_002,2026-01-14 14:39:00,2026-01-15,Zhejiang,Hangzhou,normal,dispatched
ORD_0003325,CUST_00043,WH_001,2026-01-14 12:06:00,2026-01-15,Zhejiang,Hangzhou,normal,pending
ORD_0003326,CUST_00040,WH_002,2026-01-14 09:32:00,2026-01-15,Guangdong,Shenzhen,urgent,dispatched
ORD_0003327,CUST_00124,WH_003,2026-01-14 08:00:00,2026-01-15,Guangdong,Dongguan,normal,dispatched
ORD_0003328,CUST_00097,WH_003,2026-01-14 19:33:00,2026-01-15,Hubei,Yichang,normal,picking
ORD_0003329,CUST_00136,WH_001,2026-01-14 10:45:00,2026-01-15,Hubei,Yichang,high,delivered
ORD_0003330,CUST_00082,WH_001,2026-01-14 06:01:00,2026-01-15,Zhejiang,Wenzhou,normal,picking
ORD_0003331,CUST_00045,WH_003,2026-01-14 17:43:00,2026-01-16,Sichuan,Chengdu,normal,delivered
ORD_0003332,CUST_00163,WH_003,2026-01-14 07:46:00,2026-01-15,Jiangsu,Nanjing,normal,picked
ORD_0003333,CUST_00011,WH_002,2026-01-14 12:38:00,2026-01-15,Guangdong,Dongguan,normal,picked
ORD_0003334,CUST_00182,WH_002,2026-01-14 11:16:00,2026-01-15,Zhejiang,Hangzhou,urgent,picking
ORD_0003335,CUST_00049,WH_003,2026-01-14 12:34:00,2026-01-15,Shandong,Qingdao,high,dispatched
ORD_0003336,CUST_00062,WH_002,2026-01-14 16:14:00,2026-01-15,Zhejiang,Wenzhou,normal,dispatched
ORD_0003337,CUST_00145,WH_002,2026-01-14 07:59:00,2026-01-15,Sichuan,Chengdu,normal,picking
ORD_0003338,CUST_00010,WH_003,2026-01-14 19:55:00,2026-01-15,Sichuan,Mianyang,normal,picking
ORD_0003339,CUST_00146,WH_001,2026-01-14 16:09:00,2026-01-15,Zhejiang,Hangzhou,normal,dispatched
ORD_0003340,CUST_00134,WH_003,2026-01-14 19:48:00,2026-01-15,Sichuan,Mianyang,normal,picked
ORD_0003341,CUST_00059,WH_003,2026-01-14 17:05:00,2026-01-15,Hubei,Yichang,normal,pending
ORD_0003342,CUST_00001,WH_003,2026-01-14 06:42:00,2026-01-15,Zhejiang,Ningbo,normal,delivered
ORD_0003343,CUST_00169,WH_003,2026-01-14 19:35:00,2026-01-15,Shandong,Jinan,normal,picked
ORD_0003344,CUST_00035,WH_003,2026-01-14 13:52:00,2026-01-15,Shandong,Jinan,normal,picked
ORD_0003345,CUST_00049,WH_002,2026-01-14 20:25:00,2026-01-15,Shandong,Qingdao,normal,delivered
ORD_0003346,CUST_00108,WH_002,2026-01-14 20:19:00,2026-01-15,Jiangsu,Nanjing,normal,picked
ORD_0003347,CUST_00045,WH_003,2026-01-14 06:59:00,2026-01-15,Sichuan,Chengdu,normal,pending
ORD_0003348,CUST_00179,WH_002,2026-01-14 07:56:00,2026-01-15,Henan,Zhengzhou,normal,picking
ORD_0003349,CUST_00076,WH_002,2026-01-14 17:04:00,2026-01-15,Sichuan,Mianyang,normal,picked
ORD_0003350,CUST_00038,WH_001,2026-01-14 12:08:00,2026-01-15,Hubei,Yichang,normal,picked
ORD_0003351,CUST_00134,WH_001,2026-01-14 11:59:00,2026-01-15,Sichuan,Mianyang,normal,delivered
ORD_0003352,CUST_00083,WH_001,2026-01-14 12:27:00,2026-01-15,Zhejiang,Ningbo,normal,picking
ORD_0003353,CUST_00176,WH_001,2026-01-14 18:27:00,2026-01-15,Henan,Luoyang,high,dispatched
ORD_0003354,CUST_00125,WH_002,2026-01-14 14:27:00,2026-01-15,Henan,Kaifeng,normal,dispatched
ORD_0003355,CUST_00057,WH_001,2026-01-14 09:22:00,2026-01-15,Guangdong,Dongguan,normal,delivered
ORD_0003356,CUST_00105,WH_001,2026-01-14 15:28:00,2026-01-16,Sichuan,Chengdu,normal,picked
ORD_0003357,CUST_00183,WH_001,2026-01-14 17:51:00,2026-01-15,Jiangsu,Nanjing,normal,delivered
ORD_0003358,CUST_00106,WH_002,2026-01-14 10:30:00,2026-01-15,Hubei,Wuhan,normal,picking
ORD_0003359,CUST_00185,WH_002,2026-01-14 06:06:00,2026-01-15,Guangdong,Dongguan,normal,dispatched
ORD_0003360,CUST_00011,WH_003,2026-01-14 20:29:00,2026-01-15,Guangdong,Dongguan,normal,picked
ORD_0003361,CUST_00101,WH_001,2026-01-14 09:11:00,2026-01-15,Hubei,Wuhan,normal,pending
ORD_0003362,CUST_00029,WH_001,2026-01-14 11:34:00,2026-01-15,Zhejiang,Ningbo,normal,picked
ORD_0003363,CUST_00059,WH_001,2026-01-14 07:47:00,2026-01-15,Hubei,Yichang,normal,dispatched
ORD_0003364,CUST_00063,WH_003,2026-01-14 16:27:00,2026-01-15,Henan,Luoyang,normal,dispatched
ORD_0003365,CUST_00027,WH_003,2026-01-14 06:23:00,2026-01-15,Jiangsu,Wuxi,normal,picking
ORD_0003366,CUST_00158,WH_002,2026-01-14 06:23:00,2026-01-15,Zhejiang,Ningbo,normal,delivered
ORD_0003367,CUST_00015,WH_003,2026-01-14 19:35:00,2026-01-15,Guangdong,Guangzhou,normal,picked
ORD_0003368,CUST_00070,WH_003,2026-01-14 21:00:00,2026-01-15,Zhejiang,Wenzhou,urgent,delivered
ORD_0003369,CUST_00156,WH_003,2026-01-14 08:50:00,2026-01-15,Zhejiang,Ningbo,normal,dispatched
ORD_0003370,CUST_00160,WH_001,2026-01-14 15:59:00,2026-01-15,Shandong,Qingdao,normal,picking
ORD_0003371,CUST_00064,WH_001,2026-01-14 07:41:00,2026-01-15,Zhejiang,Wenzhou,normal,pending
ORD_0003372,CUST_00103,WH_002,2026-01-14 11:26:00,2026-01-15,Zhejiang,Hangzhou,normal,picked
ORD_0003373,CUST_00104,WH_002,2026-01-14 18:01:00,2026-01-15,Zhejiang,Ningbo,normal,picked
ORD_0003374,CUST_00122,WH_003,2026-01-14 12:08:00,2026-01-15,Jiangsu,Nanjing,normal,pending
ORD_0003375,CUST_00002,WH_002,2026-01-14 10:53:00,2026-01-15,Sichuan,Deyang,urgent,picking
ORD_0003376,CUST_00113,WH_002,2026-01-14 13:02:00,2026-01-15,Shandong,Qingdao,normal,picking
ORD_0003377,CUST_00140,WH_003,2026-01-14 21:33:00,2026-01-15,Zhejiang,Ningbo,normal,picked
ORD_0003378,CUST_00013,WH_002,2026-01-14 21:58:00,2026-01-15,Hubei,Wuhan,normal,picked
ORD_0003379,CUST_00158,WH_002,2026-01-14 12:06:00,2026-01-15,Zhejiang,Ningbo,urgent,picking
ORD_0003380,CUST_00094,WH_003,2026-01-14 16:33:00,2026-01-16,Henan,Zhengzhou,high,delivered
ORD_0003381,CUST_00106,WH_001,2026-01-14 08:49:00,2026-01-15,Hubei,Wuhan,normal,picked
ORD_0003382,CUST_00132,WH_003,2026-01-14 11:24:00,2026-01-15,Zhejiang,Ningbo,normal,picked
ORD_0003383,CUST_00033,WH_001,2026-01-14 16:21:00,2026-01-15,Jiangsu,Nanjing,normal,pending
ORD_0003384,CUST_00006,WH_002,2026-01-14 09:31:00,2026-01-15,Zhejiang,Ningbo,high,dispatched
ORD_0003385,CUST_00194,WH_001,2026-01-14 19:16:00,2026-01-15,Zhejiang,Wenzhou,high,picking
ORD_0003386,CUST_00132,WH_002,2026-01-14 19:04:00,2026-01-16,Zhejiang,Ningbo,normal,picked
ORD_0003387,CUST_00150,WH_001,2026-01-14 21:09:00,2026-01-15,Guangdong,Guangzhou,normal,dispatched
ORD_0003388,CUST_00092,WH_003,2026-01-14 08:42:00,2026-01-15,Jiangsu,Nanjing,urgent,dispatched
ORD_0003389,CUST_00100,WH_002,2026-01-14 09:04:00,2026-01-16,Zhejiang,Wenzhou,normal,delivered
ORD_0003390,CUST_00141,WH_002,2026-01-14 11:20:00,2026-01-15,Henan,Luoyang,normal,picking
ORD_0003391,CUST_00150,WH_001,2026-01-14 19:51:00,2026-01-15,Guangdong,Guangzhou,normal,picked
ORD_0003392,CUST_00134,WH_003,2026-01-14 09:16:00,2026-01-15,Sichuan,Mianyang,normal,dispatched
ORD_0003393,CUST_00181,WH_001,2026-01-14 06:06:00,2026-01-15,Hubei,Yichang,normal,dispatched
ORD_0003394,CUST_00060,WH_001,2026-01-14 08:00:00,2026-01-15,Zhejiang,Ningbo,normal,delivered
ORD_0003395,CUST_00068,WH_003,2026-01-14 18:29:00,2026-01-15,Shandong,Qingdao,normal,dispatched
ORD_0003396,CUST_00146,WH_001,2026-01-14 15:42:00,2026-01-15,Zhejiang,Hangzhou,normal,picking
ORD_0003397,CUST_00142,WH_003,2026-01-14 19:37:00,2026-01-15,Hubei,Wuhan,normal,dispatched
ORD_0003398,CUST_00019,WH_002,2026-01-14 20:21:00,2026-01-15,Henan,Luoyang,normal,picking
ORD_0003399,CUST_00077,WH_001,2026-01-14 19:41:00,2026-01-15,Zhejiang,Ningbo,normal,dispatched
ORD_0003400,CUST_00061,WH_001,2026-01-14 11:32:00,2026-01-15,Shandong,Qingdao,normal,picked
ORD_0003401,CUST_00100,WH_002,2026-01-14 17:12:00,2026-01-15,Zhejiang,Wenzhou,normal,picked
ORD_0003402,CUST_00188,WH_002,2026-01-14 13:08:00,2026-01-16,Shandong,Qingdao,normal,picking
ORD_0003403,CUST_00018,WH_003,2026-01-14 17:05:00,2026-01-15,Jiangsu,Suzhou,urgent,delivered
ORD_0003404,CUST_00106,WH_003,2026-01-14 21:24:00,2026-01-15,Hubei,Wuhan,normal,picking
ORD_0003405,CUST_00102,WH_002,2026-01-14 20:41:00,2026-01-15,Sichuan,Chengdu,normal,picked
ORD_0003406,CUST_00059,WH_001,2026-01-14 14:56:00,2026-01-15,Hubei,Yichang,urgent,picked
ORD_0003407,CUST_00027,WH_003,2026-01-14 13:19:00,2026-01-15,Jiangsu,Wuxi,normal,delivered
ORD_0003408,CUST_00062,WH_001,2026-01-14 19:48:00,2026-01-15,Zhejiang,Wenzhou,normal,picked
ORD_0003409,CUST_00011,WH_001,2026-01-14 08:43:00,2026-01-15,Guangdong,Dongguan,high,dispatched
ORD_0003410,CUST_00005,WH_002,2026-01-14 20:17:00,2026-01-15,Zhejiang,Hangzhou,high,dispatched
ORD_0003411,CUST_00024,WH_001,2026-01-14 10:04:00,2026-01-15,Jiangsu,Wuxi,normal,dispatched
ORD_0003412,CUST_00008,WH_002,2026-01-14 06:42:00,2026-01-15,Hubei,Wuhan,normal,picked
ORD_0003413,CUST_00112,WH_002,2026-01-14 08:50:00,2026-01-15,Guangdong,Guangzhou,normal,pending
ORD_0003414,CUST_00103,WH_001,2026-01-14 21:03:00,2026-01-15,Zhejiang,Hangzhou,normal,delivered
ORD_0003415,CUST_00171,WH_003,2026-01-14 10:05:00,2026-01-15,Guangdong,Guangzhou,normal,dispatched
ORD_0003416,CUST_00125,WH_002,2026-01-14 10:08:00,2026-01-15,Henan,Kaifeng,normal,dispatched
ORD_0003417,CUST_00047,WH_003,2026-01-14 09:25:00,2026-01-15,Zhejiang,Ningbo,normal,pending
ORD_0003418,CUST_00104,WH_001,2026-01-14 16:47:00,2026-01-15,Zhejiang,Ningbo,normal,pending
ORD_0003419,CUST_00027,WH_003,2026-01-14 12:34:00,2026-01-15,Jiangsu,Wuxi,normal,dispatched
ORD_0003420,CUST_00106,WH_002,2026-01-14 09:19:00,2026-01-15,Hubei,Wuhan,normal,pending
ORD_0003421,CUST_00054,WH_002,2026-01-14 12:02:00,2026-01-15,Guangdong,Dongguan,high,pending
ORD_0003422,CUST_00024,WH_002,2026-01-14 21:06:00,2026-01-15,Jiangsu,Wuxi,normal,picked
ORD_0003423,CUST_00003,WH_002,2026-01-14 21:25:00,2026-01-15,Henan,Zhengzhou,normal,picking
ORD_0003424,CUST_00050,WH_001,2026-01-14 21:40:00,2026-01-15,Shandong,Jinan,normal,dispatched
ORD_0003425,CUST_00019,WH_002,2026-01-14 10:20:00,2026-01-15,Henan,Luoyang,normal,dispatched
ORD_0003426,CUST_00107,WH_001,2026-01-14 13:38:00,2026-01-15,Henan,Luoyang,normal,delivered
ORD_0003427,CUST_00025,WH_002,2026-01-14 08:49:00,2026-01-15,Hubei,Yichang,high,picked
ORD_0003428,CUST_00102,WH_001,2026-01-14 13:35:00,2026-01-15,Sichuan,Chengdu,normal,delivered
ORD_0003429,CUST_00057,WH_002,2026-01-14 18:20:00,2026-01-15,Guangdong,Dongguan,normal,delivered
ORD_0003430,CUST_00040,WH_002,2026-01-14 08:18:00,2026-01-15,Guangdong,Shenzhen,urgent,pending
ORD_0003431,CUST_00020,WH_001,2026-01-14 17:09:00,2026-01-15,Jiangsu,Nanjing,normal,picked
ORD_0003432,CUST_00060,WH_003,2026-01-14 11:17:00,2026-01-16,Zhejiang,Ningbo,high,dispatched
ORD_0003433,CUST_00137,WH_001,2026-01-14 19:11:00,2026-01-16,Henan,Kaifeng,normal,picked
ORD_0003434,CUST_00148,WH_003,2026-01-14 06:25:00,2026-01-16,Jiangsu,Suzhou,normal,pending
ORD_0003435,CUST_00156,WH_003,2026-01-14 14:10:00,2026-01-15,Zhejiang,Ningbo,normal,picked
ORD_0003436,CUST_00121,WH_001,2026-01-14 16:05:00,2026-01-15,Sichuan,Deyang,normal,pending
ORD_0003437,CUST_00061,WH_002,2026-01-14 16:07:00,2026-01-15,Shandong,Qingdao,normal,delivered
ORD_0003438,CUST_00007,WH_002,2026-01-14 08:25:00,2026-01-16,Sichuan,Deyang,normal,picking
ORD_0003439,CUST_00074,WH_002,2026-01-14 08:18:00,2026-01-15,Sichuan,Mianyang,normal,pending
ORD_0003440,CUST_00121,WH_001,2026-01-14 20:54:00,2026-01-16,Sichuan,Deyang,normal,dispatched
ORD_0003441,CUST_00072,WH_002,2026-01-14 20:06:00,2026-01-15,Zhejiang,Wenzhou,normal,picking
ORD_0003442,CUST_00037,WH_001,2026-01-14 11:15:00,2026-01-15,Jiangsu,Wuxi,normal,pending
ORD_0003443,CUST_00105,WH_003,2026-01-14 19:16:00,2026-01-15,Sichuan,Chengdu,normal,pending
ORD_0003444,CUST_00153,WH_002,2026-01-14 12:24:00,2026-01-15,Zhejiang,Wenzhou,normal,picked
ORD_0003445,CUST_00170,WH_002,2026-01-14 10:22:00,2026-01-15,Henan,Luoyang,normal,pending
ORD_0003446,CUST_00018,WH_003,2026-01-14 15:09:00,2026-01-15,Jiangsu,Suzhou,normal,picked
ORD_0003447,CUST_00092,WH_002,2026-01-14 20:25:00,2026-01-15,Jiangsu,Nanjing,high,dispatched
ORD_0003448,CUST_00066,WH_002,2026-01-14 13:03:00,2026-01-15,Zhejiang,Hangzhou,normal,picked
ORD_0003449,CUST_00140,WH_001,2026-01-14 18:06:00,2026-01-16,Zhejiang,Ningbo,normal,picked
ORD_0003450,CUST_00023,WH_002,2026-01-14 10:07:00,2026-01-15,Guangdong,Dongguan,normal,delivered
ORD_0003451,CUST_00199,WH_003,2026-01-14 19:26:00,2026-01-15,Guangdong,Dongguan,normal,delivered
ORD_0003452,CUST_00146,WH_001,2026-01-14 13:22:00,2026-01-15,Zhejiang,Hangzhou,normal,picked
ORD_0003453,CUST_00176,WH_001,2026-01-14 19:15:00,2026-01-15,Henan,Luoyang,normal,delivered
ORD_0003454,CUST_00077,WH_002,2026-01-14 16:27:00,2026-01-15,Zhejiang,Ningbo,urgent,picking
ORD_0003455,CUST_00132,WH_003,2026-01-14 12:07:00,2026-01-15,Zhejiang,Ningbo,normal,picking
ORD_0003456,CUST_00099,WH_002,2026-01-14 08:50:00,2026-01-15,Zhejiang,Hangzhou,normal,picked
ORD_0003457,CUST_00173,WH_001,2026-01-14 20:46:00,2026-01-15,Henan,Kaifeng,normal,dispatched
ORD_0003458,CUST_00095,WH_002,2026-01-14 12:13:00,2026-01-15,Zhejiang,Ningbo,high,dispatched
ORD_0003459,CUST_00121,WH_003,2026-01-14 11:43:00,2026-01-15,Sichuan,Deyang,normal,delivered
ORD_0003460,CUST_00151,WH_003,2026-01-14 07:12:00,2026-01-15,Hubei,Yichang,normal,picked
ORD_0003461,CUST_00082,WH_002,2026-01-14 14:58:00,2026-01-15,Zhejiang,Wenzhou,normal,picking
ORD_0003462,CUST_00074,WH_001,2026-01-14 20:05:00,2026-01-15,Sichuan,Mianyang,normal,picking
ORD_0003463,CUST_00036,WH_003,2026-01-14 17:28:00,2026-01-15,Sichuan,Mianyang,normal,delivered
ORD_0003464,CUST_00191,WH_003,2026-01-14 09:10:00,2026-01-15,Zhejiang,Ningbo,normal,picked
ORD_0003465,CUST_00092,WH_001,2026-01-14 09:58:00,2026-01-15,Jiangsu,Nanjing,high,dispatched
ORD_0003466,CUST_00131,WH_002,2026-01-14 15:30:00,2026-01-15,Henan,Kaifeng,normal,delivered
ORD_0003467,CUST_00125,WH_001,2026-01-14 14:36:00,2026-01-15,Henan,Kaifeng,high,dispatched
ORD_0003468,CUST_00129,WH_001,2026-01-14 19:28:00,2026-01-15,Hubei,Yichang,high,picked
ORD_0003469,CUST_00154,WH_003,2026-01-14 08:52:00,2026-01-15,Guangdong,Dongguan,high,picking
ORD_0003470,CUST_00097,WH_002,2026-01-14 16:16:00,2026-01-15,Hubei,Yichang,normal,dispatched
ORD_0003471,CUST_00183,WH_002,2026-01-14 16:00:00,2026-01-15,Jiangsu,Nanjing,normal,picked
ORD_0003472,CUST_00126,WH_001,2026-01-14 09:49:00,2026-01-15,Jiangsu,Nanjing,normal,dispatched
ORD_0003473,CUST_00021,WH_001,2026-01-14 18:39:00,2026-01-15,Guangdong,Shenzhen,normal,picking
ORD_0003474,CUST_00041,WH_003,2026-01-14 17:41:00,2026-01-15,Jiangsu,Nanjing,urgent,dispatched
ORD_0003475,CUST_00060,WH_001,2026-01-14 15:33:00,2026-01-15,Zhejiang,Ningbo,urgent,picking
ORD_0003476,CUST_00010,WH_002,2026-01-14 11:09:00,2026-01-15,Sichuan,Mianyang,high,picked
ORD_0003477,CUST_00038,WH_001,2026-01-14 07:50:00,2026-01-15,Hubei,Yichang,normal,dispatched
ORD_0003478,CUST_00112,WH_003,2026-01-14 07:44:00,2026-01-15,Guangdong,Guangzhou,normal,dispatched
ORD_0003479,CUST_00014,WH_003,2026-01-14 17:53:00,2026-01-15,Shandong,Yantai,normal,pending
ORD_0003480,CUST_00180,WH_001,2026-01-14 14:23:00,2026-01-15,Shandong,Yantai,normal,delivered
ORD_0003481,CUST_00115,WH_001,2026-01-14 19:57:00,2026-01-15,Shandong,Jinan,normal,picking
ORD_0003482,CUST_00005,WH_002,2026-01-14 11:25:00,2026-01-15,Zhejiang,Hangzhou,normal,delivered
ORD_0003483,CUST_00088,WH_001,2026-01-14 16:02:00,2026-01-15,Shandong,Yantai,high,dispatched
ORD_0003484,CUST_00119,WH_003,2026-01-14 08:08:00,2026-01-15,Zhejiang,Wenzhou,normal,picking
ORD_0003485,CUST_00124,WH_001,2026-01-14 17:16:00,2026-01-16,Guangdong,Dongguan,normal,picking
ORD_0003486,CUST_00192,WH_003,2026-01-14 15:28:00,2026-01-15,Shandong,Qingdao,normal,picking
ORD_0003487,CUST_00066,WH_001,2026-01-14 17:51:00,2026-01-15,Zhejiang,Hangzhou,normal,dispatched
ORD_0003488,CUST_00173,WH_002,2026-01-14 12:25:00,2026-01-15,Henan,Kaifeng,normal,pending
ORD_0003489,CUST_00039,WH_003,2026-01-14 19:44:00,2026-01-15,Shandong,Qingdao,normal,delivered
ORD_0003490,CUST_00083,WH_002,2026-01-14 06:48:00,2026-01-15,Zhejiang,Ningbo,normal,picked
ORD_0003491,CUST_00053,WH_001,2026-01-14 20:28:00,2026-01-15,Guangdong,Dongguan,normal,picked
ORD_0003492,CUST_00075,WH_003,2026-01-14 09:21:00,2026-01-15,Sichuan,Deyang,urgent,picked
ORD_0003493,CUST_00099,WH_002,2026-01-14 17:04:00,2026-01-15,Zhejiang,Hangzhou,normal,picked
ORD_0003494,CUST_00039,WH_002,2026-01-14 11:53:00,2026-01-16,Shandong,Qingdao,normal,dispatched
ORD_0003495,CUST_00141,WH_003,2026-01-14 20:16:00,2026-01-16,Henan,Luoyang,high,picking
ORD_0003496,CUST_00171,WH_001,2026-01-14 17:54:00,2026-01-15,Guangdong,Guangzhou,normal,picked
ORD_0003497,CUST_00186,WH_001,2026-01-14 19:19:00,2026-01-15,Sichuan,Chengdu,normal,dispatched
ORD_0003498,CUST_00027,WH_003,2026-01-14 10:20:00,2026-01-15,Jiangsu,Wuxi,normal,dispatched
ORD_0003499,CUST_00064,WH_003,2026-01-14 06:04:00,2026-01-16,Zhejiang,Wenzhou,normal,picking
ORD_0003500,CUST_00031,WH_001,2026-01-14 12:00:00,2026-01-15,Guangdong,Dongguan,normal,dispatched
ORD_0003501,CUST_00018,WH_002,2026-01-14 12:11:00,2026-01-15,Jiangsu,Suzhou,normal,picked
ORD_0003502,CUST_00183,WH_002,2026-01-14 11:18:00,2026-01-15,Jiangsu,Nanjing,normal,picking
ORD_0003503,CUST_00023,WH_002,2026-01-14 11:25:00,2026-01-15,Guangdong,Dongguan,normal,picking
ORD_0003504,CUST_00093,WH_002,2026-01-14 13:24:00,2026-01-15,Guangdong,Guangzhou,normal,delivered
ORD_0003505,CUST_00128,WH_002,2026-01-14 19:55:00,2026-01-15,Zhejiang,Wenzhou,normal,picking
ORD_0003506,CUST_00042,WH_002,2026-01-14 16:08:00,2026-01-15,Jiangsu,Suzhou,normal,dispatched
ORD_0003507,CUST_00127,WH_001,2026-01-14 08:21:00,2026-01-15,Henan,Luoyang,normal,delivered
ORD_0003508,CUST_00059,WH_001,2026-01-14 13:33:00,2026-01-15,Hubei,Yichang,normal,picking
ORD_0003509,CUST_00018,WH_003,2026-01-14 09:59:00,2026-01-15,Jiangsu,Suzhou,high,dispatched
ORD_0003510,CUST_00017,WH_002,2026-01-14 06:03:00,2026-01-15,Shandong,Yantai,normal,pending
ORD_0003511,CUST_00002,WH_003,2026-01-14 13:14:00,2026-01-15,Sichuan,Deyang,normal,dispatched
ORD_0003512,CUST_00192,WH_003,2026-01-14 18:53:00,2026-01-15,Shandong,Qingdao,normal,delivered
ORD_0003513,CUST_00180,WH_001,2026-01-14 17:58:00,2026-01-15,Shandong,Yantai,normal,dispatched
ORD_0003514,CUST_00194,WH_003,2026-01-14 17:38:00,2026-01-16,Zhejiang,Wenzhou,urgent,delivered
ORD_0003515,CUST_00173,WH_003,2026-01-14 06:06:00,2026-01-16,Henan,Kaifeng,normal,pending
ORD_0003516,CUST_00162,WH_002,2026-01-14 13:41:00,2026-01-15,Zhejiang,Ningbo,normal,picked
ORD_0003517,CUST_00016,WH_001,2026-01-14 17:55:00,2026-01-15,Sichuan,Mianyang,normal,picking
ORD_0003518,CUST_00002,WH_001,2026-01-14 16:31:00,2026-01-15,Sichuan,Deyang,urgent,picking
ORD_0003519,CUST_00106,WH_001,2026-01-14 09:14:00,2026-01-15,Hubei,Wuhan,normal,dispatched
ORD_0003520,CUST_00126,WH_002,2026-01-14 08:10:00,2026-01-15,Jiangsu,Nanjing,normal,picked
ORD_0003521,CUST_00035,WH_001,2026-01-14 11:12:00,2026-01-15,Shandong,Jinan,normal,dispatched
ORD_0003522,CUST_00128,WH_001,2026-01-14 07:46:00,2026-01-15,Zhejiang,Wenzhou,normal,picking
ORD_0003523,CUST_00023,WH_002,2026-01-14 10:57:00,2026-01-15,Guangdong,Dongguan,urgent,pending
ORD_0003524,CUST_00027,WH_003,2026-01-14 10:49:00,2026-01-15,Jiangsu,Wuxi,normal,dispatched
ORD_0003525,CUST_00069,WH_003,2026-01-14 07:01:00,2026-01-16,Sichuan,Chengdu,normal,dispatched
ORD_0003526,CUST_00105,WH_002,2026-01-14 06:56:00,2026-01-15,Sichuan,Chengdu,urgent,picked
ORD_0003527,CUST_00079,WH_003,2026-01-14 11:42:00,2026-01-15,Henan,Kaifeng,high,dispatched
ORD_0003528,CUST_00195,WH_002,2026-01-14 08:59:00,2026-01-15,Zhejiang,Wenzhou,high,picked
ORD_0003529,CUST_00005,WH_003,2026-01-14 18:47:00,2026-01-16,Zhejiang,Hangzhou,normal,picked
ORD_0003530,CUST_00030,WH_003,2026-01-14 20:24:00,2026-01-15,Hubei,Xiangyang,high,picking
ORD_0003531,CUST_00065,WH_003,2026-01-14 15:06:00,2026-01-15,Shandong,Jinan,high,picking
ORD_0003532,CUST_00110,WH_003,2026-01-14 16:23:00,2026-01-15,Zhejiang,Ningbo,high,picked
ORD_0003533,CUST_00066,WH_003,2026-01-14 07:03:00,2026-01-15,Zhejiang,Hangzhou,normal,picked
ORD_0003534,CUST_00177,WH_001,2026-01-14 08:16:00,2026-01-15,Zhejiang,Ningbo,normal,delivered
ORD_0003535,CUST_00147,WH_003,2026-01-14 20:27:00,2026-01-15,Zhejiang,Hangzhou,normal,picking
ORD_0003536,CUST_00071,WH_001,2026-01-14 16:34:00,2026-01-16,Sichuan,Chengdu,high,picked
ORD_0003537,CUST_00155,WH_002,2026-01-14 10:24:00,2026-01-15,Sichuan,Chengdu,high,picked
ORD_0003538,CUST_00075,WH_001,2026-01-14 12:41:00,2026-01-16,Sichuan,Deyang,normal,pending
ORD_0003539,CUST_00005,WH_001,2026-01-14 21:19:00,2026-01-15,Zhejiang,Hangzhou,normal,picking
ORD_0003540,CUST_00053,WH_002,2026-01-14 12:32:00,2026-01-15,Guangdong,Dongguan,normal,picked
ORD_0003541,CUST_00053,WH_003,2026-01-14 06:39:00,2026-01-16,Guangdong,Dongguan,normal,delivered
ORD_0003542,CUST_00133,WH_003,2026-01-14 12:18:00,2026-01-15,Zhejiang,Wenzhou,normal,delivered
ORD_0003543,CUST_00070,WH_002,2026-01-14 18:16:00,2026-01-15,Zhejiang,Wenzhou,normal,picking
ORD_0003544,CUST_00021,WH_002,2026-01-14 14:27:00,2026-01-15,Guangdong,Shenzhen,normal,dispatched
ORD_0003545,CUST_00098,WH_003,2026-01-14 08:21:00,2026-01-15,Zhejiang,Hangzhou,normal,dispatched
ORD_0003546,CUST_00052,WH_001,2026-01-14 13:02:00,2026-01-15,Guangdong,Dongguan,normal,picked
ORD_0003547,CUST_00027,WH_001,2026-01-14 08:20:00,2026-01-15,Jiangsu,Wuxi,normal,pending
ORD_0003548,CUST_00041,WH_003,2026-01-14 07:58:00,2026-01-15,Jiangsu,Nanjing,normal,picked
ORD_0003549,CUST_00114,WH_002,2026-01-14 06:19:00,2026-01-15,Zhejiang,Ningbo,normal,picked
ORD_0003550,CUST_00113,WH_003,2026-01-14 19:33:00,2026-01-16,Shandong,Qingdao,normal,delivered
ORD_0003551,CUST_00052,WH_002,2026-01-14 19:00:00,2026-01-15,Guangdong,Dongguan,normal,picking
ORD_0003552,CUST_00085,WH_002,2026-01-14 11:34:00,2026-01-15,Shandong,Qingdao,normal,delivered
ORD_0003553,CUST_00200,WH_003,2026-01-14 16:01:00,2026-01-15,Zhejiang,Ningbo,normal,dispatched
ORD_0003554,CUST_00039,WH_002,2026-01-14 09:13:00,2026-01-15,Shandong,Qingdao,urgent,delivered
ORD_0003555,CUST_00054,WH_001,2026-01-14 21:47:00,2026-01-15,Guangdong,Dongguan,high,picked
ORD_0003556,CUST_00068,WH_002,2026-01-14 12:47:00,2026-01-15,Shandong,Qingdao,normal,delivered
ORD_0003557,CUST_00181,WH_002,2026-01-14 18:33:00,2026-01-15,Hubei,Yichang,high,picked
ORD_0003558,CUST_00189,WH_001,2026-01-14 20:59:00,2026-01-15,Hubei,Xiangyang,normal,picking
ORD_0003559,CUST_00199,WH_002,2026-01-14 19:01:00,2026-01-15,Guangdong,Dongguan,high,dispatched
ORD_0003560,CUST_00137,WH_002,2026-01-14 07:09:00,2026-01-15,Henan,Kaifeng,normal,picked
ORD_0003561,CUST_00181,WH_002,2026-01-14 20:00:00,2026-01-15,Hubei,Yichang,normal,picked
ORD_0003562,CUST_00164,WH_001,2026-01-14 09:33:00,2026-01-15,Zhejiang,Wenzhou,normal,dispatched
ORD_0003563,CUST_00029,WH_002,2026-01-14 06:17:00,2026-01-15,Zhejiang,Ningbo,normal,dispatched
ORD_0003564,CUST_00083,WH_003,2026-01-14 21:17:00,2026-01-15,Zhejiang,Ningbo,normal,picking
ORD_0003565,CUST_00020,WH_002,2026-01-14 15:36:00,2026-01-15,Jiangsu,Nanjing,normal,delivered
ORD_0003566,CUST_00068,WH_002,2026-01-14 14:54:00,2026-01-15,Shandong,Qingdao,normal,pending
ORD_0003567,CUST_00046,WH_003,2026-01-14 10:25:00,2026-01-16,Sichuan,Deyang,normal,picked
ORD_0003568,CUST_00018,WH_002,2026-01-14 13:07:00,2026-01-15,Jiangsu,Suzhou,high,picked
ORD_0003569,CUST_00113,WH_002,2026-01-14 06:44:00,2026-01-15,Shandong,Qingdao,normal,picking
ORD_0003570,CUST_00187,WH_002,2026-01-14 20:01:00,2026-01-16,Jiangsu,Wuxi,normal,delivered
ORD_0003571,CUST_00027,WH_001,2026-01-14 19:02:00,2026-01-15,Jiangsu,Wuxi,normal,delivered
ORD_0003572,CUST_00011,WH_001,2026-01-14 17:21:00,2026-01-15,Guangdong,Dongguan,normal,pending
ORD_0003573,CUST_00118,WH_003,2026-01-14 13:09:00,2026-01-15,Sichuan,Mianyang,normal,delivered
ORD_0003574,CUST_00043,WH_001,2026-01-14 08:33:00,2026-01-15,Zhejiang,Hangzhou,high,dispatched
ORD_0003575,CUST_00111,WH_001,2026-01-14 15:16:00,2026-01-15,Guangdong,Guangzhou,normal,pending
ORD_0003576,CUST_00020,WH_003,2026-01-14 07:24:00,2026-01-15,Jiangsu,Nanjing,normal,dispatched
ORD_0003577,CUST_00068,WH_003,2026-01-14 13:45:00,2026-01-15,Shandong,Qingdao,normal,delivered
ORD_0003578,CUST_00092,WH_003,2026-01-14 21:30:00,2026-01-15,Jiangsu,Nanjing,high,dispatched
ORD_0003579,CUST_00011,WH_003,2026-01-14 21:46:00,2026-01-15,Guangdong,Dongguan,normal,dispatched
ORD_0003580,CUST_00063,WH_002,2026-01-14 08:51:00,2026-01-15,Henan,Luoyang,normal,picking
ORD_0003581,CUST_00057,WH_002,2026-01-14 09:54:00,2026-01-15,Guangdong,Dongguan,normal,picked
ORD_0003582,CUST_00057,WH_003,2026-01-14 18:36:00,2026-01-15,Guangdong,Dongguan,normal,picking
ORD_0003583,CUST_00069,WH_002,2026-01-14 14:51:00,2026-01-15,Sichuan,Chengdu,normal,picking
ORD_0003584,CUST_00128,WH_002,2026-01-14 08:25:00,2026-01-15,Zhejiang,Wenzhou,normal,picking
ORD_0003585,CUST_00174,WH_001,2026-01-14 08:58:00,2026-01-16,Guangdong,Dongguan,normal,picking
ORD_0003586,CUST_00072,WH_002,2026-01-14 20:50:00,2026-01-15,Zhejiang,Wenzhou,normal,picked
ORD_0003587,CUST_00064,WH_002,2026-01-14 10:08:00,2026-01-15,Zhejiang,Wenzhou,normal,dispatched
ORD_0003588,CUST_00112,WH_001,2026-01-14 12:07:00,2026-01-16,Guangdong,Guangzhou,urgent,picked
ORD_0003589,CUST_00026,WH_001,2026-01-14 15:21:00,2026-01-15,Guangdong,Guangzhou,normal,pending
ORD_0003590,CUST_00025,WH_003,2026-01-14 16:59:00,2026-01-15,Hubei,Yichang,normal,pending
ORD_0003591,CUST_00126,WH_001,2026-01-14 20:08:00,2026-01-15,Jiangsu,Nanjing,normal,picked
ORD_0003592,CUST_00098,WH_001,2026-01-14 21:39:00,2026-01-15,Zhejiang,Hangzhou,normal,dispatched
ORD_0003593,CUST_00132,WH_001,2026-01-14 19:10:00,2026-01-15,Zhejiang,Ningbo,normal,picking
ORD_0003594,CUST_00187,WH_001,2026-01-14 20:28:00,2026-01-15,Jiangsu,Wuxi,high,picked
ORD_0003595,CUST_00059,WH_002,2026-01-14 07:40:00,2026-01-16,Hubei,Yichang,normal,delivered
ORD_0003596,CUST_00174,WH_002,2026-01-14 16:01:00,2026-01-16,Guangdong,Dongguan,normal,picked
ORD_0003597,CUST_00062,WH_001,2026-01-14 14:44:00,2026-01-15,Zhejiang,Wenzhou,normal,picked
ORD_0003598,CUST_00095,WH_002,2026-01-14 09:16:00,2026-01-15,Zhejiang,Ningbo,normal,dispatched
ORD_0003599,CUST_00092,WH_003,2026-01-14 17:11:00,2026-01-15,Jiangsu,Nanjing,high,dispatched
ORD_0003600,CUST_00081,WH_003,2026-01-14 20:24:00,2026-01-15,Hubei,Xiangyang,normal,pending
ORD_0003601,CUST_00006,WH_002,2026-01-14 17:49:00,2026-01-15,Zhejiang,Ningbo,normal,delivered
ORD_0003602,CUST_00104,WH_001,2026-01-14 08:01:00,2026-01-15,Zhejiang,Ningbo,normal,picked
ORD_0003603,CUST_00002,WH_002,2026-01-14 07:23:00,2026-01-16,Sichuan,Deyang,normal,picked
ORD_0003604,CUST_00077,WH_002,2026-01-14 11:57:00,2026-01-15,Zhejiang,Ningbo,normal,picked
ORD_0003605,CUST_00010,WH_001,2026-01-14 16:07:00,2026-01-15,Sichuan,Mianyang,urgent,pending
ORD_0003606,CUST_00120,WH_002,2026-01-14 08:37:00,2026-01-15,Guangdong,Dongguan,normal,picked
ORD_0003607,CUST_00082,WH_003,2026-01-14 13:32:00,2026-01-15,Zhejiang,Wenzhou,normal,picked
ORD_0003608,CUST_00178,WH_002,2026-01-14 19:04:00,2026-01-15,Shandong,Jinan,normal,delivered
ORD_0003609,CUST_00082,WH_003,2026-01-14 11:54:00,2026-01-15,Zhejiang,Wenzhou,high,pending
ORD_0003610,CUST_00196,WH_002,2026-01-14 08:34:00,2026-01-15,Henan,Zhengzhou,normal,dispatched
ORD_0003611,CUST_00103,WH_003,2026-01-14 20:03:00,2026-01-15,Zhejiang,Hangzhou,normal,pending
ORD_0003612,CUST_00058,WH_003,2026-01-14 06:36:00,2026-01-15,Jiangsu,Suzhou,normal,dispatched
ORD_0003613,CUST_00061,WH_003,2026-01-14 14:23:00,2026-01-15,Shandong,Qingdao,normal,pending
ORD_0003614,CUST_00032,WH_002,2026-01-14 07:42:00,2026-01-15,Henan,Luoyang,normal,delivered
ORD_0003615,CUST_00057,WH_002,2026-01-14 15:10:00,2026-01-15,Guangdong,Dongguan,normal,delivered
ORD_0003616,CUST_00002,WH_002,2026-01-14 08:19:00,2026-01-15,Sichuan,Deyang,high,picking
ORD_0003617,CUST_00065,WH_003,2026-01-14 17:38:00,2026-01-15,Shandong,Jinan,normal,picked
ORD_0003618,CUST_00117,WH_003,2026-01-14 21:45:00,2026-01-16,Zhejiang,Wenzhou,high,pending
ORD_0003619,CUST_00112,WH_002,2026-01-14 16:18:00,2026-01-15,Guangdong,Guangzhou,normal,picked
ORD_0003620,CUST_00116,WH_001,2026-01-14 21:28:00,2026-01-15,Henan,Kaifeng,normal,picking
ORD_0003621,CUST_00077,WH_001,2026-01-14 21:47:00,2026-01-15,Zhejiang,Ningbo,normal,picking
ORD_0003622,CUST_00005,WH_001,2026-01-14 07:53:00,2026-01-15,Zhejiang,Hangzhou,normal,delivered
ORD_0003623,CUST_00175,WH_001,2026-01-14 08:27:00,2026-01-15,Sichuan,Deyang,normal,dispatched
ORD_0003624,CUST_00097,WH_001,2026-01-14 21:52:00,2026-01-15,Hubei,Yichang,normal,picked
ORD_0003625,CUST_00186,WH_002,2026-01-14 11:40:00,2026-01-15,Sichuan,Chengdu,normal,dispatched
ORD_0003626,CUST_00026,WH_003,2026-01-14 17:52:00,2026-01-15,Guangdong,Guangzhou,normal,picking
ORD_0003627,CUST_00146,WH_001,2026-01-14 19:46:00,2026-01-15,Zhejiang,Hangzhou,normal,picked
ORD_0003628,CUST_00154,WH_001,2026-01-14 17:19:00,2026-01-16,Guangdong,Dongguan,high,dispatched
ORD_0003629,CUST_00029,WH_001,2026-01-14 07:20:00,2026-01-15,Zhejiang,Ningbo,high,dispatched
ORD_0003630,CUST_00176,WH_002,2026-01-14 07:31:00,2026-01-15,Henan,Luoyang,normal,picked
ORD_0003631,CUST_00090,WH_001,2026-01-14 14:45:00,2026-01-15,Hubei,Yichang,normal,picked
ORD_0003632,CUST_00119,WH_002,2026-01-14 20:31:00,2026-01-15,Zhejiang,Wenzhou,normal,picked
ORD_0003633,CUST_00149,WH_003,2026-01-14 20:53:00,2026-01-15,Henan,Zhengzhou,normal,delivered
ORD_0003634,CUST_00006,WH_003,2026-01-14 15:35:00,2026-01-15,Zhejiang,Ningbo,normal,dispatched
ORD_0003635,CUST_00165,WH_001,2026-01-14 19:40:00,2026-01-15,Shandong,Yantai,normal,picked
ORD_0003636,CUST_00069,WH_001,2026-01-14 14:58:00,2026-01-15,Sichuan,Chengdu,normal,pending
ORD_0003637,CUST_00066,WH_003,2026-01-14 19:01:00,2026-01-15,Zhejiang,Hangzhou,normal,picking
ORD_0003638,CUST_00118,WH_001,2026-01-14 11:56:00,2026-01-15,Sichuan,Mianyang,normal,picking
ORD_0003639,CUST_00038,WH_001,2026-01-14 10:28:00,2026-01-15,Hubei,Yichang,normal,picked
ORD_0003640,CUST_00061,WH_003,2026-01-14 20:01:00,2026-01-16,Shandong,Qingdao,normal,delivered
ORD_0003641,CUST_00066,WH_002,2026-01-14 15:08:00,2026-01-15,Zhejiang,Hangzhou,normal,dispatched
ORD_0003642,CUST_00132,WH_002,2026-01-14 12:21:00,2026-01-15,Zhejiang,Ningbo,normal,picked
ORD_0003643,CUST_00081,WH_002,2026-01-14 11:14:00,2026-01-15,Hubei,Xiangyang,normal,pending
ORD_0003644,CUST_00016,WH_003,2026-01-14 17:35:00,2026-01-15,Sichuan,Mianyang,normal,picked
ORD_0003645,CUST_00180,WH_003,2026-01-14 13:16:00,2026-01-15,Shandong,Yantai,normal,dispatched
ORD_0003646,CUST_00110,WH_002,2026-01-14 09:02:00,2026-01-15,Zhejiang,Ningbo,urgent,picking
ORD_0003647,CUST_00145,WH_002,2026-01-14 18:52:00,2026-01-15,Sichuan,Chengdu,normal,delivered
ORD_0003648,CUST_00079,WH_002,2026-01-14 19:57:00,2026-01-15,Henan,Kaifeng,urgent,pending
ORD_0003649,CUST_00040,WH_003,2026-01-14 09:29:00,2026-01-15,Guangdong,Shenzhen,high,dispatched
ORD_0003650,CUST_00176,WH_002,2026-01-14 06:52:00,2026-01-15,Henan,Luoyang,normal,dispatched
ORD_0003651,CUST_00035,WH_002,2026-01-14 11:42:00,2026-01-15,Shandong,Jinan,normal,picking
ORD_0003652,CUST_00135,WH_002,2026-01-14 12:52:00,2026-01-15,Shandong,Yantai,normal,picking
ORD_0003653,CUST_00076,WH_003,2026-01-14 17:42:00,2026-01-15,Sichuan,Mianyang,normal,dispatched
ORD_0003654,CUST_00025,WH_001,2026-01-14 18:39:00,2026-01-15,Hubei,Yichang,normal,delivered
ORD_0003655,CUST_00121,WH_003,2026-01-14 18:19:00,2026-01-16,Sichuan,Deyang,normal,picked
ORD_0003656,CUST_00060,WH_003,2026-01-14 20:43:00,2026-01-15,Zhejiang,Ningbo,normal,pending
ORD_0003657,CUST_00047,WH_003,2026-01-14 07:16:00,2026-01-15,Zhejiang,Ningbo,normal,delivered
ORD_0003658,CUST_00175,WH_003,2026-01-14 21:17:00,2026-01-15,Sichuan,Deyang,normal,picked
ORD_0003659,CUST_00179,WH_002,2026-01-14 11:46:00,2026-01-15,Henan,Zhengzhou,normal,delivered
ORD_0003660,CUST_00003,WH_001,2026-01-14 07:55:00,2026-01-15,Henan,Zhengzhou,normal,picked
ORD_0003661,CUST_00038,WH_003,2026-01-14 19:27:00,2026-01-15,Hubei,Yichang,normal,picked
ORD_0003662,CUST_00165,WH_003,2026-01-14 10:45:00,2026-01-15,Shandong,Yantai,normal,dispatched
ORD_0003663,CUST_00138,WH_002,2026-01-14 21:36:00,2026-01-15,Guangdong,Shenzhen,normal,picked
ORD_0003664,CUST_00083,WH_002,2026-01-14 17:41:00,2026-01-15,Zhejiang,Ningbo,urgent,picked
ORD_0003665,CUST_00163,WH_003,2026-01-14 07:37:00,2026-01-15,Jiangsu,Nanjing,normal,dispatched
ORD_0003666,CUST_00191,WH_002,2026-01-14 13:29:00,2026-01-15,Zhejiang,Ningbo,normal,pending
ORD_0003667,CUST_00094,WH_003,2026-01-14 11:39:00,2026-01-15,Henan,Zhengzhou,normal,picked
ORD_0003668,CUST_00158,WH_003,2026-01-14 12:19:00,2026-01-15,Zhejiang,Ningbo,normal,picked
ORD_0003669,CUST_00019,WH_003,2026-01-14 15:21:00,2026-01-15,Henan,Luoyang,normal,pending
ORD_0003670,CUST_00051,WH_001,2026-01-14 07:35:00,2026-01-15,Hubei,Yichang,normal,picking
ORD_0003671,CUST_00006,WH_002,2026-01-14 17:39:00,2026-01-15,Zhejiang,Ningbo,normal,picking
ORD_0003672,CUST_00109,WH_003,2026-01-14 11:46:00,2026-01-15,Shandong,Jinan,high,picked
ORD_0003673,CUST_00058,WH_001,2026-01-14 19:32:00,2026-01-16,Jiangsu,Suzhou,normal,dispatched
ORD_0003674,CUST_00089,WH_001,2026-01-14 13:35:00,2026-01-15,Guangdong,Shenzhen,normal,delivered
ORD_0003675,CUST_00006,WH_003,2026-01-14 08:34:00,2026-01-15,Zhejiang,Ningbo,high,dispatched
ORD_0003676,CUST_00077,WH_001,2026-01-14 09:50:00,2026-01-15,Zhejiang,Ningbo,normal,picked
ORD_0003677,CUST_00069,WH_003,2026-01-14 14:58:00,2026-01-15,Sichuan,Chengdu,high,dispatched
ORD_0003678,CUST_00174,WH_001,2026-01-14 17:08:00,2026-01-15,Guangdong,Dongguan,normal,picking
ORD_0003679,CUST_00144,WH_001,2026-01-14 15:09:00,2026-01-15,Shandong,Qingdao,normal,picked
ORD_0003680,CUST_00016,WH_001,2026-01-14 20:43:00,2026-01-15,Sichuan,Mianyang,normal,dispatched
ORD_0003681,CUST_00163,WH_001,2026-01-14 20:10:00,2026-01-16,Jiangsu,Nanjing,normal,picked
ORD_0003682,CUST_00154,WH_001,2026-01-14 07:21:00,2026-01-15,Guangdong,Dongguan,high,dispatched
ORD_0003683,CUST_00166,WH_002,2026-01-14 17:15:00,2026-01-15,Henan,Luoyang,high,picked
ORD_0003684,CUST_00028,WH_001,2026-01-14 09:20:00,2026-01-16,Hubei,Wuhan,urgent,picked
ORD_0003685,CUST_00037,WH_001,2026-01-14 12:02:00,2026-01-15,Jiangsu,Wuxi,high,dispatched
ORD_0003686,CUST_00130,WH_001,2026-01-14 14:53:00,2026-01-15,Henan,Zhengzhou,normal,dispatched
ORD_0003687,CUST_00036,WH_002,2026-01-14 16:06:00,2026-01-15,Sichuan,Mianyang,normal,delivered
ORD_0003688,CUST_00094,WH_002,2026-01-14 18:30:00,2026-01-15,Henan,Zhengzhou,normal,delivered
ORD_0003689,CUST_00175,WH_001,2026-01-14 12:41:00,2026-01-15,Sichuan,Deyang,normal,pending
ORD_0003690,CUST_00055,WH_002,2026-01-14 11:15:00,2026-01-15,Henan,Zhengzhou,normal,delivered
ORD_0003691,CUST_00055,WH_003,2026-01-14 10:09:00,2026-01-15,Henan,Zhengzhou,normal,picked
ORD_0003692,CUST_00009,WH_003,2026-01-14 21:26:00,2026-01-15,Sichuan,Mianyang,normal,picking
ORD_0003693,CUST_00198,WH_003,2026-01-14 21:34:00,2026-01-15,Shandong,Yantai,normal,dispatched
ORD_0003694,CUST_00145,WH_003,2026-01-14 09:40:00,2026-01-15,Sichuan,Chengdu,normal,delivered
ORD_0003695,CUST_00173,WH_002,2026-01-14 19:02:00,2026-01-15,Henan,Kaifeng,normal,delivered
ORD_0003696,CUST_00052,WH_002,2026-01-14 17:28:00,2026-01-16,Guangdong,Dongguan,normal,dispatched
ORD_0003697,CUST_00072,WH_001,2026-01-14 17:12:00,2026-01-16,Zhejiang,Wenzhou,normal,delivered
ORD_0003698,CUST_00187,WH_002,2026-01-14 14:46:00,2026-01-15,Jiangsu,Wuxi,normal,picking
ORD_0003699,CUST_00058,WH_003,2026-01-14 08:57:00,2026-01-15,Jiangsu,Suzhou,normal,picked
ORD_0003700,CUST_00164,WH_001,2026-01-14 19:15:00,2026-01-15,Zhejiang,Wenzhou,normal,picking
ORD_0003701,CUST_00107,WH_001,2026-01-14 16:24:00,2026-01-15,Henan,Luoyang,normal,delivered
ORD_0003702,CUST_00065,WH_003,2026-01-14 09:43:00,2026-01-15,Shandong,Jinan,normal,picked
ORD_0003703,CUST_00079,WH_002,2026-01-14 07:57:00,2026-01-15,Henan,Kaifeng,high,delivered
ORD_0003704,CUST_00008,WH_001,2026-01-14 13:56:00,2026-01-15,Hubei,Wuhan,high,picked
ORD_0003705,CUST_00090,WH_003,2026-01-14 09:07:00,2026-01-15,Hubei,Yichang,high,delivered
ORD_0003706,CUST_00068,WH_001,2026-01-14 09:23:00,2026-01-15,Shandong,Qingdao,high,dispatched
ORD_0003707,CUST_00008,WH_003,2026-01-14 21:10:00,2026-01-16,Hubei,Wuhan,normal,dispatched
ORD_0003708,CUST_00069,WH_003,2026-01-14 13:37:00,2026-01-15,Sichuan,Chengdu,normal,picked
ORD_0003709,CUST_00172,WH_002,2026-01-14 12:45:00,2026-01-16,Sichuan,Deyang,normal,delivered
ORD_0003710,CUST_00036,WH_003,2026-01-14 12:32:00,2026-01-15,Sichuan,Mianyang,normal,picking
ORD_0003711,CUST_00081,WH_001,2026-01-14 11:22:00,2026-01-15,Hubei,Xiangyang,normal,picking
ORD_0003712,CUST_00051,WH_002,2026-01-14 08:25:00,2026-01-15,Hubei,Yichang,normal,delivered
ORD_0003713,CUST_00054,WH_002,2026-01-14 15:19:00,2026-01-15,Guangdong,Dongguan,high,picked
ORD_0003714,CUST_00050,WH_002,2026-01-14 07:57:00,2026-01-15,Shandong,Jinan,normal,dispatched
ORD_0003715,CUST_00152,WH_001,2026-01-14 20:41:00,2026-01-15,Shandong,Qingdao,urgent,picked
ORD_0003716,CUST_00055,WH_003,2026-01-14 09:29:00,2026-01-15,Henan,Zhengzhou,normal,dispatched
ORD_0003717,CUST_00186,WH_003,2026-01-14 11:37:00,2026-01-15,Sichuan,Chengdu,normal,pending
ORD_0003718,CUST_00127,WH_001,2026-01-14 16:19:00,2026-01-15,Henan,Luoyang,normal,picked
ORD_0003719,CUST_00086,WH_002,2026-01-14 15:42:00,2026-01-15,Guangdong,Dongguan,normal,dispatched
ORD_0003720,CUST_00043,WH_002,2026-01-14 08:21:00,2026-01-15,Zhejiang,Hangzhou,normal,delivered
ORD_0003721,CUST_00180,WH_002,2026-01-14 06:23:00,2026-01-15,Shandong,Yantai,normal,delivered
ORD_0003722,CUST_00044,WH_001,2026-01-14 11:07:00,2026-01-15,Henan,Luoyang,normal,picked
ORD_0003723,CUST_00065,WH_002,2026-01-14 07:15:00,2026-01-15,Shandong,Jinan,normal,picked
ORD_0003724,CUST_00074,WH_001,2026-01-14 06:12:00,2026-01-15,Sichuan,Mianyang,normal,delivered
ORD_0003725,CUST_00094,WH_001,2026-01-14 09:25:00,2026-01-15,Henan,Zhengzhou,normal,picked
ORD_0003726,CUST_00079,WH_001,2026-01-14 07:19:00,2026-01-15,Henan,Kaifeng,high,picked
ORD_0003727,CUST_00068,WH_002,2026-01-14 07:06:00,2026-01-15,Shandong,Qingdao,normal,pending
ORD_0003728,CUST_00095,WH_002,2026-01-14 06:19:00,2026-01-15,Zhejiang,Ningbo,urgent,picked
ORD_0003729,CUST_00068,WH_003,2026-01-14 06:52:00,2026-01-16,Shandong,Qingdao,normal,picking
ORD_0003730,CUST_00011,WH_001,2026-01-14 19:36:00,2026-01-15,Guangdong,Dongguan,normal,picked
ORD_0003731,CUST_00036,WH_002,2026-01-14 21:56:00,2026-01-15,Sichuan,Mianyang,normal,picked
ORD_0003732,CUST_00017,WH_002,2026-01-14 16:53:00,2026-01-15,Shandong,Yantai,normal,picked
ORD_0003733,CUST_00093,WH_003,2026-01-14 20:39:00,2026-01-15,Guangdong,Guangzhou,normal,picking
ORD_0003734,CUST_00177,WH_003,2026-01-14 19:22:00,2026-01-15,Zhejiang,Ningbo,normal,pending
ORD_0003735,CUST_00182,WH_001,2026-01-14 15:20:00,2026-01-15,Zhejiang,Hangzhou,high,delivered
ORD_0003736,CUST_00196,WH_003,2026-01-14 17:01:00,2026-01-16,Henan,Zhengzhou,normal,dispatched
ORD_0003737,CUST_00110,WH_002,2026-01-14 08:29:00,2026-01-16,Zhejiang,Ningbo,high,picking
ORD_0003738,CUST_00178,WH_003,2026-01-14 10:53:00,2026-01-15,Shandong,Jinan,normal,picking
ORD_0003739,CUST_00019,WH_002,2026-01-14 12:11:00,2026-01-15,Henan,Luoyang,normal,picking
ORD_0003740,CUST_00183,WH_003,2026-01-14 17:06:00,2026-01-15,Jiangsu,Nanjing,normal,dispatched
ORD_0003741,CUST_00007,WH_002,2026-01-14 16:16:00,2026-01-15,Sichuan,Deyang,normal,picked
ORD_0003742,CUST_00193,WH_002,2026-01-14 21:13:00,2026-01-15,Zhejiang,Hangzhou,high,dispatched
ORD_0003743,CUST_00188,WH_002,2026-01-14 18:01:00,2026-01-15,Shandong,Qingdao,normal,picking
ORD_0003744,CUST_00060,WH_003,2026-01-14 15:57:00,2026-01-15,Zhejiang,Ningbo,normal,dispatched
ORD_0003745,CUST_00191,WH_003,2026-01-14 10:56:00,2026-01-15,Zhejiang,Ningbo,normal,picking
ORD_0003746,CUST_00047,WH_002,2026-01-15 18:30:00,2026-01-16,Zhejiang,Ningbo,normal,picking
ORD_0003747,CUST_00008,WH_001,2026-01-15 06:00:00,2026-01-16,Hubei,Wuhan,normal,picked
ORD_0003748,CUST_00093,WH_003,2026-01-15 12:02:00,2026-01-16,Guangdong,Guangzhou,normal,picked
ORD_0003749,CUST_00126,WH_003,2026-01-15 20:11:00,2026-01-16,Jiangsu,Nanjing,normal,pending
ORD_0003750,CUST_00154,WH_002,2026-01-15 20:59:00,2026-01-16,Guangdong,Dongguan,urgent,dispatched
ORD_0003751,CUST_00195,WH_001,2026-01-15 13:48:00,2026-01-16,Zhejiang,Wenzhou,normal,dispatched
ORD_0003752,CUST_00134,WH_001,2026-01-15 09:34:00,2026-01-16,Sichuan,Mianyang,normal,picked
ORD_0003753,CUST_00007,WH_003,2026-01-15 16:40:00,2026-01-16,Sichuan,Deyang,high,picked
ORD_0003754,CUST_00156,WH_003,2026-01-15 11:12:00,2026-01-17,Zhejiang,Ningbo,normal,picked
ORD_0003755,CUST_00101,WH_001,2026-01-15 08:02:00,2026-01-16,Hubei,Wuhan,normal,delivered
ORD_0003756,CUST_00083,WH_002,2026-01-15 21:43:00,2026-01-16,Zhejiang,Ningbo,high,picking
ORD_0003757,CUST_00172,WH_001,2026-01-15 18:39:00,2026-01-16,Sichuan,Deyang,normal,picked
ORD_0003758,CUST_00096,WH_002,2026-01-15 15:15:00,2026-01-16,Hubei,Yichang,normal,picked
ORD_0003759,CUST_00152,WH_002,2026-01-15 10:32:00,2026-01-17,Shandong,Qingdao,normal,picked
ORD_0003760,CUST_00127,WH_003,2026-01-15 11:56:00,2026-01-16,Henan,Luoyang,high,picking
ORD_0003761,CUST_00179,WH_003,2026-01-15 21:50:00,2026-01-17,Henan,Zhengzhou,normal,pending
ORD_0003762,CUST_00178,WH_003,2026-01-15 18:24:00,2026-01-16,Shandong,Jinan,normal,pending
ORD_0003763,CUST_00158,WH_003,2026-01-15 11:45:00,2026-01-16,Zhejiang,Ningbo,normal,picking
ORD_0003764,CUST_00184,WH_002,2026-01-15 15:15:00,2026-01-16,Jiangsu,Nanjing,normal,picking
ORD_0003765,CUST_00067,WH_001,2026-01-15 09:02:00,2026-01-16,Zhejiang,Wenzhou,normal,pending
ORD_0003766,CUST_00145,WH_001,2026-01-15 10:23:00,2026-01-16,Sichuan,Chengdu,normal,dispatched
ORD_0003767,CUST_00170,WH_001,2026-01-15 18:54:00,2026-01-16,Henan,Luoyang,normal,picked
ORD_0003768,CUST_00082,WH_003,2026-01-15 06:17:00,2026-01-16,Zhejiang,Wenzhou,high,picked
ORD_0003769,CUST_00099,WH_001,2026-01-15 09:59:00,2026-01-16,Zhejiang,Hangzhou,normal,picking
ORD_0003770,CUST_00104,WH_002,2026-01-15 21:20:00,2026-01-16,Zhejiang,Ningbo,normal,pending
ORD_0003771,CUST_00010,WH_002,2026-01-15 07:00:00,2026-01-16,Sichuan,Mianyang,normal,picked
ORD_0003772,CUST_00027,WH_002,2026-01-15 11:57:00,2026-01-16,Jiangsu,Wuxi,normal,picking
ORD_0003773,CUST_00133,WH_003,2026-01-15 10:50:00,2026-01-16,Zhejiang,Wenzhou,normal,picked
ORD_0003774,CUST_00012,WH_002,2026-01-15 20:34:00,2026-01-16,Sichuan,Deyang,normal,dispatched
ORD_0003775,CUST_00194,WH_002,2026-01-15 11:08:00,2026-01-16,Zhejiang,Wenzhou,normal,picked
ORD_0003776,CUST_00130,WH_003,2026-01-15 06:39:00,2026-01-16,Henan,Zhengzhou,normal,picking
ORD_0003777,CUST_00025,WH_002,2026-01-15 09:45:00,2026-01-16,Hubei,Yichang,high,delivered
ORD_0003778,CUST_00192,WH_001,2026-01-15 08:57:00,2026-01-17,Shandong,Qingdao,normal,dispatched
ORD_0003779,CUST_00053,WH_001,2026-01-15 17:04:00,2026-01-16,Guangdong,Dongguan,normal,dispatched
ORD_0003780,CUST_00034,WH_001,2026-01-15 06:41:00,2026-01-17,Jiangsu,Suzhou,normal,picked
ORD_0003781,CUST_00151,WH_001,2026-01-15 11:22:00,2026-01-16,Hubei,Yichang,normal,dispatched
ORD_0003782,CUST_00146,WH_001,2026-01-15 17:51:00,2026-01-16,Zhejiang,Hangzhou,normal,dispatched
ORD_0003783,CUST_00197,WH_002,2026-01-15 07:03:00,2026-01-16,Jiangsu,Nanjing,normal,picked
ORD_0003784,CUST_00191,WH_002,2026-01-15 11:03:00,2026-01-16,Zhejiang,Ningbo,normal,picked
ORD_0003785,CUST_00064,WH_001,2026-01-15 20:04:00,2026-01-16,Zhejiang,Wenzhou,normal,picking
ORD_0003786,CUST_00079,WH_001,2026-01-15 21:51:00,2026-01-16,Henan,Kaifeng,high,delivered
ORD_0003787,CUST_00093,WH_001,2026-01-15 10:49:00,2026-01-16,Guangdong,Guangzhou,normal,delivered
ORD_0003788,CUST_00068,WH_003,2026-01-15 17:03:00,2026-01-16,Shandong,Qingdao,normal,picking
ORD_0003789,CUST_00103,WH_001,2026-01-15 11:58:00,2026-01-16,Zhejiang,Hangzhou,normal,delivered
ORD_0003790,CUST_00143,WH_003,2026-01-15 13:46:00,2026-01-16,Guangdong,Dongguan,normal,dispatched
ORD_0003791,CUST_00001,WH_001,2026-01-15 19:21:00,2026-01-16,Zhejiang,Ningbo,normal,dispatched
ORD_0003792,CUST_00038,WH_003,2026-01-15 07:23:00,2026-01-16,Hubei,Yichang,normal,dispatched
ORD_0003793,CUST_00034,WH_001,2026-01-15 16:14:00,2026-01-16,Jiangsu,Suzhou,urgent,delivered
ORD_0003794,CUST_00114,WH_003,2026-01-15 17:15:00,2026-01-16,Zhejiang,Ningbo,high,dispatched
ORD_0003795,CUST_00105,WH_003,2026-01-15 10:55:00,2026-01-16,Sichuan,Chengdu,urgent,picked
ORD_0003796,CUST_00157,WH_003,2026-01-15 19:22:00,2026-01-16,Guangdong,Guangzhou,normal,picked
ORD_0003797,CUST_00086,WH_003,2026-01-15 15:56:00,2026-01-16,Guangdong,Dongguan,normal,picking
ORD_0003798,CUST_00105,WH_001,2026-01-15 09:07:00,2026-01-16,Sichuan,Chengdu,normal,picking
ORD_0003799,CUST_00021,WH_003,2026-01-15 19:15:00,2026-01-16,Guangdong,Shenzhen,normal,picking
ORD_0003800,CUST_00097,WH_001,2026-01-15 09:14:00,2026-01-16,Hubei,Yichang,normal,dispatched
ORD_0003801,CUST_00137,WH_003,2026-01-15 20:06:00,2026-01-16,Henan,Kaifeng,urgent,picking
ORD_0003802,CUST_00141,WH_001,2026-01-15 19:35:00,2026-01-16,Henan,Luoyang,normal,pending
ORD_0003803,CUST_00142,WH_003,2026-01-15 16:24:00,2026-01-16,Hubei,Wuhan,normal,picking
ORD_0003804,CUST_00116,WH_001,2026-01-15 21:11:00,2026-01-16,Henan,Kaifeng,normal,picking
ORD_0003805,CUST_00022,WH_002,2026-01-15 06:58:00,2026-01-16,Zhejiang,Wenzhou,high,dispatched
ORD_0003806,CUST_00175,WH_002,2026-01-15 20:11:00,2026-01-16,Sichuan,Deyang,high,delivered
ORD_0003807,CUST_00183,WH_002,2026-01-15 13:52:00,2026-01-16,Jiangsu,Nanjing,normal,pending
ORD_0003808,CUST_00075,WH_001,2026-01-15 13:16:00,2026-01-16,Sichuan,Deyang,normal,picked
ORD_0003809,CUST_00190,WH_001,2026-01-15 14:32:00,2026-01-16,Henan,Luoyang,normal,picking
ORD_0003810,CUST_00109,WH_003,2026-01-15 12:48:00,2026-01-16,Shandong,Jinan,normal,picked
ORD_0003811,CUST_00139,WH_001,2026-01-15 15:52:00,2026-01-16,Zhejiang,Ningbo,high,dispatched
ORD_0003812,CUST_00015,WH_003,2026-01-15 17:01:00,2026-01-17,Guangdong,Guangzhou,normal,dispatched
ORD_0003813,CUST_00013,WH_001,2026-01-15 18:39:00,2026-01-16,Hubei,Wuhan,normal,picking
ORD_0003814,CUST_00093,WH_003,2026-01-15 18:15:00,2026-01-16,Guangdong,Guangzhou,normal,picking
ORD_0003815,CUST_00015,WH_001,2026-01-15 09:03:00,2026-01-16,Guangdong,Guangzhou,normal,pending
ORD_0003816,CUST_00199,WH_001,2026-01-15 14:35:00,2026-01-16,Guangdong,Dongguan,normal,picking
ORD_0003817,CUST_00036,WH_002,2026-01-15 18:47:00,2026-01-16,Sichuan,Mianyang,normal,delivered
ORD_0003818,CUST_00149,WH_003,2026-01-15 10:03:00,2026-01-17,Henan,Zhengzhou,normal,dispatched
ORD_0003819,CUST_00196,WH_001,2026-01-15 18:50:00,2026-01-16,Henan,Zhengzhou,normal,picking
ORD_0003820,CUST_00115,WH_002,2026-01-15 21:58:00,2026-01-16,Shandong,Jinan,normal,pending
ORD_0003821,CUST_00184,WH_003,2026-01-15 20:10:00,2026-01-16,Jiangsu,Nanjing,normal,delivered
ORD_0003822,CUST_00158,WH_002,2026-01-15 06:36:00,2026-01-16,Zhejiang,Ningbo,normal,delivered
ORD_0003823,CUST_00058,WH_002,2026-01-15 10:54:00,2026-01-16,Jiangsu,Suzhou,normal,picking
ORD_0003824,CUST_00102,WH_003,2026-01-15 21:15:00,2026-01-16,Sichuan,Chengdu,high,picking
ORD_0003825,CUST_00074,WH_002,2026-01-15 15:10:00,2026-01-16,Sichuan,Mianyang,normal,dispatched
ORD_0003826,CUST_00119,WH_002,2026-01-15 17:14:00,2026-01-16,Zhejiang,Wenzhou,normal,pending
ORD_0003827,CUST_00159,WH_002,2026-01-15 20:06:00,2026-01-16,Guangdong,Shenzhen,normal,pending
ORD_0003828,CUST_00017,WH_003,2026-01-15 20:36:00,2026-01-16,Shandong,Yantai,normal,delivered
ORD_0003829,CUST_00173,WH_003,2026-01-15 13:54:00,2026-01-16,Henan,Kaifeng,normal,delivered
ORD_0003830,CUST_00160,WH_003,2026-01-15 10:59:00,2026-01-16,Shandong,Qingdao,normal,picked
ORD_0003831,CUST_00012,WH_002,2026-01-15 16:22:00,2026-01-16,Sichuan,Deyang,high,delivered
ORD_0003832,CUST_00074,WH_002,2026-01-15 19:00:00,2026-01-16,Sichuan,Mianyang,normal,dispatched
ORD_0003833,CUST_00001,WH_003,2026-01-15 08:49:00,2026-01-16,Zhejiang,Ningbo,normal,picked
ORD_0003834,CUST_00139,WH_003,2026-01-15 20:55:00,2026-01-16,Zhejiang,Ningbo,normal,dispatched
ORD_0003835,CUST_00061,WH_002,2026-01-15 08:28:00,2026-01-16,Shandong,Qingdao,normal,dispatched
ORD_0003836,CUST_00004,WH_003,2026-01-15 09:01:00,2026-01-16,Jiangsu,Nanjing,high,picked
ORD_0003837,CUST_00110,WH_003,2026-01-15 08:35:00,2026-01-16,Zhejiang,Ningbo,urgent,picking
ORD_0003838,CUST_00148,WH_003,2026-01-15 09:26:00,2026-01-16,Jiangsu,Suzhou,normal,picked
ORD_0003839,CUST_00126,WH_003,2026-01-15 19:53:00,2026-01-16,Jiangsu,Nanjing,normal,picked
ORD_0003840,CUST_00099,WH_001,2026-01-15 08:26:00,2026-01-16,Zhejiang,Hangzhou,normal,picked
ORD_0003841,CUST_00070,WH_001,2026-01-15 17:27:00,2026-01-16,Zhejiang,Wenzhou,normal,picking
ORD_0003842,CUST_00041,WH_002,2026-01-15 09:51:00,2026-01-16,Jiangsu,Nanjing,normal,dispatched
ORD_0003843,CUST_00035,WH_002,2026-01-15 12:50:00,2026-01-16,Shandong,Jinan,normal,dispatched
ORD_0003844,CUST_00124,WH_002,2026-01-15 13:14:00,2026-01-16,Guangdong,Dongguan,normal,picked
ORD_0003845,CUST_00101,WH_003,2026-01-15 16:14:00,2026-01-16,Hubei,Wuhan,normal,picking
ORD_0003846,CUST_00114,WH_003,2026-01-15 21:20:00,2026-01-16,Zhejiang,Ningbo,normal,dispatched
ORD_0003847,CUST_00129,WH_002,2026-01-15 14:33:00,2026-01-16,Hubei,Yichang,normal,dispatched
ORD_0003848,CUST_00047,WH_002,2026-01-15 09:31:00,2026-01-16,Zhejiang,Ningbo,normal,picking
ORD_0003849,CUST_00167,WH_001,2026-01-15 13:46:00,2026-01-16,Zhejiang,Ningbo,normal,picking
ORD_0003850,CUST_00011,WH_001,2026-01-15 10:33:00,2026-01-16,Guangdong,Dongguan,normal,dispatched
ORD_0003851,CUST_00119,WH_001,2026-01-15 16:51:00,2026-01-17,Zhejiang,Wenzhou,urgent,dispatched
ORD_0003852,CUST_00113,WH_002,2026-01-15 16:43:00,2026-01-16,Shandong,Qingdao,normal,dispatched
ORD_0003853,CUST_00133,WH_001,2026-01-15 16:13:00,2026-01-16,Zhejiang,Wenzhou,normal,picking
ORD_0003854,CUST_00067,WH_003,2026-01-15 14:10:00,2026-01-16,Zhejiang,Wenzhou,normal,picking
ORD_0003855,CUST_00037,WH_002,2026-01-15 16:33:00,2026-01-16,Jiangsu,Wuxi,normal,delivered
ORD_0003856,CUST_00070,WH_003,2026-01-15 16:21:00,2026-01-16,Zhejiang,Wenzhou,high,picked
ORD_0003857,CUST_00084,WH_002,2026-01-15 20:09:00,2026-01-16,Shandong,Qingdao,normal,pending
ORD_0003858,CUST_00149,WH_003,2026-01-15 09:57:00,2026-01-16,Henan,Zhengzhou,normal,picked
ORD_0003859,CUST_00187,WH_003,2026-01-15 12:42:00,2026-01-16,Jiangsu,Wuxi,normal,picked
ORD_0003860,CUST_00198,WH_002,2026-01-15 21:04:00,2026-01-16,Shandong,Yantai,high,delivered
ORD_0003861,CUST_00127,WH_001,2026-01-15 08:27:00,2026-01-17,Henan,Luoyang,normal,picked
ORD_0003862,CUST_00164,WH_002,2026-01-15 11:39:00,2026-01-16,Zhejiang,Wenzhou,normal,delivered
ORD_0003863,CUST_00086,WH_003,2026-01-15 15:40:00,2026-01-16,Guangdong,Dongguan,normal,pending
ORD_0003864,CUST_00140,WH_002,2026-01-15 07:07:00,2026-01-16,Zhejiang,Ningbo,normal,picking
ORD_0003865,CUST_00063,WH_003,2026-01-15 21:38:00,2026-01-16,Henan,Luoyang,normal,dispatched
ORD_0003866,CUST_00066,WH_003,2026-01-15 18:15:00,2026-01-16,Zhejiang,Hangzhou,normal,picked
ORD_0003867,CUST_00115,WH_002,2026-01-15 14:12:00,2026-01-16,Shandong,Jinan,normal,picked
ORD_0003868,CUST_00120,WH_001,2026-01-15 19:08:00,2026-01-16,Guangdong,Dongguan,normal,delivered
ORD_0003869,CUST_00199,WH_003,2026-01-15 15:47:00,2026-01-16,Guangdong,Dongguan,normal,delivered
ORD_0003870,CUST_00191,WH_002,2026-01-15 16:28:00,2026-01-17,Zhejiang,Ningbo,normal,dispatched
ORD_0003871,CUST_00117,WH_001,2026-01-15 11:40:00,2026-01-17,Zhejiang,Wenzhou,normal,picking
ORD_0003872,CUST_00019,WH_001,2026-01-15 10:19:00,2026-01-16,Henan,Luoyang,normal,pending
ORD_0003873,CUST_00014,WH_002,2026-01-15 17:21:00,2026-01-16,Shandong,Yantai,normal,picking
ORD_0003874,CUST_00008,WH_001,2026-01-15 17:08:00,2026-01-16,Hubei,Wuhan,normal,dispatched
ORD_0003875,CUST_00075,WH_002,2026-01-15 07:38:00,2026-01-17,Sichuan,Deyang,normal,picked
ORD_0003876,CUST_00144,WH_001,2026-01-15 11:46:00,2026-01-16,Shandong,Qingdao,urgent,picked
ORD_0003877,CUST_00069,WH_001,2026-01-15 14:56:00,2026-01-16,Sichuan,Chengdu,high,delivered
ORD_0003878,CUST_00109,WH_003,2026-01-15 10:59:00,2026-01-16,Shandong,Jinan,normal,dispatched
ORD_0003879,CUST_00101,WH_003,2026-01-15 15:35:00,2026-01-17,Hubei,Wuhan,normal,picked
ORD_0003880,CUST_00097,WH_002,2026-01-15 12:54:00,2026-01-16,Hubei,Yichang,normal,delivered
ORD_0003881,CUST_00023,WH_003,2026-01-15 17:17:00,2026-01-17,Guangdong,Dongguan,normal,picking
ORD_0003882,CUST_00130,WH_003,2026-01-15 13:42:00,2026-01-17,Henan,Zhengzhou,urgent,dispatched
ORD_0003883,CUST_00184,WH_002,2026-01-15 07:25:00,2026-01-16,Jiangsu,Nanjing,normal,pending
ORD_0003884,CUST_00170,WH_002,2026-01-15 09:45:00,2026-01-16,Henan,Luoyang,normal,picked
ORD_0003885,CUST_00065,WH_001,2026-01-15 08:04:00,2026-01-16,Shandong,Jinan,normal,dispatched
ORD_0003886,CUST_00042,WH_002,2026-01-15 07:20:00,2026-01-17,Jiangsu,Suzhou,normal,picking
ORD_0003887,CUST_00062,WH_001,2026-01-15 17:11:00,2026-01-16,Zhejiang,Wenzhou,normal,delivered
ORD_0003888,CUST_00174,WH_002,2026-01-15 11:24:00,2026-01-17,Guangdong,Dongguan,normal,picked
ORD_0003889,CUST_00049,WH_003,2026-01-15 12:55:00,2026-01-16,Shandong,Qingdao,high,dispatched
ORD_0003890,CUST_00076,WH_002,2026-01-15 07:39:00,2026-01-16,Sichuan,Mianyang,normal,pending
ORD_0003891,CUST_00139,WH_002,2026-01-15 19:37:00,2026-01-16,Zhejiang,Ningbo,normal,dispatched
ORD_0003892,CUST_00113,WH_001,2026-01-15 07:31:00,2026-01-16,Shandong,Qingdao,normal,dispatched
ORD_0003893,CUST_00124,WH_001,2026-01-15 12:38:00,2026-01-17,Guangdong,Dongguan,normal,delivered
ORD_0003894,CUST_00002,WH_001,2026-01-15 06:05:00,2026-01-16,Sichuan,Deyang,normal,delivered
ORD_0003895,CUST_00198,WH_002,2026-01-15 12:06:00,2026-01-16,Shandong,Yantai,normal,delivered
ORD_0003896,CUST_00029,WH_003,2026-01-15 10:21:00,2026-01-16,Zhejiang,Ningbo,urgent,dispatched
ORD_0003897,CUST_00081,WH_003,2026-01-15 12:36:00,2026-01-16,Hubei,Xiangyang,urgent,delivered
ORD_0003898,CUST_00177,WH_001,2026-01-15 08:26:00,2026-01-16,Zhejiang,Ningbo,normal,dispatched
ORD_0003899,CUST_00016,WH_002,2026-01-15 11:01:00,2026-01-16,Sichuan,Mianyang,high,picked
ORD_0003900,CUST_00092,WH_003,2026-01-15 21:03:00,2026-01-16,Jiangsu,Nanjing,normal,dispatched
ORD_0003901,CUST_00170,WH_001,2026-01-15 16:57:00,2026-01-16,Henan,Luoyang,normal,dispatched
ORD_0003902,CUST_00082,WH_002,2026-01-15 16:10:00,2026-01-16,Zhejiang,Wenzhou,normal,picked
ORD_0003903,CUST_00135,WH_001,2026-01-15 15:42:00,2026-01-16,Shandong,Yantai,normal,picking
ORD_0003904,CUST_00122,WH_003,2026-01-15 08:21:00,2026-01-16,Jiangsu,Nanjing,high,dispatched
ORD_0003905,CUST_00009,WH_002,2026-01-15 21:51:00,2026-01-16,Sichuan,Mianyang,normal,picked
ORD_0003906,CUST_00098,WH_003,2026-01-15 12:00:00,2026-01-16,Zhejiang,Hangzhou,normal,pending
ORD_0003907,CUST_00052,WH_001,2026-01-15 20:27:00,2026-01-17,Guangdong,Dongguan,normal,dispatched
ORD_0003908,CUST_00007,WH_003,2026-01-15 18:30:00,2026-01-17,Sichuan,Deyang,high,picking
ORD_0003909,CUST_00006,WH_003,2026-01-15 21:58:00,2026-01-16,Zhejiang,Ningbo,normal,picking
ORD_0003910,CUST_00151,WH_003,2026-01-15 19:05:00,2026-01-16,Hubei,Yichang,normal,pending
ORD_0003911,CUST_00161,WH_002,2026-01-15 14:35:00,2026-01-16,Guangdong,Dongguan,normal,picked
ORD_0003912,CUST_00127,WH_002,2026-01-15 11:50:00,2026-01-16,Henan,Luoyang,high,picking
ORD_0003913,CUST_00194,WH_001,2026-01-15 19:00:00,2026-01-16,Zhejiang,Wenzhou,normal,picked
ORD_0003914,CUST_00195,WH_001,2026-01-15 07:34:00,2026-01-16,Zhejiang,Wenzhou,high,picked
ORD_0003915,CUST_00143,WH_001,2026-01-15 14:14:00,2026-01-16,Guangdong,Dongguan,normal,picking
ORD_0003916,CUST_00179,WH_001,2026-01-15 09:37:00,2026-01-16,Henan,Zhengzhou,normal,dispatched
ORD_0003917,CUST_00033,WH_001,2026-01-15 08:20:00,2026-01-16,Jiangsu,Nanjing,normal,picking
ORD_0003918,CUST_00025,WH_002,2026-01-15 09:10:00,2026-01-17,Hubei,Yichang,high,delivered
ORD_0003919,CUST_00191,WH_001,2026-01-15 11:48:00,2026-01-16,Zhejiang,Ningbo,normal,picked
ORD_0003920,CUST_00108,WH_003,2026-01-15 15:56:00,2026-01-17,Jiangsu,Nanjing,normal,pending
ORD_0003921,CUST_00067,WH_001,2026-01-15 18:17:00,2026-01-16,Zhejiang,Wenzhou,normal,picked
ORD_0003922,CUST_00060,WH_001,2026-01-15 20:11:00,2026-01-16,Zhejiang,Ningbo,normal,picking
ORD_0003923,CUST_00182,WH_003,2026-01-15 15:44:00,2026-01-16,Zhejiang,Hangzhou,high,picking
ORD_0003924,CUST_00169,WH_003,2026-01-15 12:55:00,2026-01-16,Shandong,Jinan,normal,picked
ORD_0003925,CUST_00033,WH_001,2026-01-15 21:36:00,2026-01-16,Jiangsu,Nanjing,normal,picked
ORD_0003926,CUST_00168,WH_003,2026-01-15 08:30:00,2026-01-16,Hubei,Wuhan,high,dispatched
ORD_0003927,CUST_00159,WH_003,2026-01-15 21:20:00,2026-01-16,Guangdong,Shenzhen,normal,picked
ORD_0003928,CUST_00160,WH_001,2026-01-15 09:47:00,2026-01-16,Shandong,Qingdao,high,picking
ORD_0003929,CUST_00015,WH_001,2026-01-15 16:36:00,2026-01-17,Guangdong,Guangzhou,normal,delivered
ORD_0003930,CUST_00174,WH_003,2026-01-15 18:46:00,2026-01-16,Guangdong,Dongguan,normal,dispatched
ORD_0003931,CUST_00029,WH_003,2026-01-15 10:37:00,2026-01-16,Zhejiang,Ningbo,normal,dispatched
ORD_0003932,CUST_00058,WH_003,2026-01-15 14:23:00,2026-01-16,Jiangsu,Suzhou,normal,dispatched
ORD_0003933,CUST_00047,WH_001,2026-01-15 19:33:00,2026-01-16,Zhejiang,Ningbo,high,dispatched
ORD_0003934,CUST_00048,WH_001,2026-01-15 07:20:00,2026-01-16,Shandong,Jinan,urgent,dispatched
ORD_0003935,CUST_00057,WH_003,2026-01-15 10:51:00,2026-01-17,Guangdong,Dongguan,normal,picked
ORD_0003936,CUST_00070,WH_002,2026-01-15 14:28:00,2026-01-16,Zhejiang,Wenzhou,normal,dispatched
ORD_0003937,CUST_00113,WH_003,2026-01-15 17:16:00,2026-01-16,Shandong,Qingdao,normal,picking
ORD_0003938,CUST_00067,WH_003,2026-01-15 14:06:00,2026-01-16,Zhejiang,Wenzhou,normal,dispatched
ORD_0003939,CUST_00170,WH_001,2026-01-15 12:06:00,2026-01-16,Henan,Luoyang,normal,dispatched
ORD_0003940,CUST_00095,WH_003,2026-01-15 17:58:00,2026-01-16,Zhejiang,Ningbo,normal,dispatched
ORD_0003941,CUST_00078,WH_001,2026-01-15 14:50:00,2026-01-16,Henan,Kaifeng,high,picking
ORD_0003942,CUST_00061,WH_003,2026-01-15 08:23:00,2026-01-16,Shandong,Qingdao,normal,pending
ORD_0003943,CUST_00013,WH_001,2026-01-15 16:53:00,2026-01-16,Hubei,Wuhan,normal,picked
ORD_0003944,CUST_00083,WH_003,2026-01-15 20:24:00,2026-01-16,Zhejiang,Ningbo,normal,dispatched
ORD_0003945,CUST_00144,WH_001,2026-01-15 13:04:00,2026-01-16,Shandong,Qingdao,high,picking
ORD_0003946,CUST_00057,WH_002,2026-01-15 21:18:00,2026-01-16,Guangdong,Dongguan,normal,dispatched
ORD_0003947,CUST_00120,WH_002,2026-01-15 08:06:00,2026-01-16,Guangdong,Dongguan,high,picking
ORD_0003948,CUST_00086,WH_001,2026-01-15 10:20:00,2026-01-16,Guangdong,Dongguan,normal,dispatched
ORD_0003949,CUST_00081,WH_001,2026-01-15 17:24:00,2026-01-16,Hubei,Xiangyang,high,pending
ORD_0003950,CUST_00054,WH_002,2026-01-15 21:28:00,2026-01-17,Guangdong,Dongguan,high,picking
ORD_0003951,CUST_00008,WH_003,2026-01-15 09:48:00,2026-01-16,Hubei,Wuhan,normal,picked
ORD_0003952,CUST_00086,WH_002,2026-01-15 07:28:00,2026-01-16,Guangdong,Dongguan,normal,picking
ORD_0003953,CUST_00173,WH_003,2026-01-15 21:31:00,2026-01-16,Henan,Kaifeng,normal,dispatched
ORD_0003954,CUST_00045,WH_003,2026-01-15 06:45:00,2026-01-16,Sichuan,Chengdu,normal,picking
ORD_0003955,CUST_00027,WH_001,2026-01-15 17:28:00,2026-01-17,Jiangsu,Wuxi,normal,dispatched
ORD_0003956,CUST_00160,WH_002,2026-01-15 11:38:00,2026-01-16,Shandong,Qingdao,normal,picked
ORD_0003957,CUST_00196,WH_002,2026-01-15 21:47:00,2026-01-16,Henan,Zhengzhou,normal,picking
ORD_0003958,CUST_00065,WH_001,2026-01-15 14:56:00,2026-01-16,Shandong,Jinan,normal,pending
ORD_0003959,CUST_00069,WH_003,2026-01-15 21:22:00,2026-01-16,Sichuan,Chengdu,high,picked
ORD_0003960,CUST_00087,WH_003,2026-01-15 16:39:00,2026-01-16,Guangdong,Guangzhou,normal,picking
ORD_0003961,CUST_00007,WH_003,2026-01-15 12:00:00,2026-01-16,Sichuan,Deyang,normal,picking
ORD_0003962,CUST_00067,WH_002,2026-01-15 13:04:00,2026-01-16,Zhejiang,Wenzhou,normal,pending
ORD_0003963,CUST_00069,WH_001,2026-01-15 09:12:00,2026-01-16,Sichuan,Chengdu,high,dispatched
ORD_0003964,CUST_00064,WH_002,2026-01-15 07:10:00,2026-01-16,Zhejiang,Wenzhou,normal,picked
ORD_0003965,CUST_00099,WH_002,2026-01-15 12:44:00,2026-01-16,Zhejiang,Hangzhou,normal,pending
ORD_0003966,CUST_00192,WH_001,2026-01-15 20:46:00,2026-01-17,Shandong,Qingdao,normal,dispatched
ORD_0003967,CUST_00031,WH_003,2026-01-15 16:01:00,2026-01-17,Guangdong,Dongguan,high,picking
ORD_0003968,CUST_00048,WH_002,2026-01-15 06:33:00,2026-01-16,Shandong,Jinan,high,dispatched
ORD_0003969,CUST_00147,WH_003,2026-01-15 08:29:00,2026-01-16,Zhejiang,Hangzhou,normal,picked
ORD_0003970,CUST_00023,WH_003,2026-01-15 13:39:00,2026-01-16,Guangdong,Dongguan,normal,dispatched
ORD_0003971,CUST_00027,WH_001,2026-01-15 13:11:00,2026-01-16,Jiangsu,Wuxi,normal,picked
ORD_0003972,CUST_00160,WH_002,2026-01-15 08:32:00,2026-01-16,Shandong,Qingdao,normal,picked
ORD_0003973,CUST_00052,WH_003,2026-01-15 18:25:00,2026-01-16,Guangdong,Dongguan,normal,delivered
ORD_0003974,CUST_00115,WH_002,2026-01-15 07:19:00,2026-01-16,Shandong,Jinan,normal,delivered
ORD_0003975,CUST_00122,WH_003,2026-01-15 16:06:00,2026-01-16,Jiangsu,Nanjing,normal,pending
ORD_0003976,CUST_00022,WH_003,2026-01-15 17:56:00,2026-01-16,Zhejiang,Wenzhou,normal,dispatched
ORD_0003977,CUST_00030,WH_002,2026-01-15 12:23:00,2026-01-16,Hubei,Xiangyang,normal,picked
ORD_0003978,CUST_00036,WH_003,2026-01-15 14:49:00,2026-01-16,Sichuan,Mianyang,normal,picking
ORD_0003979,CUST_00098,WH_003,2026-01-15 09:04:00,2026-01-16,Zhejiang,Hangzhou,high,dispatched
ORD_0003980,CUST_00022,WH_001,2026-01-15 16:43:00,2026-01-16,Zhejiang,Wenzhou,high,picked
ORD_0003981,CUST_00010,WH_001,2026-01-15 18:59:00,2026-01-16,Sichuan,Mianyang,urgent,dispatched
ORD_0003982,CUST_00173,WH_001,2026-01-15 18:24:00,2026-01-16,Henan,Kaifeng,normal,pending
ORD_0003983,CUST_00167,WH_002,2026-01-15 19:36:00,2026-01-16,Zhejiang,Ningbo,normal,delivered
ORD_0003984,CUST_00054,WH_003,2026-01-15 16:04:00,2026-01-16,Guangdong,Dongguan,high,picked
ORD_0003985,CUST_00093,WH_001,2026-01-15 15:58:00,2026-01-16,Guangdong,Guangzhou,normal,picked
ORD_0003986,CUST_00108,WH_003,2026-01-15 13:59:00,2026-01-16,Jiangsu,Nanjing,normal,pending
ORD_0003987,CUST_00166,WH_001,2026-01-15 07:13:00,2026-01-16,Henan,Luoyang,normal,picked
ORD_0003988,CUST_00023,WH_001,2026-01-15 18:38:00,2026-01-16,Guangdong,Dongguan,high,pending
ORD_0003989,CUST_00069,WH_002,2026-01-15 20:28:00,2026-01-16,Sichuan,Chengdu,normal,picking
ORD_0003990,CUST_00036,WH_003,2026-01-15 13:31:00,2026-01-16,Sichuan,Mianyang,normal,picked
ORD_0003991,CUST_00161,WH_001,2026-01-15 07:47:00,2026-01-16,Guangdong,Dongguan,high,dispatched
ORD_0003992,CUST_00178,WH_003,2026-01-15 11:49:00,2026-01-16,Shandong,Jinan,normal,picked
ORD_0003993,CUST_00186,WH_003,2026-01-15 16:37:00,2026-01-16,Sichuan,Chengdu,normal,picked
ORD_0003994,CUST_00142,WH_003,2026-01-15 20:02:00,2026-01-17,Hubei,Wuhan,normal,dispatched
ORD_0003995,CUST_00151,WH_003,2026-01-15 09:47:00,2026-01-16,Hubei,Yichang,normal,picked
ORD_0003996,CUST_00014,WH_002,2026-01-15 07:25:00,2026-01-16,Shandong,Yantai,normal,picking
ORD_0003997,CUST_00130,WH_002,2026-01-15 12:02:00,2026-01-16,Henan,Zhengzhou,normal,picked
ORD_0003998,CUST_00005,WH_001,2026-01-15 09:54:00,2026-01-16,Zhejiang,Hangzhou,normal,pending
ORD_0003999,CUST_00025,WH_002,2026-01-15 14:07:00,2026-01-16,Hubei,Yichang,high,picking
ORD_0004000,CUST_00153,WH_002,2026-01-15 20:11:00,2026-01-16,Zhejiang,Wenzhou,high,delivered
ORD_0004001,CUST_00152,WH_001,2026-01-15 17:15:00,2026-01-16,Shandong,Qingdao,normal,delivered
ORD_0004002,CUST_00029,WH_003,2026-01-15 11:51:00,2026-01-16,Zhejiang,Ningbo,normal,picked
ORD_0004003,CUST_00199,WH_002,2026-01-15 12:17:00,2026-01-16,Guangdong,Dongguan,normal,picking
ORD_0004004,CUST_00020,WH_003,2026-01-15 20:31:00,2026-01-16,Jiangsu,Nanjing,high,delivered
ORD_0004005,CUST_00177,WH_002,2026-01-15 07:11:00,2026-01-16,Zhejiang,Ningbo,normal,picked
ORD_0004006,CUST_00094,WH_003,2026-01-15 09:59:00,2026-01-16,Henan,Zhengzhou,normal,dispatched
ORD_0004007,CUST_00063,WH_003,2026-01-15 09:54:00,2026-01-16,Henan,Luoyang,normal,dispatched
ORD_0004008,CUST_00073,WH_001,2026-01-15 16:08:00,2026-01-16,Jiangsu,Wuxi,normal,delivered
ORD_0004009,CUST_00024,WH_003,2026-01-15 13:07:00,2026-01-17,Jiangsu,Wuxi,normal,dispatched
ORD_0004010,CUST_00192,WH_002,2026-01-15 13:45:00,2026-01-16,Shandong,Qingdao,normal,delivered
ORD_0004011,CUST_00150,WH_003,2026-01-15 06:55:00,2026-01-16,Guangdong,Guangzhou,normal,picking
ORD_0004012,CUST_00025,WH_003,2026-01-15 20:31:00,2026-01-16,Hubei,Yichang,normal,picked
ORD_0004013,CUST_00019,WH_001,2026-01-15 17:46:00,2026-01-17,Henan,Luoyang,normal,dispatched
ORD_0004014,CUST_00084,WH_002,2026-01-15 06:59:00,2026-01-16,Shandong,Qingdao,normal,picked
ORD_0004015,CUST_00026,WH_001,2026-01-15 19:45:00,2026-01-16,Guangdong,Guangzhou,high,picking
ORD_0004016,CUST_00165,WH_002,2026-01-15 17:29:00,2026-01-16,Shandong,Yantai,urgent,delivered
ORD_0004017,CUST_00141,WH_001,2026-01-15 06:24:00,2026-01-16,Henan,Luoyang,normal,picking
ORD_0004018,CUST_00059,WH_002,2026-01-15 19:45:00,2026-01-16,Hubei,Yichang,high,dispatched
ORD_0004019,CUST_00010,WH_003,2026-01-15 20:33:00,2026-01-16,Sichuan,Mianyang,high,dispatched
ORD_0004020,CUST_00041,WH_003,2026-01-15 15:16:00,2026-01-16,Jiangsu,Nanjing,normal,picking
ORD_0004021,CUST_00159,WH_003,2026-01-15 08:49:00,2026-01-16,Guangdong,Shenzhen,normal,picking
ORD_0004022,CUST_00021,WH_001,2026-01-15 09:18:00,2026-01-16,Guangdong,Shenzhen,normal,picking
ORD_0004023,CUST_00042,WH_001,2026-01-15 14:04:00,2026-01-16,Jiangsu,Suzhou,normal,dispatched
ORD_0004024,CUST_00116,WH_003,2026-01-15 06:27:00,2026-01-17,Henan,Kaifeng,normal,picked
ORD_0004025,CUST_00153,WH_001,2026-01-15 16:03:00,2026-01-16,Zhejiang,Wenzhou,normal,picked
ORD_0004026,CUST_00181,WH_003,2026-01-15 21:15:00,2026-01-16,Hubei,Yichang,normal,picking
ORD_0004027,CUST_00014,WH_001,2026-01-15 11:47:00,2026-01-16,Shandong,Yantai,normal,picking
ORD_0004028,CUST_00049,WH_001,2026-01-15 08:29:00,2026-01-16,Shandong,Qingdao,normal,picked
ORD_0004029,CUST_00101,WH_001,2026-01-15 07:37:00,2026-01-17,Hubei,Wuhan,normal,delivered
ORD_0004030,CUST_00106,WH_002,2026-01-15 14:34:00,2026-01-17,Hubei,Wuhan,normal,dispatched
ORD_0004031,CUST_00057,WH_002,2026-01-15 12:24:00,2026-01-16,Guangdong,Dongguan,normal,dispatched
ORD_0004032,CUST_00196,WH_002,2026-01-15 10:08:00,2026-01-17,Henan,Zhengzhou,normal,picked
ORD_0004033,CUST_00186,WH_003,2026-01-15 08:44:00,2026-01-16,Sichuan,Chengdu,normal,pending
ORD_0004034,CUST_00015,WH_001,2026-01-15 09:53:00,2026-01-16,Guangdong,Guangzhou,urgent,dispatched
ORD_0004035,CUST_00147,WH_003,2026-01-15 16:19:00,2026-01-16,Zhejiang,Hangzhou,normal,dispatched
ORD_0004036,CUST_00054,WH_002,2026-01-15 07:40:00,2026-01-16,Guangdong,Dongguan,normal,pending
ORD_0004037,CUST_00116,WH_003,2026-01-15 11:14:00,2026-01-16,Henan,Kaifeng,urgent,pending
ORD_0004038,CUST_00121,WH_001,2026-01-15 07:58:00,2026-01-16,Sichuan,Deyang,normal,dispatched
ORD_0004039,CUST_00090,WH_002,2026-01-15 15:27:00,2026-01-16,Hubei,Yichang,high,delivered
ORD_0004040,CUST_00165,WH_002,2026-01-15 08:33:00,2026-01-17,Shandong,Yantai,normal,picked
ORD_0004041,CUST_00153,WH_002,2026-01-15 07:35:00,2026-01-16,Zhejiang,Wenzhou,normal,dispatched
ORD_0004042,CUST_00008,WH_001,2026-01-15 08:24:00,2026-01-16,Hubei,Wuhan,normal,picking
ORD_0004043,CUST_00127,WH_001,2026-01-15 16:56:00,2026-01-17,Henan,Luoyang,normal,delivered
ORD_0004044,CUST_00181,WH_003,2026-01-15 10:45:00,2026-01-16,Hubei,Yichang,normal,dispatched
ORD_0004045,CUST_00147,WH_002,2026-01-15 11:29:00,2026-01-16,Zhejiang,Hangzhou,normal,pending
ORD_0004046,CUST_00108,WH_003,2026-01-15 09:33:00,2026-01-16,Jiangsu,Nanjing,high,pending
ORD_0004047,CUST_00063,WH_001,2026-01-15 15:06:00,2026-01-17,Henan,Luoyang,normal,picking
ORD_0004048,CUST_00084,WH_003,2026-01-15 16:43:00,2026-01-16,Shandong,Qingdao,normal,dispatched
ORD_0004049,CUST_00102,WH_003,2026-01-15 07:43:00,2026-01-16,Sichuan,Chengdu,normal,pending
ORD_0004050,CUST_00037,WH_003,2026-01-15 19:12:00,2026-01-16,Jiangsu,Wuxi,normal,delivered
ORD_0004051,CUST_00031,WH_001,2026-01-15 13:08:00,2026-01-16,Guangdong,Dongguan,normal,dispatched
ORD_0004052,CUST_00132,WH_003,2026-01-15 07:35:00,2026-01-17,Zhejiang,Ningbo,urgent,picked
ORD_0004053,CUST_00145,WH_003,2026-01-15 06:00:00,2026-01-16,Sichuan,Chengdu,normal,delivered
ORD_0004054,CUST_00083,WH_003,2026-01-15 08:42:00,2026-01-16,Zhejiang,Ningbo,normal,pending
ORD_0004055,CUST_00172,WH_003,2026-01-15 08:23:00,2026-01-16,Sichuan,Deyang,normal,dispatched
ORD_0004056,CUST_00099,WH_003,2026-01-15 18:40:00,2026-01-16,Zhejiang,Hangzhou,normal,picking
ORD_0004057,CUST_00138,WH_002,2026-01-15 19:55:00,2026-01-16,Guangdong,Shenzhen,normal,picked
ORD_0004058,CUST_00177,WH_002,2026-01-15 21:34:00,2026-01-16,Zhejiang,Ningbo,normal,picking
ORD_0004059,CUST_00105,WH_003,2026-01-15 19:09:00,2026-01-16,Sichuan,Chengdu,normal,dispatched
ORD_0004060,CUST_00024,WH_003,2026-01-15 17:09:00,2026-01-16,Jiangsu,Wuxi,normal,picked
ORD_0004061,CUST_00081,WH_002,2026-01-15 15:21:00,2026-01-16,Hubei,Xiangyang,normal,delivered
ORD_0004062,CUST_00068,WH_003,2026-01-15 12:48:00,2026-01-16,Shandong,Qingdao,normal,picked
ORD_0004063,CUST_00096,WH_003,2026-01-15 20:17:00,2026-01-16,Hubei,Yichang,high,dispatched
ORD_0004064,CUST_00152,WH_003,2026-01-15 13:06:00,2026-01-16,Shandong,Qingdao,normal,dispatched
ORD_0004065,CUST_00052,WH_003,2026-01-15 19:57:00,2026-01-16,Guangdong,Dongguan,normal,delivered
ORD_0004066,CUST_00057,WH_001,2026-01-15 19:20:00,2026-01-16,Guangdong,Dongguan,normal,dispatched
ORD_0004067,CUST_00154,WH_002,2026-01-15 10:18:00,2026-01-16,Guangdong,Dongguan,normal,delivered
ORD_0004068,CUST_00074,WH_003,2026-01-15 16:47:00,2026-01-16,Sichuan,Mianyang,normal,picked
ORD_0004069,CUST_00050,WH_002,2026-01-15 18:52:00,2026-01-16,Shandong,Jinan,normal,dispatched
ORD_0004070,CUST_00196,WH_002,2026-01-15 13:37:00,2026-01-16,Henan,Zhengzhou,normal,dispatched
ORD_0004071,CUST_00038,WH_002,2026-01-15 15:13:00,2026-01-16,Hubei,Yichang,normal,picked
ORD_0004072,CUST_00064,WH_001,2026-01-15 08:43:00,2026-01-16,Zhejiang,Wenzhou,normal,delivered
ORD_0004073,CUST_00089,WH_003,2026-01-15 10:38:00,2026-01-16,Guangdong,Shenzhen,normal,picking
ORD_0004074,CUST_00002,WH_002,2026-01-15 06:48:00,2026-01-16,Sichuan,Deyang,urgent,picking
ORD_0004075,CUST_00151,WH_001,2026-01-15 11:09:00,2026-01-16,Hubei,Yichang,normal,dispatched
ORD_0004076,CUST_00022,WH_001,2026-01-15 06:48:00,2026-01-16,Zhejiang,Wenzhou,high,dispatched
ORD_0004077,CUST_00002,WH_003,2026-01-15 06:04:00,2026-01-16,Sichuan,Deyang,high,picked
ORD_0004078,CUST_00158,WH_002,2026-01-15 06:25:00,2026-01-16,Zhejiang,Ningbo,high,picked
ORD_0004079,CUST_00170,WH_002,2026-01-15 06:28:00,2026-01-16,Henan,Luoyang,normal,delivered
ORD_0004080,CUST_00039,WH_001,2026-01-15 10:47:00,2026-01-16,Shandong,Qingdao,normal,picking
ORD_0004081,CUST_00154,WH_003,2026-01-15 08:38:00,2026-01-16,Guangdong,Dongguan,high,picked
ORD_0004082,CUST_00148,WH_003,2026-01-15 15:47:00,2026-01-16,Jiangsu,Suzhou,normal,dispatched
ORD_0004083,CUST_00146,WH_001,2026-01-15 11:52:00,2026-01-16,Zhejiang,Hangzhou,normal,picking
ORD_0004084,CUST_00036,WH_002,2026-01-15 12:41:00,2026-01-16,Sichuan,Mianyang,normal,pending
ORD_0004085,CUST_00151,WH_002,2026-01-15 13:48:00,2026-01-16,Hubei,Yichang,urgent,picked
ORD_0004086,CUST_00145,WH_001,2026-01-15 09:41:00,2026-01-16,Sichuan,Chengdu,normal,picked
ORD_0004087,CUST_00180,WH_003,2026-01-15 13:08:00,2026-01-16,Shandong,Yantai,normal,dispatched
ORD_0004088,CUST_00089,WH_001,2026-01-15 12:30:00,2026-01-16,Guangdong,Shenzhen,normal,picking
ORD_0004089,CUST_00006,WH_003,2026-01-15 09:57:00,2026-01-16,Zhejiang,Ningbo,normal,delivered
ORD_0004090,CUST_00149,WH_001,2026-01-15 17:43:00,2026-01-17,Henan,Zhengzhou,normal,dispatched
ORD_0004091,CUST_00070,WH_001,2026-01-15 15:57:00,2026-01-16,Zhejiang,Wenzhou,normal,picked
ORD_0004092,CUST_00149,WH_002,2026-01-15 18:10:00,2026-01-16,Henan,Zhengzhou,normal,dispatched
ORD_0004093,CUST_00129,WH_001,2026-01-15 15:27:00,2026-01-17,Hubei,Yichang,normal,dispatched
ORD_0004094,CUST_00109,WH_003,2026-01-15 06:42:00,2026-01-16,Shandong,Jinan,normal,picked
ORD_0004095,CUST_00022,WH_002,2026-01-15 15:45:00,2026-01-16,Zhejiang,Wenzhou,high,dispatched
ORD_0004096,CUST_00198,WH_001,2026-01-15 21:34:00,2026-01-16,Shandong,Yantai,high,pending
ORD_0004097,CUST_00057,WH_001,2026-01-15 18:57:00,2026-01-16,Guangdong,Dongguan,high,pending
ORD_0004098,CUST_00072,WH_003,2026-01-15 21:54:00,2026-01-16,Zhejiang,Wenzhou,normal,pending
ORD_0004099,CUST_00134,WH_001,2026-01-15 08:00:00,2026-01-16,Sichuan,Mianyang,normal,picked
ORD_0004100,CUST_00018,WH_002,2026-01-15 15:43:00,2026-01-16,Jiangsu,Suzhou,normal,picking
ORD_0004101,CUST_00166,WH_001,2026-01-15 19:10:00,2026-01-16,Henan,Luoyang,normal,picked
ORD_0004102,CUST_00116,WH_001,2026-01-15 15:43:00,2026-01-16,Henan,Kaifeng,normal,pending
ORD_0004103,CUST_00031,WH_001,2026-01-15 18:39:00,2026-01-16,Guangdong,Dongguan,normal,picked
ORD_0004104,CUST_00178,WH_002,2026-01-15 18:56:00,2026-01-16,Shandong,Jinan,normal,picked
ORD_0004105,CUST_00057,WH_002,2026-01-15 18:14:00,2026-01-16,Guangdong,Dongguan,normal,picked
ORD_0004106,CUST_00190,WH_001,2026-01-15 10:40:00,2026-01-17,Henan,Luoyang,normal,pending
ORD_0004107,CUST_00074,WH_003,2026-01-15 10:03:00,2026-01-17,Sichuan,Mianyang,normal,picking
ORD_0004108,CUST_00181,WH_001,2026-01-15 09:11:00,2026-01-16,Hubei,Yichang,normal,dispatched
ORD_0004109,CUST_00061,WH_001,2026-01-15 10:52:00,2026-01-16,Shandong,Qingdao,normal,picking
ORD_0004110,CUST_00167,WH_001,2026-01-15 19:01:00,2026-01-16,Zhejiang,Ningbo,high,dispatched
ORD_0004111,CUST_00066,WH_002,2026-01-15 09:09:00,2026-01-16,Zhejiang,Hangzhou,normal,delivered
ORD_0004112,CUST_00021,WH_001,2026-01-15 19:52:00,2026-01-16,Guangdong,Shenzhen,normal,picked
ORD_0004113,CUST_00194,WH_001,2026-01-15 16:22:00,2026-01-17,Zhejiang,Wenzhou,high,picking
ORD_0004114,CUST_00172,WH_001,2026-01-15 19:39:00,2026-01-16,Sichuan,Deyang,normal,picking
ORD_0004115,CUST_00167,WH_002,2026-01-15 17:38:00,2026-01-16,Zhejiang,Ningbo,normal,dispatched
ORD_0004116,CUST_00178,WH_003,2026-01-15 15:32:00,2026-01-16,Shandong,Jinan,high,picked
ORD_0004117,CUST_00029,WH_003,2026-01-15 20:12:00,2026-01-16,Zhejiang,Ningbo,normal,dispatched
ORD_0004118,CUST_00074,WH_001,2026-01-15 15:19:00,2026-01-16,Sichuan,Mianyang,normal,pending
ORD_0004119,CUST_00119,WH_001,2026-01-15 14:47:00,2026-01-16,Zhejiang,Wenzhou,normal,dispatched
ORD_0004120,CUST_00165,WH_003,2026-01-15 10:33:00,2026-01-16,Shandong,Yantai,normal,dispatched
ORD_0004121,CUST_00030,WH_003,2026-01-15 18:28:00,2026-01-16,Hubei,Xiangyang,normal,picked
ORD_0004122,CUST_00007,WH_003,2026-01-15 08:37:00,2026-01-17,Sichuan,Deyang,normal,picked
ORD_0004123,CUST_00040,WH_003,2026-01-15 10:38:00,2026-01-17,Guangdong,Shenzhen,normal,pending
ORD_0004124,CUST_00011,WH_003,2026-01-15 14:02:00,2026-01-16,Guangdong,Dongguan,high,dispatched
ORD_0004125,CUST_00043,WH_002,2026-01-15 21:50:00,2026-01-16,Zhejiang,Hangzhou,normal,delivered
ORD_0004126,CUST_00035,WH_003,2026-01-15 16:06:00,2026-01-16,Shandong,Jinan,normal,dispatched
ORD_0004127,CUST_00130,WH_001,2026-01-15 12:41:00,2026-01-17,Henan,Zhengzhou,normal,picked
ORD_0004128,CUST_00092,WH_003,2026-01-15 06:54:00,2026-01-16,Jiangsu,Nanjing,high,delivered
ORD_0004129,CUST_00069,WH_002,2026-01-15 06:03:00,2026-01-17,Sichuan,Chengdu,normal,dispatched
ORD_0004130,CUST_00089,WH_002,2026-01-15 20:52:00,2026-01-16,Guangdong,Shenzhen,normal,picked
ORD_0004131,CUST_00159,WH_002,2026-01-15 12:12:00,2026-01-16,Guangdong,Shenzhen,normal,dispatched
ORD_0004132,CUST_00164,WH_003,2026-01-15 17:19:00,2026-01-16,Zhejiang,Wenzhou,normal,picked
ORD_0004133,CUST_00121,WH_001,2026-01-15 08:34:00,2026-01-16,Sichuan,Deyang,normal,dispatched
ORD_0004134,CUST_00044,WH_003,2026-01-15 06:03:00,2026-01-16,Henan,Luoyang,normal,dispatched
ORD_0004135,CUST_00031,WH_001,2026-01-15 12:22:00,2026-01-16,Guangdong,Dongguan,normal,picked
ORD_0004136,CUST_00158,WH_001,2026-01-15 19:46:00,2026-01-16,Zhejiang,Ningbo,normal,delivered
ORD_0004137,CUST_00112,WH_001,2026-01-15 09:30:00,2026-01-17,Guangdong,Guangzhou,normal,picked
ORD_0004138,CUST_00081,WH_001,2026-01-15 12:55:00,2026-01-16,Hubei,Xiangyang,normal,dispatched
ORD_0004139,CUST_00111,WH_003,2026-01-15 18:22:00,2026-01-16,Guangdong,Guangzhou,urgent,picked
ORD_0004140,CUST_00058,WH_002,2026-01-15 10:35:00,2026-01-16,Jiangsu,Suzhou,normal,delivered
ORD_0004141,CUST_00059,WH_003,2026-01-15 21:19:00,2026-01-16,Hubei,Yichang,normal,picked
ORD_0004142,CUST_00006,WH_002,2026-01-15 21:40:00,2026-01-16,Zhejiang,Ningbo,normal,delivered
ORD_0004143,CUST_00009,WH_002,2026-01-15 18:57:00,2026-01-16,Sichuan,Mianyang,normal,dispatched
ORD_0004144,CUST_00088,WH_003,2026-01-15 08:04:00,2026-01-16,Shandong,Yantai,normal,picked
ORD_0004145,CUST_00023,WH_003,2026-01-15 17:06:00,2026-01-16,Guangdong,Dongguan,normal,delivered
ORD_0004146,CUST_00155,WH_001,2026-01-15 07:10:00,2026-01-16,Sichuan,Chengdu,high,dispatched
ORD_0004147,CUST_00122,WH_003,2026-01-15 16:35:00,2026-01-16,Jiangsu,Nanjing,high,picked
ORD_0004148,CUST_00081,WH_003,2026-01-15 06:48:00,2026-01-16,Hubei,Xiangyang,normal,pending
ORD_0004149,CUST_00180,WH_002,2026-01-15 13:40:00,2026-01-16,Shandong,Yantai,normal,dispatched
ORD_0004150,CUST_00032,WH_002,2026-01-15 20:25:00,2026-01-16,Henan,Luoyang,normal,delivered
ORD_0004151,CUST_00057,WH_003,2026-01-15 13:59:00,2026-01-16,Guangdong,Dongguan,normal,picked
ORD_0004152,CUST_00067,WH_001,2026-01-15 11:19:00,2026-01-17,Zhejiang,Wenzhou,urgent,pending
ORD_0004153,CUST_00161,WH_003,2026-01-15 08:34:00,2026-01-16,Guangdong,Dongguan,normal,dispatched
ORD_0004154,CUST_00116,WH_001,2026-01-15 18:28:00,2026-01-16,Henan,Kaifeng,normal,picking
ORD_0004155,CUST_00106,WH_003,2026-01-15 06:04:00,2026-01-16,Hubei,Wuhan,normal,picked
ORD_0004156,CUST_00057,WH_002,2026-01-15 12:57:00,2026-01-16,Guangdong,Dongguan,normal,dispatched
ORD_0004157,CUST_00084,WH_003,2026-01-15 13:44:00,2026-01-16,Shandong,Qingdao,normal,delivered
ORD_0004158,CUST_00008,WH_002,2026-01-15 14:06:00,2026-01-16,Hubei,Wuhan,normal,picked
ORD_0004159,CUST_00046,WH_003,2026-01-15 07:22:00,2026-01-16,Sichuan,Deyang,normal,delivered
ORD_0004160,CUST_00054,WH_002,2026-01-15 09:15:00,2026-01-16,Guangdong,Dongguan,normal,picked
ORD_0004161,CUST_00057,WH_002,2026-01-15 07:47:00,2026-01-16,Guangdong,Dongguan,normal,picked
ORD_0004162,CUST_00004,WH_003,2026-01-15 13:02:00,2026-01-16,Jiangsu,Nanjing,normal,picked
ORD_0004163,CUST_00028,WH_001,2026-01-15 11:20:00,2026-01-16,Hubei,Wuhan,normal,picking
ORD_0004164,CUST_00191,WH_001,2026-01-15 19:40:00,2026-01-16,Zhejiang,Ningbo,normal,delivered
ORD_0004165,CUST_00162,WH_003,2026-01-15 15:48:00,2026-01-16,Zhejiang,Ningbo,normal,delivered
ORD_0004166,CUST_00149,WH_001,2026-01-15 13:40:00,2026-01-16,Henan,Zhengzhou,normal,dispatched
ORD_0004167,CUST_00171,WH_002,2026-01-15 13:39:00,2026-01-16,Guangdong,Guangzhou,high,picking
ORD_0004168,CUST_00140,WH_003,2026-01-15 18:48:00,2026-01-16,Zhejiang,Ningbo,urgent,picking
ORD_0004169,CUST_00154,WH_003,2026-01-15 20:59:00,2026-01-16,Guangdong,Dongguan,high,picked
ORD_0004170,CUST_00046,WH_001,2026-01-15 12:00:00,2026-01-16,Sichuan,Deyang,normal,dispatched
ORD_0004171,CUST_00106,WH_003,2026-01-15 07:04:00,2026-01-16,Hubei,Wuhan,normal,delivered
ORD_0004172,CUST_00116,WH_003,2026-01-15 10:19:00,2026-01-17,Henan,Kaifeng,normal,picked
ORD_0004173,CUST_00111,WH_003,2026-01-15 15:33:00,2026-01-16,Guangdong,Guangzhou,normal,picked
ORD_0004174,CUST_00045,WH_001,2026-01-15 07:40:00,2026-01-16,Sichuan,Chengdu,normal,picking
ORD_0004175,CUST_00104,WH_001,2026-01-15 14:28:00,2026-01-16,Zhejiang,Ningbo,normal,picked
ORD_0004176,CUST_00071,WH_002,2026-01-15 18:21:00,2026-01-16,Sichuan,Chengdu,high,delivered
ORD_0004177,CUST_00090,WH_001,2026-01-15 08:30:00,2026-01-17,Hubei,Yichang,normal,delivered
ORD_0004178,CUST_00191,WH_001,2026-01-15 12:57:00,2026-01-16,Zhejiang,Ningbo,normal,delivered
ORD_0004179,CUST_00170,WH_003,2026-01-15 16:26:00,2026-01-16,Henan,Luoyang,normal,dispatched
ORD_0004180,CUST_00147,WH_002,2026-01-15 20:21:00,2026-01-16,Zhejiang,Hangzhou,normal,delivered
ORD_0004181,CUST_00002,WH_003,2026-01-15 16:36:00,2026-01-16,Sichuan,Deyang,normal,dispatched
ORD_0004182,CUST_00022,WH_003,2026-01-15 18:45:00,2026-01-17,Zhejiang,Wenzhou,normal,picked
ORD_0004183,CUST_00038,WH_003,2026-01-15 09:55:00,2026-01-16,Hubei,Yichang,high,picking
ORD_0004184,CUST_00059,WH_001,2026-01-15 07:44:00,2026-01-16,Hubei,Yichang,normal,picking
ORD_0004185,CUST_00003,WH_003,2026-01-15 12:44:00,2026-01-16,Henan,Zhengzhou,normal,picked
ORD_0004186,CUST_00158,WH_003,2026-01-15 13:22:00,2026-01-16,Zhejiang,Ningbo,urgent,picked
ORD_0004187,CUST_00038,WH_002,2026-01-15 20:02:00,2026-01-16,Hubei,Yichang,normal,picking
ORD_0004188,CUST_00158,WH_001,2026-01-15 11:20:00,2026-01-16,Zhejiang,Ningbo,normal,delivered
ORD_0004189,CUST_00196,WH_003,2026-01-15 11:48:00,2026-01-16,Henan,Zhengzhou,normal,delivered
ORD_0004190,CUST_00081,WH_001,2026-01-15 11:07:00,2026-01-16,Hubei,Xiangyang,normal,picked
ORD_0004191,CUST_00026,WH_002,2026-01-15 09:56:00,2026-01-16,Guangdong,Guangzhou,urgent,picking
ORD_0004192,CUST_00181,WH_002,2026-01-15 20:56:00,2026-01-16,Hubei,Yichang,normal,picked
ORD_0004193,CUST_00102,WH_003,2026-01-15 16:10:00,2026-01-16,Sichuan,Chengdu,normal,picking
ORD_0004194,CUST_00149,WH_002,2026-01-15 16:31:00,2026-01-16,Henan,Zhengzhou,normal,pending
ORD_0004195,CUST_00196,WH_001,2026-01-15 11:22:00,2026-01-16,Henan,Zhengzhou,normal,dispatched
ORD_0004196,CUST_00065,WH_001,2026-01-15 06:14:00,2026-01-16,Shandong,Jinan,normal,picked
ORD_0004197,CUST_00181,WH_003,2026-01-15 20:39:00,2026-01-16,Hubei,Yichang,normal,picked
ORD_0004198,CUST_00067,WH_002,2026-01-15 07:20:00,2026-01-16,Zhejiang,Wenzhou,normal,pending
ORD_0004199,CUST_00041,WH_001,2026-01-15 18:05:00,2026-01-17,Jiangsu,Nanjing,urgent,dispatched
ORD_0004200,CUST_00058,WH_002,2026-01-15 20:53:00,2026-01-16,Jiangsu,Suzhou,high,pending
ORD_0004201,CUST_00006,WH_003,2026-01-15 20:02:00,2026-01-16,Zhejiang,Ningbo,normal,picking
ORD_0004202,CUST_00050,WH_002,2026-01-15 18:48:00,2026-01-17,Shandong,Jinan,normal,dispatched
ORD_0004203,CUST_00152,WH_001,2026-01-15 07:22:00,2026-01-17,Shandong,Qingdao,normal,delivered
ORD_0004204,CUST_00160,WH_003,2026-01-15 08:29:00,2026-01-16,Shandong,Qingdao,normal,picked
ORD_0004205,CUST_00111,WH_002,2026-01-15 12:01:00,2026-01-16,Guangdong,Guangzhou,normal,dispatched
ORD_0004206,CUST_00135,WH_003,2026-01-15 12:46:00,2026-01-16,Shandong,Yantai,high,picked
ORD_0004207,CUST_00037,WH_001,2026-01-15 15:24:00,2026-01-16,Jiangsu,Wuxi,normal,delivered
ORD_0004208,CUST_00142,WH_001,2026-01-15 19:36:00,2026-01-16,Hubei,Wuhan,normal,delivered
ORD_0004209,CUST_00074,WH_002,2026-01-15 13:51:00,2026-01-16,Sichuan,Mianyang,normal,pending
ORD_0004210,CUST_00176,WH_003,2026-01-15 08:04:00,2026-01-16,Henan,Luoyang,normal,picked
ORD_0004211,CUST_00127,WH_003,2026-01-15 21:41:00,2026-01-16,Henan,Luoyang,normal,dispatched
ORD_0004212,CUST_00086,WH_002,2026-01-15 10:38:00,2026-01-16,Guangdong,Dongguan,normal,pending
ORD_0004213,CUST_00029,WH_002,2026-01-15 10:46:00,2026-01-16,Zhejiang,Ningbo,normal,delivered
ORD_0004214,CUST_00003,WH_003,2026-01-15 17:28:00,2026-01-16,Henan,Zhengzhou,normal,dispatched
ORD_0004215,CUST_00111,WH_003,2026-01-15 09:12:00,2026-01-16,Guangdong,Guangzhou,normal,dispatched
ORD_0004216,CUST_00194,WH_002,2026-01-15 07:17:00,2026-01-16,Zhejiang,Wenzhou,high,dispatched
ORD_0004217,CUST_00076,WH_001,2026-01-15 09:35:00,2026-01-16,Sichuan,Mianyang,high,pending
ORD_0004218,CUST_00089,WH_001,2026-01-15 11:37:00,2026-01-16,Guangdong,Shenzhen,normal,picked
ORD_0004219,CUST_00053,WH_001,2026-01-15 19:23:00,2026-01-16,Guangdong,Dongguan,normal,picked
ORD_0004220,CUST_00075,WH_001,2026-01-15 16:26:00,2026-01-16,Sichuan,Deyang,normal,picking
ORD_0004221,CUST_00162,WH_002,2026-01-15 12:07:00,2026-01-16,Zhejiang,Ningbo,normal,delivered
ORD_0004222,CUST_00194,WH_001,2026-01-15 12:14:00,2026-01-16,Zhejiang,Wenzhou,normal,picking
ORD_0004223,CUST_00067,WH_001,2026-01-15 20:37:00,2026-01-16,Zhejiang,Wenzhou,normal,dispatched
ORD_0004224,CUST_00109,WH_003,2026-01-15 16:14:00,2026-01-16,Shandong,Jinan,normal,picking
ORD_0004225,CUST_00012,WH_003,2026-01-15 11:02:00,2026-01-16,Sichuan,Deyang,normal,picking
ORD_0004226,CUST_00060,WH_002,2026-01-15 18:43:00,2026-01-16,Zhejiang,Ningbo,normal,dispatched
ORD_0004227,CUST_00142,WH_003,2026-01-15 13:33:00,2026-01-16,Hubei,Wuhan,normal,picking
ORD_0004228,CUST_00053,WH_001,2026-01-15 13:17:00,2026-01-16,Guangdong,Dongguan,normal,dispatched
ORD_0004229,CUST_00099,WH_003,2026-01-15 09:08:00,2026-01-16,Zhejiang,Hangzhou,normal,dispatched
ORD_0004230,CUST_00171,WH_003,2026-01-15 19:31:00,2026-01-17,Guangdong,Guangzhou,normal,pending
ORD_0004231,CUST_00175,WH_002,2026-01-15 14:42:00,2026-01-17,Sichuan,Deyang,normal,delivered
ORD_0004232,CUST_00138,WH_003,2026-01-15 20:52:00,2026-01-16,Guangdong,Shenzhen,normal,picking
ORD_0004233,CUST_00093,WH_001,2026-01-15 08:47:00,2026-01-16,Guangdong,Guangzhou,normal,dispatched
ORD_0004234,CUST_00090,WH_003,2026-01-15 16:37:00,2026-01-16,Hubei,Yichang,high,dispatched
ORD_0004235,CUST_00083,WH_001,2026-01-15 06:51:00,2026-01-16,Zhejiang,Ningbo,normal,delivered
ORD_0004236,CUST_00106,WH_002,2026-01-15 14:28:00,2026-01-17,Hubei,Wuhan,normal,picking
ORD_0004237,CUST_00062,WH_001,2026-01-15 15:19:00,2026-01-16,Zhejiang,Wenzhou,normal,pending
ORD_0004238,CUST_00109,WH_002,2026-01-15 15:41:00,2026-01-16,Shandong,Jinan,normal,dispatched
ORD_0004239,CUST_00172,WH_001,2026-01-15 19:50:00,2026-01-16,Sichuan,Deyang,normal,picking
ORD_0004240,CUST_00029,WH_001,2026-01-15 09:11:00,2026-01-16,Zhejiang,Ningbo,normal,picked
ORD_0004241,CUST_00092,WH_003,2026-01-15 13:22:00,2026-01-16,Jiangsu,Nanjing,normal,pending
ORD_0004242,CUST_00117,WH_003,2026-01-15 09:04:00,2026-01-16,Zhejiang,Wenzhou,normal,dispatched
ORD_0004243,CUST_00093,WH_002,2026-01-15 16:34:00,2026-01-16,Guangdong,Guangzhou,high,delivered
ORD_0004244,CUST_00005,WH_001,2026-01-15 15:49:00,2026-01-16,Zhejiang,Hangzhou,normal,picking
ORD_0004245,CUST_00008,WH_001,2026-01-15 21:42:00,2026-01-16,Hubei,Wuhan,normal,pending
ORD_0004246,CUST_00139,WH_003,2026-01-15 15:51:00,2026-01-16,Zhejiang,Ningbo,high,delivered
ORD_0004247,CUST_00057,WH_002,2026-01-15 11:02:00,2026-01-16,Guangdong,Dongguan,normal,picked
ORD_0004248,CUST_00194,WH_002,2026-01-15 18:44:00,2026-01-16,Zhejiang,Wenzhou,normal,delivered
ORD_0004249,CUST_00016,WH_003,2026-01-15 19:37:00,2026-01-16,Sichuan,Mianyang,normal,dispatched
ORD_0004250,CUST_00026,WH_001,2026-01-15 15:50:00,2026-01-16,Guangdong,Guangzhou,normal,dispatched
ORD_0004251,CUST_00091,WH_002,2026-01-15 10:15:00,2026-01-16,Zhejiang,Ningbo,normal,picking
ORD_0004252,CUST_00080,WH_002,2026-01-15 14:57:00,2026-01-16,Jiangsu,Nanjing,normal,picked
ORD_0004253,CUST_00057,WH_003,2026-01-15 13:41:00,2026-01-16,Guangdong,Dongguan,normal,pending
ORD_0004254,CUST_00152,WH_003,2026-01-15 21:35:00,2026-01-16,Shandong,Qingdao,normal,delivered
ORD_0004255,CUST_00126,WH_001,2026-01-15 20:34:00,2026-01-16,Jiangsu,Nanjing,normal,picked
ORD_0004256,CUST_00020,WH_002,2026-01-15 20:33:00,2026-01-16,Jiangsu,Nanjing,urgent,dispatched
ORD_0004257,CUST_00025,WH_002,2026-01-15 13:55:00,2026-01-16,Hubei,Yichang,normal,picking
ORD_0004258,CUST_00136,WH_002,2026-01-15 16:29:00,2026-01-16,Hubei,Yichang,normal,pending
ORD_0004259,CUST_00092,WH_002,2026-01-15 16:12:00,2026-01-16,Jiangsu,Nanjing,high,delivered
ORD_0004260,CUST_00103,WH_002,2026-01-15 17:11:00,2026-01-16,Zhejiang,Hangzhou,normal,dispatched
ORD_0004261,CUST_00108,WH_003,2026-01-15 07:21:00,2026-01-17,Jiangsu,Nanjing,normal,dispatched
ORD_0004262,CUST_00161,WH_001,2026-01-15 21:53:00,2026-01-16,Guangdong,Dongguan,urgent,dispatched
ORD_0004263,CUST_00180,WH_003,2026-01-15 09:52:00,2026-01-17,Shandong,Yantai,normal,delivered
ORD_0004264,CUST_00134,WH_001,2026-01-15 11:27:00,2026-01-16,Sichuan,Mianyang,normal,dispatched
ORD_0004265,CUST_00161,WH_001,2026-01-15 12:49:00,2026-01-16,Guangdong,Dongguan,normal,dispatched
ORD_0004266,CUST_00090,WH_002,2026-01-15 21:53:00,2026-01-16,Hubei,Yichang,high,picked
ORD_0004267,CUST_00032,WH_002,2026-01-15 17:36:00,2026-01-16,Henan,Luoyang,normal,picking
ORD_0004268,CUST_00097,WH_002,2026-01-15 19:56:00,2026-01-16,Hubei,Yichang,normal,picked
ORD_0004269,CUST_00094,WH_001,2026-01-15 16:36:00,2026-01-16,Henan,Zhengzhou,normal,picking
ORD_0004270,CUST_00055,WH_001,2026-01-15 19:04:00,2026-01-16,Henan,Zhengzhou,normal,picked
ORD_0004271,CUST_00046,WH_003,2026-01-15 16:33:00,2026-01-16,Sichuan,Deyang,normal,delivered
ORD_0004272,CUST_00198,WH_001,2026-01-15 18:14:00,2026-01-16,Shandong,Yantai,normal,dispatched
ORD_0004273,CUST_00102,WH_001,2026-01-15 19:36:00,2026-01-16,Sichuan,Chengdu,normal,delivered
ORD_0004274,CUST_00046,WH_002,2026-01-15 15:42:00,2026-01-16,Sichuan,Deyang,normal,pending
ORD_0004275,CUST_00103,WH_003,2026-01-15 15:38:00,2026-01-16,Zhejiang,Hangzhou,normal,picked
ORD_0004276,CUST_00166,WH_002,2026-01-15 12:39:00,2026-01-16,Henan,Luoyang,normal,picked
ORD_0004277,CUST_00102,WH_003,2026-01-15 12:57:00,2026-01-16,Sichuan,Chengdu,normal,picking
ORD_0004278,CUST_00121,WH_003,2026-01-15 16:33:00,2026-01-16,Sichuan,Deyang,urgent,delivered
ORD_0004279,CUST_00172,WH_002,2026-01-15 07:58:00,2026-01-16,Sichuan,Deyang,normal,picked
ORD_0004280,CUST_00066,WH_003,2026-01-15 19:16:00,2026-01-16,Zhejiang,Hangzhou,normal,picked
ORD_0004281,CUST_00194,WH_003,2026-01-15 07:38:00,2026-01-16,Zhejiang,Wenzhou,normal,picking
ORD_0004282,CUST_00010,WH_003,2026-01-15 09:44:00,2026-01-16,Sichuan,Mianyang,high,dispatched
ORD_0004283,CUST_00108,WH_003,2026-01-15 21:02:00,2026-01-16,Jiangsu,Nanjing,normal,dispatched
ORD_0004284,CUST_00111,WH_002,2026-01-15 21:54:00,2026-01-16,Guangdong,Guangzhou,normal,dispatched
ORD_0004285,CUST_00094,WH_001,2026-01-15 09:45:00,2026-01-16,Henan,Zhengzhou,normal,dispatched
ORD_0004286,CUST_00181,WH_003,2026-01-15 11:39:00,2026-01-16,Hubei,Yichang,normal,picked
ORD_0004287,CUST_00159,WH_003,2026-01-15 17:03:00,2026-01-16,Guangdong,Shenzhen,normal,dispatched
ORD_0004288,CUST_00072,WH_003,2026-01-15 19:24:00,2026-01-16,Zhejiang,Wenzhou,normal,dispatched
ORD_0004289,CUST_00040,WH_001,2026-01-15 15:37:00,2026-01-17,Guangdong,Shenzhen,high,picked
ORD_0004290,CUST_00006,WH_001,2026-01-15 09:59:00,2026-01-16,Zhejiang,Ningbo,normal,dispatched
ORD_0004291,CUST_00132,WH_001,2026-01-15 16:05:00,2026-01-16,Zhejiang,Ningbo,high,picked
ORD_0004292,CUST_00180,WH_003,2026-01-15 14:01:00,2026-01-16,Shandong,Yantai,normal,dispatched
ORD_0004293,CUST_00103,WH_002,2026-01-15 09:57:00,2026-01-16,Zhejiang,Hangzhou,normal,picked
ORD_0004294,CUST_00155,WH_001,2026-01-15 14:10:00,2026-01-16,Sichuan,Chengdu,high,dispatched
ORD_0004295,CUST_00054,WH_003,2026-01-15 17:10:00,2026-01-16,Guangdong,Dongguan,high,dispatched
ORD_0004296,CUST_00030,WH_001,2026-01-15 09:12:00,2026-01-16,Hubei,Xiangyang,normal,picked
ORD_0004297,CUST_00131,WH_001,2026-01-15 12:05:00,2026-01-16,Henan,Kaifeng,high,picking
ORD_0004298,CUST_00057,WH_003,2026-01-15 11:42:00,2026-01-16,Guangdong,Dongguan,normal,delivered
ORD_0004299,CUST_00153,WH_001,2026-01-15 15:48:00,2026-01-16,Zhejiang,Wenzhou,normal,dispatched
ORD_0004300,CUST_00125,WH_003,2026-01-15 11:11:00,2026-01-16,Henan,Kaifeng,normal,picked
ORD_0004301,CUST_00018,WH_002,2026-01-15 12:16:00,2026-01-16,Jiangsu,Suzhou,normal,picked
ORD_0004302,CUST_00052,WH_001,2026-01-15 12:25:00,2026-01-16,Guangdong,Dongguan,normal,picked
ORD_0004303,CUST_00050,WH_001,2026-01-15 06:17:00,2026-01-16,Shandong,Jinan,normal,picking
ORD_0004304,CUST_00158,WH_001,2026-01-15 06:26:00,2026-01-17,Zhejiang,Ningbo,normal,pending
ORD_0004305,CUST_00147,WH_002,2026-01-15 14:25:00,2026-01-16,Zhejiang,Hangzhou,normal,delivered
ORD_0004306,CUST_00160,WH_002,2026-01-15 09:32:00,2026-01-16,Shandong,Qingdao,normal,delivered
ORD_0004307,CUST_00147,WH_003,2026-01-15 14:23:00,2026-01-16,Zhejiang,Hangzhou,normal,picked
ORD_0004308,CUST_00195,WH_002,2026-01-15 19:57:00,2026-01-16,Zhejiang,Wenzhou,high,pending
ORD_0004309,CUST_00078,WH_003,2026-01-15 13:25:00,2026-01-16,Henan,Kaifeng,high,picked
ORD_0004310,CUST_00184,WH_001,2026-01-15 21:01:00,2026-01-16,Jiangsu,Nanjing,normal,dispatched
ORD_0004311,CUST_00140,WH_001,2026-01-15 09:23:00,2026-01-16,Zhejiang,Ningbo,normal,picked
ORD_0004312,CUST_00132,WH_001,2026-01-15 10:49:00,2026-01-16,Zhejiang,Ningbo,normal,picking
ORD_0004313,CUST_00198,WH_001,2026-01-15 20:29:00,2026-01-16,Shandong,Yantai,normal,picking
ORD_0004314,CUST_00157,WH_002,2026-01-15 09:52:00,2026-01-16,Guangdong,Guangzhou,normal,delivered
ORD_0004315,CUST_00155,WH_001,2026-01-15 11:37:00,2026-01-17,Sichuan,Chengdu,high,dispatched
ORD_0004316,CUST_00175,WH_001,2026-01-15 16:33:00,2026-01-16,Sichuan,Deyang,normal,picking
ORD_0004317,CUST_00072,WH_003,2026-01-15 21:32:00,2026-01-16,Zhejiang,Wenzhou,normal,delivered
ORD_0004318,CUST_00067,WH_001,2026-01-15 13:55:00,2026-01-16,Zhejiang,Wenzhou,normal,picking
ORD_0004319,CUST_00148,WH_001,2026-01-15 14:32:00,2026-01-16,Jiangsu,Suzhou,normal,dispatched
ORD_0004320,CUST_00146,WH_003,2026-01-15 07:53:00,2026-01-16,Zhejiang,Hangzhou,high,pending
ORD_0004321,CUST_00153,WH_002,2026-01-15 16:32:00,2026-01-16,Zhejiang,Wenzhou,normal,delivered
ORD_0004322,CUST_00005,WH_003,2026-01-15 10:32:00,2026-01-16,Zhejiang,Hangzhou,urgent,dispatched
ORD_0004323,CUST_00045,WH_002,2026-01-15 15:11:00,2026-01-17,Sichuan,Chengdu,normal,picked
ORD_0004324,CUST_00050,WH_003,2026-01-15 10:33:00,2026-01-16,Shandong,Jinan,urgent,picked
ORD_0004325,CUST_00196,WH_002,2026-01-15 07:59:00,2026-01-17,Henan,Zhengzhou,normal,delivered
ORD_0004326,CUST_00169,WH_001,2026-01-15 17:59:00,2026-01-16,Shandong,Jinan,high,picking
ORD_0004327,CUST_00184,WH_002,2026-01-15 14:10:00,2026-01-16,Jiangsu,Nanjing,normal,picking
ORD_0004328,CUST_00145,WH_002,2026-01-15 14:48:00,2026-01-16,Sichuan,Chengdu,normal,delivered
ORD_0004329,CUST_00041,WH_002,2026-01-15 09:46:00,2026-01-16,Jiangsu,Nanjing,high,picking
ORD_0004330,CUST_00092,WH_003,2026-01-15 09:36:00,2026-01-16,Jiangsu,Nanjing,normal,picked
ORD_0004331,CUST_00040,WH_001,2026-01-15 21:31:00,2026-01-16,Guangdong,Shenzhen,urgent,delivered
ORD_0004332,CUST_00046,WH_002,2026-01-15 12:00:00,2026-01-16,Sichuan,Deyang,normal,dispatched
ORD_0004333,CUST_00148,WH_001,2026-01-15 18:45:00,2026-01-17,Jiangsu,Suzhou,normal,dispatched
ORD_0004334,CUST_00039,WH_003,2026-01-15 17:49:00,2026-01-16,Shandong,Qingdao,normal,picked
ORD_0004335,CUST_00182,WH_001,2026-01-15 16:20:00,2026-01-16,Zhejiang,Hangzhou,high,picked
ORD_0004336,CUST_00150,WH_001,2026-01-15 16:51:00,2026-01-16,Guangdong,Guangzhou,normal,dispatched
ORD_0004337,CUST_00104,WH_002,2026-01-15 11:54:00,2026-01-16,Zhejiang,Ningbo,normal,picking
ORD_0004338,CUST_00111,WH_002,2026-01-15 18:28:00,2026-01-16,Guangdong,Guangzhou,normal,picked
ORD_0004339,CUST_00186,WH_003,2026-01-15 20:45:00,2026-01-16,Sichuan,Chengdu,normal,picked
ORD_0004340,CUST_00157,WH_002,2026-01-15 18:38:00,2026-01-16,Guangdong,Guangzhou,high,picked
ORD_0004341,CUST_00031,WH_001,2026-01-15 13:06:00,2026-01-16,Guangdong,Dongguan,normal,dispatched
ORD_0004342,CUST_00038,WH_002,2026-01-15 08:26:00,2026-01-16,Hubei,Yichang,urgent,delivered
ORD_0004343,CUST_00165,WH_003,2026-01-15 09:20:00,2026-01-16,Shandong,Yantai,normal,picking
ORD_0004344,CUST_00020,WH_002,2026-01-15 09:56:00,2026-01-16,Jiangsu,Nanjing,normal,picked
ORD_0004345,CUST_00187,WH_001,2026-01-15 14:12:00,2026-01-16,Jiangsu,Wuxi,normal,picked
ORD_0004346,CUST_00117,WH_002,2026-01-15 13:54:00,2026-01-17,Zhejiang,Wenzhou,normal,picking
ORD_0004347,CUST_00074,WH_003,2026-01-15 19:08:00,2026-01-16,Sichuan,Mianyang,normal,picking
ORD_0004348,CUST_00015,WH_003,2026-01-15 15:53:00,2026-01-16,Guangdong,Guangzhou,normal,pending
ORD_0004349,CUST_00183,WH_002,2026-01-15 17:24:00,2026-01-16,Jiangsu,Nanjing,normal,picking
ORD_0004350,CUST_00038,WH_003,2026-01-15 10:26:00,2026-01-16,Hubei,Yichang,normal,picked
ORD_0004351,CUST_00069,WH_001,2026-01-15 19:46:00,2026-01-16,Sichuan,Chengdu,normal,picked
ORD_0004352,CUST_00182,WH_003,2026-01-15 15:42:00,2026-01-16,Zhejiang,Hangzhou,high,dispatched
ORD_0004353,CUST_00171,WH_003,2026-01-15 19:46:00,2026-01-16,Guangdong,Guangzhou,normal,delivered
ORD_0004354,CUST_00187,WH_001,2026-01-15 07:00:00,2026-01-16,Jiangsu,Wuxi,normal,dispatched
ORD_0004355,CUST_00041,WH_001,2026-01-15 12:57:00,2026-01-16,Jiangsu,Nanjing,urgent,picking
ORD_0004356,CUST_00145,WH_001,2026-01-15 17:42:00,2026-01-17,Sichuan,Chengdu,high,picking
ORD_0004357,CUST_00181,WH_003,2026-01-15 11:16:00,2026-01-17,Hubei,Yichang,normal,delivered
ORD_0004358,CUST_00127,WH_001,2026-01-15 19:46:00,2026-01-16,Henan,Luoyang,high,picked
ORD_0004359,CUST_00161,WH_003,2026-01-15 19:40:00,2026-01-16,Guangdong,Dongguan,normal,pending
ORD_0004360,CUST_00184,WH_002,2026-01-15 08:15:00,2026-01-16,Jiangsu,Nanjing,normal,picked
ORD_0004361,CUST_00032,WH_002,2026-01-15 19:52:00,2026-01-16,Henan,Luoyang,normal,picked
ORD_0004362,CUST_00068,WH_002,2026-01-15 07:54:00,2026-01-16,Shandong,Qingdao,normal,dispatched
ORD_0004363,CUST_00085,WH_001,2026-01-15 08:55:00,2026-01-16,Shandong,Qingdao,normal,picking
ORD_0004364,CUST_00040,WH_001,2026-01-15 14:17:00,2026-01-16,Guangdong,Shenzhen,normal,picked
ORD_0004365,CUST_00058,WH_002,2026-01-15 14:57:00,2026-01-16,Jiangsu,Suzhou,normal,delivered
ORD_0004366,CUST_00170,WH_003,2026-01-15 19:20:00,2026-01-16,Henan,Luoyang,normal,picked
ORD_0004367,CUST_00187,WH_002,2026-01-15 06:33:00,2026-01-16,Jiangsu,Wuxi,normal,delivered
ORD_0004368,CUST_00053,WH_003,2026-01-15 15:43:00,2026-01-17,Guangdong,Dongguan,high,picked
ORD_0004369,CUST_00176,WH_002,2026-01-15 13:51:00,2026-01-16,Henan,Luoyang,normal,dispatched
ORD_0004370,CUST_00172,WH_003,2026-01-15 10:33:00,2026-01-16,Sichuan,Deyang,normal,delivered
ORD_0004371,CUST_00134,WH_001,2026-01-15 10:25:00,2026-01-16,Sichuan,Mianyang,normal,pending
ORD_0004372,CUST_00127,WH_003,2026-01-15 14:25:00,2026-01-16,Henan,Luoyang,normal,delivered
ORD_0004373,CUST_00049,WH_002,2026-01-15 18:39:00,2026-01-16,Shandong,Qingdao,high,dispatched
ORD_0004374,CUST_00033,WH_001,2026-01-15 06:52:00,2026-01-16,Jiangsu,Nanjing,high,picked
ORD_0004375,CUST_00173,WH_001,2026-01-15 16:16:00,2026-01-16,Henan,Kaifeng,normal,picked
ORD_0004376,CUST_00068,WH_002,2026-01-15 20:28:00,2026-01-16,Shandong,Qingdao,normal,pending
ORD_0004377,CUST_00126,WH_002,2026-01-15 08:04:00,2026-01-16,Jiangsu,Nanjing,normal,picked
ORD_0004378,CUST_00024,WH_002,2026-01-15 15:22:00,2026-01-16,Jiangsu,Wuxi,normal,dispatched
ORD_0004379,CUST_00167,WH_003,2026-01-15 07:34:00,2026-01-16,Zhejiang,Ningbo,normal,dispatched
ORD_0004380,CUST_00190,WH_002,2026-01-15 20:50:00,2026-01-16,Henan,Luoyang,normal,picked
ORD_0004381,CUST_00126,WH_003,2026-01-15 09:02:00,2026-01-16,Jiangsu,Nanjing,normal,picked
ORD_0004382,CUST_00168,WH_003,2026-01-15 10:28:00,2026-01-16,Hubei,Wuhan,high,dispatched
ORD_0004383,CUST_00031,WH_002,2026-01-15 10:20:00,2026-01-16,Guangdong,Dongguan,high,picking
ORD_0004384,CUST_00158,WH_002,2026-01-15 09:17:00,2026-01-16,Zhejiang,Ningbo,normal,dispatched
ORD_0004385,CUST_00071,WH_002,2026-01-15 09:01:00,2026-01-17,Sichuan,Chengdu,normal,picking
ORD_0004386,CUST_00012,WH_001,2026-01-15 11:20:00,2026-01-16,Sichuan,Deyang,normal,picking
ORD_0004387,CUST_00164,WH_001,2026-01-15 13:26:00,2026-01-16,Zhejiang,Wenzhou,normal,picked
ORD_0004388,CUST_00093,WH_001,2026-01-15 12:36:00,2026-01-16,Guangdong,Guangzhou,normal,dispatched
ORD_0004389,CUST_00105,WH_003,2026-01-15 08:30:00,2026-01-16,Sichuan,Chengdu,normal,picked
ORD_0004390,CUST_00156,WH_003,2026-01-15 07:42:00,2026-01-16,Zhejiang,Ningbo,normal,picking
ORD_0004391,CUST_00168,WH_003,2026-01-15 08:29:00,2026-01-16,Hubei,Wuhan,high,dispatched
ORD_0004392,CUST_00012,WH_001,2026-01-15 09:09:00,2026-01-16,Sichuan,Deyang,normal,dispatched
ORD_0004393,CUST_00019,WH_001,2026-01-15 10:00:00,2026-01-16,Henan,Luoyang,high,pending
ORD_0004394,CUST_00111,WH_001,2026-01-15 08:11:00,2026-01-17,Guangdong,Guangzhou,normal,picked
ORD_0004395,CUST_00101,WH_003,2026-01-15 08:36:00,2026-01-16,Hubei,Wuhan,high,picked
ORD_0004396,CUST_00003,WH_001,2026-01-15 13:57:00,2026-01-16,Henan,Zhengzhou,normal,picking
ORD_0004397,CUST_00111,WH_002,2026-01-15 09:19:00,2026-01-16,Guangdong,Guangzhou,high,delivered
ORD_0004398,CUST_00177,WH_003,2026-01-15 06:26:00,2026-01-16,Zhejiang,Ningbo,high,pending
ORD_0004399,CUST_00014,WH_002,2026-01-15 12:17:00,2026-01-16,Shandong,Yantai,normal,dispatched
ORD_0004400,CUST_00002,WH_001,2026-01-15 21:16:00,2026-01-16,Sichuan,Deyang,normal,delivered
ORD_0004401,CUST_00119,WH_003,2026-01-15 20:01:00,2026-01-16,Zhejiang,Wenzhou,normal,picked
ORD_0004402,CUST_00118,WH_001,2026-01-15 18:59:00,2026-01-16,Sichuan,Mianyang,normal,pending
ORD_0004403,CUST_00148,WH_001,2026-01-15 11:51:00,2026-01-16,Jiangsu,Suzhou,normal,picked
ORD_0004404,CUST_00136,WH_003,2026-01-15 13:11:00,2026-01-17,Hubei,Yichang,normal,picking
ORD_0004405,CUST_00086,WH_002,2026-01-15 07:16:00,2026-01-16,Guangdong,Dongguan,normal,delivered
ORD_0004406,CUST_00006,WH_003,2026-01-15 15:20:00,2026-01-16,Zhejiang,Ningbo,normal,dispatched
ORD_0004407,CUST_00078,WH_001,2026-01-15 07:11:00,2026-01-16,Henan,Kaifeng,high,picking
ORD_0004408,CUST_00014,WH_001,2026-01-15 11:35:00,2026-01-16,Shandong,Yantai,normal,dispatched
ORD_0004409,CUST_00120,WH_002,2026-01-15 14:17:00,2026-01-16,Guangdong,Dongguan,normal,picked
ORD_0004410,CUST_00001,WH_003,2026-01-15 12:49:00,2026-01-16,Zhejiang,Ningbo,high,delivered
ORD_0004411,CUST_00195,WH_003,2026-01-15 21:21:00,2026-01-16,Zhejiang,Wenzhou,normal,picking
ORD_0004412,CUST_00183,WH_001,2026-01-15 20:09:00,2026-01-17,Jiangsu,Nanjing,normal,picked
ORD_0004413,CUST_00072,WH_003,2026-01-15 14:41:00,2026-01-16,Zhejiang,Wenzhou,normal,picking
ORD_0004414,CUST_00094,WH_002,2026-01-15 16:14:00,2026-01-16,Henan,Zhengzhou,normal,picking
ORD_0004415,CUST_00155,WH_001,2026-01-15 06:42:00,2026-01-16,Sichuan,Chengdu,normal,picked
ORD_0004416,CUST_00027,WH_001,2026-01-15 19:51:00,2026-01-16,Jiangsu,Wuxi,normal,pending
ORD_0004417,CUST_00093,WH_001,2026-01-15 18:13:00,2026-01-16,Guangdong,Guangzhou,normal,delivered
ORD_0004418,CUST_00131,WH_003,2026-01-15 20:40:00,2026-01-16,Henan,Kaifeng,normal,dispatched
ORD_0004419,CUST_00171,WH_003,2026-01-15 06:13:00,2026-01-16,Guangdong,Guangzhou,normal,picked
ORD_0004420,CUST_00017,WH_003,2026-01-15 19:31:00,2026-01-16,Shandong,Yantai,normal,dispatched
ORD_0004421,CUST_00041,WH_003,2026-01-15 21:02:00,2026-01-16,Jiangsu,Nanjing,high,picked
ORD_0004422,CUST_00079,WH_002,2026-01-15 06:57:00,2026-01-16,Henan,Kaifeng,high,delivered
ORD_0004423,CUST_00183,WH_001,2026-01-15 18:29:00,2026-01-16,Jiangsu,Nanjing,normal,pending
ORD_0004424,CUST_00124,WH_003,2026-01-15 10:58:00,2026-01-16,Guangdong,Dongguan,normal,dispatched
ORD_0004425,CUST_00168,WH_003,2026-01-15 06:19:00,2026-01-16,Hubei,Wuhan,normal,picking
ORD_0004426,CUST_00052,WH_003,2026-01-15 17:08:00,2026-01-16,Guangdong,Dongguan,normal,pending
ORD_0004427,CUST_00078,WH_001,2026-01-15 19:56:00,2026-01-16,Henan,Kaifeng,high,dispatched
ORD_0004428,CUST_00100,WH_002,2026-01-15 21:08:00,2026-01-16,Zhejiang,Wenzhou,normal,dispatched
ORD_0004429,CUST_00136,WH_002,2026-01-15 12:22:00,2026-01-16,Hubei,Yichang,normal,picking
ORD_0004430,CUST_00012,WH_001,2026-01-15 16:57:00,2026-01-16,Sichuan,Deyang,normal,picked
ORD_0004431,CUST_00115,WH_002,2026-01-15 15:02:00,2026-01-16,Shandong,Jinan,normal,picking
ORD_0004432,CUST_00019,WH_003,2026-01-15 11:30:00,2026-01-16,Henan,Luoyang,normal,picking
ORD_0004433,CUST_00020,WH_002,2026-01-15 15:36:00,2026-01-16,Jiangsu,Nanjing,high,pending
ORD_0004434,CUST_00102,WH_001,2026-01-15 06:18:00,2026-01-16,Sichuan,Chengdu,normal,pending
ORD_0004435,CUST_00131,WH_001,2026-01-15 16:44:00,2026-01-16,Henan,Kaifeng,normal,delivered
ORD_0004436,CUST_00050,WH_003,2026-01-15 14:23:00,2026-01-16,Shandong,Jinan,normal,dispatched
ORD_0004437,CUST_00092,WH_003,2026-01-15 16:09:00,2026-01-16,Jiangsu,Nanjing,normal,dispatched
ORD_0004438,CUST_00102,WH_002,2026-01-15 14:55:00,2026-01-17,Sichuan,Chengdu,normal,delivered
ORD_0004439,CUST_00097,WH_001,2026-01-15 18:05:00,2026-01-16,Hubei,Yichang,normal,picked
ORD_0004440,CUST_00098,WH_003,2026-01-15 13:42:00,2026-01-16,Zhejiang,Hangzhou,normal,picked
ORD_0004441,CUST_00048,WH_002,2026-01-15 20:27:00,2026-01-16,Shandong,Jinan,urgent,picked
ORD_0004442,CUST_00174,WH_001,2026-01-15 13:24:00,2026-01-16,Guangdong,Dongguan,normal,picking
ORD_0004443,CUST_00199,WH_001,2026-01-15 12:51:00,2026-01-16,Guangdong,Dongguan,urgent,picked
ORD_0004444,CUST_00056,WH_001,2026-01-15 20:33:00,2026-01-16,Shandong,Yantai,normal,picked
ORD_0004445,CUST_00118,WH_003,2026-01-15 19:49:00,2026-01-16,Sichuan,Mianyang,normal,delivered
ORD_0004446,CUST_00079,WH_003,2026-01-15 20:02:00,2026-01-16,Henan,Kaifeng,high,picking
ORD_0004447,CUST_00095,WH_001,2026-01-15 12:46:00,2026-01-16,Zhejiang,Ningbo,normal,picking
ORD_0004448,CUST_00152,WH_002,2026-01-15 11:25:00,2026-01-16,Shandong,Qingdao,normal,picked
ORD_0004449,CUST_00047,WH_003,2026-01-15 15:48:00,2026-01-17,Zhejiang,Ningbo,normal,delivered
ORD_0004450,CUST_00050,WH_001,2026-01-15 17:15:00,2026-01-16,Shandong,Jinan,normal,delivered
ORD_0004451,CUST_00071,WH_003,2026-01-15 13:12:00,2026-01-16,Sichuan,Chengdu,normal,dispatched
ORD_0004452,CUST_00090,WH_003,2026-01-15 17:10:00,2026-01-16,Hubei,Yichang,high,picked
ORD_0004453,CUST_00194,WH_001,2026-01-15 17:29:00,2026-01-17,Zhejiang,Wenzhou,normal,dispatched
ORD_0004454,CUST_00145,WH_001,2026-01-15 17:16:00,2026-01-16,Sichuan,Chengdu,high,picking
ORD_0004455,CUST_00160,WH_003,2026-01-15 16:53:00,2026-01-16,Shandong,Qingdao,normal,delivered
ORD_0004456,CUST_00011,WH_003,2026-01-15 19:56:00,2026-01-16,Guangdong,Dongguan,normal,dispatched
ORD_0004457,CUST_00038,WH_003,2026-01-15 15:24:00,2026-01-16,Hubei,Yichang,normal,delivered
ORD_0004458,CUST_00016,WH_002,2026-01-15 08:36:00,2026-01-16,Sichuan,Mianyang,urgent,dispatched
ORD_0004459,CUST_00092,WH_003,2026-01-15 21:18:00,2026-01-16,Jiangsu,Nanjing,normal,pending
ORD_0004460,CUST_00037,WH_003,2026-01-15 16:07:00,2026-01-16,Jiangsu,Wuxi,high,dispatched
ORD_0004461,CUST_00039,WH_001,2026-01-15 07:15:00,2026-01-16,Shandong,Qingdao,normal,pending
ORD_0004462,CUST_00108,WH_001,2026-01-15 20:23:00,2026-01-16,Jiangsu,Nanjing,normal,picked
ORD_0004463,CUST_00055,WH_003,2026-01-15 14:28:00,2026-01-16,Henan,Zhengzhou,normal,dispatched
ORD_0004464,CUST_00080,WH_001,2026-01-15 17:49:00,2026-01-16,Jiangsu,Nanjing,normal,dispatched
ORD_0004465,CUST_00066,WH_003,2026-01-15 13:07:00,2026-01-16,Zhejiang,Hangzhou,normal,dispatched
ORD_0004466,CUST_00138,WH_002,2026-01-15 06:16:00,2026-01-16,Guangdong,Shenzhen,normal,delivered
ORD_0004467,CUST_00093,WH_001,2026-01-15 06:14:00,2026-01-16,Guangdong,Guangzhou,normal,picked
ORD_0004468,CUST_00148,WH_001,2026-01-15 19:42:00,2026-01-16,Jiangsu,Suzhou,normal,dispatched
ORD_0004469,CUST_00038,WH_003,2026-01-15 16:55:00,2026-01-16,Hubei,Yichang,urgent,dispatched
ORD_0004470,CUST_00134,WH_002,2026-01-15 13:12:00,2026-01-17,Sichuan,Mianyang,high,dispatched
ORD_0004471,CUST_00110,WH_002,2026-01-15 20:30:00,2026-01-16,Zhejiang,Ningbo,high,pending
ORD_0004472,CUST_00080,WH_002,2026-01-15 18:07:00,2026-01-17,Jiangsu,Nanjing,normal,picked
ORD_0004473,CUST_00099,WH_001,2026-01-15 21:48:00,2026-01-16,Zhejiang,Hangzhou,normal,picking
ORD_0004474,CUST_00165,WH_003,2026-01-15 17:57:00,2026-01-16,Shandong,Yantai,normal,picking
ORD_0004475,CUST_00164,WH_001,2026-01-15 15:20:00,2026-01-16,Zhejiang,Wenzhou,normal,dispatched
ORD_0004476,CUST_00177,WH_001,2026-01-15 15:03:00,2026-01-16,Zhejiang,Ningbo,normal,picked
ORD_0004477,CUST_00028,WH_001,2026-01-15 09:05:00,2026-01-16,Hubei,Wuhan,normal,delivered
ORD_0004478,CUST_00108,WH_002,2026-01-15 19:01:00,2026-01-16,Jiangsu,Nanjing,normal,delivered
ORD_0004479,CUST_00127,WH_002,2026-01-15 06:57:00,2026-01-17,Henan,Luoyang,normal,pending
ORD_0004480,CUST_00111,WH_003,2026-01-15 15:02:00,2026-01-16,Guangdong,Guangzhou,high,picked
ORD_0004481,CUST_00146,WH_003,2026-01-15 08:12:00,2026-01-16,Zhejiang,Hangzhou,normal,dispatched
ORD_0004482,CUST_00101,WH_002,2026-01-15 15:41:00,2026-01-16,Hubei,Wuhan,normal,picked
ORD_0004483,CUST_00015,WH_003,2026-01-15 10:02:00,2026-01-16,Guangdong,Guangzhou,normal,dispatched
ORD_0004484,CUST_00164,WH_002,2026-01-15 15:22:00,2026-01-16,Zhejiang,Wenzhou,normal,dispatched
ORD_0004485,CUST_00149,WH_003,2026-01-15 17:06:00,2026-01-16,Henan,Zhengzhou,normal,delivered
ORD_0004486,CUST_00129,WH_001,2026-01-15 11:52:00,2026-01-16,Hubei,Yichang,urgent,picked
ORD_0004487,CUST_00042,WH_003,2026-01-15 17:00:00,2026-01-16,Jiangsu,Suzhou,normal,delivered
ORD_0004488,CUST_00192,WH_002,2026-01-15 20:27:00,2026-01-16,Shandong,Qingdao,normal,pending
ORD_0004489,CUST_00104,WH_003,2026-01-15 11:22:00,2026-01-16,Zhejiang,Ningbo,normal,dispatched
ORD_0004490,CUST_00102,WH_003,2026-01-15 16:23:00,2026-01-16,Sichuan,Chengdu,normal,delivered
ORD_0004491,CUST_00197,WH_002,2026-01-15 14:07:00,2026-01-16,Jiangsu,Nanjing,normal,dispatched
ORD_0004492,CUST_00099,WH_002,2026-01-15 08:07:00,2026-01-16,Zhejiang,Hangzhou,normal,pending
ORD_0004493,CUST_00060,WH_003,2026-01-15 11:13:00,2026-01-17,Zhejiang,Ningbo,normal,picking
ORD_0004494,CUST_00151,WH_001,2026-01-15 07:21:00,2026-01-16,Hubei,Yichang,normal,picking
ORD_0004495,CUST_00084,WH_002,2026-01-15 18:09:00,2026-01-16,Shandong,Qingdao,normal,picked
ORD_0004496,CUST_00051,WH_001,2026-01-15 10:17:00,2026-01-17,Hubei,Yichang,normal,picked
ORD_0004497,CUST_00132,WH_002,2026-01-15 19:43:00,2026-01-16,Zhejiang,Ningbo,normal,picked
ORD_0004498,CUST_00122,WH_002,2026-01-15 12:24:00,2026-01-16,Jiangsu,Nanjing,normal,dispatched
ORD_0004499,CUST_00186,WH_002,2026-01-15 10:30:00,2026-01-16,Sichuan,Chengdu,high,picking
ORD_0004500,CUST_00164,WH_003,2026-01-15 12:27:00,2026-01-16,Zhejiang,Wenzhou,normal,delivered
ORD_0004501,CUST_00047,WH_002,2026-01-15 06:03:00,2026-01-16,Zhejiang,Ningbo,normal,pending
ORD_0004502,CUST_00148,WH_003,2026-01-15 12:26:00,2026-01-16,Jiangsu,Suzhou,normal,dispatched
ORD_0004503,CUST_00177,WH_001,2026-01-15 19:36:00,2026-01-16,Zhejiang,Ningbo,normal,picked
ORD_0004504,CUST_00073,WH_001,2026-01-15 13:54:00,2026-01-17,Jiangsu,Wuxi,normal,delivered
ORD_0004505,CUST_00025,WH_003,2026-01-15 14:23:00,2026-01-16,Hubei,Yichang,normal,picked
ORD_0004506,CUST_00160,WH_003,2026-01-15 20:39:00,2026-01-16,Shandong,Qingdao,normal,dispatched
ORD_0004507,CUST_00194,WH_002,2026-01-15 07:47:00,2026-01-16,Zhejiang,Wenzhou,normal,picking
ORD_0004508,CUST_00168,WH_003,2026-01-15 18:23:00,2026-01-16,Hubei,Wuhan,normal,picked
ORD_0004509,CUST_00138,WH_001,2026-01-15 10:27:00,2026-01-16,Guangdong,Shenzhen,normal,delivered
ORD_0004510,CUST_00126,WH_003,2026-01-15 16:10:00,2026-01-16,Jiangsu,Nanjing,normal,picking
ORD_0004511,CUST_00035,WH_002,2026-01-15 12:10:00,2026-01-17,Shandong,Jinan,normal,picking
ORD_0004512,CUST_00107,WH_002,2026-01-15 10:33:00,2026-01-16,Henan,Luoyang,normal,picking
ORD_0004513,CUST_00136,WH_001,2026-01-15 10:57:00,2026-01-16,Hubei,Yichang,normal,picking
ORD_0004514,CUST_00150,WH_001,2026-01-15 15:29:00,2026-01-16,Guangdong,Guangzhou,normal,delivered
ORD_0004515,CUST_00042,WH_001,2026-01-15 21:29:00,2026-01-16,Jiangsu,Suzhou,normal,picking
ORD_0004516,CUST_00164,WH_002,2026-01-15 08:25:00,2026-01-17,Zhejiang,Wenzhou,normal,picked
ORD_0004517,CUST_00042,WH_001,2026-01-15 15:53:00,2026-01-16,Jiangsu,Suzhou,normal,pending
ORD_0004518,CUST_00052,WH_003,2026-01-15 10:27:00,2026-01-17,Guangdong,Dongguan,normal,picking
ORD_0004519,CUST_00074,WH_003,2026-01-15 18:10:00,2026-01-16,Sichuan,Mianyang,normal,dispatched
ORD_0004520,CUST_00008,WH_003,2026-01-15 17:07:00,2026-01-16,Hubei,Wuhan,normal,pending
ORD_0004521,CUST_00134,WH_002,2026-01-15 06:06:00,2026-01-16,Sichuan,Mianyang,normal,picked
ORD_0004522,CUST_00153,WH_002,2026-01-15 13:12:00,2026-01-16,Zhejiang,Wenzhou,normal,picked
ORD_0004523,CUST_00033,WH_002,2026-01-15 08:39:00,2026-01-16,Jiangsu,Nanjing,normal,picking
ORD_0004524,CUST_00154,WH_002,2026-01-15 20:01:00,2026-01-17,Guangdong,Dongguan,high,dispatched
ORD_0004525,CUST_00181,WH_003,2026-01-15 14:03:00,2026-01-16,Hubei,Yichang,urgent,picked
ORD_0004526,CUST_00086,WH_002,2026-01-15 09:32:00,2026-01-16,Guangdong,Dongguan,normal,pending
ORD_0004527,CUST_00127,WH_001,2026-01-15 07:15:00,2026-01-16,Henan,Luoyang,normal,picked
ORD_0004528,CUST_00178,WH_003,2026-01-15 15:56:00,2026-01-17,Shandong,Jinan,normal,picking
ORD_0004529,CUST_00060,WH_001,2026-01-15 15:46:00,2026-01-16,Zhejiang,Ningbo,normal,dispatched
ORD_0004530,CUST_00165,WH_003,2026-01-15 14:09:00,2026-01-16,Shandong,Yantai,normal,picking
ORD_0004531,CUST_00029,WH_001,2026-01-15 13:20:00,2026-01-16,Zhejiang,Ningbo,normal,delivered
ORD_0004532,CUST_00049,WH_002,2026-01-15 21:52:00,2026-01-16,Shandong,Qingdao,normal,dispatched
ORD_0004533,CUST_00141,WH_003,2026-01-15 12:02:00,2026-01-16,Henan,Luoyang,normal,dispatched
ORD_0004534,CUST_00174,WH_001,2026-01-15 21:16:00,2026-01-16,Guangdong,Dongguan,normal,dispatched
ORD_0004535,CUST_00051,WH_001,2026-01-15 16:33:00,2026-01-16,Hubei,Yichang,high,pending
ORD_0004536,CUST_00021,WH_002,2026-01-15 19:00:00,2026-01-16,Guangdong,Shenzhen,normal,picked
ORD_0004537,CUST_00134,WH_003,2026-01-15 12:54:00,2026-01-16,Sichuan,Mianyang,high,picking
ORD_0004538,CUST_00153,WH_003,2026-01-15 07:17:00,2026-01-16,Zhejiang,Wenzhou,normal,delivered
ORD_0004539,CUST_00160,WH_003,2026-01-15 19:43:00,2026-01-16,Shandong,Qingdao,normal,dispatched
ORD_0004540,CUST_00148,WH_003,2026-01-15 09:16:00,2026-01-16,Jiangsu,Suzhou,normal,pending
ORD_0004541,CUST_00030,WH_001,2026-01-15 07:59:00,2026-01-16,Hubei,Xiangyang,normal,picked
ORD_0004542,CUST_00161,WH_003,2026-01-15 21:34:00,2026-01-16,Guangdong,Dongguan,normal,delivered
ORD_0004543,CUST_00126,WH_001,2026-01-15 16:50:00,2026-01-16,Jiangsu,Nanjing,normal,picked
ORD_0004544,CUST_00146,WH_003,2026-01-15 10:53:00,2026-01-16,Zhejiang,Hangzhou,high,picked
ORD_0004545,CUST_00171,WH_002,2026-01-15 13:46:00,2026-01-16,Guangdong,Guangzhou,normal,dispatched
ORD_0004546,CUST_00191,WH_002,2026-01-15 12:17:00,2026-01-16,Zhejiang,Ningbo,normal,picking
ORD_0004547,CUST_00157,WH_002,2026-01-15 17:07:00,2026-01-16,Guangdong,Guangzhou,normal,dispatched
ORD_0004548,CUST_00155,WH_001,2026-01-15 16:04:00,2026-01-16,Sichuan,Chengdu,high,delivered
ORD_0004549,CUST_00010,WH_002,2026-01-15 19:15:00,2026-01-16,Sichuan,Mianyang,high,picking
ORD_0004550,CUST_00085,WH_003,2026-01-15 06:30:00,2026-01-16,Shandong,Qingdao,urgent,pending
ORD_0004551,CUST_00078,WH_002,2026-01-15 07:23:00,2026-01-16,Henan,Kaifeng,normal,dispatched
ORD_0004552,CUST_00088,WH_002,2026-01-15 08:33:00,2026-01-16,Shandong,Yantai,normal,picked
ORD_0004553,CUST_00170,WH_003,2026-01-15 10:55:00,2026-01-16,Henan,Luoyang,normal,picked
ORD_0004554,CUST_00175,WH_001,2026-01-15 15:54:00,2026-01-16,Sichuan,Deyang,normal,picked
ORD_0004555,CUST_00171,WH_001,2026-01-15 06:37:00,2026-01-16,Guangdong,Guangzhou,normal,delivered
ORD_0004556,CUST_00017,WH_003,2026-01-15 07:14:00,2026-01-16,Shandong,Yantai,high,pending
ORD_0004557,CUST_00018,WH_003,2026-01-15 06:25:00,2026-01-16,Jiangsu,Suzhou,high,picked
ORD_0004558,CUST_00180,WH_003,2026-01-15 14:24:00,2026-01-16,Shandong,Yantai,normal,picking
ORD_0004559,CUST_00138,WH_003,2026-01-15 21:05:00,2026-01-16,Guangdong,Shenzhen,normal,delivered
ORD_0004560,CUST_00168,WH_001,2026-01-15 07:42:00,2026-01-16,Hubei,Wuhan,normal,delivered
ORD_0004561,CUST_00127,WH_001,2026-01-15 09:55:00,2026-01-16,Henan,Luoyang,normal,picked
ORD_0004562,CUST_00161,WH_002,2026-01-15 06:08:00,2026-01-16,Guangdong,Dongguan,normal,dispatched
ORD_0004563,CUST_00041,WH_002,2026-01-15 19:07:00,2026-01-16,Jiangsu,Nanjing,normal,pending
ORD_0004564,CUST_00160,WH_003,2026-01-15 19:18:00,2026-01-17,Shandong,Qingdao,high,picked
ORD_0004565,CUST_00113,WH_002,2026-01-15 17:51:00,2026-01-16,Shandong,Qingdao,normal,picked
ORD_0004566,CUST_00173,WH_002,2026-01-15 09:04:00,2026-01-16,Henan,Kaifeng,normal,picking
ORD_0004567,CUST_00155,WH_003,2026-01-15 06:07:00,2026-01-17,Sichuan,Chengdu,high,dispatched
ORD_0004568,CUST_00097,WH_002,2026-01-15 06:34:00,2026-01-16,Hubei,Yichang,normal,picked
ORD_0004569,CUST_00066,WH_003,2026-01-15 13:21:00,2026-01-16,Zhejiang,Hangzhou,normal,dispatched
ORD_0004570,CUST_00175,WH_002,2026-01-15 19:35:00,2026-01-16,Sichuan,Deyang,normal,pending
ORD_0004571,CUST_00149,WH_003,2026-01-15 17:42:00,2026-01-17,Henan,Zhengzhou,normal,delivered
ORD_0004572,CUST_00086,WH_002,2026-01-15 19:09:00,2026-01-16,Guangdong,Dongguan,normal,dispatched
ORD_0004573,CUST_00051,WH_001,2026-01-15 17:56:00,2026-01-16,Hubei,Yichang,normal,pending
ORD_0004574,CUST_00061,WH_002,2026-01-15 10:43:00,2026-01-16,Shandong,Qingdao,normal,dispatched
ORD_0004575,CUST_00059,WH_003,2026-01-15 13:34:00,2026-01-16,Hubei,Yichang,normal,pending
ORD_0004576,CUST_00130,WH_001,2026-01-15 20:40:00,2026-01-16,Henan,Zhengzhou,normal,delivered
ORD_0004577,CUST_00030,WH_002,2026-01-15 06:49:00,2026-01-16,Hubei,Xiangyang,normal,picked
ORD_0004578,CUST_00073,WH_001,2026-01-15 16:23:00,2026-01-16,Jiangsu,Wuxi,normal,picked
ORD_0004579,CUST_00140,WH_002,2026-01-15 17:13:00,2026-01-16,Zhejiang,Ningbo,normal,dispatched
ORD_0004580,CUST_00033,WH_001,2026-01-15 06:31:00,2026-01-16,Jiangsu,Nanjing,normal,picked
ORD_0004581,CUST_00153,WH_002,2026-01-15 07:28:00,2026-01-16,Zhejiang,Wenzhou,high,delivered
ORD_0004582,CUST_00096,WH_001,2026-01-15 17:06:00,2026-01-16,Hubei,Yichang,high,delivered
ORD_0004583,CUST_00021,WH_003,2026-01-15 06:50:00,2026-01-16,Guangdong,Shenzhen,normal,picked
ORD_0004584,CUST_00099,WH_001,2026-01-15 13:49:00,2026-01-16,Zhejiang,Hangzhou,high,delivered
ORD_0004585,CUST_00169,WH_003,2026-01-15 19:40:00,2026-01-16,Shandong,Jinan,normal,picking
ORD_0004586,CUST_00108,WH_001,2026-01-15 08:30:00,2026-01-16,Jiangsu,Nanjing,normal,picked
ORD_0004587,CUST_00077,WH_002,2026-01-15 09:55:00,2026-01-16,Zhejiang,Ningbo,normal,picked
ORD_0004588,CUST_00062,WH_002,2026-01-15 10:09:00,2026-01-16,Zhejiang,Wenzhou,normal,dispatched
ORD_0004589,CUST_00194,WH_002,2026-01-15 06:43:00,2026-01-16,Zhejiang,Wenzhou,high,picking
ORD_0004590,CUST_00041,WH_003,2026-01-15 09:43:00,2026-01-16,Jiangsu,Nanjing,normal,delivered
ORD_0004591,CUST_00045,WH_003,2026-01-15 11:35:00,2026-01-16,Sichuan,Chengdu,normal,picked
ORD_0004592,CUST_00148,WH_001,2026-01-15 09:03:00,2026-01-16,Jiangsu,Suzhou,urgent,picked
ORD_0004593,CUST_00196,WH_003,2026-01-15 21:21:00,2026-01-16,Henan,Zhengzhou,high,picking
ORD_0004594,CUST_00190,WH_003,2026-01-15 14:37:00,2026-01-16,Henan,Luoyang,normal,dispatched
ORD_0004595,CUST_00174,WH_003,2026-01-15 14:47:00,2026-01-16,Guangdong,Dongguan,normal,picked
ORD_0004596,CUST_00079,WH_002,2026-01-15 12:50:00,2026-01-16,Henan,Kaifeng,high,pending
ORD_0004597,CUST_00166,WH_003,2026-01-15 20:36:00,2026-01-16,Henan,Luoyang,normal,picking
ORD_0004598,CUST_00019,WH_001,2026-01-15 09:40:00,2026-01-16,Henan,Luoyang,high,dispatched
ORD_0004599,CUST_00146,WH_003,2026-01-15 14:30:00,2026-01-16,Zhejiang,Hangzhou,normal,dispatched
ORD_0004600,CUST_00156,WH_003,2026-01-15 07:08:00,2026-01-16,Zhejiang,Ningbo,normal,picked
ORD_0004601,CUST_00123,WH_002,2026-01-15 20:12:00,2026-01-16,Guangdong,Guangzhou,high,pending
ORD_0004602,CUST_00005,WH_002,2026-01-15 09:04:00,2026-01-16,Zhejiang,Hangzhou,normal,pending
ORD_0004603,CUST_00173,WH_002,2026-01-15 19:47:00,2026-01-16,Henan,Kaifeng,normal,picked
ORD_0004604,CUST_00027,WH_003,2026-01-15 06:38:00,2026-01-16,Jiangsu,Wuxi,normal,pending
ORD_0004605,CUST_00146,WH_002,2026-01-15 14:35:00,2026-01-17,Zhejiang,Hangzhou,normal,picking
ORD_0004606,CUST_00040,WH_001,2026-01-15 16:31:00,2026-01-16,Guangdong,Shenzhen,normal,picking
ORD_0004607,CUST_00054,WH_003,2026-01-15 06:50:00,2026-01-17,Guangdong,Dongguan,high,dispatched
ORD_0004608,CUST_00094,WH_003,2026-01-15 10:05:00,2026-01-16,Henan,Zhengzhou,normal,delivered
ORD_0004609,CUST_00057,WH_003,2026-01-15 21:10:00,2026-01-16,Guangdong,Dongguan,normal,picked
ORD_0004610,CUST_00064,WH_003,2026-01-15 18:49:00,2026-01-16,Zhejiang,Wenzhou,high,picked
ORD_0004611,CUST_00099,WH_001,2026-01-15 07:29:00,2026-01-16,Zhejiang,Hangzhou,normal,dispatched
ORD_0004612,CUST_00115,WH_002,2026-01-15 15:54:00,2026-01-16,Shandong,Jinan,high,dispatched
ORD_0004613,CUST_00027,WH_002,2026-01-15 20:58:00,2026-01-16,Jiangsu,Wuxi,normal,picked
ORD_0004614,CUST_00033,WH_003,2026-01-15 14:13:00,2026-01-16,Jiangsu,Nanjing,normal,delivered
ORD_0004615,CUST_00149,WH_002,2026-01-15 21:50:00,2026-01-16,Henan,Zhengzhou,normal,dispatched
ORD_0004616,CUST_00148,WH_001,2026-01-15 11:21:00,2026-01-16,Jiangsu,Suzhou,normal,picked
ORD_0004617,CUST_00072,WH_001,2026-01-15 07:30:00,2026-01-16,Zhejiang,Wenzhou,normal,dispatched
ORD_0004618,CUST_00056,WH_001,2026-01-15 07:51:00,2026-01-17,Shandong,Yantai,normal,picked
ORD_0004619,CUST_00116,WH_001,2026-01-15 12:47:00,2026-01-17,Henan,Kaifeng,normal,picking
ORD_0004620,CUST_00094,WH_001,2026-01-15 09:54:00,2026-01-16,Henan,Zhengzhou,normal,dispatched
ORD_0004621,CUST_00112,WH_002,2026-01-15 17:13:00,2026-01-16,Guangdong,Guangzhou,normal,picked
ORD_0004622,CUST_00031,WH_001,2026-01-15 08:06:00,2026-01-17,Guangdong,Dongguan,normal,picked
ORD_0004623,CUST_00195,WH_003,2026-01-15 17:32:00,2026-01-16,Zhejiang,Wenzhou,high,picked
ORD_0004624,CUST_00189,WH_003,2026-01-15 08:45:00,2026-01-16,Hubei,Xiangyang,normal,picked
ORD_0004625,CUST_00095,WH_001,2026-01-15 15:44:00,2026-01-16,Zhejiang,Ningbo,normal,picking
ORD_0004626,CUST_00077,WH_003,2026-01-15 18:47:00,2026-01-16,Zhejiang,Ningbo,normal,picked
ORD_0004627,CUST_00033,WH_001,2026-01-15 16:06:00,2026-01-16,Jiangsu,Nanjing,normal,picked
ORD_0004628,CUST_00091,WH_003,2026-01-15 15:39:00,2026-01-16,Zhejiang,Ningbo,normal,picked
ORD_0004629,CUST_00176,WH_003,2026-01-15 20:23:00,2026-01-16,Henan,Luoyang,normal,picking
ORD_0004630,CUST_00143,WH_001,2026-01-15 14:35:00,2026-01-16,Guangdong,Dongguan,normal,pending
ORD_0004631,CUST_00043,WH_001,2026-01-15 18:55:00,2026-01-16,Zhejiang,Hangzhou,normal,pending
ORD_0004632,CUST_00017,WH_002,2026-01-15 11:37:00,2026-01-17,Shandong,Yantai,normal,picked
ORD_0004633,CUST_00071,WH_002,2026-01-15 15:44:00,2026-01-16,Sichuan,Chengdu,normal,dispatched
ORD_0004634,CUST_00026,WH_003,2026-01-15 16:50:00,2026-01-16,Guangdong,Guangzhou,normal,picked
ORD_0004635,CUST_00034,WH_001,2026-01-15 17:34:00,2026-01-16,Jiangsu,Suzhou,normal,delivered
ORD_0004636,CUST_00072,WH_003,2026-01-15 08:15:00,2026-01-17,Zhejiang,Wenzhou,normal,picking
ORD_0004637,CUST_00018,WH_003,2026-01-15 16:10:00,2026-01-16,Jiangsu,Suzhou,normal,dispatched
ORD_0004638,CUST_00088,WH_002,2026-01-15 12:47:00,2026-01-16,Shandong,Yantai,normal,dispatched
ORD_0004639,CUST_00185,WH_001,2026-01-15 18:38:00,2026-01-16,Guangdong,Dongguan,normal,pending
ORD_0004640,CUST_00105,WH_003,2026-01-15 12:24:00,2026-01-16,Sichuan,Chengdu,normal,dispatched
ORD_0004641,CUST_00028,WH_003,2026-01-15 17:31:00,2026-01-16,Hubei,Wuhan,normal,picked
ORD_0004642,CUST_00033,WH_001,2026-01-15 17:39:00,2026-01-16,Jiangsu,Nanjing,normal,picked
ORD_0004643,CUST_00170,WH_001,2026-01-15 18:03:00,2026-01-16,Henan,Luoyang,normal,delivered
ORD_0004644,CUST_00026,WH_003,2026-01-15 10:25:00,2026-01-16,Guangdong,Guangzhou,normal,delivered
ORD_0004645,CUST_00112,WH_001,2026-01-15 16:38:00,2026-01-16,Guangdong,Guangzhou,normal,picked
ORD_0004646,CUST_00099,WH_001,2026-01-15 14:41:00,2026-01-16,Zhejiang,Hangzhou,normal,picked
ORD_0004647,CUST_00131,WH_003,2026-01-15 11:10:00,2026-01-16,Henan,Kaifeng,normal,pending
ORD_0004648,CUST_00050,WH_003,2026-01-15 16:31:00,2026-01-16,Shandong,Jinan,normal,picked
ORD_0004649,CUST_00145,WH_001,2026-01-15 13:44:00,2026-01-16,Sichuan,Chengdu,normal,picked
ORD_0004650,CUST_00048,WH_001,2026-01-15 16:22:00,2026-01-16,Shandong,Jinan,normal,dispatched
ORD_0004651,CUST_00059,WH_001,2026-01-15 11:43:00,2026-01-16,Hubei,Yichang,normal,picked
ORD_0004652,CUST_00050,WH_001,2026-01-15 18:08:00,2026-01-16,Shandong,Jinan,normal,picking
ORD_0004653,CUST_00078,WH_001,2026-01-15 08:28:00,2026-01-16,Henan,Kaifeng,normal,dispatched
ORD_0004654,CUST_00050,WH_001,2026-01-15 10:44:00,2026-01-16,Shandong,Jinan,normal,pending
ORD_0004655,CUST_00157,WH_003,2026-01-15 13:53:00,2026-01-16,Guangdong,Guangzhou,normal,delivered
ORD_0004656,CUST_00047,WH_001,2026-01-15 11:29:00,2026-01-16,Zhejiang,Ningbo,normal,picking
ORD_0004657,CUST_00104,WH_002,2026-01-15 10:02:00,2026-01-16,Zhejiang,Ningbo,normal,delivered
ORD_0004658,CUST_00126,WH_003,2026-01-15 17:58:00,2026-01-16,Jiangsu,Nanjing,normal,picked
ORD_0004659,CUST_00006,WH_003,2026-01-15 11:15:00,2026-01-16,Zhejiang,Ningbo,normal,delivered
ORD_0004660,CUST_00123,WH_001,2026-01-15 20:39:00,2026-01-17,Guangdong,Guangzhou,high,dispatched
ORD_0004661,CUST_00004,WH_002,2026-01-15 14:43:00,2026-01-16,Jiangsu,Nanjing,high,picking
ORD_0004662,CUST_00158,WH_002,2026-01-15 08:30:00,2026-01-16,Zhejiang,Ningbo,normal,pending
ORD_0004663,CUST_00172,WH_002,2026-01-15 07:50:00,2026-01-16,Sichuan,Deyang,normal,picking
ORD_0004664,CUST_00069,WH_002,2026-01-15 16:24:00,2026-01-17,Sichuan,Chengdu,normal,delivered
ORD_0004665,CUST_00191,WH_003,2026-01-15 21:34:00,2026-01-16,Zhejiang,Ningbo,normal,dispatched
ORD_0004666,CUST_00019,WH_002,2026-01-15 13:38:00,2026-01-16,Henan,Luoyang,high,delivered
ORD_0004667,CUST_00044,WH_002,2026-01-15 21:45:00,2026-01-16,Henan,Luoyang,normal,delivered
ORD_0004668,CUST_00187,WH_001,2026-01-15 06:59:00,2026-01-16,Jiangsu,Wuxi,normal,delivered
ORD_0004669,CUST_00054,WH_003,2026-01-15 17:36:00,2026-01-16,Guangdong,Dongguan,high,dispatched
ORD_0004670,CUST_00034,WH_002,2026-01-15 07:35:00,2026-01-17,Jiangsu,Suzhou,urgent,dispatched
ORD_0004671,CUST_00062,WH_001,2026-01-15 14:35:00,2026-01-16,Zhejiang,Wenzhou,normal,delivered
ORD_0004672,CUST_00079,WH_002,2026-01-15 13:40:00,2026-01-16,Henan,Kaifeng,high,picked
ORD_0004673,CUST_00093,WH_003,2026-01-15 06:30:00,2026-01-16,Guangdong,Guangzhou,normal,picking
ORD_0004674,CUST_00172,WH_002,2026-01-15 07:29:00,2026-01-16,Sichuan,Deyang,normal,pending
ORD_0004675,CUST_00188,WH_003,2026-01-15 07:40:00,2026-01-16,Shandong,Qingdao,normal,dispatched
ORD_0004676,CUST_00067,WH_002,2026-01-15 17:17:00,2026-01-16,Zhejiang,Wenzhou,normal,picking
ORD_0004677,CUST_00075,WH_001,2026-01-15 12:02:00,2026-01-17,Sichuan,Deyang,normal,picking
ORD_0004678,CUST_00186,WH_003,2026-01-15 12:24:00,2026-01-16,Sichuan,Chengdu,high,dispatched
ORD_0004679,CUST_00069,WH_001,2026-01-15 10:35:00,2026-01-16,Sichuan,Chengdu,normal,dispatched
ORD_0004680,CUST_00120,WH_002,2026-01-15 13:28:00,2026-01-16,Guangdong,Dongguan,normal,dispatched
ORD_0004681,CUST_00044,WH_002,2026-01-15 19:04:00,2026-01-16,Henan,Luoyang,high,picked
ORD_0004682,CUST_00137,WH_001,2026-01-15 17:32:00,2026-01-16,Henan,Kaifeng,normal,picked
ORD_0004683,CUST_00112,WH_001,2026-01-15 15:57:00,2026-01-16,Guangdong,Guangzhou,normal,dispatched
ORD_0004684,CUST_00175,WH_001,2026-01-15 10:43:00,2026-01-16,Sichuan,Deyang,normal,delivered
ORD_0004685,CUST_00058,WH_002,2026-01-15 14:10:00,2026-01-16,Jiangsu,Suzhou,normal,picking
ORD_0004686,CUST_00073,WH_002,2026-01-15 06:52:00,2026-01-16,Jiangsu,Wuxi,normal,picking
ORD_0004687,CUST_00066,WH_003,2026-01-15 14:37:00,2026-01-17,Zhejiang,Hangzhou,normal,delivered
ORD_0004688,CUST_00032,WH_003,2026-01-15 18:14:00,2026-01-16,Henan,Luoyang,normal,picking
ORD_0004689,CUST_00162,WH_002,2026-01-15 18:10:00,2026-01-16,Zhejiang,Ningbo,normal,delivered
ORD_0004690,CUST_00199,WH_002,2026-01-15 11:43:00,2026-01-16,Guangdong,Dongguan,normal,picking
ORD_0004691,CUST_00027,WH_001,2026-01-15 16:35:00,2026-01-16,Jiangsu,Wuxi,normal,delivered
ORD_0004692,CUST_00183,WH_003,2026-01-15 20:46:00,2026-01-16,Jiangsu,Nanjing,normal,picked
ORD_0004693,CUST_00157,WH_002,2026-01-15 15:03:00,2026-01-16,Guangdong,Guangzhou,normal,pending
ORD_0004694,CUST_00185,WH_003,2026-01-15 10:43:00,2026-01-16,Guangdong,Dongguan,normal,pending
ORD_0004695,CUST_00097,WH_003,2026-01-15 12:43:00,2026-01-16,Hubei,Yichang,normal,dispatched
ORD_0004696,CUST_00146,WH_001,2026-01-15 11:59:00,2026-01-16,Zhejiang,Hangzhou,normal,picked
ORD_0004697,CUST_00115,WH_001,2026-01-15 19:54:00,2026-01-16,Shandong,Jinan,normal,dispatched
ORD_0004698,CUST_00151,WH_002,2026-01-15 12:48:00,2026-01-16,Hubei,Yichang,normal,dispatched
ORD_0004699,CUST_00046,WH_002,2026-01-15 14:05:00,2026-01-16,Sichuan,Deyang,high,dispatched
ORD_0004700,CUST_00161,WH_001,2026-01-15 17:55:00,2026-01-16,Guangdong,Dongguan,normal,picked
ORD_0004701,CUST_00142,WH_002,2026-01-15 17:56:00,2026-01-16,Hubei,Wuhan,normal,pending
ORD_0004702,CUST_00028,WH_001,2026-01-15 12:54:00,2026-01-16,Hubei,Wuhan,normal,picking
ORD_0004703,CUST_00051,WH_003,2026-01-15 15:36:00,2026-01-16,Hubei,Yichang,normal,pending
ORD_0004704,CUST_00139,WH_003,2026-01-15 18:05:00,2026-01-16,Zhejiang,Ningbo,normal,pending
ORD_0004705,CUST_00146,WH_001,2026-01-15 12:30:00,2026-01-16,Zhejiang,Hangzhou,normal,picked
ORD_0004706,CUST_00095,WH_002,2026-01-15 07:56:00,2026-01-16,Zhejiang,Ningbo,normal,dispatched
ORD_0004707,CUST_00017,WH_001,2026-01-15 14:45:00,2026-01-17,Shandong,Yantai,normal,picked
ORD_0004708,CUST_00080,WH_002,2026-01-15 07:47:00,2026-01-16,Jiangsu,Nanjing,normal,picked
ORD_0004709,CUST_00156,WH_001,2026-01-15 15:20:00,2026-01-16,Zhejiang,Ningbo,normal,pending
ORD_0004710,CUST_00015,WH_002,2026-01-15 06:57:00,2026-01-16,Guangdong,Guangzhou,normal,picked
ORD_0004711,CUST_00058,WH_001,2026-01-15 07:53:00,2026-01-16,Jiangsu,Suzhou,normal,picked
ORD_0004712,CUST_00044,WH_003,2026-01-15 15:20:00,2026-01-16,Henan,Luoyang,normal,dispatched
ORD_0004713,CUST_00066,WH_003,2026-01-15 21:08:00,2026-01-16,Zhejiang,Hangzhou,normal,picked
ORD_0004714,CUST_00191,WH_001,2026-01-15 19:04:00,2026-01-16,Zhejiang,Ningbo,normal,picked
ORD_0004715,CUST_00040,WH_002,2026-01-15 09:53:00,2026-01-16,Guangdong,Shenzhen,normal,dispatched
ORD_0004716,CUST_00193,WH_001,2026-01-15 06:10:00,2026-01-17,Zhejiang,Hangzhou,normal,picking
ORD_0004717,CUST_00007,WH_001,2026-01-15 19:41:00,2026-01-16,Sichuan,Deyang,normal,pending
ORD_0004718,CUST_00016,WH_001,2026-01-15 18:43:00,2026-01-16,Sichuan,Mianyang,normal,dispatched
ORD_0004719,CUST_00010,WH_001,2026-01-15 15:37:00,2026-01-16,Sichuan,Mianyang,normal,picking
ORD_0004720,CUST_00136,WH_003,2026-01-15 10:09:00,2026-01-16,Hubei,Yichang,normal,picked
ORD_0004721,CUST_00131,WH_002,2026-01-15 21:16:00,2026-01-16,Henan,Kaifeng,normal,delivered
ORD_0004722,CUST_00120,WH_003,2026-01-15 08:36:00,2026-01-16,Guangdong,Dongguan,normal,pending
ORD_0004723,CUST_00005,WH_003,2026-01-15 10:29:00,2026-01-16,Zhejiang,Hangzhou,normal,picking
ORD_0004724,CUST_00058,WH_001,2026-01-15 20:51:00,2026-01-16,Jiangsu,Suzhou,normal,dispatched
ORD_0004725,CUST_00055,WH_003,2026-01-15 13:12:00,2026-01-17,Henan,Zhengzhou,normal,picking
ORD_0004726,CUST_00100,WH_001,2026-01-15 18:55:00,2026-01-16,Zhejiang,Wenzhou,urgent,delivered
ORD_0004727,CUST_00179,WH_003,2026-01-15 20:21:00,2026-01-16,Henan,Zhengzhou,normal,picked
ORD_0004728,CUST_00120,WH_001,2026-01-15 20:59:00,2026-01-16,Guangdong,Dongguan,normal,dispatched
ORD_0004729,CUST_00164,WH_002,2026-01-15 14:59:00,2026-01-16,Zhejiang,Wenzhou,normal,dispatched
ORD_0004730,CUST_00119,WH_003,2026-01-15 06:05:00,2026-01-16,Zhejiang,Wenzhou,normal,picked
ORD_0004731,CUST_00068,WH_001,2026-01-15 18:05:00,2026-01-16,Shandong,Qingdao,normal,picking
ORD_0004732,CUST_00170,WH_001,2026-01-15 07:30:00,2026-01-16,Henan,Luoyang,normal,picked
ORD_0004733,CUST_00088,WH_003,2026-01-15 13:27:00,2026-01-16,Shandong,Yantai,normal,picked
ORD_0004734,CUST_00181,WH_002,2026-01-15 07:15:00,2026-01-16,Hubei,Yichang,normal,picked
ORD_0004735,CUST_00103,WH_002,2026-01-15 08:08:00,2026-01-16,Zhejiang,Hangzhou,normal,picked
ORD_0004736,CUST_00032,WH_001,2026-01-15 10:10:00,2026-01-16,Henan,Luoyang,high,picked
ORD_0004737,CUST_00038,WH_001,2026-01-15 12:19:00,2026-01-16,Hubei,Yichang,normal,picking
ORD_0004738,CUST_00041,WH_001,2026-01-15 10:44:00,2026-01-16,Jiangsu,Nanjing,normal,dispatched
ORD_0004739,CUST_00021,WH_001,2026-01-15 13:24:00,2026-01-16,Guangdong,Shenzhen,normal,picked
ORD_0004740,CUST_00141,WH_001,2026-01-15 15:59:00,2026-01-16,Henan,Luoyang,high,dispatched
ORD_0004741,CUST_00099,WH_002,2026-01-15 15:50:00,2026-01-16,Zhejiang,Hangzhou,normal,dispatched
ORD_0004742,CUST_00018,WH_003,2026-01-15 16:48:00,2026-01-16,Jiangsu,Suzhou,normal,picking
ORD_0004743,CUST_00150,WH_002,2026-01-15 10:02:00,2026-01-16,Guangdong,Guangzhou,normal,picking
ORD_0004744,CUST_00066,WH_001,2026-01-15 19:09:00,2026-01-16,Zhejiang,Hangzhou,high,dispatched
ORD_0004745,CUST_00192,WH_003,2026-01-15 21:30:00,2026-01-16,Shandong,Qingdao,normal,pending
ORD_0004746,CUST_00002,WH_002,2026-01-15 07:41:00,2026-01-16,Sichuan,Deyang,normal,delivered
ORD_0004747,CUST_00089,WH_003,2026-01-15 06:13:00,2026-01-16,Guangdong,Shenzhen,high,pending
ORD_0004748,CUST_00156,WH_003,2026-01-15 11:51:00,2026-01-16,Zhejiang,Ningbo,normal,dispatched
ORD_0004749,CUST_00003,WH_002,2026-01-15 09:32:00,2026-01-16,Henan,Zhengzhou,normal,picked
ORD_0004750,CUST_00155,WH_003,2026-01-15 12:02:00,2026-01-16,Sichuan,Chengdu,urgent,pending
ORD_0004751,CUST_00069,WH_001,2026-01-15 13:16:00,2026-01-16,Sichuan,Chengdu,normal,delivered
ORD_0004752,CUST_00189,WH_003,2026-01-15 17:17:00,2026-01-17,Hubei,Xiangyang,normal,dispatched
ORD_0004753,CUST_00164,WH_001,2026-01-15 21:12:00,2026-01-17,Zhejiang,Wenzhou,normal,picking
ORD_0004754,CUST_00151,WH_001,2026-01-15 17:12:00,2026-01-16,Hubei,Yichang,normal,delivered
ORD_0004755,CUST_00043,WH_001,2026-01-15 14:16:00,2026-01-16,Zhejiang,Hangzhou,normal,picked
ORD_0004756,CUST_00051,WH_003,2026-01-15 12:56:00,2026-01-16,Hubei,Yichang,normal,dispatched
ORD_0004757,CUST_00004,WH_001,2026-01-15 08:58:00,2026-01-17,Jiangsu,Nanjing,high,dispatched
ORD_0004758,CUST_00002,WH_001,2026-01-15 08:06:00,2026-01-16,Sichuan,Deyang,high,dispatched
ORD_0004759,CUST_00019,WH_003,2026-01-15 14:57:00,2026-01-16,Henan,Luoyang,normal,pending
ORD_0004760,CUST_00153,WH_002,2026-01-15 16:36:00,2026-01-16,Zhejiang,Wenzhou,normal,dispatched
ORD_0004761,CUST_00167,WH_003,2026-01-15 18:50:00,2026-01-16,Zhejiang,Ningbo,normal,picked
ORD_0004762,CUST_00039,WH_002,2026-01-15 09:17:00,2026-01-16,Shandong,Qingdao,high,delivered
ORD_0004763,CUST_00162,WH_003,2026-01-15 18:13:00,2026-01-16,Zhejiang,Ningbo,normal,dispatched
ORD_0004764,CUST_00130,WH_003,2026-01-15 13:15:00,2026-01-16,Henan,Zhengzhou,normal,picked
ORD_0004765,CUST_00067,WH_001,2026-01-15 16:20:00,2026-01-17,Zhejiang,Wenzhou,normal,delivered
ORD_0004766,CUST_00144,WH_003,2026-01-15 18:38:00,2026-01-16,Shandong,Qingdao,normal,dispatched
ORD_0004767,CUST_00048,WH_003,2026-01-15 13:17:00,2026-01-16,Shandong,Jinan,high,picking
ORD_0004768,CUST_00088,WH_002,2026-01-15 16:37:00,2026-01-16,Shandong,Yantai,normal,pending
ORD_0004769,CUST_00163,WH_002,2026-01-15 15:16:00,2026-01-16,Jiangsu,Nanjing,urgent,picking
ORD_0004770,CUST_00016,WH_003,2026-01-15 09:33:00,2026-01-17,Sichuan,Mianyang,urgent,delivered
ORD_0004771,CUST_00046,WH_002,2026-01-15 12:56:00,2026-01-16,Sichuan,Deyang,normal,picking
ORD_0004772,CUST_00156,WH_003,2026-01-15 14:57:00,2026-01-16,Zhejiang,Ningbo,normal,delivered
ORD_0004773,CUST_00124,WH_001,2026-01-15 21:43:00,2026-01-16,Guangdong,Dongguan,normal,picking
ORD_0004774,CUST_00186,WH_001,2026-01-15 14:28:00,2026-01-16,Sichuan,Chengdu,normal,picking
ORD_0004775,CUST_00088,WH_003,2026-01-15 13:20:00,2026-01-16,Shandong,Yantai,normal,pending
ORD_0004776,CUST_00054,WH_003,2026-01-15 06:50:00,2026-01-16,Guangdong,Dongguan,high,dispatched
ORD_0004777,CUST_00157,WH_003,2026-01-15 17:00:00,2026-01-16,Guangdong,Guangzhou,normal,dispatched
ORD_0004778,CUST_00017,WH_003,2026-01-15 14:02:00,2026-01-16,Shandong,Yantai,normal,dispatched
ORD_0004779,CUST_00198,WH_002,2026-01-15 11:35:00,2026-01-16,Shandong,Yantai,normal,picked
ORD_0004780,CUST_00080,WH_003,2026-01-15 15:02:00,2026-01-16,Jiangsu,Nanjing,normal,delivered
ORD_0004781,CUST_00179,WH_003,2026-01-15 08:06:00,2026-01-16,Henan,Zhengzhou,normal,dispatched
ORD_0004782,CUST_00195,WH_001,2026-01-15 10:52:00,2026-01-16,Zhejiang,Wenzhou,normal,dispatched
ORD_0004783,CUST_00031,WH_002,2026-01-15 17:20:00,2026-01-16,Guangdong,Dongguan,normal,delivered
ORD_0004784,CUST_00054,WH_002,2026-01-15 19:35:00,2026-01-17,Guangdong,Dongguan,high,picked
ORD_0004785,CUST_00113,WH_003,2026-01-15 07:53:00,2026-01-17,Shandong,Qingdao,normal,picked
ORD_0004786,CUST_00098,WH_002,2026-01-15 09:42:00,2026-01-16,Zhejiang,Hangzhou,normal,dispatched
ORD_0004787,CUST_00156,WH_002,2026-01-15 15:57:00,2026-01-16,Zhejiang,Ningbo,normal,picked
ORD_0004788,CUST_00020,WH_002,2026-01-15 14:37:00,2026-01-16,Jiangsu,Nanjing,normal,picked
ORD_0004789,CUST_00113,WH_002,2026-01-15 21:25:00,2026-01-16,Shandong,Qingdao,normal,picked
ORD_0004790,CUST_00108,WH_003,2026-01-15 14:02:00,2026-01-17,Jiangsu,Nanjing,high,dispatched
ORD_0004791,CUST_00152,WH_003,2026-01-15 21:41:00,2026-01-16,Shandong,Qingdao,normal,picking
ORD_0004792,CUST_00182,WH_002,2026-01-15 20:15:00,2026-01-17,Zhejiang,Hangzhou,high,picking
ORD_0004793,CUST_00072,WH_002,2026-01-15 06:33:00,2026-01-16,Zhejiang,Wenzhou,normal,picked
ORD_0004794,CUST_00130,WH_002,2026-01-15 21:53:00,2026-01-16,Henan,Zhengzhou,normal,picked
ORD_0004795,CUST_00095,WH_002,2026-01-15 09:18:00,2026-01-16,Zhejiang,Ningbo,normal,dispatched
ORD_0004796,CUST_00036,WH_001,2026-01-15 15:20:00,2026-01-16,Sichuan,Mianyang,normal,dispatched
ORD_0004797,CUST_00004,WH_002,2026-01-15 19:02:00,2026-01-16,Jiangsu,Nanjing,high,pending
ORD_0004798,CUST_00120,WH_001,2026-01-15 13:25:00,2026-01-16,Guangdong,Dongguan,normal,picked
ORD_0004799,CUST_00042,WH_003,2026-01-15 20:44:00,2026-01-16,Jiangsu,Suzhou,normal,picked
ORD_0004800,CUST_00129,WH_001,2026-01-15 08:53:00,2026-01-16,Hubei,Yichang,high,pending
ORD_0004801,CUST_00057,WH_001,2026-01-15 14:22:00,2026-01-16,Guangdong,Dongguan,normal,picked
ORD_0004802,CUST_00134,WH_001,2026-01-15 19:44:00,2026-01-17,Sichuan,Mianyang,normal,dispatched
ORD_0004803,CUST_00069,WH_002,2026-01-15 19:29:00,2026-01-16,Sichuan,Chengdu,normal,picked
ORD_0004804,CUST_00061,WH_001,2026-01-15 09:13:00,2026-01-17,Shandong,Qingdao,normal,picked
ORD_0004805,CUST_00002,WH_002,2026-01-15 08:48:00,2026-01-16,Sichuan,Deyang,high,picking
ORD_0004806,CUST_00158,WH_003,2026-01-15 16:46:00,2026-01-16,Zhejiang,Ningbo,normal,dispatched
ORD_0004807,CUST_00127,WH_001,2026-01-15 21:34:00,2026-01-16,Henan,Luoyang,high,picking
ORD_0004808,CUST_00028,WH_003,2026-01-15 17:17:00,2026-01-16,Hubei,Wuhan,normal,picked
ORD_0004809,CUST_00191,WH_003,2026-01-15 20:07:00,2026-01-16,Zhejiang,Ningbo,normal,picking
ORD_0004810,CUST_00067,WH_001,2026-01-15 19:43:00,2026-01-16,Zhejiang,Wenzhou,normal,dispatched
ORD_0004811,CUST_00066,WH_002,2026-01-15 16:54:00,2026-01-16,Zhejiang,Hangzhou,normal,dispatched
ORD_0004812,CUST_00149,WH_003,2026-01-15 08:44:00,2026-01-16,Henan,Zhengzhou,normal,delivered
ORD_0004813,CUST_00026,WH_001,2026-01-15 08:56:00,2026-01-16,Guangdong,Guangzhou,normal,picked
ORD_0004814,CUST_00060,WH_003,2026-01-15 20:48:00,2026-01-16,Zhejiang,Ningbo,normal,dispatched
ORD_0004815,CUST_00118,WH_001,2026-01-15 09:36:00,2026-01-16,Sichuan,Mianyang,normal,picking
ORD_0004816,CUST_00194,WH_001,2026-01-15 15:05:00,2026-01-16,Zhejiang,Wenzhou,normal,picked
ORD_0004817,CUST_00036,WH_003,2026-01-15 15:37:00,2026-01-16,Sichuan,Mianyang,normal,picking
ORD_0004818,CUST_00082,WH_001,2026-01-15 06:56:00,2026-01-16,Zhejiang,Wenzhou,urgent,dispatched
ORD_0004819,CUST_00146,WH_003,2026-01-15 09:24:00,2026-01-17,Zhejiang,Hangzhou,normal,pending
ORD_0004820,CUST_00028,WH_003,2026-01-15 07:26:00,2026-01-16,Hubei,Wuhan,urgent,picked
ORD_0004821,CUST_00008,WH_002,2026-01-15 20:40:00,2026-01-16,Hubei,Wuhan,normal,delivered
ORD_0004822,CUST_00020,WH_001,2026-01-15 18:46:00,2026-01-16,Jiangsu,Nanjing,normal,delivered
ORD_0004823,CUST_00042,WH_002,2026-01-15 10:14:00,2026-01-16,Jiangsu,Suzhou,normal,picked
ORD_0004824,CUST_00119,WH_001,2026-01-15 15:52:00,2026-01-16,Zhejiang,Wenzhou,normal,picking
ORD_0004825,CUST_00027,WH_003,2026-01-15 10:34:00,2026-01-16,Jiangsu,Wuxi,normal,picked
ORD_0004826,CUST_00033,WH_002,2026-01-15 07:53:00,2026-01-17,Jiangsu,Nanjing,normal,dispatched
ORD_0004827,CUST_00054,WH_003,2026-01-15 11:51:00,2026-01-16,Guangdong,Dongguan,urgent,picked
ORD_0004828,CUST_00037,WH_002,2026-01-15 08:49:00,2026-01-16,Jiangsu,Wuxi,high,dispatched
ORD_0004829,CUST_00004,WH_002,2026-01-15 13:51:00,2026-01-16,Jiangsu,Nanjing,high,dispatched
ORD_0004830,CUST_00179,WH_003,2026-01-15 17:17:00,2026-01-16,Henan,Zhengzhou,normal,pending
ORD_0004831,CUST_00025,WH_002,2026-01-15 13:22:00,2026-01-17,Hubei,Yichang,high,delivered
ORD_0004832,CUST_00008,WH_002,2026-01-15 06:47:00,2026-01-16,Hubei,Wuhan,normal,picked
ORD_0004833,CUST_00031,WH_003,2026-01-15 06:28:00,2026-01-16,Guangdong,Dongguan,normal,dispatched
ORD_0004834,CUST_00038,WH_001,2026-01-15 19:04:00,2026-01-16,Hubei,Yichang,urgent,dispatched
ORD_0004835,CUST_00110,WH_002,2026-01-15 10:38:00,2026-01-17,Zhejiang,Ningbo,urgent,delivered
ORD_0004836,CUST_00176,WH_002,2026-01-15 06:58:00,2026-01-17,Henan,Luoyang,normal,delivered
ORD_0004837,CUST_00053,WH_003,2026-01-15 18:26:00,2026-01-16,Guangdong,Dongguan,high,picking
ORD_0004838,CUST_00051,WH_002,2026-01-15 12:11:00,2026-01-16,Hubei,Yichang,normal,picked
ORD_0004839,CUST_00050,WH_001,2026-01-15 19:49:00,2026-01-16,Shandong,Jinan,normal,picking
ORD_0004840,CUST_00023,WH_002,2026-01-15 20:07:00,2026-01-16,Guangdong,Dongguan,urgent,pending
ORD_0004841,CUST_00024,WH_003,2026-01-15 19:43:00,2026-01-16,Jiangsu,Wuxi,normal,picked
ORD_0004842,CUST_00165,WH_001,2026-01-15 11:18:00,2026-01-16,Shandong,Yantai,normal,pending
ORD_0004843,CUST_00193,WH_002,2026-01-15 06:57:00,2026-01-16,Zhejiang,Hangzhou,normal,picked
ORD_0004844,CUST_00060,WH_001,2026-01-15 08:25:00,2026-01-16,Zhejiang,Ningbo,normal,delivered
ORD_0004845,CUST_00146,WH_003,2026-01-15 10:37:00,2026-01-17,Zhejiang,Hangzhou,high,pending
ORD_0004846,CUST_00089,WH_001,2026-01-15 17:00:00,2026-01-16,Guangdong,Shenzhen,high,dispatched
ORD_0004847,CUST_00075,WH_003,2026-01-15 19:24:00,2026-01-16,Sichuan,Deyang,normal,dispatched
ORD_0004848,CUST_00122,WH_003,2026-01-15 16:13:00,2026-01-16,Jiangsu,Nanjing,urgent,picking
ORD_0004849,CUST_00046,WH_003,2026-01-15 18:09:00,2026-01-16,Sichuan,Deyang,normal,picking
ORD_0004850,CUST_00092,WH_003,2026-01-15 19:44:00,2026-01-16,Jiangsu,Nanjing,high,dispatched
ORD_0004851,CUST_00112,WH_001,2026-01-15 17:25:00,2026-01-16,Guangdong,Guangzhou,normal,delivered
ORD_0004852,CUST_00037,WH_001,2026-01-15 07:47:00,2026-01-16,Jiangsu,Wuxi,urgent,picking
ORD_0004853,CUST_00028,WH_002,2026-01-15 08:52:00,2026-01-16,Hubei,Wuhan,high,picked
ORD_0004854,CUST_00109,WH_001,2026-01-15 18:53:00,2026-01-16,Shandong,Jinan,normal,picked
ORD_0004855,CUST_00167,WH_002,2026-01-15 06:25:00,2026-01-16,Zhejiang,Ningbo,normal,delivered
ORD_0004856,CUST_00020,WH_001,2026-01-15 16:41:00,2026-01-16,Jiangsu,Nanjing,urgent,delivered
ORD_0004857,CUST_00177,WH_001,2026-01-15 20:15:00,2026-01-16,Zhejiang,Ningbo,normal,picking
ORD_0004858,CUST_00187,WH_002,2026-01-15 16:32:00,2026-01-16,Jiangsu,Wuxi,normal,dispatched
ORD_0004859,CUST_00061,WH_003,2026-01-15 18:12:00,2026-01-16,Shandong,Qingdao,normal,dispatched
ORD_0004860,CUST_00094,WH_003,2026-01-15 11:17:00,2026-01-16,Henan,Zhengzhou,normal,picked
ORD_0004861,CUST_00019,WH_003,2026-01-15 15:32:00,2026-01-16,Henan,Luoyang,normal,pending
ORD_0004862,CUST_00177,WH_002,2026-01-15 15:52:00,2026-01-16,Zhejiang,Ningbo,normal,picking
ORD_0004863,CUST_00069,WH_001,2026-01-15 14:37:00,2026-01-16,Sichuan,Chengdu,normal,dispatched
ORD_0004864,CUST_00019,WH_002,2026-01-15 18:04:00,2026-01-16,Henan,Luoyang,normal,dispatched
ORD_0004865,CUST_00146,WH_002,2026-01-15 19:59:00,2026-01-16,Zhejiang,Hangzhou,normal,dispatched
ORD_0004866,CUST_00019,WH_003,2026-01-15 13:31:00,2026-01-16,Henan,Luoyang,normal,delivered
ORD_0004867,CUST_00039,WH_003,2026-01-15 21:37:00,2026-01-16,Shandong,Qingdao,normal,picked
ORD_0004868,CUST_00056,WH_003,2026-01-15 14:19:00,2026-01-16,Shandong,Yantai,normal,dispatched
ORD_0004869,CUST_00057,WH_003,2026-01-15 19:46:00,2026-01-16,Guangdong,Dongguan,normal,dispatched
ORD_0004870,CUST_00024,WH_003,2026-01-15 13:56:00,2026-01-16,Jiangsu,Wuxi,normal,picked
ORD_0004871,CUST_00165,WH_002,2026-01-15 12:29:00,2026-01-16,Shandong,Yantai,normal,picking
ORD_0004872,CUST_00087,WH_003,2026-01-15 21:54:00,2026-01-16,Guangdong,Guangzhou,normal,pending
ORD_0004873,CUST_00080,WH_001,2026-01-15 07:04:00,2026-01-16,Jiangsu,Nanjing,normal,picking
ORD_0004874,CUST_00133,WH_001,2026-01-15 11:34:00,2026-01-16,Zhejiang,Wenzhou,normal,pending
ORD_0004875,CUST_00167,WH_001,2026-01-15 06:51:00,2026-01-16,Zhejiang,Ningbo,normal,picking
ORD_0004876,CUST_00099,WH_003,2026-01-15 10:06:00,2026-01-16,Zhejiang,Hangzhou,normal,picked
ORD_0004877,CUST_00041,WH_002,2026-01-15 20:01:00,2026-01-17,Jiangsu,Nanjing,normal,pending
ORD_0004878,CUST_00076,WH_001,2026-01-15 21:22:00,2026-01-16,Sichuan,Mianyang,normal,picking
ORD_0004879,CUST_00051,WH_002,2026-01-15 11:34:00,2026-01-17,Hubei,Yichang,normal,delivered
ORD_0004880,CUST_00007,WH_003,2026-01-15 09:40:00,2026-01-16,Sichuan,Deyang,high,dispatched
ORD_0004881,CUST_00160,WH_003,2026-01-15 20:33:00,2026-01-16,Shandong,Qingdao,normal,delivered
ORD_0004882,CUST_00036,WH_003,2026-01-15 21:00:00,2026-01-16,Sichuan,Mianyang,normal,picked
ORD_0004883,CUST_00185,WH_003,2026-01-15 21:04:00,2026-01-17,Guangdong,Dongguan,normal,dispatched
ORD_0004884,CUST_00056,WH_002,2026-01-15 12:52:00,2026-01-16,Shandong,Yantai,high,picked
ORD_0004885,CUST_00098,WH_003,2026-01-15 18:16:00,2026-01-16,Zhejiang,Hangzhou,normal,dispatched
ORD_0004886,CUST_00085,WH_002,2026-01-15 08:45:00,2026-01-16,Shandong,Qingdao,normal,dispatched
ORD_0004887,CUST_00155,WH_003,2026-01-15 15:30:00,2026-01-16,Sichuan,Chengdu,high,delivered
ORD_0004888,CUST_00166,WH_003,2026-01-15 17:10:00,2026-01-16,Henan,Luoyang,normal,picked
ORD_0004889,CUST_00040,WH_002,2026-01-15 20:46:00,2026-01-16,Guangdong,Shenzhen,high,dispatched
ORD_0004890,CUST_00091,WH_003,2026-01-15 20:08:00,2026-01-16,Zhejiang,Ningbo,normal,picked
ORD_0004891,CUST_00056,WH_003,2026-01-15 15:46:00,2026-01-17,Shandong,Yantai,normal,picked
ORD_0004892,CUST_00067,WH_002,2026-01-15 14:38:00,2026-01-16,Zhejiang,Wenzhou,normal,picking
ORD_0004893,CUST_00009,WH_003,2026-01-15 12:56:00,2026-01-16,Sichuan,Mianyang,normal,delivered
ORD_0004894,CUST_00121,WH_003,2026-01-15 09:59:00,2026-01-16,Sichuan,Deyang,normal,dispatched
ORD_0004895,CUST_00029,WH_002,2026-01-15 18:26:00,2026-01-16,Zhejiang,Ningbo,normal,picking
ORD_0004896,CUST_00045,WH_001,2026-01-15 20:07:00,2026-01-16,Sichuan,Chengdu,normal,picked
ORD_0004897,CUST_00186,WH_003,2026-01-15 20:06:00,2026-01-16,Sichuan,Chengdu,high,picked
ORD_0004898,CUST_00174,WH_001,2026-01-15 20:50:00,2026-01-16,Guangdong,Dongguan,normal,pending
ORD_0004899,CUST_00065,WH_002,2026-01-15 06:58:00,2026-01-16,Shandong,Jinan,normal,dispatched
ORD_0004900,CUST_00181,WH_003,2026-01-15 12:19:00,2026-01-16,Hubei,Yichang,normal,picked
ORD_0004901,CUST_00167,WH_002,2026-01-15 09:12:00,2026-01-16,Zhejiang,Ningbo,normal,picked
ORD_0004902,CUST_00001,WH_001,2026-01-15 13:36:00,2026-01-16,Zhejiang,Ningbo,normal,picked
ORD_0004903,CUST_00060,WH_001,2026-01-15 10:15:00,2026-01-16,Zhejiang,Ningbo,normal,dispatched
ORD_0004904,CUST_00184,WH_002,2026-01-15 06:50:00,2026-01-16,Jiangsu,Nanjing,normal,picking
ORD_0004905,CUST_00063,WH_001,2026-01-15 06:46:00,2026-01-17,Henan,Luoyang,normal,dispatched
ORD_0004906,CUST_00060,WH_003,2026-01-15 16:51:00,2026-01-16,Zhejiang,Ningbo,normal,dispatched
ORD_0004907,CUST_00141,WH_001,2026-01-15 20:37:00,2026-01-16,Henan,Luoyang,normal,picked
ORD_0004908,CUST_00155,WH_003,2026-01-15 07:52:00,2026-01-17,Sichuan,Chengdu,high,dispatched
ORD_0004909,CUST_00047,WH_002,2026-01-15 21:09:00,2026-01-16,Zhejiang,Ningbo,normal,picked
ORD_0004910,CUST_00063,WH_001,2026-01-15 13:04:00,2026-01-16,Henan,Luoyang,normal,picking
ORD_0004911,CUST_00076,WH_003,2026-01-15 15:39:00,2026-01-16,Sichuan,Mianyang,normal,picked
ORD_0004912,CUST_00089,WH_003,2026-01-15 09:26:00,2026-01-16,Guangdong,Shenzhen,high,picked
ORD_0004913,CUST_00071,WH_001,2026-01-15 12:36:00,2026-01-16,Sichuan,Chengdu,normal,pending
ORD_0004914,CUST_00079,WH_002,2026-01-15 07:17:00,2026-01-16,Henan,Kaifeng,high,pending
ORD_0004915,CUST_00151,WH_002,2026-01-15 17:00:00,2026-01-16,Hubei,Yichang,normal,dispatched
ORD_0004916,CUST_00062,WH_002,2026-01-15 15:20:00,2026-01-16,Zhejiang,Wenzhou,normal,picked
ORD_0004917,CUST_00032,WH_003,2026-01-15 15:42:00,2026-01-16,Henan,Luoyang,normal,pending
ORD_0004918,CUST_00196,WH_002,2026-01-15 12:51:00,2026-01-16,Henan,Zhengzhou,normal,dispatched
ORD_0004919,CUST_00132,WH_001,2026-01-15 18:35:00,2026-01-16,Zhejiang,Ningbo,normal,delivered
ORD_0004920,CUST_00115,WH_002,2026-01-15 14:11:00,2026-01-16,Shandong,Jinan,normal,picking
ORD_0004921,CUST_00065,WH_001,2026-01-15 10:29:00,2026-01-16,Shandong,Jinan,normal,picking
ORD_0004922,CUST_00013,WH_002,2026-01-15 13:43:00,2026-01-17,Hubei,Wuhan,normal,picking
ORD_0004923,CUST_00077,WH_003,2026-01-15 10:47:00,2026-01-16,Zhejiang,Ningbo,normal,dispatched
ORD_0004924,CUST_00042,WH_001,2026-01-15 13:19:00,2026-01-16,Jiangsu,Suzhou,normal,delivered
ORD_0004925,CUST_00152,WH_001,2026-01-15 13:51:00,2026-01-16,Shandong,Qingdao,normal,dispatched
ORD_0004926,CUST_00042,WH_003,2026-01-15 21:55:00,2026-01-16,Jiangsu,Suzhou,urgent,picked
ORD_0004927,CUST_00096,WH_002,2026-01-15 16:26:00,2026-01-16,Hubei,Yichang,high,pending
ORD_0004928,CUST_00195,WH_001,2026-01-15 08:38:00,2026-01-16,Zhejiang,Wenzhou,high,pending
ORD_0004929,CUST_00049,WH_001,2026-01-15 11:24:00,2026-01-16,Shandong,Qingdao,normal,picked
ORD_0004930,CUST_00035,WH_003,2026-01-15 18:21:00,2026-01-16,Shandong,Jinan,normal,picked
ORD_0004931,CUST_00127,WH_001,2026-01-15 18:40:00,2026-01-16,Henan,Luoyang,normal,picked
ORD_0004932,CUST_00057,WH_001,2026-01-15 14:33:00,2026-01-16,Guangdong,Dongguan,normal,picked
ORD_0004933,CUST_00081,WH_001,2026-01-15 10:04:00,2026-01-16,Hubei,Xiangyang,normal,picked
ORD_0004934,CUST_00078,WH_002,2026-01-15 12:38:00,2026-01-16,Henan,Kaifeng,normal,picked
ORD_0004935,CUST_00148,WH_001,2026-01-15 11:34:00,2026-01-16,Jiangsu,Suzhou,normal,picking
ORD_0004936,CUST_00124,WH_003,2026-01-15 21:15:00,2026-01-16,Guangdong,Dongguan,normal,delivered
ORD_0004937,CUST_00115,WH_003,2026-01-15 10:54:00,2026-01-16,Shandong,Jinan,normal,dispatched
ORD_0004938,CUST_00013,WH_001,2026-01-15 07:07:00,2026-01-16,Hubei,Wuhan,high,picking
ORD_0004939,CUST_00119,WH_002,2026-01-15 16:47:00,2026-01-16,Zhejiang,Wenzhou,urgent,delivered
ORD_0004940,CUST_00068,WH_002,2026-01-15 07:01:00,2026-01-16,Shandong,Qingdao,normal,picking
ORD_0004941,CUST_00196,WH_002,2026-01-15 16:30:00,2026-01-16,Henan,Zhengzhou,normal,dispatched
ORD_0004942,CUST_00099,WH_002,2026-01-15 10:21:00,2026-01-17,Zhejiang,Hangzhou,normal,picking
ORD_0004943,CUST_00118,WH_002,2026-01-15 14:25:00,2026-01-17,Sichuan,Mianyang,normal,pending
ORD_0004944,CUST_00073,WH_002,2026-01-15 15:21:00,2026-01-16,Jiangsu,Wuxi,normal,picked
ORD_0004945,CUST_00166,WH_001,2026-01-15 08:31:00,2026-01-16,Henan,Luoyang,normal,delivered
ORD_0004946,CUST_00074,WH_003,2026-01-15 06:12:00,2026-01-16,Sichuan,Mianyang,normal,dispatched
ORD_0004947,CUST_00153,WH_002,2026-01-15 18:17:00,2026-01-16,Zhejiang,Wenzhou,normal,delivered
ORD_0004948,CUST_00120,WH_001,2026-01-15 12:23:00,2026-01-16,Guangdong,Dongguan,normal,dispatched
ORD_0004949,CUST_00038,WH_002,2026-01-15 06:44:00,2026-01-16,Hubei,Yichang,normal,picking
ORD_0004950,CUST_00056,WH_003,2026-01-15 18:04:00,2026-01-16,Shandong,Yantai,normal,picking
ORD_0004951,CUST_00052,WH_002,2026-01-15 11:12:00,2026-01-16,Guangdong,Dongguan,normal,picking
ORD_0004952,CUST_00108,WH_002,2026-01-15 16:19:00,2026-01-16,Jiangsu,Nanjing,normal,picked
ORD_0004953,CUST_00012,WH_001,2026-01-15 09:19:00,2026-01-17,Sichuan,Deyang,high,picked
ORD_0004954,CUST_00011,WH_003,2026-01-15 14:41:00,2026-01-16,Guangdong,Dongguan,normal,dispatched
ORD_0004955,CUST_00068,WH_001,2026-01-15 12:57:00,2026-01-16,Shandong,Qingdao,urgent,picking
ORD_0004956,CUST_00193,WH_003,2026-01-15 18:01:00,2026-01-16,Zhejiang,Hangzhou,normal,dispatched
ORD_0004957,CUST_00037,WH_002,2026-01-15 07:09:00,2026-01-16,Jiangsu,Wuxi,normal,picked
ORD_0004958,CUST_00163,WH_001,2026-01-15 09:22:00,2026-01-17,Jiangsu,Nanjing,normal,pending
ORD_0004959,CUST_00109,WH_002,2026-01-15 20:28:00,2026-01-16,Shandong,Jinan,normal,delivered
ORD_0004960,CUST_00066,WH_003,2026-01-15 17:41:00,2026-01-16,Zhejiang,Hangzhou,normal,picked
ORD_0004961,CUST_00154,WH_003,2026-01-15 06:46:00,2026-01-16,Guangdong,Dongguan,normal,delivered
ORD_0004962,CUST_00050,WH_003,2026-01-15 08:42:00,2026-01-17,Shandong,Jinan,normal,dispatched
ORD_0004963,CUST_00144,WH_002,2026-01-15 19:27:00,2026-01-16,Shandong,Qingdao,normal,picking
ORD_0004964,CUST_00083,WH_001,2026-01-15 09:47:00,2026-01-16,Zhejiang,Ningbo,normal,delivered
ORD_0004965,CUST_00079,WH_003,2026-01-15 06:00:00,2026-01-16,Henan,Kaifeng,normal,delivered
ORD_0004966,CUST_00022,WH_003,2026-01-15 06:35:00,2026-01-16,Zhejiang,Wenzhou,high,picked
ORD_0004967,CUST_00035,WH_003,2026-01-15 20:06:00,2026-01-16,Shandong,Jinan,normal,dispatched
ORD_0004968,CUST_00007,WH_003,2026-01-15 20:52:00,2026-01-16,Sichuan,Deyang,normal,pending
ORD_0004969,CUST_00066,WH_001,2026-01-15 08:49:00,2026-01-16,Zhejiang,Hangzhou,normal,dispatched
ORD_0004970,CUST_00017,WH_002,2026-01-15 12:56:00,2026-01-16,Shandong,Yantai,high,picked
ORD_0004971,CUST_00067,WH_003,2026-01-15 08:58:00,2026-01-16,Zhejiang,Wenzhou,normal,dispatched
ORD_0004972,CUST_00183,WH_002,2026-01-15 07:21:00,2026-01-16,Jiangsu,Nanjing,normal,picked
ORD_0004973,CUST_00035,WH_003,2026-01-15 10:15:00,2026-01-16,Shandong,Jinan,normal,dispatched
ORD_0004974,CUST_00112,WH_003,2026-01-15 19:04:00,2026-01-16,Guangdong,Guangzhou,normal,pending
ORD_0004975,CUST_00014,WH_003,2026-01-15 06:49:00,2026-01-16,Shandong,Yantai,normal,picking
ORD_0004976,CUST_00066,WH_002,2026-01-15 16:25:00,2026-01-16,Zhejiang,Hangzhou,normal,dispatched
ORD_0004977,CUST_00130,WH_002,2026-01-15 17:49:00,2026-01-17,Henan,Zhengzhou,normal,dispatched
ORD_0004978,CUST_00157,WH_002,2026-01-15 17:06:00,2026-01-16,Guangdong,Guangzhou,normal,picking
ORD_0004979,CUST_00178,WH_003,2026-01-15 16:41:00,2026-01-16,Shandong,Jinan,normal,dispatched
ORD_0004980,CUST_00105,WH_003,2026-01-15 15:29:00,2026-01-16,Sichuan,Chengdu,high,dispatched
ORD_0004981,CUST_00012,WH_003,2026-01-15 09:00:00,2026-01-16,Sichuan,Deyang,normal,dispatched
ORD_0004982,CUST_00199,WH_002,2026-01-15 14:03:00,2026-01-16,Guangdong,Dongguan,normal,delivered
ORD_0004983,CUST_00174,WH_003,2026-01-15 10:43:00,2026-01-17,Guangdong,Dongguan,urgent,delivered
ORD_0004984,CUST_00028,WH_003,2026-01-15 11:24:00,2026-01-16,Hubei,Wuhan,normal,delivered
ORD_0004985,CUST_00055,WH_002,2026-01-15 10:23:00,2026-01-16,Henan,Zhengzhou,normal,delivered
ORD_0004986,CUST_00081,WH_003,2026-01-15 09:44:00,2026-01-16,Hubei,Xiangyang,high,picked
ORD_0004987,CUST_00103,WH_002,2026-01-15 07:52:00,2026-01-16,Zhejiang,Hangzhou,normal,picked
ORD_0004988,CUST_00104,WH_001,2026-01-15 21:52:00,2026-01-16,Zhejiang,Ningbo,normal,dispatched
ORD_0004989,CUST_00094,WH_002,2026-01-15 09:52:00,2026-01-16,Henan,Zhengzhou,high,dispatched
ORD_0004990,CUST_00169,WH_002,2026-01-15 13:10:00,2026-01-16,Shandong,Jinan,normal,pending
ORD_0004991,CUST_00035,WH_002,2026-01-15 11:12:00,2026-01-16,Shandong,Jinan,normal,picking
ORD_0004992,CUST_00131,WH_001,2026-01-15 18:11:00,2026-01-16,Henan,Kaifeng,normal,picked
ORD_0004993,CUST_00007,WH_003,2026-01-15 11:51:00,2026-01-16,Sichuan,Deyang,normal,picked
ORD_0004994,CUST_00184,WH_003,2026-01-15 18:54:00,2026-01-16,Jiangsu,Nanjing,normal,dispatched
ORD_0004995,CUST_00064,WH_003,2026-01-15 10:12:00,2026-01-17,Zhejiang,Wenzhou,normal,picking
ORD_0004996,CUST_00057,WH_001,2026-01-16 06:25:00,2026-01-17,Guangdong,Dongguan,normal,delivered
ORD_0004997,CUST_00016,WH_003,2026-01-16 18:19:00,2026-01-17,Sichuan,Mianyang,normal,picked
ORD_0004998,CUST_00004,WH_001,2026-01-16 20:21:00,2026-01-17,Jiangsu,Nanjing,normal,picked
ORD_0004999,CUST_00198,WH_002,2026-01-16 14:59:00,2026-01-17,Shandong,Yantai,normal,dispatched
ORD_0005000,CUST_00175,WH_001,2026-01-16 11:27:00,2026-01-17,Sichuan,Deyang,high,dispatched
ORD_0005001,CUST_00036,WH_001,2026-01-16 08:05:00,2026-01-17,Sichuan,Mianyang,normal,picked
ORD_0005002,CUST_00027,WH_002,2026-01-16 12:09:00,2026-01-17,Jiangsu,Wuxi,normal,picking
ORD_0005003,CUST_00149,WH_001,2026-01-16 09:43:00,2026-01-17,Henan,Zhengzhou,normal,dispatched
ORD_0005004,CUST_00004,WH_001,2026-01-16 11:45:00,2026-01-18,Jiangsu,Nanjing,high,picking
ORD_0005005,CUST_00091,WH_001,2026-01-16 10:09:00,2026-01-17,Zhejiang,Ningbo,normal,pending
ORD_0005006,CUST_00085,WH_001,2026-01-16 08:04:00,2026-01-17,Shandong,Qingdao,normal,dispatched
ORD_0005007,CUST_00146,WH_002,2026-01-16 13:35:00,2026-01-17,Zhejiang,Hangzhou,normal,picked
ORD_0005008,CUST_00118,WH_001,2026-01-16 21:03:00,2026-01-17,Sichuan,Mianyang,normal,picked
ORD_0005009,CUST_00196,WH_001,2026-01-16 09:39:00,2026-01-17,Henan,Zhengzhou,normal,dispatched
ORD_0005010,CUST_00053,WH_003,2026-01-16 19:53:00,2026-01-18,Guangdong,Dongguan,normal,dispatched
ORD_0005011,CUST_00190,WH_001,2026-01-16 09:13:00,2026-01-17,Henan,Luoyang,normal,picked
ORD_0005012,CUST_00164,WH_003,2026-01-16 15:22:00,2026-01-17,Zhejiang,Wenzhou,normal,picking
ORD_0005013,CUST_00192,WH_002,2026-01-16 18:27:00,2026-01-17,Shandong,Qingdao,normal,picking
ORD_0005014,CUST_00122,WH_003,2026-01-16 09:08:00,2026-01-18,Jiangsu,Nanjing,normal,picking
ORD_0005015,CUST_00099,WH_002,2026-01-16 12:37:00,2026-01-17,Zhejiang,Hangzhou,urgent,dispatched
ORD_0005016,CUST_00056,WH_001,2026-01-16 16:52:00,2026-01-17,Shandong,Yantai,normal,dispatched
ORD_0005017,CUST_00034,WH_003,2026-01-16 10:17:00,2026-01-17,Jiangsu,Suzhou,high,picked
ORD_0005018,CUST_00076,WH_002,2026-01-16 10:58:00,2026-01-18,Sichuan,Mianyang,normal,picked
ORD_0005019,CUST_00159,WH_003,2026-01-16 11:08:00,2026-01-17,Guangdong,Shenzhen,normal,picked
ORD_0005020,CUST_00042,WH_003,2026-01-16 14:48:00,2026-01-17,Jiangsu,Suzhou,normal,picked
ORD_0005021,CUST_00038,WH_002,2026-01-16 08:34:00,2026-01-17,Hubei,Yichang,normal,picked
ORD_0005022,CUST_00099,WH_002,2026-01-16 13:50:00,2026-01-17,Zhejiang,Hangzhou,normal,dispatched
ORD_0005023,CUST_00153,WH_002,2026-01-16 20:16:00,2026-01-17,Zhejiang,Wenzhou,normal,pending
ORD_0005024,CUST_00138,WH_001,2026-01-16 12:23:00,2026-01-17,Guangdong,Shenzhen,normal,delivered
ORD_0005025,CUST_00027,WH_003,2026-01-16 11:11:00,2026-01-18,Jiangsu,Wuxi,normal,delivered
ORD_0005026,CUST_00176,WH_001,2026-01-16 18:39:00,2026-01-17,Henan,Luoyang,normal,dispatched
ORD_0005027,CUST_00101,WH_001,2026-01-16 11:53:00,2026-01-17,Hubei,Wuhan,normal,picked
ORD_0005028,CUST_00176,WH_001,2026-01-16 07:35:00,2026-01-17,Henan,Luoyang,urgent,picked
ORD_0005029,CUST_00192,WH_001,2026-01-16 10:21:00,2026-01-17,Shandong,Qingdao,high,dispatched
ORD_0005030,CUST_00051,WH_001,2026-01-16 09:40:00,2026-01-17,Hubei,Yichang,normal,picked
ORD_0005031,CUST_00082,WH_003,2026-01-16 20:46:00,2026-01-18,Zhejiang,Wenzhou,normal,picked
ORD_0005032,CUST_00105,WH_002,2026-01-16 10:42:00,2026-01-17,Sichuan,Chengdu,normal,pending
ORD_0005033,CUST_00128,WH_003,2026-01-16 17:19:00,2026-01-17,Zhejiang,Wenzhou,high,delivered
ORD_0005034,CUST_00006,WH_002,2026-01-16 06:35:00,2026-01-17,Zhejiang,Ningbo,high,dispatched
ORD_0005035,CUST_00116,WH_001,2026-01-16 06:55:00,2026-01-17,Henan,Kaifeng,normal,picked
ORD_0005036,CUST_00011,WH_002,2026-01-16 07:05:00,2026-01-17,Guangdong,Dongguan,normal,dispatched
ORD_0005037,CUST_00198,WH_001,2026-01-16 16:15:00,2026-01-18,Shandong,Yantai,normal,dispatched
ORD_0005038,CUST_00063,WH_002,2026-01-16 15:06:00,2026-01-18,Henan,Luoyang,normal,pending
ORD_0005039,CUST_00109,WH_003,2026-01-16 18:03:00,2026-01-17,Shandong,Jinan,normal,pending
ORD_0005040,CUST_00187,WH_001,2026-01-16 17:33:00,2026-01-17,Jiangsu,Wuxi,high,delivered
ORD_0005041,CUST_00171,WH_003,2026-01-16 08:04:00,2026-01-17,Guangdong,Guangzhou,normal,picked
ORD_0005042,CUST_00174,WH_002,2026-01-16 15:19:00,2026-01-17,Guangdong,Dongguan,high,picking
ORD_0005043,CUST_00132,WH_001,2026-01-16 17:56:00,2026-01-17,Zhejiang,Ningbo,normal,picking
ORD_0005044,CUST_00147,WH_003,2026-01-16 08:14:00,2026-01-17,Zhejiang,Hangzhou,normal,picked
ORD_0005045,CUST_00016,WH_003,2026-01-16 15:05:00,2026-01-17,Sichuan,Mianyang,normal,dispatched
ORD_0005046,CUST_00009,WH_001,2026-01-16 07:10:00,2026-01-17,Sichuan,Mianyang,normal,picked
ORD_0005047,CUST_00142,WH_003,2026-01-16 06:06:00,2026-01-17,Hubei,Wuhan,normal,delivered
ORD_0005048,CUST_00174,WH_002,2026-01-16 20:06:00,2026-01-18,Guangdong,Dongguan,normal,dispatched
ORD_0005049,CUST_00134,WH_002,2026-01-16 19:09:00,2026-01-17,Sichuan,Mianyang,normal,pending
ORD_0005050,CUST_00167,WH_002,2026-01-16 21:59:00,2026-01-17,Zhejiang,Ningbo,normal,dispatched
ORD_0005051,CUST_00154,WH_002,2026-01-16 14:20:00,2026-01-17,Guangdong,Dongguan,high,dispatched
ORD_0005052,CUST_00116,WH_001,2026-01-16 15:38:00,2026-01-17,Henan,Kaifeng,normal,picking
ORD_0005053,CUST_00099,WH_002,2026-01-16 07:51:00,2026-01-17,Zhejiang,Hangzhou,normal,delivered
ORD_0005054,CUST_00168,WH_001,2026-01-16 08:10:00,2026-01-17,Hubei,Wuhan,normal,pending
ORD_0005055,CUST_00061,WH_001,2026-01-16 13:49:00,2026-01-17,Shandong,Qingdao,normal,picking
ORD_0005056,CUST_00160,WH_003,2026-01-16 10:47:00,2026-01-17,Shandong,Qingdao,normal,dispatched
ORD_0005057,CUST_00048,WH_002,2026-01-16 21:51:00,2026-01-17,Shandong,Jinan,normal,pending
ORD_0005058,CUST_00001,WH_002,2026-01-16 10:10:00,2026-01-17,Zhejiang,Ningbo,normal,delivered
ORD_0005059,CUST_00117,WH_001,2026-01-16 19:07:00,2026-01-17,Zhejiang,Wenzhou,normal,dispatched
ORD_0005060,CUST_00058,WH_001,2026-01-16 10:03:00,2026-01-17,Jiangsu,Suzhou,normal,picking
ORD_0005061,CUST_00143,WH_003,2026-01-16 09:28:00,2026-01-17,Guangdong,Dongguan,normal,picking
ORD_0005062,CUST_00019,WH_002,2026-01-16 08:57:00,2026-01-17,Henan,Luoyang,normal,picking
ORD_0005063,CUST_00170,WH_002,2026-01-16 20:03:00,2026-01-17,Henan,Luoyang,urgent,picked
ORD_0005064,CUST_00112,WH_002,2026-01-16 16:03:00,2026-01-17,Guangdong,Guangzhou,normal,dispatched
ORD_0005065,CUST_00112,WH_002,2026-01-16 08:32:00,2026-01-17,Guangdong,Guangzhou,normal,picked
ORD_0005066,CUST_00018,WH_002,2026-01-16 14:31:00,2026-01-18,Jiangsu,Suzhou,normal,picked
ORD_0005067,CUST_00199,WH_001,2026-01-16 18:41:00,2026-01-17,Guangdong,Dongguan,urgent,picking
ORD_0005068,CUST_00043,WH_003,2026-01-16 14:56:00,2026-01-17,Zhejiang,Hangzhou,normal,picking
ORD_0005069,CUST_00038,WH_002,2026-01-16 14:50:00,2026-01-17,Hubei,Yichang,normal,dispatched
ORD_0005070,CUST_00123,WH_003,2026-01-16 18:05:00,2026-01-17,Guangdong,Guangzhou,normal,picked
ORD_0005071,CUST_00110,WH_001,2026-01-16 06:39:00,2026-01-17,Zhejiang,Ningbo,urgent,picking
ORD_0005072,CUST_00142,WH_003,2026-01-16 07:28:00,2026-01-17,Hubei,Wuhan,normal,delivered
ORD_0005073,CUST_00179,WH_002,2026-01-16 06:59:00,2026-01-17,Henan,Zhengzhou,normal,picking
ORD_0005074,CUST_00093,WH_003,2026-01-16 15:16:00,2026-01-17,Guangdong,Guangzhou,normal,dispatched
ORD_0005075,CUST_00161,WH_001,2026-01-16 15:19:00,2026-01-17,Guangdong,Dongguan,normal,picked
ORD_0005076,CUST_00162,WH_002,2026-01-16 14:23:00,2026-01-17,Zhejiang,Ningbo,normal,picked
ORD_0005077,CUST_00046,WH_001,2026-01-16 08:24:00,2026-01-17,Sichuan,Deyang,high,picked
ORD_0005078,CUST_00112,WH_003,2026-01-16 07:04:00,2026-01-18,Guangdong,Guangzhou,normal,delivered
ORD_0005079,CUST_00140,WH_002,2026-01-16 21:27:00,2026-01-17,Zhejiang,Ningbo,normal,dispatched
ORD_0005080,CUST_00076,WH_002,2026-01-16 19:19:00,2026-01-17,Sichuan,Mianyang,normal,delivered
ORD_0005081,CUST_00045,WH_003,2026-01-16 10:31:00,2026-01-17,Sichuan,Chengdu,normal,picked
ORD_0005082,CUST_00086,WH_003,2026-01-16 10:42:00,2026-01-17,Guangdong,Dongguan,normal,dispatched
ORD_0005083,CUST_00196,WH_002,2026-01-16 14:41:00,2026-01-17,Henan,Zhengzhou,normal,dispatched
ORD_0005084,CUST_00137,WH_002,2026-01-16 06:38:00,2026-01-17,Henan,Kaifeng,normal,picked
ORD_0005085,CUST_00139,WH_002,2026-01-16 14:28:00,2026-01-17,Zhejiang,Ningbo,normal,picking
ORD_0005086,CUST_00035,WH_002,2026-01-16 12:20:00,2026-01-17,Shandong,Jinan,normal,picked
ORD_0005087,CUST_00034,WH_003,2026-01-16 16:42:00,2026-01-17,Jiangsu,Suzhou,normal,picked
ORD_0005088,CUST_00042,WH_003,2026-01-16 13:49:00,2026-01-17,Jiangsu,Suzhou,normal,picking
ORD_0005089,CUST_00027,WH_003,2026-01-16 11:57:00,2026-01-17,Jiangsu,Wuxi,normal,picking
ORD_0005090,CUST_00198,WH_001,2026-01-16 17:53:00,2026-01-17,Shandong,Yantai,high,picking
ORD_0005091,CUST_00171,WH_001,2026-01-16 06:49:00,2026-01-17,Guangdong,Guangzhou,normal,dispatched
ORD_0005092,CUST_00121,WH_001,2026-01-16 16:31:00,2026-01-17,Sichuan,Deyang,normal,pending
ORD_0005093,CUST_00072,WH_003,2026-01-16 08:59:00,2026-01-18,Zhejiang,Wenzhou,normal,picking
ORD_0005094,CUST_00136,WH_001,2026-01-16 07:12:00,2026-01-17,Hubei,Yichang,normal,pending
ORD_0005095,CUST_00006,WH_001,2026-01-16 20:17:00,2026-01-17,Zhejiang,Ningbo,normal,picked
ORD_0005096,CUST_00166,WH_001,2026-01-16 18:04:00,2026-01-17,Henan,Luoyang,normal,dispatched
ORD_0005097,CUST_00128,WH_003,2026-01-16 14:41:00,2026-01-17,Zhejiang,Wenzhou,normal,dispatched
ORD_0005098,CUST_00171,WH_001,2026-01-16 21:20:00,2026-01-17,Guangdong,Guangzhou,normal,picked
ORD_0005099,CUST_00118,WH_002,2026-01-16 14:27:00,2026-01-18,Sichuan,Mianyang,high,dispatched
ORD_0005100,CUST_00016,WH_003,2026-01-16 17:43:00,2026-01-17,Sichuan,Mianyang,normal,picked
ORD_0005101,CUST_00108,WH_003,2026-01-16 15:44:00,2026-01-17,Jiangsu,Nanjing,normal,delivered
ORD_0005102,CUST_00015,WH_003,2026-01-16 09:26:00,2026-01-17,Guangdong,Guangzhou,normal,dispatched
ORD_0005103,CUST_00140,WH_002,2026-01-16 07:45:00,2026-01-17,Zhejiang,Ningbo,normal,picked
ORD_0005104,CUST_00132,WH_003,2026-01-16 11:08:00,2026-01-17,Zhejiang,Ningbo,normal,picked
ORD_0005105,CUST_00126,WH_001,2026-01-16 13:10:00,2026-01-17,Jiangsu,Nanjing,high,picking
ORD_0005106,CUST_00030,WH_003,2026-01-16 15:43:00,2026-01-17,Hubei,Xiangyang,normal,picked
ORD_0005107,CUST_00172,WH_002,2026-01-16 10:02:00,2026-01-17,Sichuan,Deyang,normal,picking
ORD_0005108,CUST_00138,WH_002,2026-01-16 16:38:00,2026-01-17,Guangdong,Shenzhen,normal,picked
ORD_0005109,CUST_00028,WH_003,2026-01-16 18:45:00,2026-01-17,Hubei,Wuhan,high,picked
ORD_0005110,CUST_00036,WH_001,2026-01-16 16:57:00,2026-01-17,Sichuan,Mianyang,normal,delivered
ORD_0005111,CUST_00094,WH_002,2026-01-16 12:38:00,2026-01-17,Henan,Zhengzhou,normal,picking
ORD_0005112,CUST_00111,WH_001,2026-01-16 15:47:00,2026-01-17,Guangdong,Guangzhou,normal,picking
ORD_0005113,CUST_00078,WH_002,2026-01-16 06:06:00,2026-01-17,Henan,Kaifeng,high,picking
ORD_0005114,CUST_00186,WH_003,2026-01-16 10:18:00,2026-01-17,Sichuan,Chengdu,normal,picking
ORD_0005115,CUST_00132,WH_003,2026-01-16 19:16:00,2026-01-17,Zhejiang,Ningbo,normal,dispatched
ORD_0005116,CUST_00017,WH_001,2026-01-16 14:23:00,2026-01-17,Shandong,Yantai,normal,picking
ORD_0005117,CUST_00173,WH_003,2026-01-16 07:00:00,2026-01-17,Henan,Kaifeng,normal,picking
ORD_0005118,CUST_00046,WH_001,2026-01-16 13:36:00,2026-01-17,Sichuan,Deyang,normal,dispatched
ORD_0005119,CUST_00030,WH_002,2026-01-16 11:29:00,2026-01-17,Hubei,Xiangyang,normal,dispatched
ORD_0005120,CUST_00032,WH_003,2026-01-16 18:07:00,2026-01-17,Henan,Luoyang,normal,picking
ORD_0005121,CUST_00157,WH_001,2026-01-16 11:05:00,2026-01-17,Guangdong,Guangzhou,normal,pending
ORD_0005122,CUST_00066,WH_002,2026-01-16 20:29:00,2026-01-17,Zhejiang,Hangzhou,normal,picking
ORD_0005123,CUST_00071,WH_003,2026-01-16 08:19:00,2026-01-18,Sichuan,Chengdu,normal,dispatched
ORD_0005124,CUST_00060,WH_003,2026-01-16 11:24:00,2026-01-17,Zhejiang,Ningbo,normal,picking
ORD_0005125,CUST_00147,WH_002,2026-01-16 19:49:00,2026-01-17,Zhejiang,Hangzhou,high,picked
ORD_0005126,CUST_00066,WH_002,2026-01-16 11:03:00,2026-01-17,Zhejiang,Hangzhou,normal,dispatched
ORD_0005127,CUST_00098,WH_002,2026-01-16 09:27:00,2026-01-18,Zhejiang,Hangzhou,normal,picked
ORD_0005128,CUST_00171,WH_003,2026-01-16 11:47:00,2026-01-17,Guangdong,Guangzhou,normal,delivered
ORD_0005129,CUST_00036,WH_001,2026-01-16 07:56:00,2026-01-18,Sichuan,Mianyang,normal,picked
ORD_0005130,CUST_00002,WH_003,2026-01-16 13:24:00,2026-01-17,Sichuan,Deyang,normal,picked
ORD_0005131,CUST_00109,WH_002,2026-01-16 08:39:00,2026-01-17,Shandong,Jinan,normal,pending
ORD_0005132,CUST_00163,WH_003,2026-01-16 09:27:00,2026-01-17,Jiangsu,Nanjing,normal,dispatched
ORD_0005133,CUST_00162,WH_003,2026-01-16 13:43:00,2026-01-17,Zhejiang,Ningbo,normal,picked
ORD_0005134,CUST_00043,WH_002,2026-01-16 06:08:00,2026-01-17,Zhejiang,Hangzhou,normal,picking
ORD_0005135,CUST_00164,WH_002,2026-01-16 11:41:00,2026-01-17,Zhejiang,Wenzhou,normal,picking
ORD_0005136,CUST_00048,WH_001,2026-01-16 06:09:00,2026-01-17,Shandong,Jinan,normal,dispatched
ORD_0005137,CUST_00110,WH_003,2026-01-16 14:07:00,2026-01-17,Zhejiang,Ningbo,high,picking
ORD_0005138,CUST_00111,WH_003,2026-01-16 10:59:00,2026-01-17,Guangdong,Guangzhou,normal,picked
ORD_0005139,CUST_00037,WH_003,2026-01-16 13:40:00,2026-01-17,Jiangsu,Wuxi,high,delivered
ORD_0005140,CUST_00125,WH_003,2026-01-16 09:38:00,2026-01-18,Henan,Kaifeng,normal,delivered
ORD_0005141,CUST_00048,WH_003,2026-01-16 14:24:00,2026-01-17,Shandong,Jinan,normal,dispatched
ORD_0005142,CUST_00129,WH_002,2026-01-16 09:14:00,2026-01-18,Hubei,Yichang,high,picked
ORD_0005143,CUST_00191,WH_001,2026-01-16 08:42:00,2026-01-17,Zhejiang,Ningbo,normal,picked
ORD_0005144,CUST_00122,WH_002,2026-01-16 19:23:00,2026-01-17,Jiangsu,Nanjing,normal,picked
ORD_0005145,CUST_00088,WH_001,2026-01-16 17:38:00,2026-01-17,Shandong,Yantai,normal,picked
ORD_0005146,CUST_00083,WH_002,2026-01-16 06:47:00,2026-01-17,Zhejiang,Ningbo,normal,dispatched
ORD_0005147,CUST_00066,WH_002,2026-01-16 06:57:00,2026-01-18,Zhejiang,Hangzhou,normal,dispatched
ORD_0005148,CUST_00094,WH_002,2026-01-16 18:17:00,2026-01-17,Henan,Zhengzhou,normal,picking
ORD_0005149,CUST_00199,WH_001,2026-01-16 16:02:00,2026-01-17,Guangdong,Dongguan,normal,picking
ORD_0005150,CUST_00098,WH_003,2026-01-16 06:04:00,2026-01-17,Zhejiang,Hangzhou,high,picking
ORD_0005151,CUST_00063,WH_001,2026-01-16 21:05:00,2026-01-17,Henan,Luoyang,normal,picked
ORD_0005152,CUST_00170,WH_003,2026-01-16 12:02:00,2026-01-17,Henan,Luoyang,high,pending
ORD_0005153,CUST_00080,WH_001,2026-01-16 06:09:00,2026-01-17,Jiangsu,Nanjing,normal,picking
ORD_0005154,CUST_00066,WH_001,2026-01-16 14:52:00,2026-01-17,Zhejiang,Hangzhou,normal,picking
ORD_0005155,CUST_00166,WH_001,2026-01-16 06:59:00,2026-01-17,Henan,Luoyang,normal,picked
ORD_0005156,CUST_00128,WH_003,2026-01-16 17:11:00,2026-01-17,Zhejiang,Wenzhou,normal,picked
ORD_0005157,CUST_00105,WH_002,2026-01-16 10:22:00,2026-01-17,Sichuan,Chengdu,normal,picked
ORD_0005158,CUST_00197,WH_003,2026-01-16 06:13:00,2026-01-17,Jiangsu,Nanjing,normal,picking
ORD_0005159,CUST_00169,WH_002,2026-01-16 07:13:00,2026-01-17,Shandong,Jinan,normal,delivered
ORD_0005160,CUST_00097,WH_001,2026-01-16 18:41:00,2026-01-17,Hubei,Yichang,high,dispatched
ORD_0005161,CUST_00086,WH_002,2026-01-16 21:09:00,2026-01-17,Guangdong,Dongguan,normal,picked
ORD_0005162,CUST_00182,WH_002,2026-01-16 15:10:00,2026-01-17,Zhejiang,Hangzhou,high,picked
ORD_0005163,CUST_00101,WH_002,2026-01-16 09:33:00,2026-01-18,Hubei,Wuhan,normal,dispatched
ORD_0005164,CUST_00112,WH_003,2026-01-16 17:51:00,2026-01-17,Guangdong,Guangzhou,normal,picked
ORD_0005165,CUST_00133,WH_003,2026-01-16 07:57:00,2026-01-17,Zhejiang,Wenzhou,normal,picked
ORD_0005166,CUST_00164,WH_003,2026-01-16 09:16:00,2026-01-17,Zhejiang,Wenzhou,normal,picked
ORD_0005167,CUST_00128,WH_002,2026-01-16 20:55:00,2026-01-17,Zhejiang,Wenzhou,normal,picking
ORD_0005168,CUST_00001,WH_002,2026-01-16 18:52:00,2026-01-17,Zhejiang,Ningbo,normal,picked
ORD_0005169,CUST_00055,WH_002,2026-01-16 20:18:00,2026-01-17,Henan,Zhengzhou,urgent,dispatched
ORD_0005170,CUST_00100,WH_001,2026-01-16 11:26:00,2026-01-17,Zhejiang,Wenzhou,urgent,dispatched
ORD_0005171,CUST_00172,WH_003,2026-01-16 09:35:00,2026-01-17,Sichuan,Deyang,normal,picked
ORD_0005172,CUST_00071,WH_002,2026-01-16 14:55:00,2026-01-17,Sichuan,Chengdu,normal,pending
ORD_0005173,CUST_00064,WH_003,2026-01-16 06:16:00,2026-01-18,Zhejiang,Wenzhou,normal,picking
ORD_0005174,CUST_00150,WH_003,2026-01-16 19:20:00,2026-01-17,Guangdong,Guangzhou,normal,picked
ORD_0005175,CUST_00002,WH_003,2026-01-16 10:40:00,2026-01-17,Sichuan,Deyang,normal,dispatched
ORD_0005176,CUST_00199,WH_001,2026-01-16 21:35:00,2026-01-17,Guangdong,Dongguan,normal,picked
ORD_0005177,CUST_00094,WH_001,2026-01-16 19:03:00,2026-01-17,Henan,Zhengzhou,normal,dispatched
ORD_0005178,CUST_00008,WH_002,2026-01-16 11:54:00,2026-01-18,Hubei,Wuhan,normal,pending
ORD_0005179,CUST_00113,WH_001,2026-01-16 08:45:00,2026-01-18,Shandong,Qingdao,normal,picking
ORD_0005180,CUST_00171,WH_001,2026-01-16 19:49:00,2026-01-17,Guangdong,Guangzhou,normal,picked
ORD_0005181,CUST_00152,WH_001,2026-01-16 08:59:00,2026-01-17,Shandong,Qingdao,normal,dispatched
ORD_0005182,CUST_00020,WH_001,2026-01-16 20:51:00,2026-01-18,Jiangsu,Nanjing,high,picking
ORD_0005183,CUST_00172,WH_001,2026-01-16 08:47:00,2026-01-17,Sichuan,Deyang,normal,picking
ORD_0005184,CUST_00158,WH_003,2026-01-16 15:58:00,2026-01-17,Zhejiang,Ningbo,normal,delivered
ORD_0005185,CUST_00190,WH_001,2026-01-16 06:06:00,2026-01-17,Henan,Luoyang,urgent,pending
ORD_0005186,CUST_00104,WH_001,2026-01-16 06:59:00,2026-01-17,Zhejiang,Ningbo,normal,picked
ORD_0005187,CUST_00001,WH_002,2026-01-16 07:09:00,2026-01-17,Zhejiang,Ningbo,normal,dispatched
ORD_0005188,CUST_00189,WH_001,2026-01-16 14:05:00,2026-01-17,Hubei,Xiangyang,urgent,picked
ORD_0005189,CUST_00156,WH_003,2026-01-16 18:39:00,2026-01-17,Zhejiang,Ningbo,normal,dispatched
ORD_0005190,CUST_00131,WH_001,2026-01-16 07:51:00,2026-01-17,Henan,Kaifeng,normal,dispatched
ORD_0005191,CUST_00057,WH_003,2026-01-16 10:21:00,2026-01-17,Guangdong,Dongguan,urgent,delivered
ORD_0005192,CUST_00151,WH_001,2026-01-16 11:57:00,2026-01-17,Hubei,Yichang,normal,picked
ORD_0005193,CUST_00060,WH_003,2026-01-16 15:40:00,2026-01-17,Zhejiang,Ningbo,high,delivered
ORD_0005194,CUST_00098,WH_001,2026-01-16 06:31:00,2026-01-17,Zhejiang,Hangzhou,urgent,pending
ORD_0005195,CUST_00005,WH_001,2026-01-16 11:58:00,2026-01-17,Zhejiang,Hangzhou,normal,picking
ORD_0005196,CUST_00180,WH_002,2026-01-16 19:19:00,2026-01-17,Shandong,Yantai,normal,picked
ORD_0005197,CUST_00155,WH_003,2026-01-16 09:00:00,2026-01-17,Sichuan,Chengdu,urgent,dispatched
ORD_0005198,CUST_00007,WH_003,2026-01-16 19:06:00,2026-01-17,Sichuan,Deyang,normal,picked
ORD_0005199,CUST_00148,WH_003,2026-01-16 10:06:00,2026-01-17,Jiangsu,Suzhou,normal,picking
ORD_0005200,CUST_00088,WH_002,2026-01-16 13:28:00,2026-01-18,Shandong,Yantai,normal,picked
ORD_0005201,CUST_00106,WH_002,2026-01-16 08:02:00,2026-01-17,Hubei,Wuhan,normal,delivered
ORD_0005202,CUST_00002,WH_001,2026-01-16 19:08:00,2026-01-17,Sichuan,Deyang,normal,picking
ORD_0005203,CUST_00196,WH_001,2026-01-16 11:26:00,2026-01-18,Henan,Zhengzhou,normal,picking
ORD_0005204,CUST_00108,WH_003,2026-01-16 09:11:00,2026-01-17,Jiangsu,Nanjing,normal,dispatched
ORD_0005205,CUST_00048,WH_003,2026-01-16 21:34:00,2026-01-17,Shandong,Jinan,normal,picking
ORD_0005206,CUST_00147,WH_003,2026-01-16 19:39:00,2026-01-17,Zhejiang,Hangzhou,normal,picking
ORD_0005207,CUST_00041,WH_003,2026-01-16 08:02:00,2026-01-17,Jiangsu,Nanjing,normal,delivered
ORD_0005208,CUST_00102,WH_001,2026-01-16 18:33:00,2026-01-17,Sichuan,Chengdu,normal,picking
ORD_0005209,CUST_00095,WH_002,2026-01-16 14:46:00,2026-01-17,Zhejiang,Ningbo,normal,picked
ORD_0005210,CUST_00027,WH_001,2026-01-16 18:54:00,2026-01-17,Jiangsu,Wuxi,normal,dispatched
ORD_0005211,CUST_00053,WH_001,2026-01-16 09:10:00,2026-01-18,Guangdong,Dongguan,normal,picked
ORD_0005212,CUST_00001,WH_002,2026-01-16 19:45:00,2026-01-17,Zhejiang,Ningbo,normal,picking
ORD_0005213,CUST_00087,WH_002,2026-01-16 07:10:00,2026-01-17,Guangdong,Guangzhou,normal,dispatched
ORD_0005214,CUST_00199,WH_002,2026-01-16 07:50:00,2026-01-17,Guangdong,Dongguan,normal,dispatched
ORD_0005215,CUST_00112,WH_003,2026-01-16 06:30:00,2026-01-17,Guangdong,Guangzhou,high,picking
ORD_0005216,CUST_00044,WH_003,2026-01-16 12:07:00,2026-01-17,Henan,Luoyang,normal,picked
ORD_0005217,CUST_00093,WH_003,2026-01-16 19:10:00,2026-01-17,Guangdong,Guangzhou,normal,picking
ORD_0005218,CUST_00124,WH_001,2026-01-16 15:55:00,2026-01-17,Guangdong,Dongguan,normal,picking
ORD_0005219,CUST_00177,WH_003,2026-01-16 11:51:00,2026-01-17,Zhejiang,Ningbo,normal,dispatched
ORD_0005220,CUST_00181,WH_001,2026-01-16 21:56:00,2026-01-17,Hubei,Yichang,normal,picking
ORD_0005221,CUST_00008,WH_001,2026-01-16 15:06:00,2026-01-17,Hubei,Wuhan,normal,dispatched
ORD_0005222,CUST_00022,WH_001,2026-01-16 07:29:00,2026-01-17,Zhejiang,Wenzhou,urgent,picking
ORD_0005223,CUST_00110,WH_002,2026-01-16 10:07:00,2026-01-17,Zhejiang,Ningbo,high,delivered
ORD_0005224,CUST_00107,WH_003,2026-01-16 16:08:00,2026-01-18,Henan,Luoyang,normal,pending
ORD_0005225,CUST_00200,WH_002,2026-01-16 15:24:00,2026-01-17,Zhejiang,Ningbo,normal,picking
ORD_0005226,CUST_00177,WH_003,2026-01-16 06:59:00,2026-01-17,Zhejiang,Ningbo,normal,dispatched
ORD_0005227,CUST_00038,WH_002,2026-01-16 17:06:00,2026-01-17,Hubei,Yichang,normal,dispatched
ORD_0005228,CUST_00089,WH_001,2026-01-16 19:35:00,2026-01-17,Guangdong,Shenzhen,normal,delivered
ORD_0005229,CUST_00090,WH_001,2026-01-16 20:29:00,2026-01-17,Hubei,Yichang,high,dispatched
ORD_0005230,CUST_00110,WH_001,2026-01-16 12:39:00,2026-01-17,Zhejiang,Ningbo,normal,picked
ORD_0005231,CUST_00044,WH_003,2026-01-16 09:34:00,2026-01-17,Henan,Luoyang,normal,dispatched
ORD_0005232,CUST_00148,WH_003,2026-01-16 20:28:00,2026-01-17,Jiangsu,Suzhou,normal,picking
ORD_0005233,CUST_00197,WH_003,2026-01-16 21:19:00,2026-01-17,Jiangsu,Nanjing,normal,dispatched
ORD_0005234,CUST_00196,WH_001,2026-01-16 06:01:00,2026-01-17,Henan,Zhengzhou,normal,delivered
ORD_0005235,CUST_00062,WH_003,2026-01-16 19:11:00,2026-01-17,Zhejiang,Wenzhou,normal,picked
ORD_0005236,CUST_00186,WH_001,2026-01-16 06:39:00,2026-01-17,Sichuan,Chengdu,normal,dispatched
ORD_0005237,CUST_00180,WH_001,2026-01-16 12:48:00,2026-01-17,Shandong,Yantai,normal,delivered
ORD_0005238,CUST_00029,WH_001,2026-01-16 14:50:00,2026-01-17,Zhejiang,Ningbo,normal,picked
ORD_0005239,CUST_00145,WH_002,2026-01-16 21:57:00,2026-01-17,Sichuan,Chengdu,normal,picking
ORD_0005240,CUST_00001,WH_003,2026-01-16 13:47:00,2026-01-17,Zhejiang,Ningbo,normal,picking
ORD_0005241,CUST_00122,WH_002,2026-01-16 20:25:00,2026-01-17,Jiangsu,Nanjing,normal,picked
ORD_0005242,CUST_00032,WH_002,2026-01-16 15:01:00,2026-01-17,Henan,Luoyang,normal,dispatched
ORD_0005243,CUST_00099,WH_003,2026-01-16 07:27:00,2026-01-17,Zhejiang,Hangzhou,high,picked
ORD_0005244,CUST_00013,WH_003,2026-01-16 07:22:00,2026-01-17,Hubei,Wuhan,normal,picked
ORD_0005245,CUST_00071,WH_003,2026-01-16 16:10:00,2026-01-17,Sichuan,Chengdu,normal,pending
ORD_0005246,CUST_00001,WH_002,2026-01-16 16:04:00,2026-01-17,Zhejiang,Ningbo,normal,dispatched
ORD_0005247,CUST_00066,WH_002,2026-01-16 09:48:00,2026-01-17,Zhejiang,Hangzhou,normal,dispatched
ORD_0005248,CUST_00186,WH_002,2026-01-16 17:40:00,2026-01-17,Sichuan,Chengdu,normal,picking
ORD_0005249,CUST_00075,WH_002,2026-01-16 11:33:00,2026-01-17,Sichuan,Deyang,normal,delivered
ORD_0005250,CUST_00097,WH_003,2026-01-16 13:36:00,2026-01-17,Hubei,Yichang,normal,dispatched
ORD_0005251,CUST_00032,WH_002,2026-01-16 19:24:00,2026-01-17,Henan,Luoyang,normal,dispatched
ORD_0005252,CUST_00114,WH_002,2026-01-16 11:41:00,2026-01-17,Zhejiang,Ningbo,normal,picking
ORD_0005253,CUST_00112,WH_002,2026-01-16 12:30:00,2026-01-17,Guangdong,Guangzhou,normal,delivered
ORD_0005254,CUST_00078,WH_001,2026-01-16 07:38:00,2026-01-17,Henan,Kaifeng,normal,delivered
ORD_0005255,CUST_00187,WH_003,2026-01-16 13:47:00,2026-01-17,Jiangsu,Wuxi,urgent,picked
ORD_0005256,CUST_00060,WH_001,2026-01-16 16:21:00,2026-01-17,Zhejiang,Ningbo,normal,dispatched
ORD_0005257,CUST_00188,WH_003,2026-01-16 08:39:00,2026-01-17,Shandong,Qingdao,normal,picked
ORD_0005258,CUST_00123,WH_003,2026-01-16 14:41:00,2026-01-17,Guangdong,Guangzhou,high,picking
ORD_0005259,CUST_00151,WH_001,2026-01-16 21:24:00,2026-01-17,Hubei,Yichang,normal,picked
ORD_0005260,CUST_00169,WH_003,2026-01-16 20:21:00,2026-01-17,Shandong,Jinan,normal,picking
ORD_0005261,CUST_00058,WH_003,2026-01-16 08:14:00,2026-01-17,Jiangsu,Suzhou,normal,picked
ORD_0005262,CUST_00073,WH_003,2026-01-16 09:42:00,2026-01-17,Jiangsu,Wuxi,normal,pending
ORD_0005263,CUST_00003,WH_003,2026-01-16 18:23:00,2026-01-17,Henan,Zhengzhou,normal,dispatched
ORD_0005264,CUST_00116,WH_002,2026-01-16 13:51:00,2026-01-17,Henan,Kaifeng,normal,picked
ORD_0005265,CUST_00121,WH_002,2026-01-16 10:17:00,2026-01-17,Sichuan,Deyang,high,delivered
ORD_0005266,CUST_00108,WH_001,2026-01-16 20:28:00,2026-01-17,Jiangsu,Nanjing,normal,picking
ORD_0005267,CUST_00114,WH_003,2026-01-16 12:25:00,2026-01-17,Zhejiang,Ningbo,normal,picked
ORD_0005268,CUST_00131,WH_001,2026-01-16 08:09:00,2026-01-17,Henan,Kaifeng,normal,picked
ORD_0005269,CUST_00016,WH_003,2026-01-16 06:03:00,2026-01-17,Sichuan,Mianyang,high,dispatched
ORD_0005270,CUST_00094,WH_003,2026-01-16 12:19:00,2026-01-18,Henan,Zhengzhou,normal,picking
ORD_0005271,CUST_00005,WH_003,2026-01-16 21:40:00,2026-01-18,Zhejiang,Hangzhou,normal,delivered
ORD_0005272,CUST_00050,WH_002,2026-01-16 08:32:00,2026-01-17,Shandong,Jinan,normal,picked
ORD_0005273,CUST_00140,WH_003,2026-01-16 20:21:00,2026-01-18,Zhejiang,Ningbo,normal,dispatched
ORD_0005274,CUST_00168,WH_003,2026-01-16 20:35:00,2026-01-17,Hubei,Wuhan,normal,picked
ORD_0005275,CUST_00129,WH_003,2026-01-16 17:00:00,2026-01-17,Hubei,Yichang,normal,picking
ORD_0005276,CUST_00130,WH_002,2026-01-16 18:15:00,2026-01-17,Henan,Zhengzhou,normal,delivered
ORD_0005277,CUST_00170,WH_003,2026-01-16 09:01:00,2026-01-17,Henan,Luoyang,normal,picked
ORD_0005278,CUST_00055,WH_002,2026-01-16 16:56:00,2026-01-17,Henan,Zhengzhou,normal,picked
ORD_0005279,CUST_00085,WH_001,2026-01-16 07:26:00,2026-01-17,Shandong,Qingdao,normal,delivered
ORD_0005280,CUST_00111,WH_001,2026-01-16 18:45:00,2026-01-17,Guangdong,Guangzhou,normal,dispatched
ORD_0005281,CUST_00157,WH_002,2026-01-16 20:39:00,2026-01-17,Guangdong,Guangzhou,normal,pending
ORD_0005282,CUST_00170,WH_003,2026-01-16 16:52:00,2026-01-17,Henan,Luoyang,high,dispatched
ORD_0005283,CUST_00005,WH_002,2026-01-16 17:19:00,2026-01-17,Zhejiang,Hangzhou,normal,dispatched
ORD_0005284,CUST_00009,WH_002,2026-01-16 17:22:00,2026-01-17,Sichuan,Mianyang,normal,delivered
ORD_0005285,CUST_00111,WH_001,2026-01-16 15:10:00,2026-01-17,Guangdong,Guangzhou,normal,dispatched
ORD_0005286,CUST_00123,WH_001,2026-01-16 19:59:00,2026-01-17,Guangdong,Guangzhou,normal,picked
ORD_0005287,CUST_00071,WH_002,2026-01-16 09:32:00,2026-01-17,Sichuan,Chengdu,normal,dispatched
ORD_0005288,CUST_00113,WH_003,2026-01-16 14:08:00,2026-01-17,Shandong,Qingdao,normal,delivered
ORD_0005289,CUST_00097,WH_003,2026-01-16 15:09:00,2026-01-17,Hubei,Yichang,normal,picking
ORD_0005290,CUST_00044,WH_001,2026-01-16 11:35:00,2026-01-17,Henan,Luoyang,normal,dispatched
ORD_0005291,CUST_00007,WH_001,2026-01-16 14:50:00,2026-01-17,Sichuan,Deyang,normal,picked
ORD_0005292,CUST_00112,WH_001,2026-01-16 09:43:00,2026-01-17,Guangdong,Guangzhou,normal,picked
ORD_0005293,CUST_00121,WH_001,2026-01-16 11:48:00,2026-01-17,Sichuan,Deyang,normal,dispatched
ORD_0005294,CUST_00118,WH_003,2026-01-16 06:49:00,2026-01-17,Sichuan,Mianyang,normal,dispatched
ORD_0005295,CUST_00168,WH_001,2026-01-16 07:15:00,2026-01-17,Hubei,Wuhan,high,picked
ORD_0005296,CUST_00078,WH_001,2026-01-16 18:57:00,2026-01-17,Henan,Kaifeng,high,dispatched
ORD_0005297,CUST_00167,WH_001,2026-01-16 17:46:00,2026-01-17,Zhejiang,Ningbo,urgent,picked
ORD_0005298,CUST_00110,WH_003,2026-01-16 17:41:00,2026-01-17,Zhejiang,Ningbo,high,picked
ORD_0005299,CUST_00186,WH_001,2026-01-16 19:22:00,2026-01-17,Sichuan,Chengdu,normal,picked
ORD_0005300,CUST_00034,WH_003,2026-01-16 16:40:00,2026-01-17,Jiangsu,Suzhou,normal,delivered
ORD_0005301,CUST_00180,WH_003,2026-01-16 11:49:00,2026-01-17,Shandong,Yantai,normal,picked
ORD_0005302,CUST_00129,WH_002,2026-01-16 14:01:00,2026-01-17,Hubei,Yichang,normal,picking
ORD_0005303,CUST_00141,WH_001,2026-01-16 13:41:00,2026-01-17,Henan,Luoyang,normal,delivered
ORD_0005304,CUST_00038,WH_003,2026-01-16 08:03:00,2026-01-17,Hubei,Yichang,normal,picking
ORD_0005305,CUST_00125,WH_001,2026-01-16 21:19:00,2026-01-17,Henan,Kaifeng,normal,dispatched
ORD_0005306,CUST_00002,WH_002,2026-01-16 16:53:00,2026-01-18,Sichuan,Deyang,normal,pending
ORD_0005307,CUST_00113,WH_001,2026-01-16 12:41:00,2026-01-17,Shandong,Qingdao,normal,picking
ORD_0005308,CUST_00034,WH_002,2026-01-16 14:51:00,2026-01-17,Jiangsu,Suzhou,normal,picked
ORD_0005309,CUST_00032,WH_001,2026-01-16 18:01:00,2026-01-17,Henan,Luoyang,normal,picking
ORD_0005310,CUST_00029,WH_001,2026-01-16 21:54:00,2026-01-17,Zhejiang,Ningbo,normal,dispatched
ORD_0005311,CUST_00167,WH_001,2026-01-16 07:27:00,2026-01-17,Zhejiang,Ningbo,normal,dispatched
ORD_0005312,CUST_00024,WH_001,2026-01-16 14:16:00,2026-01-17,Jiangsu,Wuxi,normal,picked
ORD_0005313,CUST_00078,WH_003,2026-01-16 06:56:00,2026-01-18,Henan,Kaifeng,high,dispatched
ORD_0005314,CUST_00173,WH_002,2026-01-16 06:23:00,2026-01-17,Henan,Kaifeng,normal,picked
ORD_0005315,CUST_00038,WH_003,2026-01-16 13:53:00,2026-01-17,Hubei,Yichang,normal,picked
ORD_0005316,CUST_00096,WH_002,2026-01-16 19:29:00,2026-01-17,Hubei,Yichang,high,dispatched
ORD_0005317,CUST_00186,WH_003,2026-01-16 15:59:00,2026-01-17,Sichuan,Chengdu,high,picking
ORD_0005318,CUST_00163,WH_002,2026-01-16 20:07:00,2026-01-17,Jiangsu,Nanjing,high,picked
ORD_0005319,CUST_00015,WH_001,2026-01-16 12:03:00,2026-01-17,Guangdong,Guangzhou,normal,dispatched
ORD_0005320,CUST_00102,WH_002,2026-01-16 12:29:00,2026-01-17,Sichuan,Chengdu,normal,delivered
ORD_0005321,CUST_00159,WH_003,2026-01-16 07:17:00,2026-01-17,Guangdong,Shenzhen,normal,picked
ORD_0005322,CUST_00104,WH_003,2026-01-16 21:05:00,2026-01-17,Zhejiang,Ningbo,urgent,dispatched
ORD_0005323,CUST_00013,WH_001,2026-01-16 12:59:00,2026-01-17,Hubei,Wuhan,normal,picking
ORD_0005324,CUST_00159,WH_003,2026-01-16 13:00:00,2026-01-17,Guangdong,Shenzhen,normal,picking
ORD_0005325,CUST_00065,WH_002,2026-01-16 06:29:00,2026-01-17,Shandong,Jinan,normal,dispatched
ORD_0005326,CUST_00170,WH_002,2026-01-16 13:24:00,2026-01-17,Henan,Luoyang,normal,picked
ORD_0005327,CUST_00200,WH_001,2026-01-16 19:12:00,2026-01-17,Zhejiang,Ningbo,high,delivered
ORD_0005328,CUST_00167,WH_002,2026-01-16 06:58:00,2026-01-17,Zhejiang,Ningbo,normal,picked
ORD_0005329,CUST_00142,WH_003,2026-01-16 11:15:00,2026-01-17,Hubei,Wuhan,normal,picked
ORD_0005330,CUST_00118,WH_003,2026-01-16 09:33:00,2026-01-17,Sichuan,Mianyang,normal,delivered
ORD_0005331,CUST_00111,WH_001,2026-01-16 15:24:00,2026-01-17,Guangdong,Guangzhou,normal,picked
ORD_0005332,CUST_00161,WH_001,2026-01-16 17:33:00,2026-01-17,Guangdong,Dongguan,high,pending
ORD_0005333,CUST_00059,WH_002,2026-01-16 19:30:00,2026-01-17,Hubei,Yichang,normal,dispatched
ORD_0005334,CUST_00193,WH_003,2026-01-16 08:45:00,2026-01-17,Zhejiang,Hangzhou,high,pending
ORD_0005335,CUST_00066,WH_001,2026-01-16 17:45:00,2026-01-17,Zhejiang,Hangzhou,normal,picked
ORD_0005336,CUST_00118,WH_001,2026-01-16 18:27:00,2026-01-17,Sichuan,Mianyang,normal,picked
ORD_0005337,CUST_00116,WH_002,2026-01-16 09:32:00,2026-01-17,Henan,Kaifeng,normal,picked
ORD_0005338,CUST_00177,WH_001,2026-01-16 21:20:00,2026-01-17,Zhejiang,Ningbo,normal,picking
ORD_0005339,CUST_00092,WH_001,2026-01-16 14:10:00,2026-01-18,Jiangsu,Nanjing,high,picked
ORD_0005340,CUST_00068,WH_002,2026-01-16 10:30:00,2026-01-18,Shandong,Qingdao,normal,pending
ORD_0005341,CUST_00182,WH_003,2026-01-16 15:18:00,2026-01-17,Zhejiang,Hangzhou,high,pending
ORD_0005342,CUST_00024,WH_001,2026-01-16 13:06:00,2026-01-17,Jiangsu,Wuxi,normal,picked
ORD_0005343,CUST_00180,WH_003,2026-01-16 09:27:00,2026-01-17,Shandong,Yantai,normal,dispatched
ORD_0005344,CUST_00160,WH_001,2026-01-16 09:41:00,2026-01-17,Shandong,Qingdao,normal,dispatched
ORD_0005345,CUST_00086,WH_001,2026-01-16 11:26:00,2026-01-17,Guangdong,Dongguan,normal,delivered
ORD_0005346,CUST_00075,WH_002,2026-01-16 07:12:00,2026-01-17,Sichuan,Deyang,normal,picking
ORD_0005347,CUST_00021,WH_001,2026-01-16 10:24:00,2026-01-17,Guangdong,Shenzhen,high,picking
ORD_0005348,CUST_00144,WH_001,2026-01-16 09:50:00,2026-01-17,Shandong,Qingdao,high,picked
ORD_0005349,CUST_00079,WH_001,2026-01-16 08:29:00,2026-01-17,Henan,Kaifeng,high,dispatched
ORD_0005350,CUST_00173,WH_001,2026-01-16 13:33:00,2026-01-18,Henan,Kaifeng,normal,picked
ORD_0005351,CUST_00001,WH_002,2026-01-16 15:09:00,2026-01-17,Zhejiang,Ningbo,normal,dispatched
ORD_0005352,CUST_00196,WH_003,2026-01-16 15:52:00,2026-01-17,Henan,Zhengzhou,normal,dispatched
ORD_0005353,CUST_00166,WH_001,2026-01-16 15:17:00,2026-01-17,Henan,Luoyang,normal,pending
ORD_0005354,CUST_00115,WH_003,2026-01-16 17:34:00,2026-01-17,Shandong,Jinan,high,picked
ORD_0005355,CUST_00197,WH_001,2026-01-16 16:17:00,2026-01-17,Jiangsu,Nanjing,high,picked
ORD_0005356,CUST_00025,WH_003,2026-01-16 21:37:00,2026-01-17,Hubei,Yichang,high,picked
ORD_0005357,CUST_00011,WH_002,2026-01-16 17:58:00,2026-01-17,Guangdong,Dongguan,normal,picking
ORD_0005358,CUST_00123,WH_003,2026-01-16 10:42:00,2026-01-17,Guangdong,Guangzhou,normal,dispatched
ORD_0005359,CUST_00179,WH_001,2026-01-16 07:04:00,2026-01-17,Henan,Zhengzhou,normal,picked
ORD_0005360,CUST_00040,WH_003,2026-01-16 16:21:00,2026-01-17,Guangdong,Shenzhen,normal,dispatched
ORD_0005361,CUST_00112,WH_001,2026-01-16 08:01:00,2026-01-17,Guangdong,Guangzhou,normal,delivered
ORD_0005362,CUST_00116,WH_003,2026-01-16 18:14:00,2026-01-17,Henan,Kaifeng,normal,picking
ORD_0005363,CUST_00080,WH_002,2026-01-16 14:39:00,2026-01-17,Jiangsu,Nanjing,normal,picked
ORD_0005364,CUST_00145,WH_001,2026-01-16 19:50:00,2026-01-17,Sichuan,Chengdu,normal,picking
ORD_0005365,CUST_00138,WH_001,2026-01-16 20:27:00,2026-01-17,Guangdong,Shenzhen,normal,picked
ORD_0005366,CUST_00151,WH_003,2026-01-16 08:49:00,2026-01-17,Hubei,Yichang,normal,dispatched
ORD_0005367,CUST_00165,WH_002,2026-01-16 09:56:00,2026-01-17,Shandong,Yantai,normal,picked
ORD_0005368,CUST_00097,WH_002,2026-01-16 11:04:00,2026-01-17,Hubei,Yichang,normal,delivered
ORD_0005369,CUST_00062,WH_002,2026-01-16 17:50:00,2026-01-17,Zhejiang,Wenzhou,normal,picked
ORD_0005370,CUST_00189,WH_003,2026-01-16 14:18:00,2026-01-17,Hubei,Xiangyang,normal,picked
ORD_0005371,CUST_00176,WH_003,2026-01-16 18:34:00,2026-01-18,Henan,Luoyang,urgent,picked
ORD_0005372,CUST_00127,WH_002,2026-01-16 12:43:00,2026-01-17,Henan,Luoyang,normal,picked
ORD_0005373,CUST_00197,WH_003,2026-01-16 13:25:00,2026-01-17,Jiangsu,Nanjing,normal,delivered
ORD_0005374,CUST_00118,WH_001,2026-01-16 16:19:00,2026-01-17,Sichuan,Mianyang,normal,pending
ORD_0005375,CUST_00132,WH_002,2026-01-16 17:17:00,2026-01-17,Zhejiang,Ningbo,normal,pending
ORD_0005376,CUST_00182,WH_001,2026-01-16 08:24:00,2026-01-17,Zhejiang,Hangzhou,normal,picking
ORD_0005377,CUST_00169,WH_001,2026-01-16 15:39:00,2026-01-17,Shandong,Jinan,normal,picking
ORD_0005378,CUST_00025,WH_001,2026-01-16 07:39:00,2026-01-17,Hubei,Yichang,high,picking
ORD_0005379,CUST_00148,WH_001,2026-01-16 10:11:00,2026-01-17,Jiangsu,Suzhou,normal,dispatched
ORD_0005380,CUST_00115,WH_002,2026-01-16 10:38:00,2026-01-17,Shandong,Jinan,normal,dispatched
ORD_0005381,CUST_00074,WH_002,2026-01-16 16:13:00,2026-01-17,Sichuan,Mianyang,high,delivered
ORD_0005382,CUST_00119,WH_001,2026-01-16 10:07:00,2026-01-17,Zhejiang,Wenzhou,normal,dispatched
ORD_0005383,CUST_00037,WH_003,2026-01-16 21:34:00,2026-01-18,Jiangsu,Wuxi,normal,picked
ORD_0005384,CUST_00106,WH_001,2026-01-16 14:20:00,2026-01-17,Hubei,Wuhan,high,dispatched
ORD_0005385,CUST_00104,WH_002,2026-01-16 12:50:00,2026-01-18,Zhejiang,Ningbo,normal,picked
ORD_0005386,CUST_00088,WH_002,2026-01-16 17:03:00,2026-01-17,Shandong,Yantai,normal,picking
ORD_0005387,CUST_00194,WH_003,2026-01-16 11:19:00,2026-01-17,Zhejiang,Wenzhou,normal,dispatched
ORD_0005388,CUST_00020,WH_003,2026-01-16 17:18:00,2026-01-18,Jiangsu,Nanjing,normal,picked
ORD_0005389,CUST_00024,WH_003,2026-01-16 13:48:00,2026-01-17,Jiangsu,Wuxi,normal,pending
ORD_0005390,CUST_00173,WH_002,2026-01-16 15:53:00,2026-01-17,Henan,Kaifeng,normal,delivered
ORD_0005391,CUST_00015,WH_003,2026-01-16 06:58:00,2026-01-17,Guangdong,Guangzhou,normal,picked
ORD_0005392,CUST_00012,WH_003,2026-01-16 19:28:00,2026-01-17,Sichuan,Deyang,normal,picked
ORD_0005393,CUST_00065,WH_003,2026-01-16 17:20:00,2026-01-17,Shandong,Jinan,normal,dispatched
ORD_0005394,CUST_00107,WH_001,2026-01-16 13:08:00,2026-01-17,Henan,Luoyang,normal,dispatched
ORD_0005395,CUST_00121,WH_003,2026-01-16 14:52:00,2026-01-18,Sichuan,Deyang,normal,picked
ORD_0005396,CUST_00073,WH_003,2026-01-16 17:15:00,2026-01-17,Jiangsu,Wuxi,normal,picking
ORD_0005397,CUST_00102,WH_002,2026-01-16 14:18:00,2026-01-17,Sichuan,Chengdu,normal,dispatched
ORD_0005398,CUST_00041,WH_003,2026-01-16 19:27:00,2026-01-17,Jiangsu,Nanjing,normal,picking
ORD_0005399,CUST_00060,WH_001,2026-01-16 13:29:00,2026-01-17,Zhejiang,Ningbo,normal,delivered
ORD_0005400,CUST_00125,WH_001,2026-01-16 19:02:00,2026-01-17,Henan,Kaifeng,normal,dispatched
ORD_0005401,CUST_00006,WH_003,2026-01-16 20:09:00,2026-01-17,Zhejiang,Ningbo,normal,picking
ORD_0005402,CUST_00150,WH_001,2026-01-16 06:56:00,2026-01-17,Guangdong,Guangzhou,normal,picked
ORD_0005403,CUST_00043,WH_003,2026-01-16 20:01:00,2026-01-17,Zhejiang,Hangzhou,normal,picked
ORD_0005404,CUST_00154,WH_002,2026-01-16 06:12:00,2026-01-17,Guangdong,Dongguan,urgent,pending
ORD_0005405,CUST_00037,WH_002,2026-01-16 13:03:00,2026-01-17,Jiangsu,Wuxi,high,picked
ORD_0005406,CUST_00164,WH_002,2026-01-16 20:31:00,2026-01-17,Zhejiang,Wenzhou,normal,pending
ORD_0005407,CUST_00034,WH_002,2026-01-16 20:26:00,2026-01-17,Jiangsu,Suzhou,normal,picking
ORD_0005408,CUST_00121,WH_003,2026-01-16 09:36:00,2026-01-17,Sichuan,Deyang,normal,picking
ORD_0005409,CUST_00125,WH_003,2026-01-16 07:27:00,2026-01-17,Henan,Kaifeng,normal,picking
ORD_0005410,CUST_00050,WH_003,2026-01-16 09:42:00,2026-01-17,Shandong,Jinan,normal,dispatched
