sku_id,year_month,units,revenue
SKU_00083,2025-09,1856,82413
SKU_00168,2025-06,1856,82413
SKU_00082,2025-04,1856,82413
SKU_00167,2025-01,1856,82413
SKU_00168,2025-07,1856,82413
SKU_00082,2025-05,1856,82413
SKU_00167,2025-02,1856,82413
SKU_00055,2024-10,1856,82413
SKU_00168,2025-08,1856,82413
SKU_00082,2025-06,1856,82413
SKU_00167,2025-03,1856,82413
SKU_00081,2025-01,1856,82413
SKU_00055,2024-11,1856,82413
SKU_00168,2025-09,1856,82413
SKU_00082,2025-07,1856,82413
SKU_00167,2025-04,1856,82413
SKU_00081,2025-02,1856,82413
SKU_00055,2024-12,1856,82413
SKU_00049,2024-06,1856,82413
SKU_00082,2025-08,1856,82413
SKU_00167,2025-05,1856,82413
SKU_00081,2025-03,1856,82413
SKU_00205,2024-10,1856,82413
SKU_00049,2024-07,1856,82413
SKU_00082,2025-09,1856,82413
SKU_00167,2025-06,1856,82413
SKU_00081,2025-04,1856,82413
SKU_00231,2025-01,1856,82413
SKU_00166,2025-01,1856,82413
SKU_00205,2024-11,1856,82413
SKU_00049,2024-08,1856,82413
SKU_00167,2025-07,1856,82413
SKU_00081,2025-05,1856,82413
SKU_00231,2025-02,1856,82413
SKU_00166,2025-02,1856,82413
SKU_00205,2024-12,1856,82413
SKU_00049,2024-09,1856,82413
SKU_00054,2024-10,1856,82413
SKU_00167,2025-08,1856,82413
SKU_00081,2025-06,1856,82413
SKU_00231,2025-03,1856,82413
SKU_00166,2025-03,1856,82413
SKU_00080,2025-01,1856,82413
SKU_00054,2024-11,1856,82413
SKU_00059,2025-10,1856,82413
SKU_00167,2025-09,1856,82413
SKU_00081,2025-07,1856,82413
SKU_00231,2025-04,1856,82413
SKU_00166,2025-04,1856,82413
SKU_00080,2025-02,1856,82413
SKU_00054,2024-12,1856,82413
SKU_00048,2024-06,1856,82413
SKU_00059,2025-11,1856,82413
SKU_00081,2025-08,1856,82413
SKU_00231,2025-05,1856,82413
SKU_00166,2025-05,1856,82413
SKU_00080,2025-03,1856,82413
SKU_00204,2024-10,1856,82413
SKU_00048,2024-07,1856,82413
SKU_00081,2025-09,1856,82413
SKU_00231,2025-06,1856,82413
SKU_00166,2025-06,1856,82413
SKU_00080,2025-04,1856,82413
SKU_00230,2025-01,1856,82413
SKU_00204,2024-11,1856,82413
SKU_00048,2024-08,1856,82413
SKU_00231,2025-07,1856,82413
SKU_00166,2025-07,1856,82413
SKU_00080,2025-05,1856,82413
SKU_00230,2025-02,1856,82413
SKU_00204,2024-12,1856,82413
SKU_00048,2024-09,1856,82413
SKU_00231,2025-08,1856,82413
SKU_00166,2025-08,1856,82413
SKU_00080,2025-06,1856,82413
SKU_00230,2025-03,1856,82413
SKU_00058,2025-10,1856,82413
SKU_00231,2025-09,1856,82413
SKU_00166,2025-09,1856,82413
SKU_00080,2025-07,1856,82413
SKU_00230,2025-04,1856,82413
SKU_00047,2024-06,1856,82413
SKU_00058,2025-11,1856,82413
SKU_00080,2025-08,1856,82413
SKU_00230,2025-05,1856,82413
SKU_00203,2024-10,1856,82413
SKU_00047,2024-07,1856,82413
SKU_00080,2025-09,1856,82413
SKU_00230,2025-06,1856,82413
SKU_00203,2024-11,1856,82413
SKU_00047,2024-08,1856,82413
SKU_00230,2025-07,1856,82413
SKU_00203,2024-12,1856,82413
SKU_00047,2024-09,1856,82413
SKU_00230,2025-08,1856,82413
SKU_00057,2025-10,1856,82413
SKU_00230,2025-09,1856,82413
SKU_00046,2024-06,1856,82413
SKU_00111,2024-06,1856,82413
SKU_00057,2025-11,1856,82413
SKU_00299,2024-10,1856,82413
SKU_00202,2024-10,1856,82413
SKU_00046,2024-07,1856,82413
SKU_00111,2024-07,1856,82413
SKU_00299,2024-11,1856,82413
SKU_00202,2024-11,1856,82413
SKU_00046,2024-08,1856,82413
SKU_00111,2024-08,1856,82413
SKU_00299,2024-12,1856,82413
SKU_00202,2024-12,1856,82413
SKU_00046,2024-09,1856,82413
SKU_00111,2024-09,1856,82413
SKU_00056,2025-10,1856,82413
SKU_00110,2024-06,1856,82413
SKU_00056,2025-11,1856,82413
SKU_00298,2024-10,1856,82413
SKU_00201,2024-10,1856,82413
SKU_00110,2024-07,1856,82413
SKU_00049,2025-01,1856,82413
SKU_00298,2024-11,1856,82413
SKU_00201,2024-11,1856,82413
SKU_00110,2024-08,1856,82413
SKU_00206,2025-10,1856,82413
SKU_00049,2025-02,1856,82413
SKU_00298,2024-12,1856,82413
SKU_00201,2024-12,1856,82413
SKU_00110,2024-09,1856,82413
SKU_00206,2025-11,1856,82413
SKU_00049,2025-03,1856,82413
SKU_00120,2025-10,1856,82413
SKU_00055,2025-10,1856,82413
SKU_00049,2025-04,1856,82413
SKU_00120,2025-11,1856,82413
SKU_00055,2025-11,1856,82413
SKU_00049,2025-05,1856,82413
SKU_00297,2024-10,1856,82413
SKU_00200,2024-10,1856,82413
SKU_00049,2025-06,1856,82413
SKU_00048,2025-01,1856,82413
SKU_00297,2024-11,1856,82413
SKU_00200,2024-11,1856,82413
SKU_00205,2025-10,1856,82413
SKU_00049,2025-07,1856,82413
SKU_00048,2025-02,1856,82413
SKU_00297,2024-12,1856,82413
SKU_00200,2024-12,1856,82413
SKU_00098,2024-10,1856,82413
SKU_00001,2024-10,1856,82413
SKU_00205,2025-11,1856,82413
SKU_00049,2025-08,1856,82413
SKU_00048,2025-03,1856,82413
SKU_00098,2024-11,1856,82413
SKU_00001,2024-11,1856,82413
SKU_00049,2025-09,1856,82413
SKU_00048,2025-04,1856,82413
SKU_00098,2024-12,1856,82413
SKU_00001,2024-12,1856,82413
SKU_00048,2025-05,1856,82413
SKU_00048,2025-06,1856,82413
SKU_00112,2025-01,1856,82413
SKU_00047,2025-01,1856,82413
SKU_00204,2025-10,1856,82413
SKU_00048,2025-07,1856,82413
SKU_00112,2025-02,1856,82413
SKU_00047,2025-02,1856,82413
SKU_00097,2024-10,1856,82413
SKU_00204,2025-11,1856,82413
SKU_00048,2025-08,1856,82413
SKU_00112,2025-03,1856,82413
SKU_00047,2025-03,1856,82413
SKU_00097,2024-11,1856,82413
SKU_00048,2025-09,1856,82413
SKU_00112,2025-04,1856,82413
SKU_00047,2025-04,1856,82413
SKU_00097,2024-12,1856,82413
SKU_00112,2025-05,1856,82413
SKU_00047,2025-05,1856,82413
SKU_00112,2025-06,1856,82413
SKU_00047,2025-06,1856,82413
SKU_00111,2025-01,1856,82413
SKU_00203,2025-10,1856,82413
SKU_00112,2025-07,1856,82413
SKU_00047,2025-07,1856,82413
SKU_00111,2025-02,1856,82413
SKU_00289,2024-06,1856,82413
SKU_00096,2024-10,1856,82413
SKU_00203,2025-11,1856,82413
SKU_00112,2025-08,1856,82413
SKU_00047,2025-08,1856,82413
SKU_00111,2025-03,1856,82413
SKU_00096,2024-11,1856,82413
SKU_00289,2024-07,1856,82413
SKU_00112,2025-09,1856,82413
SKU_00047,2025-09,1856,82413
SKU_00111,2025-04,1856,82413
SKU_00096,2024-12,1856,82413
SKU_00289,2024-08,1856,82413
SKU_00111,2025-05,1856,82413
SKU_00289,2024-09,1856,82413
SKU_00111,2025-06,1856,82413
SKU_00110,2025-01,1856,82413
SKU_00299,2025-10,1856,82413
SKU_00202,2025-10,1856,82413
SKU_00111,2025-07,1856,82413
SKU_00110,2025-02,1856,82413
SKU_00095,2024-10,1856,82413
SKU_00299,2025-11,1856,82413
SKU_00202,2025-11,1856,82413
SKU_00111,2025-08,1856,82413
SKU_00110,2025-03,1856,82413
SKU_00095,2024-11,1856,82413
SKU_00111,2025-09,1856,82413
SKU_00110,2025-04,1856,82413
SKU_00095,2024-12,1856,82413
SKU_00089,2024-06,1856,82413
SKU_00110,2025-05,1856,82413
SKU_00089,2024-07,1856,82413
SKU_00110,2025-06,1856,82413
SKU_00089,2024-08,1856,82413
SKU_00201,2025-10,1856,82413
SKU_00110,2025-07,1856,82413
SKU_00089,2024-09,1856,82413
SKU_00094,2024-10,1856,82413
SKU_00201,2025-11,1856,82413
SKU_00110,2025-08,1856,82413
SKU_00094,2024-11,1856,82413
SKU_00099,2025-10,1856,82413
SKU_00002,2025-10,1856,82413
SKU_00110,2025-09,1856,82413
SKU_00094,2024-12,1856,82413
SKU_00088,2024-06,1856,82413
SKU_00099,2025-11,1856,82413
SKU_00002,2025-11,1856,82413
SKU_00244,2024-10,1856,82413
SKU_00179,2024-10,1856,82413
SKU_00088,2024-07,1856,82413
SKU_00270,2025-01,1856,82413
SKU_00244,2024-11,1856,82413
SKU_00179,2024-11,1856,82413
SKU_00088,2024-08,1856,82413
SKU_00270,2025-02,1856,82413
SKU_00244,2024-12,1856,82413
SKU_00179,2024-12,1856,82413
SKU_00088,2024-09,1856,82413
SKU_00093,2024-10,1856,82413
SKU_00270,2025-03,1856,82413
SKU_00093,2024-11,1856,82413
SKU_00098,2025-10,1856,82413
SKU_00001,2025-10,1856,82413
SKU_00270,2025-04,1856,82413
SKU_00093,2024-12,1856,82413
SKU_00087,2024-06,1856,82413
SKU_00098,2025-11,1856,82413
SKU_00001,2025-11,1856,82413
SKU_00270,2025-05,1856,82413
SKU_00243,2024-10,1856,82413
SKU_00087,2024-07,1856,82413
SKU_00270,2025-06,1856,82413
SKU_00243,2024-11,1856,82413
SKU_00087,2024-08,1856,82413
SKU_00270,2025-07,1856,82413
SKU_00243,2024-12,1856,82413
SKU_00087,2024-09,1856,82413
SKU_00270,2025-08,1856,82413
SKU_00097,2025-10,1856,82413
SKU_00270,2025-09,1856,82413
SKU_00086,2024-06,1856,82413
SKU_00097,2025-11,1856,82413
SKU_00242,2024-10,1856,82413
SKU_00086,2024-07,1856,82413
SKU_00242,2024-11,1856,82413
SKU_00086,2024-08,1856,82413
SKU_00242,2024-12,1856,82413
SKU_00236,2024-06,1856,82413
SKU_00086,2024-09,1856,82413
SKU_00236,2024-07,1856,82413
SKU_00096,2025-10,1856,82413
SKU_00150,2024-06,1856,82413
SKU_00236,2024-08,1856,82413
SKU_00085,2024-06,1856,82413
SKU_00096,2025-11,1856,82413
SKU_00241,2024-10,1856,82413
SKU_00150,2024-07,1856,82413
SKU_00236,2024-09,1856,82413
SKU_00085,2024-07,1856,82413
SKU_00089,2025-01,1856,82413
SKU_00241,2024-11,1856,82413
SKU_00150,2024-08,1856,82413
SKU_00085,2024-08,1856,82413
SKU_00089,2025-02,1856,82413
SKU_00241,2024-12,1856,82413
SKU_00150,2024-09,1856,82413
SKU_00235,2024-06,1856,82413
SKU_00085,2024-09,1856,82413
SKU_00089,2025-03,1856,82413
SKU_00235,2024-07,1856,82413
SKU_00095,2025-10,1856,82413
SKU_00089,2025-04,1856,82413
SKU_00235,2024-08,1856,82413
SKU_00095,2025-11,1856,82413
SKU_00089,2025-05,1856,82413
SKU_00240,2024-10,1856,82413
SKU_00235,2024-09,1856,82413
SKU_00089,2025-06,1856,82413
SKU_00088,2025-01,1856,82413
SKU_00240,2024-11,1856,82413
SKU_00245,2025-10,1856,82413
SKU_00089,2025-07,1856,82413
SKU_00088,2025-02,1856,82413
SKU_00240,2024-12,1856,82413
SKU_00234,2024-06,1856,82413
SKU_00245,2025-11,1856,82413
SKU_00089,2025-08,1856,82413
SKU_00088,2025-03,1856,82413
SKU_00234,2024-07,1856,82413
SKU_00094,2025-10,1856,82413
SKU_00089,2025-09,1856,82413
SKU_00088,2025-04,1856,82413
SKU_00234,2024-08,1856,82413
SKU_00094,2025-11,1856,82413
SKU_00088,2025-05,1856,82413
SKU_00234,2024-09,1856,82413
SKU_00088,2025-06,1856,82413
SKU_00087,2025-01,1856,82413
SKU_00244,2025-10,1856,82413
SKU_00088,2025-07,1856,82413
SKU_00087,2025-02,1856,82413
SKU_00233,2024-06,1856,82413
SKU_00244,2025-11,1856,82413
SKU_00088,2025-08,1856,82413
SKU_00087,2025-03,1856,82413
SKU_00233,2024-07,1856,82413
SKU_00088,2025-09,1856,82413
SKU_00087,2025-04,1856,82413
SKU_00237,2025-01,1856,82413
SKU_00233,2024-08,1856,82413
SKU_00087,2025-05,1856,82413
SKU_00237,2025-02,1856,82413
SKU_00233,2024-09,1856,82413
SKU_00125,2024-10,1856,82413
SKU_00087,2025-06,1856,82413
SKU_00237,2025-03,1856,82413
SKU_00151,2025-01,1856,82413
SKU_00086,2025-01,1856,82413
SKU_00125,2024-11,1856,82413
SKU_00243,2025-10,1856,82413
SKU_00087,2025-07,1856,82413
SKU_00237,2025-04,1856,82413
SKU_00151,2025-02,1856,82413
SKU_00086,2025-02,1856,82413
SKU_00125,2024-12,1856,82413
SKU_00232,2024-06,1856,82413
SKU_00243,2025-11,1856,82413
SKU_00087,2025-08,1856,82413
SKU_00237,2025-05,1856,82413
SKU_00151,2025-03,1856,82413
SKU_00086,2025-03,1856,82413
SKU_00232,2024-07,1856,82413
SKU_00087,2025-09,1856,82413
SKU_00237,2025-06,1856,82413
SKU_00151,2025-04,1856,82413
SKU_00086,2025-04,1856,82413
SKU_00236,2025-01,1856,82413
SKU_00232,2024-08,1856,82413
SKU_00237,2025-07,1856,82413
SKU_00151,2025-05,1856,82413
SKU_00086,2025-05,1856,82413
SKU_00236,2025-02,1856,82413
SKU_00232,2024-09,1856,82413
SKU_00124,2024-10,1856,82413
SKU_00237,2025-08,1856,82413
SKU_00151,2025-06,1856,82413
SKU_00086,2025-06,1856,82413
SKU_00236,2025-03,1856,82413
SKU_00150,2025-01,1856,82413
SKU_00124,2024-11,1856,82413
SKU_00242,2025-10,1856,82413
SKU_00237,2025-09,1856,82413
SKU_00151,2025-07,1856,82413
SKU_00086,2025-07,1856,82413
SKU_00236,2025-04,1856,82413
SKU_00150,2025-02,1856,82413
SKU_00124,2024-12,1856,82413
SKU_00231,2024-06,1856,82413
SKU_00242,2025-11,1856,82413
SKU_00151,2025-08,1856,82413
SKU_00086,2025-08,1856,82413
SKU_00236,2025-05,1856,82413
SKU_00150,2025-03,1856,82413
SKU_00209,2024-10,1856,82413
SKU_00231,2024-07,1856,82413
SKU_00151,2025-09,1856,82413
SKU_00086,2025-09,1856,82413
SKU_00236,2025-06,1856,82413
SKU_00150,2025-04,1856,82413
SKU_00235,2025-01,1856,82413
SKU_00209,2024-11,1856,82413
SKU_00231,2024-08,1856,82413
SKU_00236,2025-07,1856,82413
SKU_00150,2025-05,1856,82413
SKU_00235,2025-02,1856,82413
SKU_00209,2024-12,1856,82413
SKU_00231,2024-09,1856,82413
SKU_00123,2024-10,1856,82413
SKU_00236,2025-08,1856,82413
SKU_00150,2025-06,1856,82413
SKU_00235,2025-03,1856,82413
SKU_00123,2024-11,1856,82413
SKU_00241,2025-10,1856,82413
SKU_00236,2025-09,1856,82413
SKU_00150,2025-07,1856,82413
SKU_00235,2025-04,1856,82413
SKU_00123,2024-12,1856,82413
SKU_00117,2024-06,1856,82413
SKU_00241,2025-11,1856,82413
SKU_00150,2025-08,1856,82413
SKU_00235,2025-05,1856,82413
SKU_00208,2024-10,1856,82413
SKU_00117,2024-07,1856,82413
SKU_00150,2025-09,1856,82413
SKU_00235,2025-06,1856,82413
SKU_00234,2025-01,1856,82413
SKU_00208,2024-11,1856,82413
SKU_00031,2024-06,1856,82413
SKU_00117,2024-08,1856,82413
SKU_00235,2025-07,1856,82413
SKU_00234,2025-02,1856,82413
SKU_00208,2024-12,1856,82413
SKU_00031,2024-07,1856,82413
SKU_00117,2024-09,1856,82413
SKU_00122,2024-10,1856,82413
SKU_00235,2025-08,1856,82413
SKU_00234,2025-03,1856,82413
SKU_00122,2024-11,1856,82413
SKU_00031,2024-08,1856,82413
SKU_00240,2025-10,1856,82413
SKU_00235,2025-09,1856,82413
SKU_00234,2025-04,1856,82413
SKU_00122,2024-12,1856,82413
SKU_00031,2024-09,1856,82413
SKU_00116,2024-06,1856,82413
SKU_00240,2025-11,1856,82413
SKU_00234,2025-05,1856,82413
SKU_00207,2024-10,1856,82413
SKU_00116,2024-07,1856,82413
SKU_00234,2025-06,1856,82413
SKU_00233,2025-01,1856,82413
SKU_00207,2024-11,1856,82413
SKU_00030,2024-06,1856,82413
SKU_00116,2024-08,1856,82413
SKU_00234,2025-07,1856,82413
SKU_00233,2025-02,1856,82413
SKU_00207,2024-12,1856,82413
SKU_00283,2024-10,1856,82413
SKU_00030,2024-07,1856,82413
SKU_00116,2024-09,1856,82413
SKU_00121,2024-10,1856,82413
SKU_00234,2025-08,1856,82413
SKU_00233,2025-03,1856,82413
SKU_00283,2024-11,1856,82413
SKU_00121,2024-11,1856,82413
SKU_00030,2024-08,1856,82413
SKU_00126,2025-10,1856,82413
SKU_00234,2025-09,1856,82413
SKU_00233,2025-04,1856,82413
SKU_00283,2024-12,1856,82413
SKU_00121,2024-12,1856,82413
SKU_00030,2024-09,1856,82413
SKU_00115,2024-06,1856,82413
SKU_00126,2025-11,1856,82413
SKU_00233,2025-05,1856,82413
SKU_00206,2024-10,1856,82413
SKU_00115,2024-07,1856,82413
SKU_00040,2025-10,1856,82413
SKU_00233,2025-06,1856,82413
SKU_00232,2025-01,1856,82413
SKU_00206,2024-11,1856,82413
SKU_00115,2024-08,1856,82413
SKU_00040,2025-11,1856,82413
SKU_00233,2025-07,1856,82413
SKU_00232,2025-02,1856,82413
SKU_00206,2024-12,1856,82413
SKU_00282,2024-10,1856,82413
SKU_00115,2024-09,1856,82413
SKU_00120,2024-10,1856,82413
SKU_00233,2025-08,1856,82413
SKU_00232,2025-03,1856,82413
SKU_00282,2024-11,1856,82413
SKU_00120,2024-11,1856,82413
SKU_00125,2025-10,1856,82413
SKU_00233,2025-09,1856,82413
SKU_00232,2025-04,1856,82413
SKU_00282,2024-12,1856,82413
SKU_00120,2024-12,1856,82413
SKU_00114,2024-06,1856,82413
SKU_00125,2025-11,1856,82413
SKU_00232,2025-05,1856,82413
SKU_00114,2024-07,1856,82413
SKU_00232,2025-06,1856,82413
SKU_00118,2025-01,1856,82413
SKU_00114,2024-08,1856,82413
SKU_00232,2025-07,1856,82413
SKU_00118,2025-02,1856,82413
SKU_00281,2024-10,1856,82413
SKU_00006,2024-10,1856,82413
SKU_00114,2024-09,1856,82413
SKU_00232,2025-08,1856,82413
SKU_00118,2025-03,1856,82413
SKU_00032,2025-01,1856,82413
SKU_00281,2024-11,1856,82413
SKU_00006,2024-11,1856,82413
SKU_00124,2025-10,1856,82413
SKU_00232,2025-09,1856,82413
SKU_00118,2025-04,1856,82413
SKU_00032,2025-02,1856,82413
SKU_00281,2024-12,1856,82413
SKU_00006,2024-12,1856,82413
SKU_00113,2024-06,1856,82413
SKU_00124,2025-11,1856,82413
SKU_00118,2025-05,1856,82413
SKU_00032,2025-03,1856,82413
SKU_00113,2024-07,1856,82413
SKU_00118,2025-06,1856,82413
SKU_00032,2025-04,1856,82413
SKU_00117,2025-01,1856,82413
SKU_00113,2024-08,1856,82413
SKU_00209,2025-10,1856,82413
SKU_00118,2025-07,1856,82413
SKU_00032,2025-05,1856,82413
SKU_00117,2025-02,1856,82413
SKU_00280,2024-10,1856,82413
SKU_00005,2024-10,1856,82413
SKU_00113,2024-09,1856,82413
SKU_00209,2025-11,1856,82413
SKU_00118,2025-08,1856,82413
SKU_00032,2025-06,1856,82413
SKU_00117,2025-03,1856,82413
SKU_00031,2025-01,1856,82413
SKU_00280,2024-11,1856,82413
SKU_00005,2024-11,1856,82413
SKU_00123,2025-10,1856,82413
SKU_00118,2025-09,1856,82413
SKU_00032,2025-07,1856,82413
SKU_00117,2025-04,1856,82413
SKU_00031,2025-02,1856,82413
SKU_00280,2024-12,1856,82413
SKU_00005,2024-12,1856,82413
SKU_00274,2024-06,1856,82413
SKU_00112,2024-06,1856,82413
SKU_00123,2025-11,1856,82413
SKU_00032,2025-08,1856,82413
SKU_00117,2025-05,1856,82413
SKU_00031,2025-03,1856,82413
SKU_00274,2024-07,1856,82413
SKU_00112,2024-07,1856,82413
SKU_00032,2025-09,1856,82413
SKU_00117,2025-06,1856,82413
SKU_00031,2025-04,1856,82413
SKU_00116,2025-01,1856,82413
SKU_00274,2024-08,1856,82413
SKU_00112,2024-08,1856,82413
SKU_00208,2025-10,1856,82413
SKU_00117,2025-07,1856,82413
SKU_00031,2025-05,1856,82413
SKU_00116,2025-02,1856,82413
SKU_00274,2024-09,1856,82413
SKU_00112,2024-09,1856,82413
SKU_00004,2024-10,1856,82413
SKU_00208,2025-11,1856,82413
SKU_00117,2025-08,1856,82413
SKU_00031,2025-06,1856,82413
SKU_00116,2025-03,1856,82413
SKU_00030,2025-01,1856,82413
SKU_00004,2024-11,1856,82413
SKU_00284,2025-10,1856,82413
SKU_00122,2025-10,1856,82413
SKU_00117,2025-09,1856,82413
SKU_00031,2025-07,1856,82413
SKU_00116,2025-04,1856,82413
SKU_00030,2025-02,1856,82413
SKU_00004,2024-12,1856,82413
SKU_00273,2024-06,1856,82413
SKU_00284,2025-11,1856,82413
SKU_00122,2025-11,1856,82413
SKU_00031,2025-08,1856,82413
SKU_00116,2025-05,1856,82413
SKU_00030,2025-03,1856,82413
SKU_00273,2024-07,1856,82413
SKU_00031,2025-09,1856,82413
SKU_00116,2025-06,1856,82413
SKU_00030,2025-04,1856,82413
SKU_00115,2025-01,1856,82413
SKU_00273,2024-08,1856,82413
SKU_00207,2025-10,1856,82413
SKU_00116,2025-07,1856,82413
SKU_00030,2025-05,1856,82413
SKU_00115,2025-02,1856,82413
SKU_00273,2024-09,1856,82413
SKU_00003,2024-10,1856,82413
SKU_00207,2025-11,1856,82413
SKU_00116,2025-08,1856,82413
SKU_00030,2025-06,1856,82413
SKU_00115,2025-03,1856,82413
SKU_00003,2024-11,1856,82413
SKU_00283,2025-10,1856,82413
SKU_00121,2025-10,1856,82413
SKU_00116,2025-09,1856,82413
SKU_00030,2025-07,1856,82413
SKU_00115,2025-04,1856,82413
SKU_00003,2024-12,1856,82413
SKU_00272,2024-06,1856,82413
SKU_00283,2025-11,1856,82413
SKU_00121,2025-11,1856,82413
SKU_00030,2025-08,1856,82413
SKU_00115,2025-05,1856,82413
SKU_00272,2024-07,1856,82413
SKU_00030,2025-09,1856,82413
SKU_00115,2025-06,1856,82413
SKU_00114,2025-01,1856,82413
SKU_00272,2024-08,1856,82413
SKU_00115,2025-07,1856,82413
SKU_00114,2025-02,1856,82413
SKU_00099,2024-10,1856,82413
SKU_00272,2024-09,1856,82413
SKU_00164,2024-10,1856,82413
SKU_00002,2024-10,1856,82413
SKU_00115,2025-08,1856,82413
SKU_00114,2025-03,1856,82413
SKU_00190,2025-01,1856,82413
SKU_00164,2024-11,1856,82413
SKU_00099,2024-11,1856,82413
SKU_00002,2024-11,1856,82413
SKU_00282,2025-10,1856,82413
SKU_00007,2025-10,1856,82413
SKU_00115,2025-09,1856,82413
SKU_00114,2025-04,1856,82413
SKU_00190,2025-02,1856,82413
SKU_00164,2024-12,1856,82413
SKU_00099,2024-12,1856,82413
SKU_00002,2024-12,1856,82413
SKU_00271,2024-06,1856,82413
SKU_00282,2025-11,1856,82413
SKU_00007,2025-11,1856,82413
SKU_00114,2025-05,1856,82413
SKU_00190,2025-03,1856,82413
SKU_00249,2024-10,1856,82413
SKU_00271,2024-07,1856,82413
SKU_00114,2025-06,1856,82413
SKU_00190,2025-04,1856,82413
SKU_00275,2025-01,1856,82413
SKU_00113,2025-01,1856,82413
SKU_00249,2024-11,1856,82413
SKU_00271,2024-08,1856,82413
SKU_00114,2025-07,1856,82413
SKU_00190,2025-05,1856,82413
SKU_00275,2025-02,1856,82413
SKU_00113,2025-02,1856,82413
SKU_00249,2024-12,1856,82413
SKU_00271,2024-09,1856,82413
SKU_00163,2024-10,1856,82413
SKU_00114,2025-08,1856,82413
SKU_00190,2025-06,1856,82413
SKU_00275,2025-03,1856,82413
SKU_00113,2025-03,1856,82413
SKU_00163,2024-11,1856,82413
SKU_00281,2025-10,1856,82413
SKU_00006,2025-10,1856,82413
SKU_00114,2025-09,1856,82413
SKU_00190,2025-07,1856,82413
SKU_00275,2025-04,1856,82413
SKU_00113,2025-04,1856,82413
SKU_00163,2024-12,1856,82413
SKU_00270,2024-06,1856,82413
SKU_00281,2025-11,1856,82413
SKU_00006,2025-11,1856,82413
SKU_00190,2025-08,1856,82413
SKU_00275,2025-05,1856,82413
SKU_00113,2025-05,1856,82413
SKU_00248,2024-10,1856,82413
SKU_00270,2024-07,1856,82413
SKU_00190,2025-09,1856,82413
SKU_00275,2025-06,1856,82413
SKU_00113,2025-06,1856,82413
SKU_00274,2025-01,1856,82413
SKU_00248,2024-11,1856,82413
SKU_00270,2024-08,1856,82413
SKU_00275,2025-07,1856,82413
SKU_00113,2025-07,1856,82413
SKU_00274,2025-02,1856,82413
SKU_00248,2024-12,1856,82413
SKU_00270,2024-09,1856,82413
SKU_00162,2024-10,1856,82413
SKU_00275,2025-08,1856,82413
SKU_00113,2025-08,1856,82413
SKU_00274,2025-03,1856,82413
SKU_00162,2024-11,1856,82413
SKU_00280,2025-10,1856,82413
SKU_00005,2025-10,1856,82413
SKU_00275,2025-09,1856,82413
SKU_00113,2025-09,1856,82413
SKU_00274,2025-04,1856,82413
SKU_00162,2024-12,1856,82413
SKU_00280,2025-11,1856,82413
SKU_00005,2025-11,1856,82413
SKU_00274,2025-05,1856,82413
SKU_00247,2024-10,1856,82413
SKU_00274,2025-06,1856,82413
SKU_00273,2025-01,1856,82413
SKU_00247,2024-11,1856,82413
SKU_00070,2024-06,1856,82413
SKU_00274,2025-07,1856,82413
SKU_00273,2025-02,1856,82413
SKU_00247,2024-12,1856,82413
SKU_00070,2024-07,1856,82413
SKU_00161,2024-10,1856,82413
SKU_00274,2025-08,1856,82413
SKU_00273,2025-03,1856,82413
SKU_00161,2024-11,1856,82413
SKU_00070,2024-08,1856,82413
SKU_00004,2025-10,1856,82413
SKU_00274,2025-09,1856,82413
SKU_00273,2025-04,1856,82413
SKU_00161,2024-12,1856,82413
SKU_00070,2024-09,1856,82413
SKU_00155,2024-06,1856,82413
SKU_00004,2025-11,1856,82413
SKU_00273,2025-05,1856,82413
SKU_00246,2024-10,1856,82413
SKU_00155,2024-07,1856,82413
SKU_00273,2025-06,1856,82413
SKU_00272,2025-01,1856,82413
SKU_00246,2024-11,1856,82413
SKU_00155,2024-08,1856,82413
SKU_00273,2025-07,1856,82413
SKU_00272,2025-02,1856,82413
SKU_00246,2024-12,1856,82413
SKU_00155,2024-09,1856,82413
SKU_00160,2024-10,1856,82413
SKU_00273,2025-08,1856,82413
SKU_00272,2025-03,1856,82413
SKU_00160,2024-11,1856,82413
SKU_00165,2025-10,1856,82413
SKU_00003,2025-10,1856,82413
SKU_00273,2025-09,1856,82413
SKU_00272,2025-04,1856,82413
SKU_00160,2024-12,1856,82413
SKU_00154,2024-06,1856,82413
SKU_00165,2025-11,1856,82413
SKU_00003,2025-11,1856,82413
SKU_00272,2025-05,1856,82413
SKU_00245,2024-10,1856,82413
SKU_00154,2024-07,1856,82413
SKU_00272,2025-06,1856,82413
SKU_00271,2025-01,1856,82413
SKU_00245,2024-11,1856,82413
SKU_00154,2024-08,1856,82413
SKU_00272,2025-07,1856,82413
SKU_00271,2025-02,1856,82413
SKU_00245,2024-12,1856,82413
SKU_00154,2024-09,1856,82413
SKU_00239,2024-06,1856,82413
SKU_00272,2025-08,1856,82413
SKU_00271,2025-03,1856,82413
SKU_00239,2024-07,1856,82413
SKU_00164,2025-10,1856,82413
SKU_00272,2025-09,1856,82413
SKU_00271,2025-04,1856,82413
SKU_00153,2024-06,1856,82413
SKU_00239,2024-08,1856,82413
SKU_00164,2025-11,1856,82413
SKU_00271,2025-05,1856,82413
SKU_00153,2024-07,1856,82413
SKU_00239,2024-09,1856,82413
SKU_00271,2025-06,1856,82413
SKU_00157,2025-01,1856,82413
SKU_00153,2024-08,1856,82413
SKU_00249,2025-10,1856,82413
SKU_00271,2025-07,1856,82413
SKU_00157,2025-02,1856,82413
SKU_00153,2024-09,1856,82413
SKU_00238,2024-06,1856,82413
SKU_00045,2024-10,1856,82413
SKU_00249,2025-11,1856,82413
SKU_00271,2025-08,1856,82413
SKU_00157,2025-03,1856,82413
SKU_00071,2025-01,1856,82413
SKU_00045,2024-11,1856,82413
SKU_00238,2024-07,1856,82413
SKU_00163,2025-10,1856,82413
SKU_00271,2025-09,1856,82413
SKU_00157,2025-04,1856,82413
SKU_00071,2025-02,1856,82413
SKU_00045,2024-12,1856,82413
SKU_00152,2024-06,1856,82413
SKU_00238,2024-08,1856,82413
SKU_00163,2025-11,1856,82413
SKU_00157,2025-05,1856,82413
SKU_00071,2025-03,1856,82413
SKU_00152,2024-07,1856,82413
SKU_00238,2024-09,1856,82413
SKU_00157,2025-06,1856,82413
SKU_00071,2025-04,1856,82413
SKU_00156,2025-01,1856,82413
SKU_00152,2024-08,1856,82413
SKU_00248,2025-10,1856,82413
SKU_00157,2025-07,1856,82413
SKU_00071,2025-05,1856,82413
SKU_00156,2025-02,1856,82413
SKU_00152,2024-09,1856,82413
SKU_00237,2024-06,1856,82413
SKU_00044,2024-10,1856,82413
SKU_00248,2025-11,1856,82413
SKU_00157,2025-08,1856,82413
SKU_00071,2025-06,1856,82413
SKU_00156,2025-03,1856,82413
SKU_00070,2025-01,1856,82413
SKU_00044,2024-11,1856,82413
SKU_00237,2024-07,1856,82413
SKU_00162,2025-10,1856,82413
SKU_00157,2025-09,1856,82413
SKU_00071,2025-07,1856,82413
SKU_00156,2025-04,1856,82413
SKU_00070,2025-02,1856,82413
SKU_00044,2024-12,1856,82413
SKU_00151,2024-06,1856,82413
SKU_00237,2024-08,1856,82413
SKU_00162,2025-11,1856,82413
SKU_00071,2025-08,1856,82413
SKU_00156,2025-05,1856,82413
SKU_00070,2025-03,1856,82413
SKU_00129,2024-10,1856,82413
SKU_00151,2024-07,1856,82413
SKU_00237,2024-09,1856,82413
SKU_00071,2025-09,1856,82413
SKU_00156,2025-06,1856,82413
SKU_00070,2025-04,1856,82413
SKU_00155,2025-01,1856,82413
SKU_00129,2024-11,1856,82413
SKU_00151,2024-08,1856,82413
SKU_00247,2025-10,1856,82413
SKU_00156,2025-07,1856,82413
SKU_00070,2025-05,1856,82413
SKU_00155,2025-02,1856,82413
SKU_00129,2024-12,1856,82413
SKU_00151,2024-09,1856,82413
SKU_00043,2024-10,1856,82413
SKU_00247,2025-11,1856,82413
SKU_00156,2025-08,1856,82413
SKU_00070,2025-06,1856,82413
SKU_00155,2025-03,1856,82413
SKU_00043,2024-11,1856,82413
SKU_00161,2025-10,1856,82413
SKU_00156,2025-09,1856,82413
SKU_00070,2025-07,1856,82413
SKU_00155,2025-04,1856,82413
SKU_00043,2024-12,1856,82413
SKU_00037,2024-06,1856,82413
SKU_00161,2025-11,1856,82413
SKU_00070,2025-08,1856,82413
SKU_00155,2025-05,1856,82413
SKU_00037,2024-07,1856,82413
SKU_00128,2024-10,1856,82413
SKU_00070,2025-09,1856,82413
SKU_00155,2025-06,1856,82413
SKU_00154,2025-01,1856,82413
SKU_00128,2024-11,1856,82413
SKU_00037,2024-08,1856,82413
SKU_00246,2025-10,1856,82413
SKU_00155,2025-07,1856,82413
SKU_00154,2025-02,1856,82413
SKU_00128,2024-12,1856,82413
SKU_00300,2024-06,1856,82413
SKU_00037,2024-09,1856,82413
SKU_00042,2024-10,1856,82413
SKU_00246,2025-11,1856,82413
SKU_00155,2025-08,1856,82413
SKU_00154,2025-03,1856,82413
SKU_00042,2024-11,1856,82413
SKU_00300,2024-07,1856,82413
SKU_00160,2025-10,1856,82413
SKU_00155,2025-09,1856,82413
SKU_00154,2025-04,1856,82413
SKU_00239,2025-01,1856,82413
SKU_00042,2024-12,1856,82413
SKU_00300,2024-08,1856,82413
SKU_00036,2024-06,1856,82413
SKU_00160,2025-11,1856,82413
SKU_00154,2025-05,1856,82413
SKU_00239,2025-02,1856,82413
SKU_00300,2024-09,1856,82413
SKU_00036,2024-07,1856,82413
SKU_00127,2024-10,1856,82413
SKU_00154,2025-06,1856,82413
SKU_00239,2025-03,1856,82413
SKU_00153,2025-01,1856,82413
SKU_00127,2024-11,1856,82413
SKU_00036,2024-08,1856,82413
SKU_00154,2025-07,1856,82413
SKU_00239,2025-04,1856,82413
SKU_00153,2025-02,1856,82413
SKU_00127,2024-12,1856,82413
SKU_00036,2024-09,1856,82413
SKU_00041,2024-10,1856,82413
SKU_00154,2025-08,1856,82413
SKU_00239,2025-05,1856,82413
SKU_00153,2025-03,1856,82413
SKU_00041,2024-11,1856,82413
SKU_00046,2025-10,1856,82413
SKU_00154,2025-09,1856,82413
SKU_00239,2025-06,1856,82413
SKU_00153,2025-04,1856,82413
SKU_00238,2025-01,1856,82413
SKU_00041,2024-12,1856,82413
SKU_00035,2024-06,1856,82413
SKU_00046,2025-11,1856,82413
SKU_00239,2025-07,1856,82413
SKU_00153,2025-05,1856,82413
SKU_00238,2025-02,1856,82413
SKU_00288,2024-10,1856,82413
SKU_00035,2024-07,1856,82413
SKU_00126,2024-10,1856,82413
SKU_00239,2025-08,1856,82413
SKU_00153,2025-06,1856,82413
SKU_00238,2025-03,1856,82413
SKU_00152,2025-01,1856,82413
SKU_00288,2024-11,1856,82413
SKU_00126,2024-11,1856,82413
SKU_00035,2024-08,1856,82413
SKU_00239,2025-09,1856,82413
SKU_00153,2025-07,1856,82413
SKU_00238,2025-04,1856,82413
SKU_00152,2025-02,1856,82413
SKU_00288,2024-12,1856,82413
SKU_00126,2024-12,1856,82413
SKU_00035,2024-09,1856,82413
SKU_00040,2024-10,1856,82413
SKU_00153,2025-08,1856,82413
SKU_00238,2025-05,1856,82413
SKU_00152,2025-03,1856,82413
SKU_00040,2024-11,1856,82413
SKU_00045,2025-10,1856,82413
SKU_00153,2025-09,1856,82413
SKU_00238,2025-06,1856,82413
SKU_00152,2025-04,1856,82413
SKU_00040,2024-12,1856,82413
SKU_00034,2024-06,1856,82413
SKU_00045,2025-11,1856,82413
SKU_00238,2025-07,1856,82413
SKU_00152,2025-05,1856,82413
SKU_00287,2024-10,1856,82413
SKU_00034,2024-07,1856,82413
SKU_00238,2025-08,1856,82413
SKU_00152,2025-06,1856,82413
SKU_00038,2025-01,1856,82413
SKU_00287,2024-11,1856,82413
SKU_00034,2024-08,1856,82413
SKU_00238,2025-09,1856,82413
SKU_00152,2025-07,1856,82413
SKU_00038,2025-02,1856,82413
SKU_00287,2024-12,1856,82413
SKU_00034,2024-09,1856,82413
SKU_00119,2024-06,1856,82413
SKU_00152,2025-08,1856,82413
SKU_00038,2025-03,1856,82413
SKU_00119,2024-07,1856,82413
SKU_00044,2025-10,1856,82413
SKU_00152,2025-09,1856,82413
SKU_00038,2025-04,1856,82413
SKU_00033,2024-06,1856,82413
SKU_00119,2024-08,1856,82413
SKU_00044,2025-11,1856,82413
SKU_00038,2025-05,1856,82413
SKU_00286,2024-10,1856,82413
SKU_00033,2024-07,1856,82413
SKU_00119,2024-09,1856,82413
SKU_00038,2025-06,1856,82413
SKU_00037,2025-01,1856,82413
SKU_00286,2024-11,1856,82413
SKU_00033,2024-08,1856,82413
SKU_00129,2025-10,1856,82413
SKU_00038,2025-07,1856,82413
SKU_00037,2025-02,1856,82413
SKU_00286,2024-12,1856,82413
SKU_00033,2024-09,1856,82413
SKU_00118,2024-06,1856,82413
SKU_00129,2025-11,1856,82413
SKU_00038,2025-08,1856,82413
SKU_00037,2025-03,1856,82413
SKU_00118,2024-07,1856,82413
SKU_00043,2025-10,1856,82413
SKU_00038,2025-09,1856,82413
SKU_00037,2025-04,1856,82413
SKU_00300,2025-01,1856,82413
SKU_00194,2024-06,1856,82413
SKU_00032,2024-06,1856,82413
SKU_00118,2024-08,1856,82413
SKU_00043,2025-11,1856,82413
SKU_00037,2025-05,1856,82413
SKU_00300,2025-02,1856,82413
SKU_00285,2024-10,1856,82413
SKU_00194,2024-07,1856,82413
SKU_00032,2024-07,1856,82413
SKU_00118,2024-09,1856,82413
SKU_00037,2025-06,1856,82413
SKU_00300,2025-03,1856,82413
SKU_00036,2025-01,1856,82413
SKU_00285,2024-11,1856,82413
SKU_00194,2024-08,1856,82413
SKU_00032,2024-08,1856,82413
SKU_00128,2025-10,1856,82413
SKU_00037,2025-07,1856,82413
SKU_00300,2025-04,1856,82413
SKU_00036,2025-02,1856,82413
SKU_00285,2024-12,1856,82413
SKU_00194,2024-09,1856,82413
SKU_00032,2024-09,1856,82413
SKU_00279,2024-06,1856,82413
SKU_00128,2025-11,1856,82413
SKU_00037,2025-08,1856,82413
SKU_00300,2025-05,1856,82413
SKU_00036,2025-03,1856,82413
SKU_00279,2024-07,1856,82413
SKU_00042,2025-10,1856,82413
SKU_00037,2025-09,1856,82413
SKU_00300,2025-06,1856,82413
SKU_00036,2025-04,1856,82413
SKU_00193,2024-06,1856,82413
SKU_00279,2024-08,1856,82413
SKU_00042,2025-11,1856,82413
SKU_00300,2025-07,1856,82413
SKU_00036,2025-05,1856,82413
SKU_00284,2024-10,1856,82413
SKU_00009,2024-10,1856,82413
SKU_00193,2024-07,1856,82413
SKU_00279,2024-09,1856,82413
SKU_00300,2025-08,1856,82413
SKU_00036,2025-06,1856,82413
SKU_00035,2025-01,1856,82413
SKU_00009,2024-11,1856,82413
SKU_00284,2024-11,1856,82413
SKU_00193,2024-08,1856,82413
SKU_00289,2025-10,1856,82413
SKU_00127,2025-10,1856,82413
SKU_00300,2025-09,1856,82413
SKU_00036,2025-07,1856,82413
SKU_00035,2025-02,1856,82413
SKU_00284,2024-12,1856,82413
SKU_00009,2024-12,1856,82413
SKU_00193,2024-09,1856,82413
SKU_00278,2024-06,1856,82413
SKU_00289,2025-11,1856,82413
SKU_00127,2025-11,1856,82413
SKU_00036,2025-08,1856,82413
SKU_00035,2025-03,1856,82413
SKU_00278,2024-07,1856,82413
SKU_00041,2025-10,1856,82413
SKU_00036,2025-09,1856,82413
SKU_00035,2025-04,1856,82413
SKU_00192,2024-06,1856,82413
SKU_00278,2024-08,1856,82413
SKU_00041,2025-11,1856,82413
SKU_00035,2025-05,1856,82413
SKU_00008,2024-10,1856,82413
SKU_00192,2024-07,1856,82413
SKU_00278,2024-09,1856,82413
SKU_00035,2025-06,1856,82413
SKU_00034,2025-01,1856,82413
SKU_00008,2024-11,1856,82413
SKU_00192,2024-08,1856,82413
SKU_00288,2025-10,1856,82413
SKU_00035,2025-07,1856,82413
SKU_00034,2025-02,1856,82413
SKU_00008,2024-12,1856,82413
SKU_00192,2024-09,1856,82413
SKU_00277,2024-06,1856,82413
SKU_00084,2024-10,1856,82413
SKU_00288,2025-11,1856,82413
SKU_00035,2025-08,1856,82413
SKU_00034,2025-03,1856,82413
SKU_00084,2024-11,1856,82413
SKU_00277,2024-07,1856,82413
SKU_00035,2025-09,1856,82413
SKU_00034,2025-04,1856,82413
SKU_00119,2025-01,1856,82413
SKU_00084,2024-12,1856,82413
SKU_00191,2024-06,1856,82413
SKU_00277,2024-08,1856,82413
SKU_00034,2025-05,1856,82413
SKU_00119,2025-02,1856,82413
SKU_00191,2024-07,1856,82413
SKU_00277,2024-09,1856,82413
SKU_00169,2024-10,1856,82413
SKU_00007,2024-10,1856,82413
SKU_00034,2025-06,1856,82413
SKU_00119,2025-03,1856,82413
SKU_00195,2025-01,1856,82413
SKU_00033,2025-01,1856,82413
SKU_00169,2024-11,1856,82413
SKU_00007,2024-11,1856,82413
SKU_00191,2024-08,1856,82413
SKU_00287,2025-10,1856,82413
SKU_00034,2025-07,1856,82413
SKU_00119,2025-04,1856,82413
SKU_00195,2025-02,1856,82413
SKU_00033,2025-02,1856,82413
SKU_00169,2024-12,1856,82413
SKU_00007,2024-12,1856,82413
SKU_00191,2024-09,1856,82413
SKU_00276,2024-06,1856,82413
SKU_00083,2024-10,1856,82413
SKU_00287,2025-11,1856,82413
SKU_00034,2025-08,1856,82413
SKU_00119,2025-05,1856,82413
SKU_00195,2025-03,1856,82413
SKU_00033,2025-03,1856,82413
SKU_00083,2024-11,1856,82413
SKU_00276,2024-07,1856,82413
SKU_00034,2025-09,1856,82413
SKU_00119,2025-06,1856,82413
SKU_00195,2025-04,1856,82413
SKU_00033,2025-04,1856,82413
SKU_00083,2024-12,1856,82413
SKU_00276,2024-08,1856,82413
SKU_00190,2024-06,1856,82413
SKU_00119,2025-07,1856,82413
SKU_00195,2025-05,1856,82413
SKU_00033,2025-05,1856,82413
SKU_00276,2024-09,1856,82413
SKU_00168,2024-10,1856,82413
SKU_00190,2024-07,1856,82413
SKU_00119,2025-08,1856,82413
SKU_00195,2025-06,1856,82413
SKU_00033,2025-06,1856,82413
SKU_00194,2025-01,1856,82413
SKU_00168,2024-11,1856,82413
SKU_00190,2024-08,1856,82413
SKU_00286,2025-10,1856,82413
SKU_00119,2025-09,1856,82413
SKU_00195,2025-07,1856,82413
SKU_00033,2025-07,1856,82413
SKU_00194,2025-02,1856,82413
SKU_00168,2024-12,1856,82413
SKU_00275,2024-06,1856,82413
SKU_00082,2024-10,1856,82413
SKU_00190,2024-09,1856,82413
SKU_00286,2025-11,1856,82413
SKU_00195,2025-08,1856,82413
SKU_00033,2025-08,1856,82413
SKU_00194,2025-03,1856,82413
SKU_00082,2024-11,1856,82413
SKU_00275,2024-07,1856,82413
SKU_00195,2025-09,1856,82413
SKU_00033,2025-09,1856,82413
SKU_00194,2025-04,1856,82413
SKU_00279,2025-01,1856,82413
SKU_00082,2024-12,1856,82413
SKU_00275,2024-08,1856,82413
SKU_00194,2025-05,1856,82413
SKU_00279,2025-02,1856,82413
SKU_00275,2024-09,1856,82413
SKU_00167,2024-10,1856,82413
SKU_00194,2025-06,1856,82413
SKU_00279,2025-03,1856,82413
SKU_00193,2025-01,1856,82413
SKU_00167,2024-11,1856,82413
SKU_00285,2025-10,1856,82413
SKU_00194,2025-07,1856,82413
SKU_00279,2025-04,1856,82413
SKU_00193,2025-02,1856,82413
SKU_00167,2024-12,1856,82413
SKU_00081,2024-10,1856,82413
SKU_00285,2025-11,1856,82413
SKU_00194,2025-08,1856,82413
SKU_00279,2025-05,1856,82413
SKU_00193,2025-03,1856,82413
SKU_00081,2024-11,1856,82413
SKU_00194,2025-09,1856,82413
SKU_00279,2025-06,1856,82413
SKU_00193,2025-04,1856,82413
SKU_00278,2025-01,1856,82413
SKU_00081,2024-12,1856,82413
SKU_00075,2024-06,1856,82413
SKU_00279,2025-07,1856,82413
SKU_00193,2025-05,1856,82413
SKU_00278,2025-02,1856,82413
SKU_00075,2024-07,1856,82413
SKU_00166,2024-10,1856,82413
SKU_00279,2025-08,1856,82413
SKU_00193,2025-06,1856,82413
SKU_00278,2025-03,1856,82413
SKU_00192,2025-01,1856,82413
SKU_00166,2024-11,1856,82413
SKU_00075,2024-08,1856,82413
SKU_00009,2025-10,1856,82413
SKU_00279,2025-09,1856,82413
SKU_00193,2025-07,1856,82413
SKU_00278,2025-04,1856,82413
SKU_00192,2025-02,1856,82413
SKU_00166,2024-12,1856,82413
SKU_00075,2024-09,1856,82413
SKU_00080,2024-10,1856,82413
SKU_00009,2025-11,1856,82413
SKU_00193,2025-08,1856,82413
SKU_00278,2025-05,1856,82413
SKU_00192,2025-03,1856,82413
SKU_00080,2024-11,1856,82413
SKU_00085,2025-10,1856,82413
SKU_00193,2025-09,1856,82413
SKU_00278,2025-06,1856,82413
SKU_00192,2025-04,1856,82413
SKU_00277,2025-01,1856,82413
SKU_00080,2024-12,1856,82413
SKU_00074,2024-06,1856,82413
SKU_00085,2025-11,1856,82413
SKU_00278,2025-07,1856,82413
SKU_00192,2025-05,1856,82413
SKU_00277,2025-02,1856,82413
SKU_00230,2024-10,1856,82413
SKU_00074,2024-07,1856,82413
SKU_00165,2024-10,1856,82413
SKU_00278,2025-08,1856,82413
SKU_00192,2025-06,1856,82413
SKU_00277,2025-03,1856,82413
SKU_00191,2025-01,1856,82413
SKU_00230,2024-11,1856,82413
SKU_00165,2024-11,1856,82413
SKU_00074,2024-08,1856,82413
SKU_00008,2025-10,1856,82413
SKU_00278,2025-09,1856,82413
SKU_00192,2025-07,1856,82413
SKU_00277,2025-04,1856,82413
SKU_00191,2025-02,1856,82413
SKU_00230,2024-12,1856,82413
SKU_00165,2024-12,1856,82413
SKU_00074,2024-09,1856,82413
SKU_00159,2024-06,1856,82413
SKU_00008,2025-11,1856,82413
SKU_00192,2025-08,1856,82413
SKU_00277,2025-05,1856,82413
SKU_00191,2025-03,1856,82413
SKU_00159,2024-07,1856,82413
SKU_00084,2025-10,1856,82413
SKU_00192,2025-09,1856,82413
SKU_00277,2025-06,1856,82413
SKU_00191,2025-04,1856,82413
SKU_00276,2025-01,1856,82413
SKU_00073,2024-06,1856,82413
SKU_00159,2024-08,1856,82413
SKU_00084,2025-11,1856,82413
SKU_00277,2025-07,1856,82413
SKU_00191,2025-05,1856,82413
SKU_00276,2025-02,1856,82413
SKU_00073,2024-07,1856,82413
SKU_00159,2024-09,1856,82413
SKU_00277,2025-08,1856,82413
SKU_00191,2025-06,1856,82413
SKU_00276,2025-03,1856,82413
SKU_00073,2024-08,1856,82413
SKU_00169,2025-10,1856,82413
SKU_00277,2025-09,1856,82413
SKU_00191,2025-07,1856,82413
SKU_00276,2025-04,1856,82413
SKU_00073,2024-09,1856,82413
SKU_00158,2024-06,1856,82413
SKU_00169,2025-11,1856,82413
SKU_00191,2025-08,1856,82413
SKU_00276,2025-05,1856,82413
SKU_00158,2024-07,1856,82413
SKU_00083,2025-10,1856,82413
SKU_00191,2025-09,1856,82413
SKU_00276,2025-06,1856,82413
SKU_00072,2024-06,1856,82413
SKU_00158,2024-08,1856,82413
SKU_00083,2025-11,1856,82413
SKU_00276,2025-07,1856,82413
SKU_00072,2024-07,1856,82413
SKU_00158,2024-09,1856,82413
SKU_00276,2025-08,1856,82413
SKU_00076,2025-01,1856,82413
SKU_00072,2024-08,1856,82413
SKU_00168,2025-10,1856,82413
SKU_00276,2025-09,1856,82413
SKU_00076,2025-02,1856,82413
SKU_00072,2024-09,1856,82413
SKU_00157,2024-06,1856,82413
SKU_00222,2024-06,1856,82413
SKU_00168,2025-11,1856,82413
SKU_00076,2025-03,1856,82413
SKU_00157,2024-07,1856,82413
SKU_00222,2024-07,1856,82413
SKU_00082,2025-10,1856,82413
SKU_00076,2025-04,1856,82413
SKU_00071,2024-06,1856,82413
SKU_00157,2024-08,1856,82413
SKU_00222,2024-08,1856,82413
SKU_00082,2025-11,1856,82413
SKU_00076,2025-05,1856,82413
SKU_00071,2024-07,1856,82413
SKU_00157,2024-09,1856,82413
SKU_00049,2024-10,1856,82413
SKU_00222,2024-09,1856,82413
SKU_00076,2025-06,1856,82413
SKU_00075,2025-01,1856,82413
SKU_00049,2024-11,1856,82413
SKU_00071,2024-08,1856,82413
SKU_00167,2025-10,1856,82413
SKU_00076,2025-07,1856,82413
SKU_00075,2025-02,1856,82413
SKU_00049,2024-12,1856,82413
SKU_00071,2024-09,1856,82413
SKU_00156,2024-06,1856,82413
SKU_00221,2024-06,1856,82413
SKU_00167,2025-11,1856,82413
SKU_00076,2025-08,1856,82413
SKU_00075,2025-03,1856,82413
SKU_00156,2024-07,1856,82413
SKU_00221,2024-07,1856,82413
SKU_00081,2025-10,1856,82413
SKU_00076,2025-09,1856,82413
SKU_00075,2025-04,1856,82413
SKU_00156,2024-08,1856,82413
SKU_00221,2024-08,1856,82413
SKU_00081,2025-11,1856,82413
SKU_00075,2025-05,1856,82413
SKU_00156,2024-09,1856,82413
SKU_00048,2024-10,1856,82413
SKU_00221,2024-09,1856,82413
SKU_00075,2025-06,1856,82413
SKU_00074,2025-01,1856,82413
SKU_00048,2024-11,1856,82413
SKU_00231,2025-10,1856,82413
SKU_00166,2025-10,1856,82413
SKU_00075,2025-07,1856,82413
SKU_00074,2025-02,1856,82413
SKU_00048,2024-12,1856,82413
SKU_00220,2024-06,1856,82413
SKU_00231,2025-11,1856,82413
SKU_00166,2025-11,1856,82413
SKU_00075,2025-08,1856,82413
SKU_00074,2025-03,1856,82413
SKU_00220,2024-07,1856,82413
SKU_00080,2025-10,1856,82413
SKU_00075,2025-09,1856,82413
SKU_00074,2025-04,1856,82413
SKU_00159,2025-01,1856,82413
SKU_00220,2024-08,1856,82413
SKU_00080,2025-11,1856,82413
SKU_00074,2025-05,1856,82413
SKU_00159,2025-02,1856,82413
SKU_00047,2024-10,1856,82413
SKU_00220,2024-09,1856,82413
SKU_00074,2025-06,1856,82413
SKU_00159,2025-03,1856,82413
SKU_00073,2025-01,1856,82413
SKU_00047,2024-11,1856,82413
SKU_00230,2025-10,1856,82413
SKU_00074,2025-07,1856,82413
SKU_00159,2025-04,1856,82413
SKU_00073,2025-02,1856,82413
SKU_00047,2024-12,1856,82413
SKU_00230,2025-11,1856,82413
SKU_00074,2025-08,1856,82413
SKU_00159,2025-05,1856,82413
SKU_00073,2025-03,1856,82413
SKU_00074,2025-09,1856,82413
SKU_00159,2025-06,1856,82413
SKU_00073,2025-04,1856,82413
SKU_00223,2025-01,1856,82413
SKU_00158,2025-01,1856,82413
SKU_00159,2025-07,1856,82413
SKU_00073,2025-05,1856,82413
SKU_00223,2025-02,1856,82413
SKU_00158,2025-02,1856,82413
SKU_00111,2024-10,1856,82413
SKU_00046,2024-10,1856,82413
SKU_00159,2025-08,1856,82413
SKU_00073,2025-06,1856,82413
SKU_00223,2025-03,1856,82413
SKU_00158,2025-03,1856,82413
SKU_00072,2025-01,1856,82413
SKU_00111,2024-11,1856,82413
SKU_00046,2024-11,1856,82413
SKU_00159,2025-09,1856,82413
SKU_00073,2025-07,1856,82413
SKU_00223,2025-04,1856,82413
SKU_00158,2025-04,1856,82413
SKU_00072,2025-02,1856,82413
SKU_00111,2024-12,1856,82413
SKU_00046,2024-12,1856,82413
SKU_00073,2025-08,1856,82413
SKU_00223,2025-05,1856,82413
SKU_00158,2025-05,1856,82413
SKU_00072,2025-03,1856,82413
SKU_00073,2025-09,1856,82413
SKU_00223,2025-06,1856,82413
SKU_00158,2025-06,1856,82413
SKU_00072,2025-04,1856,82413
SKU_00222,2025-01,1856,82413
SKU_00223,2025-07,1856,82413
SKU_00158,2025-07,1856,82413
SKU_00072,2025-05,1856,82413
SKU_00222,2025-02,1856,82413
SKU_00110,2024-10,1856,82413
SKU_00223,2025-08,1856,82413
SKU_00158,2025-08,1856,82413
SKU_00072,2025-06,1856,82413
SKU_00222,2025-03,1856,82413
SKU_00110,2024-11,1856,82413
SKU_00223,2025-09,1856,82413
SKU_00158,2025-09,1856,82413
SKU_00072,2025-07,1856,82413
SKU_00222,2025-04,1856,82413
SKU_00110,2024-12,1856,82413
SKU_00039,2024-06,1856,82413
SKU_00072,2025-08,1856,82413
SKU_00222,2025-05,1856,82413
SKU_00039,2024-07,1856,82413
SKU_00072,2025-09,1856,82413
SKU_00222,2025-06,1856,82413
SKU_00221,2025-01,1856,82413
SKU_00039,2024-08,1856,82413
SKU_00222,2025-07,1856,82413
SKU_00221,2025-02,1856,82413
SKU_00039,2024-09,1856,82413
SKU_00222,2025-08,1856,82413
SKU_00221,2025-03,1856,82413
SKU_00049,2025-10,1856,82413
SKU_00222,2025-09,1856,82413
SKU_00221,2025-04,1856,82413
SKU_00103,2024-06,1856,82413
SKU_00038,2024-06,1856,82413
SKU_00049,2025-11,1856,82413
SKU_00221,2025-05,1856,82413
SKU_00103,2024-07,1856,82413
SKU_00038,2024-07,1856,82413
SKU_00221,2025-06,1856,82413
SKU_00220,2025-01,1856,82413
SKU_00103,2024-08,1856,82413
SKU_00038,2024-08,1856,82413
SKU_00221,2025-07,1856,82413
SKU_00220,2025-02,1856,82413
SKU_00103,2024-09,1856,82413
SKU_00038,2024-09,1856,82413
SKU_00221,2025-08,1856,82413
SKU_00220,2025-03,1856,82413
SKU_00048,2025-10,1856,82413
SKU_00221,2025-09,1856,82413
SKU_00220,2025-04,1856,82413
SKU_00102,2024-06,1856,82413
SKU_00199,2024-06,1856,82413
SKU_00048,2025-11,1856,82413
SKU_00220,2025-05,1856,82413
SKU_00102,2024-07,1856,82413
SKU_00199,2024-07,1856,82413
SKU_00220,2025-06,1856,82413
SKU_00199,2024-08,1856,82413
SKU_00102,2024-08,1856,82413
SKU_00220,2025-07,1856,82413
SKU_00199,2024-09,1856,82413
SKU_00102,2024-09,1856,82413
SKU_00220,2025-08,1856,82413
SKU_00112,2025-10,1856,82413
SKU_00047,2025-10,1856,82413
SKU_00220,2025-09,1856,82413
SKU_00198,2024-06,1856,82413
SKU_00101,2024-06,1856,82413
SKU_00112,2025-11,1856,82413
SKU_00047,2025-11,1856,82413
SKU_00289,2024-10,1856,82413
SKU_00198,2024-07,1856,82413
SKU_00101,2024-07,1856,82413
SKU_00289,2024-11,1856,82413
SKU_00198,2024-08,1856,82413
SKU_00101,2024-08,1856,82413
SKU_00289,2024-12,1856,82413
SKU_00198,2024-09,1856,82413
SKU_00101,2024-09,1856,82413
SKU_00111,2025-10,1856,82413
SKU_00197,2024-06,1856,82413
SKU_00100,2024-06,1856,82413
SKU_00111,2025-11,1856,82413
SKU_00197,2024-07,1856,82413
SKU_00100,2024-07,1856,82413
SKU_00104,2025-01,1856,82413
SKU_00039,2025-01,1856,82413
SKU_00197,2024-08,1856,82413
SKU_00100,2024-08,1856,82413
SKU_00104,2025-02,1856,82413
SKU_00039,2025-02,1856,82413
SKU_00197,2024-09,1856,82413
SKU_00089,2024-10,1856,82413
SKU_00100,2024-09,1856,82413
SKU_00104,2025-03,1856,82413
SKU_00039,2025-03,1856,82413
SKU_00089,2024-11,1856,82413
SKU_00110,2025-10,1856,82413
SKU_00104,2025-04,1856,82413
SKU_00039,2025-04,1856,82413
SKU_00089,2024-12,1856,82413
SKU_00196,2024-06,1856,82413
SKU_00110,2025-11,1856,82413
SKU_00104,2025-05,1856,82413
SKU_00039,2025-05,1856,82413
SKU_00196,2024-07,1856,82413
SKU_00104,2025-06,1856,82413
SKU_00039,2025-06,1856,82413
SKU_00103,2025-01,1856,82413
SKU_00196,2024-08,1856,82413
SKU_00104,2025-07,1856,82413
SKU_00039,2025-07,1856,82413
SKU_00103,2025-02,1856,82413
SKU_00196,2024-09,1856,82413
SKU_00088,2024-10,1856,82413
SKU_00104,2025-08,1856,82413
SKU_00039,2025-08,1856,82413
SKU_00103,2025-03,1856,82413
SKU_00088,2024-11,1856,82413
SKU_00104,2025-09,1856,82413
SKU_00039,2025-09,1856,82413
SKU_00103,2025-04,1856,82413
SKU_00088,2024-12,1856,82413
SKU_00195,2024-06,1856,82413
SKU_00260,2024-06,1856,82413
SKU_00103,2025-05,1856,82413
SKU_00195,2024-07,1856,82413
SKU_00260,2024-07,1856,82413
SKU_00103,2025-06,1856,82413
SKU_00199,2025-01,1856,82413
SKU_00102,2025-01,1856,82413
SKU_00195,2024-08,1856,82413
SKU_00260,2024-08,1856,82413
SKU_00103,2025-07,1856,82413
SKU_00199,2025-02,1856,82413
SKU_00102,2025-02,1856,82413
SKU_00195,2024-09,1856,82413
SKU_00087,2024-10,1856,82413
SKU_00260,2024-09,1856,82413
SKU_00103,2025-08,1856,82413
SKU_00199,2025-03,1856,82413
SKU_00102,2025-03,1856,82413
SKU_00087,2024-11,1856,82413
SKU_00270,2025-10,1856,82413
SKU_00103,2025-09,1856,82413
SKU_00199,2025-04,1856,82413
SKU_00102,2025-04,1856,82413
SKU_00087,2024-12,1856,82413
SKU_00270,2025-11,1856,82413
SKU_00199,2025-05,1856,82413
SKU_00102,2025-05,1856,82413
SKU_00199,2025-06,1856,82413
SKU_00102,2025-06,1856,82413
SKU_00198,2025-01,1856,82413
SKU_00101,2025-01,1856,82413
SKU_00199,2025-07,1856,82413
SKU_00102,2025-07,1856,82413
SKU_00198,2025-02,1856,82413
SKU_00101,2025-02,1856,82413
SKU_00086,2024-10,1856,82413
SKU_00199,2025-08,1856,82413
SKU_00102,2025-08,1856,82413
SKU_00198,2025-03,1856,82413
SKU_00101,2025-03,1856,82413
SKU_00086,2024-11,1856,82413
SKU_00199,2025-09,1856,82413
SKU_00102,2025-09,1856,82413
SKU_00198,2025-04,1856,82413
SKU_00101,2025-04,1856,82413
SKU_00086,2024-12,1856,82413
SKU_00198,2025-05,1856,82413
SKU_00101,2025-05,1856,82413
SKU_00236,2024-10,1856,82413
SKU_00198,2025-06,1856,82413
SKU_00101,2025-06,1856,82413
SKU_00197,2025-01,1856,82413
SKU_00100,2025-01,1856,82413
SKU_00236,2024-11,1856,82413
SKU_00198,2025-07,1856,82413
SKU_00101,2025-07,1856,82413
SKU_00197,2025-02,1856,82413
SKU_00100,2025-02,1856,82413
SKU_00236,2024-12,1856,82413
SKU_00085,2024-10,1856,82413
SKU_00150,2024-10,1856,82413
SKU_00198,2025-08,1856,82413
SKU_00101,2025-08,1856,82413
SKU_00197,2025-03,1856,82413
SKU_00100,2025-03,1856,82413
SKU_00150,2024-11,1856,82413
SKU_00085,2024-11,1856,82413
SKU_00198,2025-09,1856,82413
SKU_00101,2025-09,1856,82413
SKU_00197,2025-04,1856,82413
SKU_00100,2025-04,1856,82413
SKU_00150,2024-12,1856,82413
SKU_00085,2024-12,1856,82413
SKU_00079,2024-06,1856,82413
SKU_00197,2025-05,1856,82413
SKU_00100,2025-05,1856,82413
SKU_00235,2024-10,1856,82413
SKU_00079,2024-07,1856,82413
SKU_00197,2025-06,1856,82413
SKU_00100,2025-06,1856,82413
SKU_00261,2025-01,1856,82413
SKU_00196,2025-01,1856,82413
SKU_00235,2024-11,1856,82413
SKU_00079,2024-08,1856,82413
SKU_00197,2025-07,1856,82413
SKU_00100,2025-07,1856,82413
SKU_00261,2025-02,1856,82413
SKU_00196,2025-02,1856,82413
SKU_00235,2024-12,1856,82413
SKU_00079,2024-09,1856,82413
SKU_00197,2025-08,1856,82413
SKU_00100,2025-08,1856,82413
SKU_00261,2025-03,1856,82413
SKU_00196,2025-03,1856,82413
SKU_00089,2025-10,1856,82413
SKU_00197,2025-09,1856,82413
SKU_00100,2025-09,1856,82413
SKU_00261,2025-04,1856,82413
SKU_00196,2025-04,1856,82413
SKU_00078,2024-06,1856,82413
SKU_00089,2025-11,1856,82413
SKU_00261,2025-05,1856,82413
SKU_00196,2025-05,1856,82413
SKU_00234,2024-10,1856,82413
SKU_00078,2024-07,1856,82413
SKU_00261,2025-06,1856,82413
SKU_00196,2025-06,1856,82413
SKU_00260,2025-01,1856,82413
SKU_00234,2024-11,1856,82413
SKU_00078,2024-08,1856,82413
SKU_00261,2025-07,1856,82413
SKU_00196,2025-07,1856,82413
SKU_00260,2025-02,1856,82413
SKU_00234,2024-12,1856,82413
SKU_00078,2024-09,1856,82413
SKU_00261,2025-08,1856,82413
SKU_00196,2025-08,1856,82413
SKU_00260,2025-03,1856,82413
SKU_00088,2025-10,1856,82413
SKU_00261,2025-09,1856,82413
SKU_00196,2025-09,1856,82413
SKU_00260,2025-04,1856,82413
SKU_00077,2024-06,1856,82413
SKU_00142,2024-06,1856,82413
SKU_00088,2025-11,1856,82413
SKU_00260,2025-05,1856,82413
SKU_00233,2024-10,1856,82413
SKU_00077,2024-07,1856,82413
SKU_00142,2024-07,1856,82413
SKU_00260,2025-06,1856,82413
SKU_00233,2024-11,1856,82413
SKU_00077,2024-08,1856,82413
SKU_00142,2024-08,1856,82413
SKU_00260,2025-07,1856,82413
SKU_00233,2024-12,1856,82413
SKU_00227,2024-06,1856,82413
SKU_00077,2024-09,1856,82413
SKU_00142,2024-09,1856,82413
SKU_00260,2025-08,1856,82413
SKU_00227,2024-07,1856,82413
SKU_00087,2025-10,1856,82413
SKU_00260,2025-09,1856,82413
SKU_00227,2024-08,1856,82413
SKU_00076,2024-06,1856,82413
SKU_00141,2024-06,1856,82413
SKU_00087,2025-11,1856,82413
SKU_00232,2024-10,1856,82413
SKU_00227,2024-09,1856,82413
SKU_00076,2024-07,1856,82413
SKU_00141,2024-07,1856,82413
SKU_00232,2024-11,1856,82413
SKU_00076,2024-08,1856,82413
SKU_00141,2024-08,1856,82413
SKU_00237,2025-10,1856,82413
SKU_00232,2024-12,1856,82413
SKU_00226,2024-06,1856,82413
SKU_00076,2024-09,1856,82413
SKU_00141,2024-09,1856,82413
SKU_00237,2025-11,1856,82413
SKU_00226,2024-07,1856,82413
SKU_00151,2025-10,1856,82413
SKU_00086,2025-10,1856,82413
SKU_00226,2024-08,1856,82413
SKU_00140,2024-06,1856,82413
SKU_00151,2025-11,1856,82413
SKU_00086,2025-11,1856,82413
SKU_00231,2024-10,1856,82413
SKU_00226,2024-09,1856,82413
SKU_00140,2024-07,1856,82413
SKU_00079,2025-01,1856,82413
SKU_00231,2024-11,1856,82413
SKU_00140,2024-08,1856,82413
SKU_00236,2025-10,1856,82413
SKU_00079,2025-02,1856,82413
SKU_00231,2024-12,1856,82413
SKU_00225,2024-06,1856,82413
SKU_00140,2024-09,1856,82413
SKU_00236,2025-11,1856,82413
SKU_00079,2025-03,1856,82413
SKU_00225,2024-07,1856,82413
SKU_00150,2025-10,1856,82413
SKU_00079,2025-04,1856,82413
SKU_00225,2024-08,1856,82413
SKU_00150,2025-11,1856,82413
SKU_00079,2025-05,1856,82413
SKU_00117,2024-10,1856,82413
SKU_00225,2024-09,1856,82413
SKU_00079,2025-06,1856,82413
SKU_00143,2025-01,1856,82413
SKU_00078,2025-01,1856,82413
SKU_00117,2024-11,1856,82413
SKU_00235,2025-10,1856,82413
SKU_00079,2025-07,1856,82413
SKU_00143,2025-02,1856,82413
SKU_00078,2025-02,1856,82413
SKU_00117,2024-12,1856,82413
SKU_00224,2024-06,1856,82413
SKU_00031,2024-10,1856,82413
SKU_00235,2025-11,1856,82413
SKU_00079,2025-08,1856,82413
SKU_00143,2025-03,1856,82413
SKU_00078,2025-03,1856,82413
SKU_00031,2024-11,1856,82413
SKU_00224,2024-07,1856,82413
SKU_00079,2025-09,1856,82413
SKU_00143,2025-04,1856,82413
SKU_00078,2025-04,1856,82413
SKU_00228,2025-01,1856,82413
SKU_00031,2024-12,1856,82413
SKU_00224,2024-08,1856,82413
SKU_00143,2025-05,1856,82413
SKU_00078,2025-05,1856,82413
SKU_00228,2025-02,1856,82413
SKU_00116,2024-10,1856,82413
SKU_00224,2024-09,1856,82413
SKU_00143,2025-06,1856,82413
SKU_00078,2025-06,1856,82413
SKU_00228,2025-03,1856,82413
SKU_00142,2025-01,1856,82413
SKU_00077,2025-01,1856,82413
SKU_00116,2024-11,1856,82413
SKU_00234,2025-10,1856,82413
SKU_00143,2025-07,1856,82413
SKU_00078,2025-07,1856,82413
SKU_00228,2025-04,1856,82413
SKU_00142,2025-02,1856,82413
SKU_00077,2025-02,1856,82413
SKU_00116,2024-12,1856,82413
SKU_00223,2024-06,1856,82413
SKU_00030,2024-10,1856,82413
SKU_00234,2025-11,1856,82413
SKU_00143,2025-08,1856,82413
SKU_00078,2025-08,1856,82413
SKU_00228,2025-05,1856,82413
SKU_00142,2025-03,1856,82413
SKU_00077,2025-03,1856,82413
SKU_00030,2024-11,1856,82413
SKU_00223,2024-07,1856,82413
SKU_00143,2025-09,1856,82413
SKU_00078,2025-09,1856,82413
SKU_00228,2025-06,1856,82413
SKU_00142,2025-04,1856,82413
SKU_00077,2025-04,1856,82413
SKU_00227,2025-01,1856,82413
SKU_00030,2024-12,1856,82413
SKU_00223,2024-08,1856,82413
SKU_00228,2025-07,1856,82413
SKU_00142,2025-05,1856,82413
SKU_00077,2025-05,1856,82413
SKU_00227,2025-02,1856,82413
SKU_00115,2024-10,1856,82413
SKU_00223,2024-09,1856,82413
SKU_00228,2025-08,1856,82413
SKU_00142,2025-06,1856,82413
SKU_00077,2025-06,1856,82413
SKU_00227,2025-03,1856,82413
SKU_00141,2025-01,1856,82413
SKU_00115,2024-11,1856,82413
SKU_00233,2025-10,1856,82413
SKU_00228,2025-09,1856,82413
SKU_00142,2025-07,1856,82413
SKU_00077,2025-07,1856,82413
SKU_00227,2025-04,1856,82413
SKU_00141,2025-02,1856,82413
SKU_00115,2024-12,1856,82413
SKU_00109,2024-06,1856,82413
SKU_00233,2025-11,1856,82413
SKU_00142,2025-08,1856,82413
SKU_00077,2025-08,1856,82413
SKU_00227,2025-05,1856,82413
SKU_00141,2025-03,1856,82413
SKU_00109,2024-07,1856,82413
SKU_00142,2025-09,1856,82413
SKU_00077,2025-09,1856,82413
SKU_00227,2025-06,1856,82413
SKU_00141,2025-04,1856,82413
SKU_00226,2025-01,1856,82413
SKU_00109,2024-08,1856,82413
SKU_00023,2024-06,1856,82413
SKU_00227,2025-07,1856,82413
SKU_00141,2025-05,1856,82413
SKU_00226,2025-02,1856,82413
SKU_00109,2024-09,1856,82413
SKU_00114,2024-10,1856,82413
SKU_00023,2024-07,1856,82413
SKU_00227,2025-08,1856,82413
SKU_00141,2025-06,1856,82413
SKU_00226,2025-03,1856,82413
SKU_00140,2025-01,1856,82413
SKU_00114,2024-11,1856,82413
SKU_00023,2024-08,1856,82413
SKU_00232,2025-10,1856,82413
SKU_00227,2025-09,1856,82413
SKU_00141,2025-07,1856,82413
SKU_00226,2025-04,1856,82413
SKU_00140,2025-02,1856,82413
SKU_00114,2024-12,1856,82413
SKU_00108,2024-06,1856,82413
SKU_00023,2024-09,1856,82413
SKU_00232,2025-11,1856,82413
SKU_00141,2025-08,1856,82413
SKU_00226,2025-05,1856,82413
SKU_00140,2025-03,1856,82413
SKU_00108,2024-07,1856,82413
SKU_00141,2025-09,1856,82413
SKU_00226,2025-06,1856,82413
SKU_00140,2025-04,1856,82413
SKU_00225,2025-01,1856,82413
SKU_00108,2024-08,1856,82413
SKU_00022,2024-06,1856,82413
SKU_00226,2025-07,1856,82413
SKU_00140,2025-05,1856,82413
SKU_00225,2025-02,1856,82413
SKU_00108,2024-09,1856,82413
SKU_00113,2024-10,1856,82413
SKU_00022,2024-07,1856,82413
SKU_00226,2025-08,1856,82413
SKU_00140,2025-06,1856,82413
SKU_00225,2025-03,1856,82413
SKU_00113,2024-11,1856,82413
SKU_00022,2024-08,1856,82413
SKU_00118,2025-10,1856,82413
SKU_00226,2025-09,1856,82413
SKU_00140,2025-07,1856,82413
SKU_00225,2025-04,1856,82413
SKU_00113,2024-12,1856,82413
SKU_00107,2024-06,1856,82413
SKU_00022,2024-09,1856,82413
SKU_00118,2025-11,1856,82413
SKU_00140,2025-08,1856,82413
SKU_00225,2025-05,1856,82413
SKU_00107,2024-07,1856,82413
SKU_00032,2025-10,1856,82413
SKU_00140,2025-09,1856,82413
SKU_00225,2025-06,1856,82413
SKU_00224,2025-01,1856,82413
SKU_00107,2024-08,1856,82413
SKU_00021,2024-06,1856,82413
SKU_00032,2025-11,1856,82413
SKU_00225,2025-07,1856,82413
SKU_00224,2025-02,1856,82413
SKU_00274,2024-10,1856,82413
SKU_00107,2024-09,1856,82413
SKU_00112,2024-10,1856,82413
SKU_00021,2024-07,1856,82413
SKU_00225,2025-08,1856,82413
SKU_00224,2025-03,1856,82413
SKU_00274,2024-11,1856,82413
SKU_00112,2024-11,1856,82413
SKU_00021,2024-08,1856,82413
SKU_00117,2025-10,1856,82413
SKU_00225,2025-09,1856,82413
SKU_00224,2025-04,1856,82413
SKU_00274,2024-12,1856,82413
SKU_00112,2024-12,1856,82413
SKU_00106,2024-06,1856,82413
SKU_00021,2024-09,1856,82413
SKU_00117,2025-11,1856,82413
SKU_00224,2025-05,1856,82413
SKU_00106,2024-07,1856,82413
SKU_00031,2025-10,1856,82413
SKU_00224,2025-06,1856,82413
SKU_00106,2024-08,1856,82413
SKU_00020,2024-06,1856,82413
SKU_00031,2025-11,1856,82413
SKU_00224,2025-07,1856,82413
SKU_00273,2024-10,1856,82413
SKU_00106,2024-09,1856,82413
SKU_00020,2024-07,1856,82413
SKU_00224,2025-08,1856,82413
SKU_00024,2025-01,1856,82413
SKU_00273,2024-11,1856,82413
SKU_00020,2024-08,1856,82413
SKU_00116,2025-10,1856,82413
SKU_00224,2025-09,1856,82413
SKU_00024,2025-02,1856,82413
SKU_00273,2024-12,1856,82413
SKU_00105,2024-06,1856,82413
SKU_00020,2024-09,1856,82413
SKU_00116,2025-11,1856,82413
SKU_00024,2025-03,1856,82413
SKU_00105,2024-07,1856,82413
SKU_00030,2025-10,1856,82413
SKU_00024,2025-04,1856,82413
SKU_00109,2025-01,1856,82413
SKU_00105,2024-08,1856,82413
SKU_00030,2025-11,1856,82413
SKU_00024,2025-05,1856,82413
SKU_00109,2025-02,1856,82413
SKU_00272,2024-10,1856,82413
SKU_00105,2024-09,1856,82413
SKU_00024,2025-06,1856,82413
SKU_00109,2025-03,1856,82413
SKU_00023,2025-01,1856,82413
SKU_00272,2024-11,1856,82413
SKU_00115,2025-10,1856,82413
SKU_00024,2025-07,1856,82413
SKU_00109,2025-04,1856,82413
SKU_00023,2025-02,1856,82413
SKU_00272,2024-12,1856,82413
SKU_00266,2024-06,1856,82413
SKU_00104,2024-06,1856,82413
SKU_00115,2025-11,1856,82413
SKU_00024,2025-08,1856,82413
SKU_00109,2025-05,1856,82413
SKU_00023,2025-03,1856,82413
SKU_00266,2024-07,1856,82413
SKU_00104,2024-07,1856,82413
SKU_00024,2025-09,1856,82413
SKU_00109,2025-06,1856,82413
SKU_00023,2025-04,1856,82413
SKU_00108,2025-01,1856,82413
SKU_00180,2024-06,1856,82413
SKU_00266,2024-08,1856,82413
SKU_00104,2024-08,1856,82413
SKU_00109,2025-07,1856,82413
SKU_00023,2025-05,1856,82413
SKU_00108,2025-02,1856,82413
SKU_00271,2024-10,1856,82413
SKU_00180,2024-07,1856,82413
SKU_00266,2024-09,1856,82413
SKU_00104,2024-09,1856,82413
SKU_00109,2025-08,1856,82413
SKU_00023,2025-06,1856,82413
SKU_00108,2025-03,1856,82413
SKU_00022,2025-01,1856,82413
SKU_00271,2024-11,1856,82413
SKU_00180,2024-08,1856,82413
SKU_00114,2025-10,1856,82413
SKU_00109,2025-09,1856,82413
SKU_00023,2025-07,1856,82413
SKU_00108,2025-04,1856,82413
SKU_00022,2025-02,1856,82413
SKU_00271,2024-12,1856,82413
SKU_00180,2024-09,1856,82413
SKU_00265,2024-06,1856,82413
SKU_00114,2025-11,1856,82413
SKU_00023,2025-08,1856,82413
SKU_00108,2025-05,1856,82413
SKU_00022,2025-03,1856,82413
SKU_00265,2024-07,1856,82413
SKU_00190,2025-10,1856,82413
SKU_00023,2025-09,1856,82413
SKU_00108,2025-06,1856,82413
SKU_00022,2025-04,1856,82413
SKU_00107,2025-01,1856,82413
SKU_00265,2024-08,1856,82413
SKU_00190,2025-11,1856,82413
SKU_00108,2025-07,1856,82413
SKU_00022,2025-05,1856,82413
SKU_00107,2025-02,1856,82413
SKU_00270,2024-10,1856,82413
SKU_00265,2024-09,1856,82413
SKU_00108,2025-08,1856,82413
SKU_00022,2025-06,1856,82413
SKU_00107,2025-03,1856,82413
SKU_00021,2025-01,1856,82413
SKU_00270,2024-11,1856,82413
SKU_00275,2025-10,1856,82413
SKU_00113,2025-10,1856,82413
SKU_00108,2025-09,1856,82413
SKU_00022,2025-07,1856,82413
SKU_00107,2025-04,1856,82413
SKU_00021,2025-02,1856,82413
SKU_00270,2024-12,1856,82413
SKU_00264,2024-06,1856,82413
SKU_00275,2025-11,1856,82413
SKU_00113,2025-11,1856,82413
SKU_00022,2025-08,1856,82413
SKU_00107,2025-05,1856,82413
SKU_00021,2025-03,1856,82413
SKU_00264,2024-07,1856,82413
SKU_00022,2025-09,1856,82413
SKU_00107,2025-06,1856,82413
SKU_00021,2025-04,1856,82413
SKU_00106,2025-01,1856,82413
SKU_00264,2024-08,1856,82413
SKU_00107,2025-07,1856,82413
SKU_00021,2025-05,1856,82413
SKU_00106,2025-02,1856,82413
SKU_00264,2024-09,1856,82413
SKU_00107,2025-08,1856,82413
SKU_00021,2025-06,1856,82413
SKU_00106,2025-03,1856,82413
SKU_00020,2025-01,1856,82413
SKU_00274,2025-10,1856,82413
SKU_00107,2025-09,1856,82413
SKU_00021,2025-07,1856,82413
SKU_00106,2025-04,1856,82413
SKU_00020,2025-02,1856,82413
SKU_00263,2024-06,1856,82413
SKU_00070,2024-10,1856,82413
SKU_00274,2025-11,1856,82413
SKU_00021,2025-08,1856,82413
SKU_00106,2025-05,1856,82413
SKU_00020,2025-03,1856,82413
SKU_00070,2024-11,1856,82413
SKU_00263,2024-07,1856,82413
SKU_00021,2025-09,1856,82413
SKU_00106,2025-06,1856,82413
SKU_00020,2025-04,1856,82413
SKU_00267,2025-01,1856,82413
SKU_00105,2025-01,1856,82413
SKU_00070,2024-12,1856,82413
SKU_00263,2024-08,1856,82413
SKU_00106,2025-07,1856,82413
SKU_00020,2025-05,1856,82413
SKU_00267,2025-02,1856,82413
SKU_00105,2025-02,1856,82413
SKU_00155,2024-10,1856,82413
SKU_00263,2024-09,1856,82413
SKU_00106,2025-08,1856,82413
SKU_00020,2025-06,1856,82413
SKU_00267,2025-03,1856,82413
SKU_00105,2025-03,1856,82413
SKU_00181,2025-01,1856,82413
SKU_00155,2024-11,1856,82413
SKU_00273,2025-10,1856,82413
SKU_00106,2025-09,1856,82413
SKU_00020,2025-07,1856,82413
SKU_00267,2025-04,1856,82413
SKU_00105,2025-04,1856,82413
SKU_00181,2025-02,1856,82413
SKU_00155,2024-12,1856,82413
SKU_00262,2024-06,1856,82413
SKU_00273,2025-11,1856,82413
SKU_00020,2025-08,1856,82413
SKU_00267,2025-05,1856,82413
SKU_00105,2025-05,1856,82413
SKU_00181,2025-03,1856,82413
SKU_00262,2024-07,1856,82413
SKU_00020,2025-09,1856,82413
SKU_00267,2025-06,1856,82413
SKU_00105,2025-06,1856,82413
SKU_00181,2025-04,1856,82413
SKU_00266,2025-01,1856,82413
SKU_00262,2024-08,1856,82413
SKU_00267,2025-07,1856,82413
SKU_00105,2025-07,1856,82413
SKU_00181,2025-05,1856,82413
SKU_00266,2025-02,1856,82413
SKU_00262,2024-09,1856,82413
SKU_00154,2024-10,1856,82413
SKU_00267,2025-08,1856,82413
SKU_00105,2025-08,1856,82413
SKU_00181,2025-06,1856,82413
SKU_00266,2025-03,1856,82413
SKU_00180,2025-01,1856,82413
SKU_00154,2024-11,1856,82413
SKU_00272,2025-10,1856,82413
SKU_00267,2025-09,1856,82413
SKU_00105,2025-09,1856,82413
SKU_00181,2025-07,1856,82413
SKU_00266,2025-04,1856,82413
SKU_00180,2025-02,1856,82413
SKU_00154,2024-12,1856,82413
SKU_00261,2024-06,1856,82413
SKU_00272,2025-11,1856,82413
SKU_00181,2025-08,1856,82413
SKU_00266,2025-05,1856,82413
SKU_00180,2025-03,1856,82413
SKU_00239,2024-10,1856,82413
SKU_00261,2024-07,1856,82413
SKU_00181,2025-09,1856,82413
SKU_00266,2025-06,1856,82413
SKU_00180,2025-04,1856,82413
SKU_00265,2025-01,1856,82413
SKU_00239,2024-11,1856,82413
SKU_00261,2024-08,1856,82413
SKU_00266,2025-07,1856,82413
SKU_00180,2025-05,1856,82413
SKU_00265,2025-02,1856,82413
SKU_00239,2024-12,1856,82413
SKU_00261,2024-09,1856,82413
SKU_00153,2024-10,1856,82413
SKU_00266,2025-08,1856,82413
SKU_00180,2025-06,1856,82413
SKU_00265,2025-03,1856,82413
SKU_00153,2024-11,1856,82413
SKU_00271,2025-10,1856,82413
SKU_00266,2025-09,1856,82413
SKU_00180,2025-07,1856,82413
SKU_00265,2025-04,1856,82413
SKU_00153,2024-12,1856,82413
SKU_00147,2024-06,1856,82413
SKU_00271,2025-11,1856,82413
SKU_00180,2025-08,1856,82413
SKU_00265,2025-05,1856,82413
SKU_00238,2024-10,1856,82413
SKU_00147,2024-07,1856,82413
SKU_00180,2025-09,1856,82413
SKU_00265,2025-06,1856,82413
SKU_00264,2025-01,1856,82413
SKU_00238,2024-11,1856,82413
SKU_00061,2024-06,1856,82413
SKU_00147,2024-08,1856,82413
SKU_00265,2025-07,1856,82413
SKU_00264,2025-02,1856,82413
SKU_00238,2024-12,1856,82413
SKU_00061,2024-07,1856,82413
SKU_00147,2024-09,1856,82413
SKU_00152,2024-10,1856,82413
SKU_00265,2025-08,1856,82413
SKU_00264,2025-03,1856,82413
SKU_00152,2024-11,1856,82413
SKU_00061,2024-08,1856,82413
SKU_00157,2025-10,1856,82413
SKU_00265,2025-09,1856,82413
SKU_00264,2025-04,1856,82413
SKU_00152,2024-12,1856,82413
SKU_00061,2024-09,1856,82413
SKU_00146,2024-06,1856,82413
SKU_00157,2025-11,1856,82413
SKU_00264,2025-05,1856,82413
SKU_00237,2024-10,1856,82413
SKU_00146,2024-07,1856,82413
SKU_00071,2025-10,1856,82413
SKU_00264,2025-06,1856,82413
SKU_00263,2025-01,1856,82413
SKU_00237,2024-11,1856,82413
SKU_00060,2024-06,1856,82413
SKU_00146,2024-08,1856,82413
SKU_00071,2025-11,1856,82413
SKU_00264,2025-07,1856,82413
SKU_00263,2025-02,1856,82413
SKU_00237,2024-12,1856,82413
SKU_00060,2024-07,1856,82413
SKU_00146,2024-09,1856,82413
SKU_00151,2024-10,1856,82413
SKU_00264,2025-08,1856,82413
SKU_00263,2025-03,1856,82413
SKU_00151,2024-11,1856,82413
SKU_00060,2024-08,1856,82413
SKU_00156,2025-10,1856,82413
SKU_00264,2025-09,1856,82413
SKU_00263,2025-04,1856,82413
SKU_00151,2024-12,1856,82413
SKU_00060,2024-09,1856,82413
SKU_00145,2024-06,1856,82413
SKU_00156,2025-11,1856,82413
SKU_00263,2025-05,1856,82413
SKU_00145,2024-07,1856,82413
SKU_00070,2025-10,1856,82413
SKU_00263,2025-06,1856,82413
SKU_00262,2025-01,1856,82413
SKU_00145,2024-08,1856,82413
SKU_00070,2025-11,1856,82413
SKU_00263,2025-07,1856,82413
SKU_00262,2025-02,1856,82413
SKU_00037,2024-10,1856,82413
SKU_00145,2024-09,1856,82413
SKU_00263,2025-08,1856,82413
SKU_00262,2025-03,1856,82413
SKU_00037,2024-11,1856,82413
SKU_00155,2025-10,1856,82413
SKU_00263,2025-09,1856,82413
SKU_00262,2025-04,1856,82413
SKU_00037,2024-12,1856,82413
SKU_00144,2024-06,1856,82413
SKU_00155,2025-11,1856,82413
SKU_00262,2025-05,1856,82413
SKU_00300,2024-10,1856,82413
SKU_00144,2024-07,1856,82413
SKU_00262,2025-06,1856,82413
SKU_00148,2025-01,1856,82413
SKU_00300,2024-11,1856,82413
SKU_00144,2024-08,1856,82413
SKU_00262,2025-07,1856,82413
SKU_00148,2025-02,1856,82413
SKU_00300,2024-12,1856,82413
SKU_00229,2024-06,1856,82413
SKU_00036,2024-10,1856,82413
SKU_00144,2024-09,1856,82413
SKU_00262,2025-08,1856,82413
SKU_00148,2025-03,1856,82413
SKU_00062,2025-01,1856,82413
SKU_00036,2024-11,1856,82413
SKU_00229,2024-07,1856,82413
SKU_00154,2025-10,1856,82413
SKU_00262,2025-09,1856,82413
SKU_00148,2025-04,1856,82413
SKU_00062,2025-02,1856,82413
SKU_00036,2024-12,1856,82413
SKU_00229,2024-08,1856,82413
SKU_00143,2024-06,1856,82413
SKU_00154,2025-11,1856,82413
SKU_00148,2025-05,1856,82413
SKU_00062,2025-03,1856,82413
SKU_00229,2024-09,1856,82413
SKU_00143,2024-07,1856,82413
SKU_00148,2025-06,1856,82413
SKU_00062,2025-04,1856,82413
SKU_00147,2025-01,1856,82413
SKU_00143,2024-08,1856,82413
SKU_00239,2025-10,1856,82413
SKU_00148,2025-07,1856,82413
SKU_00062,2025-05,1856,82413
SKU_00147,2025-02,1856,82413
SKU_00228,2024-06,1856,82413
SKU_00035,2024-10,1856,82413
SKU_00143,2024-09,1856,82413
SKU_00239,2025-11,1856,82413
SKU_00148,2025-08,1856,82413
SKU_00062,2025-06,1856,82413
SKU_00147,2025-03,1856,82413
SKU_00061,2025-01,1856,82413
SKU_00035,2024-11,1856,82413
SKU_00228,2024-07,1856,82413
SKU_00153,2025-10,1856,82413
SKU_00148,2025-09,1856,82413
SKU_00062,2025-07,1856,82413
SKU_00147,2025-04,1856,82413
SKU_00061,2025-02,1856,82413
SKU_00035,2024-12,1856,82413
SKU_00228,2024-08,1856,82413
SKU_00153,2025-11,1856,82413
SKU_00062,2025-08,1856,82413
SKU_00147,2025-05,1856,82413
SKU_00061,2025-03,1856,82413
SKU_00228,2024-09,1856,82413
SKU_00062,2025-09,1856,82413
SKU_00147,2025-06,1856,82413
SKU_00061,2025-04,1856,82413
SKU_00146,2025-01,1856,82413
SKU_00238,2025-10,1856,82413
SKU_00147,2025-07,1856,82413
SKU_00061,2025-05,1856,82413
SKU_00146,2025-02,1856,82413
SKU_00034,2024-10,1856,82413
SKU_00238,2025-11,1856,82413
SKU_00147,2025-08,1856,82413
SKU_00061,2025-06,1856,82413
SKU_00146,2025-03,1856,82413
SKU_00060,2025-01,1856,82413
SKU_00034,2024-11,1856,82413
SKU_00152,2025-10,1856,82413
SKU_00147,2025-09,1856,82413
SKU_00061,2025-07,1856,82413
SKU_00146,2025-04,1856,82413
SKU_00060,2025-02,1856,82413
SKU_00034,2024-12,1856,82413
SKU_00028,2024-06,1856,82413
SKU_00152,2025-11,1856,82413
SKU_00061,2025-08,1856,82413
SKU_00146,2025-05,1856,82413
SKU_00060,2025-03,1856,82413
SKU_00119,2024-10,1856,82413
SKU_00028,2024-07,1856,82413
SKU_00061,2025-09,1856,82413
SKU_00146,2025-06,1856,82413
SKU_00060,2025-04,1856,82413
SKU_00145,2025-01,1856,82413
SKU_00119,2024-11,1856,82413
SKU_00028,2024-08,1856,82413
SKU_00146,2025-07,1856,82413
SKU_00060,2025-05,1856,82413
SKU_00145,2025-02,1856,82413
SKU_00119,2024-12,1856,82413
SKU_00028,2024-09,1856,82413
SKU_00033,2024-10,1856,82413
SKU_00146,2025-08,1856,82413
SKU_00060,2025-06,1856,82413
SKU_00145,2025-03,1856,82413
SKU_00033,2024-11,1856,82413
SKU_00038,2025-10,1856,82413
SKU_00146,2025-09,1856,82413
SKU_00060,2025-07,1856,82413
SKU_00145,2025-04,1856,82413
SKU_00033,2024-12,1856,82413
SKU_00027,2024-06,1856,82413
SKU_00038,2025-11,1856,82413
SKU_00060,2025-08,1856,82413
SKU_00145,2025-05,1856,82413
SKU_00118,2024-10,1856,82413
SKU_00027,2024-07,1856,82413
SKU_00060,2025-09,1856,82413
SKU_00145,2025-06,1856,82413
SKU_00144,2025-01,1856,82413
SKU_00118,2024-11,1856,82413
SKU_00027,2024-08,1856,82413
SKU_00145,2025-07,1856,82413
SKU_00144,2025-02,1856,82413
SKU_00118,2024-12,1856,82413
SKU_00194,2024-10,1856,82413
SKU_00027,2024-09,1856,82413
SKU_00032,2024-10,1856,82413
SKU_00145,2025-08,1856,82413
SKU_00144,2025-03,1856,82413
SKU_00194,2024-11,1856,82413
SKU_00032,2024-11,1856,82413
SKU_00037,2025-10,1856,82413
SKU_00145,2025-09,1856,82413
SKU_00144,2025-04,1856,82413
SKU_00229,2025-01,1856,82413
SKU_00194,2024-12,1856,82413
SKU_00032,2024-12,1856,82413
SKU_00026,2024-06,1856,82413
SKU_00037,2025-11,1856,82413
SKU_00144,2025-05,1856,82413
SKU_00229,2025-02,1856,82413
SKU_00279,2024-10,1856,82413
SKU_00026,2024-07,1856,82413
SKU_00144,2025-06,1856,82413
SKU_00229,2025-03,1856,82413
SKU_00279,2024-11,1856,82413
SKU_00026,2024-08,1856,82413
SKU_00300,2025-10,1856,82413
SKU_00144,2025-07,1856,82413
SKU_00229,2025-04,1856,82413
SKU_00279,2024-12,1856,82413
SKU_00193,2024-10,1856,82413
SKU_00026,2024-09,1856,82413
SKU_00300,2025-11,1856,82413
SKU_00144,2025-08,1856,82413
SKU_00229,2025-05,1856,82413
SKU_00193,2024-11,1856,82413
SKU_00036,2025-10,1856,82413
SKU_00144,2025-09,1856,82413
SKU_00229,2025-06,1856,82413
SKU_00193,2024-12,1856,82413
SKU_00025,2024-06,1856,82413
SKU_00036,2025-11,1856,82413
SKU_00229,2025-07,1856,82413
SKU_00278,2024-10,1856,82413
SKU_00025,2024-07,1856,82413
SKU_00229,2025-08,1856,82413
SKU_00029,2025-01,1856,82413
SKU_00278,2024-11,1856,82413
SKU_00025,2024-08,1856,82413
SKU_00229,2025-09,1856,82413
SKU_00029,2025-02,1856,82413
SKU_00278,2024-12,1856,82413
SKU_00192,2024-10,1856,82413
SKU_00025,2024-09,1856,82413
SKU_00029,2025-03,1856,82413
SKU_00192,2024-11,1856,82413
SKU_00035,2025-10,1856,82413
SKU_00029,2025-04,1856,82413
SKU_00192,2024-12,1856,82413
SKU_00186,2024-06,1856,82413
SKU_00024,2024-06,1856,82413
SKU_00035,2025-11,1856,82413
SKU_00029,2025-05,1856,82413
SKU_00277,2024-10,1856,82413
SKU_00186,2024-07,1856,82413
SKU_00024,2024-07,1856,82413
SKU_00029,2025-06,1856,82413
SKU_00028,2025-01,1856,82413
SKU_00277,2024-11,1856,82413
SKU_00186,2024-08,1856,82413
SKU_00024,2024-08,1856,82413
SKU_00029,2025-07,1856,82413
SKU_00028,2025-02,1856,82413
SKU_00277,2024-12,1856,82413
SKU_00186,2024-09,1856,82413
SKU_00191,2024-10,1856,82413
SKU_00024,2024-09,1856,82413
SKU_00029,2025-08,1856,82413
SKU_00028,2025-03,1856,82413
SKU_00191,2024-11,1856,82413
SKU_00034,2025-10,1856,82413
SKU_00029,2025-09,1856,82413
SKU_00028,2025-04,1856,82413
SKU_00191,2024-12,1856,82413
SKU_00185,2024-06,1856,82413
SKU_00034,2025-11,1856,82413
SKU_00028,2025-05,1856,82413
SKU_00276,2024-10,1856,82413
SKU_00185,2024-07,1856,82413
SKU_00028,2025-06,1856,82413
SKU_00027,2025-01,1856,82413
SKU_00276,2024-11,1856,82413
SKU_00185,2024-08,1856,82413
SKU_00119,2025-10,1856,82413
SKU_00028,2025-07,1856,82413
SKU_00027,2025-02,1856,82413
SKU_00276,2024-12,1856,82413
SKU_00185,2024-09,1856,82413
SKU_00190,2024-10,1856,82413
SKU_00119,2025-11,1856,82413
SKU_00028,2025-08,1856,82413
SKU_00027,2025-03,1856,82413
SKU_00190,2024-11,1856,82413
SKU_00195,2025-10,1856,82413
SKU_00033,2025-10,1856,82413
SKU_00028,2025-09,1856,82413
SKU_00027,2025-04,1856,82413
SKU_00190,2024-12,1856,82413
SKU_00184,2024-06,1856,82413
SKU_00195,2025-11,1856,82413
SKU_00033,2025-11,1856,82413
SKU_00027,2025-05,1856,82413
SKU_00275,2024-10,1856,82413
SKU_00184,2024-07,1856,82413
SKU_00027,2025-06,1856,82413
SKU_00026,2025-01,1856,82413
SKU_00275,2024-11,1856,82413
SKU_00184,2024-08,1856,82413
SKU_00027,2025-07,1856,82413
SKU_00026,2025-02,1856,82413
SKU_00275,2024-12,1856,82413
SKU_00184,2024-09,1856,82413
SKU_00269,2024-06,1856,82413
SKU_00027,2025-08,1856,82413
SKU_00026,2025-03,1856,82413
SKU_00269,2024-07,1856,82413
SKU_00194,2025-10,1856,82413
SKU_00027,2025-09,1856,82413
SKU_00026,2025-04,1856,82413
SKU_00183,2024-06,1856,82413
SKU_00269,2024-08,1856,82413
SKU_00194,2025-11,1856,82413
SKU_00026,2025-05,1856,82413
SKU_00183,2024-07,1856,82413
SKU_00269,2024-09,1856,82413
SKU_00026,2025-06,1856,82413
SKU_00187,2025-01,1856,82413
SKU_00025,2025-01,1856,82413
SKU_00183,2024-08,1856,82413
SKU_00279,2025-10,1856,82413
SKU_00026,2025-07,1856,82413
SKU_00187,2025-02,1856,82413
SKU_00025,2025-02,1856,82413
SKU_00183,2024-09,1856,82413
SKU_00268,2024-06,1856,82413
SKU_00075,2024-10,1856,82413
SKU_00279,2025-11,1856,82413
SKU_00026,2025-08,1856,82413
SKU_00187,2025-03,1856,82413
SKU_00025,2025-03,1856,82413
SKU_00075,2024-11,1856,82413
SKU_00268,2024-07,1856,82413
SKU_00193,2025-10,1856,82413
SKU_00026,2025-09,1856,82413
SKU_00187,2025-04,1856,82413
SKU_00025,2025-04,1856,82413
SKU_00075,2024-12,1856,82413
SKU_00182,2024-06,1856,82413
SKU_00268,2024-08,1856,82413
SKU_00193,2025-11,1856,82413
SKU_00187,2025-05,1856,82413
SKU_00025,2025-05,1856,82413
SKU_00182,2024-07,1856,82413
SKU_00268,2024-09,1856,82413
SKU_00187,2025-06,1856,82413
SKU_00025,2025-06,1856,82413
SKU_00186,2025-01,1856,82413
SKU_00182,2024-08,1856,82413
SKU_00278,2025-10,1856,82413
SKU_00187,2025-07,1856,82413
SKU_00025,2025-07,1856,82413
SKU_00186,2025-02,1856,82413
SKU_00182,2024-09,1856,82413
SKU_00267,2024-06,1856,82413
SKU_00074,2024-10,1856,82413
SKU_00278,2025-11,1856,82413
SKU_00187,2025-08,1856,82413
SKU_00025,2025-08,1856,82413
SKU_00186,2025-03,1856,82413
SKU_00074,2024-11,1856,82413
SKU_00267,2024-07,1856,82413
SKU_00192,2025-10,1856,82413
SKU_00187,2025-09,1856,82413
SKU_00025,2025-09,1856,82413
SKU_00186,2025-04,1856,82413
SKU_00074,2024-12,1856,82413
SKU_00181,2024-06,1856,82413
SKU_00267,2024-08,1856,82413
SKU_00192,2025-11,1856,82413
SKU_00186,2025-05,1856,82413
SKU_00159,2024-10,1856,82413
SKU_00181,2024-07,1856,82413
SKU_00267,2024-09,1856,82413
SKU_00186,2025-06,1856,82413
SKU_00185,2025-01,1856,82413
SKU_00159,2024-11,1856,82413
SKU_00181,2024-08,1856,82413
SKU_00277,2025-10,1856,82413
SKU_00186,2025-07,1856,82413
SKU_00185,2025-02,1856,82413
SKU_00159,2024-12,1856,82413
SKU_00181,2024-09,1856,82413
SKU_00073,2024-10,1856,82413
SKU_00277,2025-11,1856,82413
SKU_00186,2025-08,1856,82413
SKU_00185,2025-03,1856,82413
SKU_00073,2024-11,1856,82413
SKU_00191,2025-10,1856,82413
SKU_00186,2025-09,1856,82413
SKU_00185,2025-04,1856,82413
SKU_00073,2024-12,1856,82413
SKU_00067,2024-06,1856,82413
SKU_00191,2025-11,1856,82413
SKU_00185,2025-05,1856,82413
SKU_00158,2024-10,1856,82413
SKU_00067,2024-07,1856,82413
SKU_00185,2025-06,1856,82413
SKU_00184,2025-01,1856,82413
SKU_00158,2024-11,1856,82413
SKU_00067,2024-08,1856,82413
SKU_00276,2025-10,1856,82413
SKU_00185,2025-07,1856,82413
SKU_00184,2025-02,1856,82413
SKU_00158,2024-12,1856,82413
SKU_00067,2024-09,1856,82413
SKU_00072,2024-10,1856,82413
SKU_00276,2025-11,1856,82413
SKU_00185,2025-08,1856,82413
SKU_00184,2025-03,1856,82413
SKU_00072,2024-11,1856,82413
SKU_00185,2025-09,1856,82413
SKU_00184,2025-04,1856,82413
SKU_00269,2025-01,1856,82413
SKU_00072,2024-12,1856,82413
SKU_00066,2024-06,1856,82413
SKU_00184,2025-05,1856,82413
SKU_00269,2025-02,1856,82413
SKU_00222,2024-10,1856,82413
SKU_00066,2024-07,1856,82413
SKU_00157,2024-10,1856,82413
SKU_00184,2025-06,1856,82413
SKU_00269,2025-03,1856,82413
SKU_00183,2025-01,1856,82413
SKU_00222,2024-11,1856,82413
SKU_00157,2024-11,1856,82413
SKU_00066,2024-08,1856,82413
SKU_00184,2025-07,1856,82413
SKU_00269,2025-04,1856,82413
SKU_00183,2025-02,1856,82413
SKU_00222,2024-12,1856,82413
SKU_00157,2024-12,1856,82413
SKU_00066,2024-09,1856,82413
SKU_00071,2024-10,1856,82413
SKU_00184,2025-08,1856,82413
SKU_00269,2025-05,1856,82413
SKU_00183,2025-03,1856,82413
SKU_00071,2024-11,1856,82413
SKU_00076,2025-10,1856,82413
SKU_00184,2025-09,1856,82413
SKU_00269,2025-06,1856,82413
SKU_00183,2025-04,1856,82413
SKU_00268,2025-01,1856,82413
SKU_00071,2024-12,1856,82413
SKU_00065,2024-06,1856,82413
SKU_00076,2025-11,1856,82413
SKU_00269,2025-07,1856,82413
SKU_00183,2025-05,1856,82413
SKU_00268,2025-02,1856,82413
SKU_00221,2024-10,1856,82413
SKU_00065,2024-07,1856,82413
SKU_00156,2024-10,1856,82413
SKU_00269,2025-08,1856,82413
SKU_00183,2025-06,1856,82413
SKU_00268,2025-03,1856,82413
SKU_00182,2025-01,1856,82413
SKU_00221,2024-11,1856,82413
SKU_00156,2024-11,1856,82413
SKU_00065,2024-08,1856,82413
SKU_00269,2025-09,1856,82413
SKU_00183,2025-07,1856,82413
SKU_00268,2025-04,1856,82413
SKU_00182,2025-02,1856,82413
SKU_00221,2024-12,1856,82413
SKU_00156,2024-12,1856,82413
SKU_00065,2024-09,1856,82413
SKU_00183,2025-08,1856,82413
SKU_00268,2025-05,1856,82413
SKU_00182,2025-03,1856,82413
SKU_00075,2025-10,1856,82413
SKU_00183,2025-09,1856,82413
SKU_00268,2025-06,1856,82413
SKU_00182,2025-04,1856,82413
SKU_00064,2024-06,1856,82413
SKU_00075,2025-11,1856,82413
SKU_00268,2025-07,1856,82413
SKU_00182,2025-05,1856,82413
SKU_00220,2024-10,1856,82413
SKU_00064,2024-07,1856,82413
SKU_00268,2025-08,1856,82413
SKU_00182,2025-06,1856,82413
SKU_00068,2025-01,1856,82413
SKU_00220,2024-11,1856,82413
SKU_00064,2024-08,1856,82413
SKU_00268,2025-09,1856,82413
SKU_00182,2025-07,1856,82413
SKU_00068,2025-02,1856,82413
SKU_00220,2024-12,1856,82413
SKU_00064,2024-09,1856,82413
SKU_00149,2024-06,1856,82413
SKU_00182,2025-08,1856,82413
SKU_00068,2025-03,1856,82413
SKU_00149,2024-07,1856,82413
SKU_00074,2025-10,1856,82413
SKU_00182,2025-09,1856,82413
SKU_00068,2025-04,1856,82413
SKU_00063,2024-06,1856,82413
SKU_00149,2024-08,1856,82413
SKU_00074,2025-11,1856,82413
SKU_00068,2025-05,1856,82413
SKU_00063,2024-07,1856,82413
SKU_00149,2024-09,1856,82413
SKU_00068,2025-06,1856,82413
SKU_00067,2025-01,1856,82413
SKU_00063,2024-08,1856,82413
SKU_00159,2025-10,1856,82413
SKU_00068,2025-07,1856,82413
SKU_00067,2025-02,1856,82413
SKU_00213,2024-06,1856,82413
SKU_00063,2024-09,1856,82413
SKU_00148,2024-06,1856,82413
SKU_00159,2025-11,1856,82413
SKU_00068,2025-08,1856,82413
SKU_00067,2025-03,1856,82413
SKU_00213,2024-07,1856,82413
SKU_00148,2024-07,1856,82413
SKU_00073,2025-10,1856,82413
SKU_00068,2025-09,1856,82413
SKU_00067,2025-04,1856,82413
SKU_00213,2024-08,1856,82413
SKU_00062,2024-06,1856,82413
SKU_00148,2024-08,1856,82413
SKU_00073,2025-11,1856,82413
SKU_00067,2025-05,1856,82413
SKU_00213,2024-09,1856,82413
SKU_00062,2024-07,1856,82413
SKU_00148,2024-09,1856,82413
SKU_00067,2025-06,1856,82413
SKU_00066,2025-01,1856,82413
SKU_00062,2024-08,1856,82413
SKU_00223,2025-10,1856,82413
SKU_00158,2025-10,1856,82413
SKU_00067,2025-07,1856,82413
SKU_00066,2025-02,1856,82413
SKU_00212,2024-06,1856,82413
SKU_00062,2024-09,1856,82413
SKU_00223,2025-11,1856,82413
SKU_00158,2025-11,1856,82413
SKU_00067,2025-08,1856,82413
SKU_00066,2025-03,1856,82413
SKU_00212,2024-07,1856,82413
SKU_00072,2025-10,1856,82413
SKU_00067,2025-09,1856,82413
SKU_00066,2025-04,1856,82413
SKU_00212,2024-08,1856,82413
SKU_00072,2025-11,1856,82413
SKU_00066,2025-05,1856,82413
SKU_00039,2024-10,1856,82413
SKU_00212,2024-09,1856,82413
SKU_00066,2025-06,1856,82413
SKU_00065,2025-01,1856,82413
SKU_00039,2024-11,1856,82413
SKU_00222,2025-10,1856,82413
SKU_00066,2025-07,1856,82413
SKU_00065,2025-02,1856,82413
SKU_00039,2024-12,1856,82413
SKU_00211,2024-06,1856,82413
SKU_00222,2025-11,1856,82413
SKU_00066,2025-08,1856,82413
SKU_00065,2025-03,1856,82413
SKU_00211,2024-07,1856,82413
SKU_00066,2025-09,1856,82413
SKU_00065,2025-04,1856,82413
SKU_00211,2024-08,1856,82413
SKU_00065,2025-05,1856,82413
SKU_00038,2024-10,1856,82413
SKU_00211,2024-09,1856,82413
SKU_00103,2024-10,1856,82413
SKU_00065,2025-06,1856,82413
SKU_00064,2025-01,1856,82413
SKU_00103,2024-11,1856,82413
SKU_00038,2024-11,1856,82413
SKU_00221,2025-10,1856,82413
SKU_00065,2025-07,1856,82413
SKU_00064,2025-02,1856,82413
SKU_00103,2024-12,1856,82413
SKU_00038,2024-12,1856,82413
SKU_00210,2024-06,1856,82413
SKU_00221,2025-11,1856,82413
SKU_00065,2025-08,1856,82413
SKU_00064,2025-03,1856,82413
SKU_00210,2024-07,1856,82413
SKU_00065,2025-09,1856,82413
SKU_00064,2025-04,1856,82413
SKU_00214,2025-01,1856,82413
SKU_00149,2025-01,1856,82413
SKU_00210,2024-08,1856,82413
SKU_00064,2025-05,1856,82413
SKU_00214,2025-02,1856,82413
SKU_00149,2025-02,1856,82413
SKU_00199,2024-10,1856,82413
SKU_00210,2024-09,1856,82413
SKU_00102,2024-10,1856,82413
SKU_00064,2025-06,1856,82413
SKU_00214,2025-03,1856,82413
SKU_00149,2025-03,1856,82413
SKU_00063,2025-01,1856,82413
SKU_00199,2024-11,1856,82413
SKU_00102,2024-11,1856,82413
SKU_00220,2025-10,1856,82413
SKU_00064,2025-07,1856,82413
SKU_00214,2025-04,1856,82413
SKU_00149,2025-04,1856,82413
SKU_00063,2025-02,1856,82413
SKU_00199,2024-12,1856,82413
SKU_00102,2024-12,1856,82413
SKU_00220,2025-11,1856,82413
SKU_00064,2025-08,1856,82413
SKU_00214,2025-05,1856,82413
SKU_00149,2025-05,1856,82413
SKU_00063,2025-03,1856,82413
SKU_00064,2025-09,1856,82413
SKU_00214,2025-06,1856,82413
SKU_00149,2025-06,1856,82413
SKU_00063,2025-04,1856,82413
SKU_00213,2025-01,1856,82413
SKU_00214,2025-07,1856,82413
SKU_00149,2025-07,1856,82413
SKU_00063,2025-05,1856,82413
SKU_00213,2025-02,1856,82413
SKU_00198,2024-10,1856,82413
SKU_00101,2024-10,1856,82413
SKU_00214,2025-08,1856,82413
SKU_00149,2025-08,1856,82413
SKU_00063,2025-06,1856,82413
SKU_00213,2025-03,1856,82413
SKU_00198,2024-11,1856,82413
SKU_00101,2024-11,1856,82413
SKU_00214,2025-09,1856,82413
SKU_00149,2025-09,1856,82413
SKU_00063,2025-07,1856,82413
SKU_00213,2025-04,1856,82413
SKU_00198,2024-12,1856,82413
SKU_00101,2024-12,1856,82413
SKU_00063,2025-08,1856,82413
SKU_00213,2025-05,1856,82413
SKU_00063,2025-09,1856,82413
SKU_00213,2025-06,1856,82413
SKU_00212,2025-01,1856,82413
SKU_00213,2025-07,1856,82413
SKU_00212,2025-02,1856,82413
SKU_00100,2024-10,1856,82413
SKU_00197,2024-10,1856,82413
SKU_00213,2025-08,1856,82413
SKU_00212,2025-03,1856,82413
SKU_00197,2024-11,1856,82413
SKU_00100,2024-11,1856,82413
SKU_00213,2025-09,1856,82413
SKU_00212,2025-04,1856,82413
SKU_00197,2024-12,1856,82413
SKU_00100,2024-12,1856,82413
SKU_00029,2024-06,1856,82413
SKU_00212,2025-05,1856,82413
SKU_00029,2024-07,1856,82413
SKU_00212,2025-06,1856,82413
SKU_00211,2025-01,1856,82413
SKU_00029,2024-08,1856,82413
SKU_00212,2025-07,1856,82413
SKU_00211,2025-02,1856,82413
SKU_00196,2024-10,1856,82413
SKU_00029,2024-09,1856,82413
SKU_00212,2025-08,1856,82413
SKU_00211,2025-03,1856,82413
SKU_00196,2024-11,1856,82413
SKU_00104,2025-10,1856,82413
SKU_00039,2025-10,1856,82413
SKU_00212,2025-09,1856,82413
SKU_00211,2025-04,1856,82413
SKU_00196,2024-12,1856,82413
SKU_00104,2025-11,1856,82413
SKU_00039,2025-11,1856,82413
SKU_00211,2025-05,1856,82413
SKU_00211,2025-06,1856,82413
SKU_00210,2025-01,1856,82413
SKU_00211,2025-07,1856,82413
SKU_00210,2025-02,1856,82413
SKU_00260,2024-10,1856,82413
SKU_00195,2024-10,1856,82413
SKU_00211,2025-08,1856,82413
SKU_00210,2025-03,1856,82413
SKU_00260,2024-11,1856,82413
SKU_00195,2024-11,1856,82413
SKU_00103,2025-10,1856,82413
SKU_00211,2025-09,1856,82413
SKU_00210,2025-04,1856,82413
SKU_00260,2024-12,1856,82413
SKU_00195,2024-12,1856,82413
SKU_00189,2024-06,1856,82413
SKU_00103,2025-11,1856,82413
SKU_00210,2025-05,1856,82413
SKU_00189,2024-07,1856,82413
SKU_00210,2025-06,1856,82413
SKU_00189,2024-08,1856,82413
SKU_00210,2025-07,1856,82413
SKU_00189,2024-09,1856,82413
SKU_00210,2025-08,1856,82413
SKU_00010,2025-01,1856,82413
SKU_00199,2025-10,1856,82413
SKU_00102,2025-10,1856,82413
SKU_00210,2025-09,1856,82413
SKU_00010,2025-02,1856,82413
SKU_00188,2024-06,1856,82413
SKU_00199,2025-11,1856,82413
SKU_00102,2025-11,1856,82413
SKU_00010,2025-03,1856,82413
SKU_00188,2024-07,1856,82413
SKU_00010,2025-04,1856,82413
SKU_00188,2024-08,1856,82413
SKU_00010,2025-05,1856,82413
SKU_00188,2024-09,1856,82413
SKU_00010,2025-06,1856,82413
SKU_00198,2025-10,1856,82413
SKU_00101,2025-10,1856,82413
SKU_00010,2025-07,1856,82413
SKU_00252,2024-06,1856,82413
SKU_00187,2024-06,1856,82413
SKU_00198,2025-11,1856,82413
SKU_00101,2025-11,1856,82413
SKU_00010,2025-08,1856,82413
SKU_00252,2024-07,1856,82413
SKU_00187,2024-07,1856,82413
SKU_00010,2025-09,1856,82413
SKU_00187,2024-08,1856,82413
SKU_00252,2024-08,1856,82413
SKU_00187,2024-09,1856,82413
SKU_00079,2024-10,1856,82413
SKU_00252,2024-09,1856,82413
SKU_00079,2024-11,1856,82413
SKU_00197,2025-10,1856,82413
SKU_00100,2025-10,1856,82413
SKU_00079,2024-12,1856,82413
SKU_00251,2024-06,1856,82413
SKU_00197,2025-11,1856,82413
SKU_00100,2025-11,1856,82413
SKU_00251,2024-07,1856,82413
SKU_00251,2024-08,1856,82413
SKU_00078,2024-10,1856,82413
SKU_00251,2024-09,1856,82413
SKU_00078,2024-11,1856,82413
SKU_00261,2025-10,1856,82413
SKU_00196,2025-10,1856,82413
SKU_00078,2024-12,1856,82413
SKU_00250,2024-06,1856,82413
SKU_00261,2025-11,1856,82413
SKU_00196,2025-11,1856,82413
SKU_00250,2024-07,1856,82413
SKU_00189,2025-01,1856,82413
SKU_00250,2024-08,1856,82413
SKU_00189,2025-02,1856,82413
SKU_00142,2024-10,1856,82413
SKU_00077,2024-10,1856,82413
SKU_00250,2024-09,1856,82413
SKU_00189,2025-03,1856,82413
SKU_00142,2024-11,1856,82413
SKU_00077,2024-11,1856,82413
SKU_00260,2025-10,1856,82413
SKU_00189,2025-04,1856,82413
SKU_00142,2024-12,1856,82413
SKU_00077,2024-12,1856,82413
SKU_00260,2025-11,1856,82413
SKU_00189,2025-05,1856,82413
SKU_00227,2024-10,1856,82413
SKU_00189,2025-06,1856,82413
SKU_00253,2025-01,1856,82413
SKU_00188,2025-01,1856,82413
SKU_00227,2024-11,1856,82413
SKU_00189,2025-07,1856,82413
SKU_00253,2025-02,1856,82413
SKU_00188,2025-02,1856,82413
SKU_00227,2024-12,1856,82413
SKU_00141,2024-10,1856,82413
SKU_00076,2024-10,1856,82413
SKU_00189,2025-08,1856,82413
SKU_00253,2025-03,1856,82413
SKU_00188,2025-03,1856,82413
SKU_00141,2024-11,1856,82413
SKU_00076,2024-11,1856,82413
SKU_00189,2025-09,1856,82413
SKU_00253,2025-04,1856,82413
SKU_00188,2025-04,1856,82413
SKU_00141,2024-12,1856,82413
SKU_00076,2024-12,1856,82413
SKU_00253,2025-05,1856,82413
SKU_00188,2025-05,1856,82413
SKU_00226,2024-10,1856,82413
SKU_00253,2025-06,1856,82413
SKU_00188,2025-06,1856,82413
SKU_00252,2025-01,1856,82413
SKU_00226,2024-11,1856,82413
SKU_00253,2025-07,1856,82413
SKU_00188,2025-07,1856,82413
SKU_00252,2025-02,1856,82413
SKU_00226,2024-12,1856,82413
SKU_00140,2024-10,1856,82413
SKU_00253,2025-08,1856,82413
SKU_00188,2025-08,1856,82413
SKU_00252,2025-03,1856,82413
SKU_00140,2024-11,1856,82413
SKU_00253,2025-09,1856,82413
SKU_00188,2025-09,1856,82413
SKU_00252,2025-04,1856,82413
SKU_00140,2024-12,1856,82413
SKU_00069,2024-06,1856,82413
SKU_00252,2025-05,1856,82413
SKU_00225,2024-10,1856,82413
SKU_00069,2024-07,1856,82413
SKU_00252,2025-06,1856,82413
SKU_00251,2025-01,1856,82413
SKU_00225,2024-11,1856,82413
SKU_00069,2024-08,1856,82413
SKU_00252,2025-07,1856,82413
SKU_00251,2025-02,1856,82413
SKU_00225,2024-12,1856,82413
SKU_00219,2024-06,1856,82413
SKU_00069,2024-09,1856,82413
SKU_00252,2025-08,1856,82413
SKU_00251,2025-03,1856,82413
SKU_00219,2024-07,1856,82413
SKU_00079,2025-10,1856,82413
SKU_00252,2025-09,1856,82413
SKU_00251,2025-04,1856,82413
SKU_00133,2024-06,1856,82413
SKU_00219,2024-08,1856,82413
SKU_00068,2024-06,1856,82413
SKU_00079,2025-11,1856,82413
SKU_00251,2025-05,1856,82413
SKU_00224,2024-10,1856,82413
SKU_00133,2024-07,1856,82413
SKU_00219,2024-09,1856,82413
SKU_00068,2024-07,1856,82413
SKU_00251,2025-06,1856,82413
SKU_00250,2025-01,1856,82413
SKU_00224,2024-11,1856,82413
SKU_00133,2024-08,1856,82413
SKU_00068,2024-08,1856,82413
SKU_00251,2025-07,1856,82413
SKU_00250,2025-02,1856,82413
SKU_00224,2024-12,1856,82413
SKU_00133,2024-09,1856,82413
SKU_00218,2024-06,1856,82413
SKU_00068,2024-09,1856,82413
SKU_00251,2025-08,1856,82413
SKU_00250,2025-03,1856,82413
SKU_00218,2024-07,1856,82413
SKU_00143,2025-10,1856,82413
SKU_00078,2025-10,1856,82413
SKU_00251,2025-09,1856,82413
SKU_00250,2025-04,1856,82413
SKU_00132,2024-06,1856,82413
SKU_00218,2024-08,1856,82413
SKU_00143,2025-11,1856,82413
SKU_00078,2025-11,1856,82413
SKU_00250,2025-05,1856,82413
SKU_00223,2024-10,1856,82413
SKU_00132,2024-07,1856,82413
SKU_00218,2024-09,1856,82413
SKU_00250,2025-06,1856,82413
SKU_00223,2024-11,1856,82413
SKU_00132,2024-08,1856,82413
SKU_00228,2025-10,1856,82413
SKU_00250,2025-07,1856,82413
SKU_00223,2024-12,1856,82413
SKU_00132,2024-09,1856,82413
SKU_00217,2024-06,1856,82413
SKU_00228,2025-11,1856,82413
SKU_00250,2025-08,1856,82413
SKU_00217,2024-07,1856,82413
SKU_00142,2025-10,1856,82413
SKU_00077,2025-10,1856,82413
SKU_00250,2025-09,1856,82413
SKU_00217,2024-08,1856,82413
SKU_00131,2024-06,1856,82413
SKU_00142,2025-11,1856,82413
SKU_00077,2025-11,1856,82413
SKU_00217,2024-09,1856,82413
SKU_00109,2024-10,1856,82413
SKU_00131,2024-07,1856,82413
SKU_00109,2024-11,1856,82413
SKU_00131,2024-08,1856,82413
SKU_00227,2025-10,1856,82413
SKU_00109,2024-12,1856,82413
SKU_00216,2024-06,1856,82413
SKU_00023,2024-10,1856,82413
SKU_00131,2024-09,1856,82413
SKU_00227,2025-11,1856,82413
SKU_00023,2024-11,1856,82413
SKU_00216,2024-07,1856,82413
SKU_00141,2025-10,1856,82413
SKU_00023,2024-12,1856,82413
SKU_00216,2024-08,1856,82413
SKU_00130,2024-06,1856,82413
SKU_00141,2025-11,1856,82413
SKU_00216,2024-09,1856,82413
SKU_00108,2024-10,1856,82413
SKU_00130,2024-07,1856,82413
SKU_00134,2025-01,1856,82413
SKU_00069,2025-01,1856,82413
SKU_00108,2024-11,1856,82413
SKU_00130,2024-08,1856,82413
SKU_00226,2025-10,1856,82413
SKU_00134,2025-02,1856,82413
SKU_00069,2025-02,1856,82413
SKU_00108,2024-12,1856,82413
SKU_00215,2024-06,1856,82413
SKU_00022,2024-10,1856,82413
SKU_00130,2024-09,1856,82413
SKU_00226,2025-11,1856,82413
SKU_00134,2025-03,1856,82413
SKU_00069,2025-03,1856,82413
SKU_00022,2024-11,1856,82413
SKU_00215,2024-07,1856,82413
SKU_00140,2025-10,1856,82413
SKU_00134,2025-04,1856,82413
SKU_00069,2025-04,1856,82413
SKU_00219,2025-01,1856,82413
SKU_00022,2024-12,1856,82413
SKU_00215,2024-08,1856,82413
SKU_00291,2024-06,1856,82413
SKU_00140,2025-11,1856,82413
SKU_00134,2025-05,1856,82413
SKU_00069,2025-05,1856,82413
SKU_00219,2025-02,1856,82413
SKU_00215,2024-09,1856,82413
SKU_00107,2024-10,1856,82413
SKU_00291,2024-07,1856,82413
SKU_00134,2025-06,1856,82413
SKU_00069,2025-06,1856,82413
SKU_00219,2025-03,1856,82413
SKU_00133,2025-01,1856,82413
SKU_00107,2024-11,1856,82413
SKU_00291,2024-08,1856,82413
SKU_00225,2025-10,1856,82413
SKU_00134,2025-07,1856,82413
SKU_00069,2025-07,1856,82413
SKU_00219,2025-04,1856,82413
SKU_00133,2025-02,1856,82413
SKU_00107,2024-12,1856,82413
SKU_00214,2024-06,1856,82413
SKU_00021,2024-10,1856,82413
SKU_00291,2024-09,1856,82413
SKU_00225,2025-11,1856,82413
SKU_00134,2025-08,1856,82413
SKU_00069,2025-08,1856,82413
SKU_00219,2025-05,1856,82413
SKU_00133,2025-03,1856,82413
SKU_00021,2024-11,1856,82413
SKU_00214,2024-07,1856,82413
SKU_00134,2025-09,1856,82413
SKU_00069,2025-09,1856,82413
SKU_00219,2025-06,1856,82413
SKU_00133,2025-04,1856,82413
SKU_00218,2025-01,1856,82413
SKU_00021,2024-12,1856,82413
SKU_00015,2024-06,1856,82413
SKU_00214,2024-08,1856,82413
SKU_00290,2024-06,1856,82413
SKU_00219,2025-07,1856,82413
SKU_00133,2025-05,1856,82413
SKU_00218,2025-02,1856,82413
SKU_00015,2024-07,1856,82413
SKU_00214,2024-09,1856,82413
SKU_00106,2024-10,1856,82413
SKU_00290,2024-07,1856,82413
SKU_00219,2025-08,1856,82413
SKU_00133,2025-06,1856,82413
SKU_00218,2025-03,1856,82413
SKU_00132,2025-01,1856,82413
SKU_00106,2024-11,1856,82413
SKU_00015,2024-08,1856,82413
SKU_00290,2024-08,1856,82413
SKU_00224,2025-10,1856,82413
SKU_00219,2025-09,1856,82413
SKU_00133,2025-07,1856,82413
SKU_00218,2025-04,1856,82413
SKU_00132,2025-02,1856,82413
SKU_00106,2024-12,1856,82413
SKU_00015,2024-09,1856,82413
SKU_00020,2024-10,1856,82413
SKU_00290,2024-09,1856,82413
SKU_00224,2025-11,1856,82413
SKU_00133,2025-08,1856,82413
SKU_00218,2025-05,1856,82413
SKU_00132,2025-03,1856,82413
SKU_00020,2024-11,1856,82413
SKU_00133,2025-09,1856,82413
SKU_00218,2025-06,1856,82413
SKU_00132,2025-04,1856,82413
SKU_00217,2025-01,1856,82413
SKU_00020,2024-12,1856,82413
SKU_00014,2024-06,1856,82413
SKU_00218,2025-07,1856,82413
SKU_00132,2025-05,1856,82413
SKU_00217,2025-02,1856,82413
SKU_00014,2024-07,1856,82413
SKU_00105,2024-10,1856,82413
SKU_00218,2025-08,1856,82413
SKU_00132,2025-06,1856,82413
SKU_00217,2025-03,1856,82413
SKU_00131,2025-01,1856,82413
SKU_00105,2024-11,1856,82413
SKU_00014,2024-08,1856,82413
SKU_00218,2025-09,1856,82413
SKU_00132,2025-07,1856,82413
SKU_00217,2025-04,1856,82413
SKU_00131,2025-02,1856,82413
SKU_00105,2024-12,1856,82413
SKU_00014,2024-09,1856,82413
SKU_00132,2025-08,1856,82413
SKU_00217,2025-05,1856,82413
SKU_00131,2025-03,1856,82413
SKU_00024,2025-10,1856,82413
SKU_00132,2025-09,1856,82413
SKU_00217,2025-06,1856,82413
SKU_00131,2025-04,1856,82413
SKU_00216,2025-01,1856,82413
SKU_00013,2024-06,1856,82413
SKU_00024,2025-11,1856,82413
SKU_00217,2025-07,1856,82413
SKU_00131,2025-05,1856,82413
SKU_00216,2025-02,1856,82413
SKU_00266,2024-10,1856,82413
SKU_00013,2024-07,1856,82413
SKU_00104,2024-10,1856,82413
SKU_00217,2025-08,1856,82413
SKU_00131,2025-06,1856,82413
SKU_00216,2025-03,1856,82413
SKU_00292,2025-01,1856,82413
SKU_00130,2025-01,1856,82413
SKU_00266,2024-11,1856,82413
SKU_00104,2024-11,1856,82413
SKU_00013,2024-08,1856,82413
SKU_00109,2025-10,1856,82413
SKU_00217,2025-09,1856,82413
SKU_00131,2025-07,1856,82413
SKU_00216,2025-04,1856,82413
SKU_00292,2025-02,1856,82413
SKU_00130,2025-02,1856,82413
SKU_00266,2024-12,1856,82413
SKU_00104,2024-12,1856,82413
SKU_00013,2024-09,1856,82413
SKU_00180,2024-10,1856,82413
SKU_00109,2025-11,1856,82413
SKU_00131,2025-08,1856,82413
SKU_00216,2025-05,1856,82413
SKU_00292,2025-03,1856,82413
SKU_00130,2025-03,1856,82413
SKU_00180,2024-11,1856,82413
SKU_00023,2025-10,1856,82413
SKU_00131,2025-09,1856,82413
SKU_00216,2025-06,1856,82413
SKU_00292,2025-04,1856,82413
SKU_00130,2025-04,1856,82413
SKU_00215,2025-01,1856,82413
SKU_00180,2024-12,1856,82413
SKU_00012,2024-06,1856,82413
SKU_00023,2025-11,1856,82413
SKU_00216,2025-07,1856,82413
SKU_00292,2025-05,1856,82413
SKU_00130,2025-05,1856,82413
SKU_00215,2025-02,1856,82413
SKU_00265,2024-10,1856,82413
SKU_00012,2024-07,1856,82413
SKU_00216,2025-08,1856,82413
SKU_00292,2025-06,1856,82413
SKU_00130,2025-06,1856,82413
SKU_00215,2025-03,1856,82413
SKU_00291,2025-01,1856,82413
SKU_00016,2025-01,1856,82413
SKU_00265,2024-11,1856,82413
SKU_00012,2024-08,1856,82413
SKU_00108,2025-10,1856,82413
SKU_00216,2025-09,1856,82413
SKU_00292,2025-07,1856,82413
SKU_00130,2025-07,1856,82413
SKU_00215,2025-04,1856,82413
SKU_00291,2025-02,1856,82413
SKU_00016,2025-02,1856,82413
SKU_00265,2024-12,1856,82413
SKU_00012,2024-09,1856,82413
SKU_00108,2025-11,1856,82413
SKU_00292,2025-08,1856,82413
SKU_00130,2025-08,1856,82413
SKU_00215,2025-05,1856,82413
SKU_00291,2025-03,1856,82413
SKU_00016,2025-03,1856,82413
SKU_00022,2025-10,1856,82413
SKU_00292,2025-09,1856,82413
SKU_00130,2025-09,1856,82413
SKU_00215,2025-06,1856,82413
SKU_00291,2025-04,1856,82413
SKU_00016,2025-04,1856,82413
SKU_00011,2024-06,1856,82413
SKU_00022,2025-11,1856,82413
SKU_00215,2025-07,1856,82413
SKU_00291,2025-05,1856,82413
SKU_00016,2025-05,1856,82413
SKU_00264,2024-10,1856,82413
SKU_00011,2024-07,1856,82413
SKU_00215,2025-08,1856,82413
SKU_00291,2025-06,1856,82413
SKU_00016,2025-06,1856,82413
SKU_00290,2025-01,1856,82413
SKU_00015,2025-01,1856,82413
SKU_00264,2024-11,1856,82413
SKU_00011,2024-08,1856,82413
SKU_00107,2025-10,1856,82413
SKU_00215,2025-09,1856,82413
SKU_00291,2025-07,1856,82413
SKU_00016,2025-07,1856,82413
SKU_00290,2025-02,1856,82413
SKU_00015,2025-02,1856,82413
SKU_00264,2024-12,1856,82413
SKU_00258,2024-06,1856,82413
SKU_00011,2024-09,1856,82413
SKU_00107,2025-11,1856,82413
SKU_00291,2025-08,1856,82413
SKU_00016,2025-08,1856,82413
SKU_00290,2025-03,1856,82413
SKU_00015,2025-03,1856,82413
SKU_00258,2024-07,1856,82413
SKU_00021,2025-10,1856,82413
SKU_00291,2025-09,1856,82413
SKU_00016,2025-09,1856,82413
SKU_00290,2025-04,1856,82413
SKU_00015,2025-04,1856,82413
SKU_00258,2024-08,1856,82413
SKU_00172,2024-06,1856,82413
SKU_00010,2024-06,1856,82413
SKU_00021,2025-11,1856,82413
SKU_00290,2025-05,1856,82413
SKU_00015,2025-05,1856,82413
SKU_00263,2024-10,1856,82413
SKU_00258,2024-09,1856,82413
SKU_00172,2024-07,1856,82413
SKU_00010,2024-07,1856,82413
SKU_00290,2025-06,1856,82413
SKU_00015,2025-06,1856,82413
SKU_00014,2025-01,1856,82413
SKU_00263,2024-11,1856,82413
SKU_00172,2024-08,1856,82413
SKU_00010,2024-08,1856,82413
SKU_00106,2025-10,1856,82413
SKU_00290,2025-07,1856,82413
SKU_00015,2025-07,1856,82413
SKU_00014,2025-02,1856,82413
SKU_00263,2024-12,1856,82413
SKU_00257,2024-06,1856,82413
SKU_00172,2024-09,1856,82413
SKU_00010,2024-09,1856,82413
SKU_00106,2025-11,1856,82413
SKU_00290,2025-08,1856,82413
SKU_00015,2025-08,1856,82413
SKU_00014,2025-03,1856,82413
SKU_00257,2024-07,1856,82413
SKU_00020,2025-10,1856,82413
SKU_00290,2025-09,1856,82413
SKU_00015,2025-09,1856,82413
SKU_00014,2025-04,1856,82413
SKU_00257,2024-08,1856,82413
SKU_00171,2024-06,1856,82413
SKU_00020,2025-11,1856,82413
SKU_00014,2025-05,1856,82413
SKU_00262,2024-10,1856,82413
SKU_00257,2024-09,1856,82413
SKU_00171,2024-07,1856,82413
SKU_00014,2025-06,1856,82413
SKU_00013,2025-01,1856,82413
SKU_00262,2024-11,1856,82413
SKU_00171,2024-08,1856,82413
SKU_00267,2025-10,1856,82413
SKU_00105,2025-10,1856,82413
SKU_00014,2025-07,1856,82413
SKU_00013,2025-02,1856,82413
SKU_00262,2024-12,1856,82413
SKU_00256,2024-06,1856,82413
SKU_00171,2024-09,1856,82413
SKU_00267,2025-11,1856,82413
SKU_00105,2025-11,1856,82413
SKU_00014,2025-08,1856,82413
SKU_00013,2025-03,1856,82413
SKU_00256,2024-07,1856,82413
SKU_00181,2025-10,1856,82413
SKU_00014,2025-09,1856,82413
SKU_00013,2025-04,1856,82413
SKU_00256,2024-08,1856,82413
SKU_00170,2024-06,1856,82413
SKU_00181,2025-11,1856,82413
SKU_00013,2025-05,1856,82413
SKU_00261,2024-10,1856,82413
SKU_00256,2024-09,1856,82413
SKU_00170,2024-07,1856,82413
SKU_00013,2025-06,1856,82413
SKU_00012,2025-01,1856,82413
SKU_00261,2024-11,1856,82413
SKU_00170,2024-08,1856,82413
SKU_00266,2025-10,1856,82413
SKU_00013,2025-07,1856,82413
SKU_00012,2025-02,1856,82413
SKU_00261,2024-12,1856,82413
SKU_00255,2024-06,1856,82413
SKU_00170,2024-09,1856,82413
SKU_00266,2025-11,1856,82413
SKU_00013,2025-08,1856,82413
SKU_00012,2025-03,1856,82413
SKU_00255,2024-07,1856,82413
SKU_00180,2025-10,1856,82413
SKU_00013,2025-09,1856,82413
SKU_00012,2025-04,1856,82413
SKU_00259,2025-01,1856,82413
SKU_00255,2024-08,1856,82413
SKU_00180,2025-11,1856,82413
SKU_00012,2025-05,1856,82413
SKU_00259,2025-02,1856,82413
SKU_00255,2024-09,1856,82413
SKU_00147,2024-10,1856,82413
SKU_00012,2025-06,1856,82413
SKU_00259,2025-03,1856,82413
SKU_00173,2025-01,1856,82413
SKU_00011,2025-01,1856,82413
SKU_00147,2024-11,1856,82413
SKU_00265,2025-10,1856,82413
SKU_00012,2025-07,1856,82413
SKU_00259,2025-04,1856,82413
SKU_00173,2025-02,1856,82413
SKU_00011,2025-02,1856,82413
SKU_00147,2024-12,1856,82413
SKU_00254,2024-06,1856,82413
SKU_00061,2024-10,1856,82413
SKU_00265,2025-11,1856,82413
SKU_00012,2025-08,1856,82413
SKU_00259,2025-05,1856,82413
SKU_00173,2025-03,1856,82413
SKU_00011,2025-03,1856,82413
SKU_00061,2024-11,1856,82413
SKU_00254,2024-07,1856,82413
SKU_00012,2025-09,1856,82413
SKU_00259,2025-06,1856,82413
SKU_00173,2025-04,1856,82413
SKU_00011,2025-04,1856,82413
SKU_00258,2025-01,1856,82413
SKU_00061,2024-12,1856,82413
SKU_00254,2024-08,1856,82413
SKU_00259,2025-07,1856,82413
SKU_00173,2025-05,1856,82413
SKU_00011,2025-05,1856,82413
SKU_00258,2025-02,1856,82413
SKU_00146,2024-10,1856,82413
SKU_00254,2024-09,1856,82413
SKU_00259,2025-08,1856,82413
SKU_00173,2025-06,1856,82413
SKU_00011,2025-06,1856,82413
SKU_00258,2025-03,1856,82413
SKU_00172,2025-01,1856,82413
SKU_00146,2024-11,1856,82413
SKU_00264,2025-10,1856,82413
SKU_00259,2025-09,1856,82413
SKU_00173,2025-07,1856,82413
SKU_00011,2025-07,1856,82413
SKU_00258,2025-04,1856,82413
SKU_00172,2025-02,1856,82413
SKU_00146,2024-12,1856,82413
SKU_00253,2024-06,1856,82413
SKU_00060,2024-10,1856,82413
SKU_00264,2025-11,1856,82413
SKU_00173,2025-08,1856,82413
SKU_00011,2025-08,1856,82413
SKU_00258,2025-05,1856,82413
SKU_00172,2025-03,1856,82413
SKU_00060,2024-11,1856,82413
SKU_00253,2024-07,1856,82413
SKU_00173,2025-09,1856,82413
SKU_00011,2025-09,1856,82413
SKU_00258,2025-06,1856,82413
SKU_00172,2025-04,1856,82413
SKU_00257,2025-01,1856,82413
SKU_00060,2024-12,1856,82413
SKU_00253,2024-08,1856,82413
SKU_00258,2025-07,1856,82413
SKU_00172,2025-05,1856,82413
SKU_00257,2025-02,1856,82413
SKU_00145,2024-10,1856,82413
SKU_00253,2024-09,1856,82413
SKU_00258,2025-08,1856,82413
SKU_00172,2025-06,1856,82413
SKU_00257,2025-03,1856,82413
SKU_00171,2025-01,1856,82413
SKU_00145,2024-11,1856,82413
SKU_00263,2025-10,1856,82413
SKU_00258,2025-09,1856,82413
SKU_00172,2025-07,1856,82413
SKU_00257,2025-04,1856,82413
SKU_00171,2025-02,1856,82413
SKU_00145,2024-12,1856,82413
SKU_00139,2024-06,1856,82413
SKU_00263,2025-11,1856,82413
SKU_00172,2025-08,1856,82413
SKU_00257,2025-05,1856,82413
SKU_00171,2025-03,1856,82413
SKU_00139,2024-07,1856,82413
SKU_00172,2025-09,1856,82413
SKU_00257,2025-06,1856,82413
SKU_00171,2025-04,1856,82413
SKU_00256,2025-01,1856,82413
SKU_00139,2024-08,1856,82413
SKU_00053,2024-06,1856,82413
SKU_00257,2025-07,1856,82413
SKU_00171,2025-05,1856,82413
SKU_00256,2025-02,1856,82413
SKU_00139,2024-09,1856,82413
SKU_00144,2024-10,1856,82413
SKU_00053,2024-07,1856,82413
SKU_00257,2025-08,1856,82413
SKU_00171,2025-06,1856,82413
SKU_00256,2025-03,1856,82413
SKU_00170,2025-01,1856,82413
SKU_00144,2024-11,1856,82413
SKU_00053,2024-08,1856,82413
SKU_00262,2025-10,1856,82413
SKU_00257,2025-09,1856,82413
SKU_00171,2025-07,1856,82413
SKU_00256,2025-04,1856,82413
SKU_00170,2025-02,1856,82413
SKU_00144,2024-12,1856,82413
SKU_00138,2024-06,1856,82413
SKU_00053,2024-09,1856,82413
SKU_00262,2025-11,1856,82413
SKU_00171,2025-08,1856,82413
SKU_00256,2025-05,1856,82413
SKU_00170,2025-03,1856,82413
SKU_00229,2024-10,1856,82413
SKU_00138,2024-07,1856,82413
SKU_00171,2025-09,1856,82413
SKU_00256,2025-06,1856,82413
SKU_00170,2025-04,1856,82413
SKU_00255,2025-01,1856,82413
SKU_00229,2024-11,1856,82413
SKU_00138,2024-08,1856,82413
SKU_00052,2024-06,1856,82413
SKU_00256,2025-07,1856,82413
SKU_00170,2025-05,1856,82413
SKU_00255,2025-02,1856,82413
SKU_00229,2024-12,1856,82413
SKU_00138,2024-09,1856,82413
SKU_00143,2024-10,1856,82413
SKU_00052,2024-07,1856,82413
SKU_00256,2025-08,1856,82413
SKU_00170,2025-06,1856,82413
SKU_00255,2025-03,1856,82413
SKU_00143,2024-11,1856,82413
SKU_00052,2024-08,1856,82413
SKU_00148,2025-10,1856,82413
SKU_00256,2025-09,1856,82413
SKU_00170,2025-07,1856,82413
SKU_00255,2025-04,1856,82413
SKU_00143,2024-12,1856,82413
SKU_00137,2024-06,1856,82413
SKU_00052,2024-09,1856,82413
SKU_00148,2025-11,1856,82413
SKU_00170,2025-08,1856,82413
SKU_00255,2025-05,1856,82413
SKU_00228,2024-10,1856,82413
SKU_00137,2024-07,1856,82413
SKU_00062,2025-10,1856,82413
SKU_00170,2025-09,1856,82413
SKU_00255,2025-06,1856,82413
SKU_00254,2025-01,1856,82413
SKU_00228,2024-11,1856,82413
SKU_00137,2024-08,1856,82413
SKU_00051,2024-06,1856,82413
SKU_00062,2025-11,1856,82413
SKU_00255,2025-07,1856,82413
SKU_00254,2025-02,1856,82413
SKU_00228,2024-12,1856,82413
SKU_00137,2024-09,1856,82413
SKU_00051,2024-07,1856,82413
SKU_00255,2025-08,1856,82413
SKU_00254,2025-03,1856,82413
SKU_00051,2024-08,1856,82413
SKU_00147,2025-10,1856,82413
SKU_00255,2025-09,1856,82413
SKU_00254,2025-04,1856,82413
SKU_00136,2024-06,1856,82413
SKU_00051,2024-09,1856,82413
SKU_00147,2025-11,1856,82413
SKU_00254,2025-05,1856,82413
SKU_00136,2024-07,1856,82413
SKU_00061,2025-10,1856,82413
SKU_00254,2025-06,1856,82413
SKU_00136,2024-08,1856,82413
SKU_00050,2024-06,1856,82413
SKU_00061,2025-11,1856,82413
SKU_00254,2025-07,1856,82413
SKU_00136,2024-09,1856,82413
SKU_00028,2024-10,1856,82413
SKU_00050,2024-07,1856,82413
SKU_00254,2025-08,1856,82413
SKU_00054,2025-01,1856,82413
SKU_00028,2024-11,1856,82413
SKU_00050,2024-08,1856,82413
SKU_00146,2025-10,1856,82413
SKU_00254,2025-09,1856,82413
SKU_00054,2025-02,1856,82413
SKU_00028,2024-12,1856,82413
SKU_00135,2024-06,1856,82413
SKU_00050,2024-09,1856,82413
SKU_00146,2025-11,1856,82413
SKU_00054,2025-03,1856,82413
SKU_00135,2024-07,1856,82413
SKU_00060,2025-10,1856,82413
SKU_00054,2025-04,1856,82413
SKU_00139,2025-01,1856,82413
SKU_00135,2024-08,1856,82413
SKU_00060,2025-11,1856,82413
SKU_00054,2025-05,1856,82413
SKU_00139,2025-02,1856,82413
SKU_00135,2024-09,1856,82413
SKU_00027,2024-10,1856,82413
SKU_00054,2025-06,1856,82413
SKU_00139,2025-03,1856,82413
SKU_00053,2025-01,1856,82413
SKU_00027,2024-11,1856,82413
SKU_00145,2025-10,1856,82413
SKU_00054,2025-07,1856,82413
SKU_00139,2025-04,1856,82413
SKU_00053,2025-02,1856,82413
SKU_00027,2024-12,1856,82413
SKU_00134,2024-06,1856,82413
SKU_00296,2024-06,1856,82413
SKU_00145,2025-11,1856,82413
SKU_00054,2025-08,1856,82413
SKU_00139,2025-05,1856,82413
SKU_00053,2025-03,1856,82413
SKU_00296,2024-07,1856,82413
SKU_00134,2024-07,1856,82413
SKU_00054,2025-09,1856,82413
SKU_00139,2025-06,1856,82413
SKU_00053,2025-04,1856,82413
SKU_00138,2025-01,1856,82413
SKU_00296,2024-08,1856,82413
SKU_00134,2024-08,1856,82413
SKU_00139,2025-07,1856,82413
SKU_00053,2025-05,1856,82413
SKU_00138,2025-02,1856,82413
SKU_00026,2024-10,1856,82413
SKU_00296,2024-09,1856,82413
SKU_00134,2024-09,1856,82413
SKU_00139,2025-08,1856,82413
SKU_00053,2025-06,1856,82413
SKU_00138,2025-03,1856,82413
SKU_00052,2025-01,1856,82413
SKU_00026,2024-11,1856,82413
SKU_00144,2025-10,1856,82413
SKU_00139,2025-09,1856,82413
SKU_00053,2025-07,1856,82413
SKU_00138,2025-04,1856,82413
SKU_00052,2025-02,1856,82413
SKU_00026,2024-12,1856,82413
SKU_00295,2024-06,1856,82413
SKU_00144,2025-11,1856,82413
SKU_00053,2025-08,1856,82413
SKU_00138,2025-05,1856,82413
SKU_00052,2025-03,1856,82413
SKU_00295,2024-07,1856,82413
SKU_00053,2025-09,1856,82413
SKU_00138,2025-06,1856,82413
SKU_00052,2025-04,1856,82413
SKU_00137,2025-01,1856,82413
SKU_00295,2024-08,1856,82413
SKU_00229,2025-10,1856,82413
SKU_00138,2025-07,1856,82413
SKU_00052,2025-05,1856,82413
SKU_00137,2025-02,1856,82413
SKU_00025,2024-10,1856,82413
SKU_00295,2024-09,1856,82413
SKU_00229,2025-11,1856,82413
SKU_00138,2025-08,1856,82413
SKU_00052,2025-06,1856,82413
SKU_00137,2025-03,1856,82413
SKU_00051,2025-01,1856,82413
SKU_00025,2024-11,1856,82413
SKU_00138,2025-09,1856,82413
SKU_00052,2025-07,1856,82413
SKU_00137,2025-04,1856,82413
SKU_00051,2025-02,1856,82413
SKU_00025,2024-12,1856,82413
SKU_00019,2024-06,1856,82413
SKU_00294,2024-06,1856,82413
SKU_00052,2025-08,1856,82413
SKU_00137,2025-05,1856,82413
SKU_00051,2025-03,1856,82413
SKU_00019,2024-07,1856,82413
SKU_00294,2024-07,1856,82413
SKU_00052,2025-09,1856,82413
SKU_00137,2025-06,1856,82413
SKU_00051,2025-04,1856,82413
SKU_00298,2025-01,1856,82413
SKU_00136,2025-01,1856,82413
SKU_00019,2024-08,1856,82413
SKU_00294,2024-08,1856,82413
SKU_00137,2025-07,1856,82413
SKU_00051,2025-05,1856,82413
SKU_00298,2025-02,1856,82413
SKU_00136,2025-02,1856,82413
SKU_00186,2024-10,1856,82413
SKU_00019,2024-09,1856,82413
SKU_00024,2024-10,1856,82413
SKU_00294,2024-09,1856,82413
SKU_00137,2025-08,1856,82413
SKU_00051,2025-06,1856,82413
SKU_00298,2025-03,1856,82413
SKU_00136,2025-03,1856,82413
SKU_00050,2025-01,1856,82413
SKU_00186,2024-11,1856,82413
SKU_00024,2024-11,1856,82413
SKU_00029,2025-10,1856,82413
SKU_00137,2025-09,1856,82413
SKU_00051,2025-07,1856,82413
SKU_00298,2025-04,1856,82413
SKU_00136,2025-04,1856,82413
SKU_00050,2025-02,1856,82413
SKU_00186,2024-12,1856,82413
SKU_00024,2024-12,1856,82413
SKU_00018,2024-06,1856,82413
SKU_00293,2024-06,1856,82413
SKU_00029,2025-11,1856,82413
SKU_00051,2025-08,1856,82413
SKU_00298,2025-05,1856,82413
SKU_00136,2025-05,1856,82413
SKU_00050,2025-03,1856,82413
SKU_00018,2024-07,1856,82413
SKU_00293,2024-07,1856,82413
SKU_00051,2025-09,1856,82413
SKU_00298,2025-06,1856,82413
SKU_00136,2025-06,1856,82413
SKU_00050,2025-04,1856,82413
SKU_00297,2025-01,1856,82413
SKU_00200,2025-01,1856,82413
SKU_00135,2025-01,1856,82413
SKU_00018,2024-08,1856,82413
SKU_00293,2024-08,1856,82413
SKU_00298,2025-07,1856,82413
SKU_00136,2025-07,1856,82413
SKU_00050,2025-05,1856,82413
SKU_00297,2025-02,1856,82413
SKU_00200,2025-02,1856,82413
SKU_00135,2025-02,1856,82413
SKU_00185,2024-10,1856,82413
SKU_00018,2024-09,1856,82413
SKU_00293,2024-09,1856,82413
SKU_00298,2025-08,1856,82413
SKU_00136,2025-08,1856,82413
SKU_00050,2025-06,1856,82413
SKU_00297,2025-03,1856,82413
SKU_00200,2025-03,1856,82413
SKU_00135,2025-03,1856,82413
SKU_00185,2024-11,1856,82413
SKU_00028,2025-10,1856,82413
SKU_00298,2025-09,1856,82413
SKU_00136,2025-09,1856,82413
SKU_00050,2025-07,1856,82413
SKU_00297,2025-04,1856,82413
SKU_00200,2025-04,1856,82413
SKU_00135,2025-04,1856,82413
SKU_00185,2024-12,1856,82413
SKU_00017,2024-06,1856,82413
SKU_00292,2024-06,1856,82413
SKU_00028,2025-11,1856,82413
SKU_00050,2025-08,1856,82413
SKU_00297,2025-05,1856,82413
SKU_00200,2025-05,1856,82413
SKU_00135,2025-05,1856,82413
SKU_00017,2024-07,1856,82413
SKU_00292,2024-07,1856,82413
SKU_00050,2025-09,1856,82413
SKU_00297,2025-06,1856,82413
SKU_00200,2025-06,1856,82413
SKU_00135,2025-06,1856,82413
SKU_00296,2025-01,1856,82413
SKU_00017,2024-08,1856,82413
SKU_00292,2024-08,1856,82413
SKU_00297,2025-07,1856,82413
SKU_00200,2025-07,1856,82413
SKU_00135,2025-07,1856,82413
SKU_00296,2025-02,1856,82413
SKU_00017,2024-09,1856,82413
SKU_00292,2024-09,1856,82413
SKU_00184,2024-10,1856,82413
SKU_00297,2025-08,1856,82413
SKU_00200,2025-08,1856,82413
SKU_00135,2025-08,1856,82413
SKU_00296,2025-03,1856,82413
SKU_00184,2024-11,1856,82413
SKU_00027,2025-10,1856,82413
SKU_00297,2025-09,1856,82413
SKU_00200,2025-09,1856,82413
SKU_00135,2025-09,1856,82413
SKU_00296,2025-04,1856,82413
SKU_00184,2024-12,1856,82413
SKU_00016,2024-06,1856,82413
SKU_00178,2024-06,1856,82413
SKU_00027,2025-11,1856,82413
SKU_00296,2025-05,1856,82413
SKU_00269,2024-10,1856,82413
SKU_00016,2024-07,1856,82413
SKU_00178,2024-07,1856,82413
SKU_00296,2025-06,1856,82413
SKU_00295,2025-01,1856,82413
SKU_00269,2024-11,1856,82413
SKU_00016,2024-08,1856,82413
SKU_00092,2024-06,1856,82413
SKU_00178,2024-08,1856,82413
SKU_00296,2025-07,1856,82413
SKU_00295,2025-02,1856,82413
SKU_00269,2024-12,1856,82413
SKU_00016,2024-09,1856,82413
SKU_00092,2024-07,1856,82413
SKU_00178,2024-09,1856,82413
SKU_00183,2024-10,1856,82413
SKU_00296,2025-08,1856,82413
SKU_00295,2025-03,1856,82413
SKU_00183,2024-11,1856,82413
SKU_00092,2024-08,1856,82413
SKU_00026,2025-10,1856,82413
SKU_00296,2025-09,1856,82413
SKU_00295,2025-04,1856,82413
SKU_00183,2024-12,1856,82413
SKU_00092,2024-09,1856,82413
SKU_00177,2024-06,1856,82413
SKU_00026,2025-11,1856,82413
SKU_00295,2025-05,1856,82413
SKU_00268,2024-10,1856,82413
SKU_00177,2024-07,1856,82413
SKU_00295,2025-06,1856,82413
SKU_00294,2025-01,1856,82413
SKU_00019,2025-01,1856,82413
SKU_00268,2024-11,1856,82413
SKU_00091,2024-06,1856,82413
SKU_00177,2024-08,1856,82413
SKU_00295,2025-07,1856,82413
SKU_00294,2025-02,1856,82413
SKU_00019,2025-02,1856,82413
SKU_00268,2024-12,1856,82413
SKU_00091,2024-07,1856,82413
SKU_00177,2024-09,1856,82413
SKU_00182,2024-10,1856,82413
SKU_00295,2025-08,1856,82413
SKU_00294,2025-03,1856,82413
SKU_00019,2025-03,1856,82413
SKU_00182,2024-11,1856,82413
SKU_00091,2024-08,1856,82413
SKU_00187,2025-10,1856,82413
SKU_00025,2025-10,1856,82413
SKU_00295,2025-09,1856,82413
SKU_00294,2025-04,1856,82413
SKU_00019,2025-04,1856,82413
SKU_00182,2024-12,1856,82413
SKU_00091,2024-09,1856,82413
SKU_00176,2024-06,1856,82413
SKU_00187,2025-11,1856,82413
SKU_00025,2025-11,1856,82413
SKU_00294,2025-05,1856,82413
SKU_00019,2025-05,1856,82413
SKU_00267,2024-10,1856,82413
SKU_00176,2024-07,1856,82413
SKU_00294,2025-06,1856,82413
SKU_00019,2025-06,1856,82413
SKU_00293,2025-01,1856,82413
SKU_00018,2025-01,1856,82413
SKU_00267,2024-11,1856,82413
SKU_00090,2024-06,1856,82413
SKU_00176,2024-08,1856,82413
SKU_00294,2025-07,1856,82413
SKU_00019,2025-07,1856,82413
SKU_00293,2025-02,1856,82413
SKU_00018,2025-02,1856,82413
SKU_00267,2024-12,1856,82413
SKU_00090,2024-07,1856,82413
SKU_00176,2024-09,1856,82413
SKU_00181,2024-10,1856,82413
SKU_00294,2025-08,1856,82413
SKU_00019,2025-08,1856,82413
SKU_00293,2025-03,1856,82413
SKU_00018,2025-03,1856,82413
SKU_00181,2024-11,1856,82413
SKU_00090,2024-08,1856,82413
SKU_00186,2025-10,1856,82413
SKU_00294,2025-09,1856,82413
SKU_00019,2025-09,1856,82413
SKU_00293,2025-04,1856,82413
SKU_00018,2025-04,1856,82413
SKU_00181,2024-12,1856,82413
SKU_00090,2024-09,1856,82413
SKU_00175,2024-06,1856,82413
SKU_00186,2025-11,1856,82413
SKU_00293,2025-05,1856,82413
SKU_00018,2025-05,1856,82413
SKU_00175,2024-07,1856,82413
SKU_00293,2025-06,1856,82413
SKU_00018,2025-06,1856,82413
SKU_00179,2025-01,1856,82413
SKU_00017,2025-01,1856,82413
SKU_00175,2024-08,1856,82413
SKU_00293,2025-07,1856,82413
SKU_00018,2025-07,1856,82413
SKU_00179,2025-02,1856,82413
SKU_00017,2025-02,1856,82413
SKU_00067,2024-10,1856,82413
SKU_00175,2024-09,1856,82413
SKU_00293,2025-08,1856,82413
SKU_00018,2025-08,1856,82413
SKU_00179,2025-03,1856,82413
SKU_00017,2025-03,1856,82413
SKU_00093,2025-01,1856,82413
SKU_00067,2024-11,1856,82413
SKU_00185,2025-10,1856,82413
SKU_00293,2025-09,1856,82413
SKU_00018,2025-09,1856,82413
SKU_00179,2025-04,1856,82413
SKU_00017,2025-04,1856,82413
SKU_00093,2025-02,1856,82413
SKU_00067,2024-12,1856,82413
SKU_00174,2024-06,1856,82413
SKU_00185,2025-11,1856,82413
SKU_00179,2025-05,1856,82413
SKU_00017,2025-05,1856,82413
SKU_00093,2025-03,1856,82413
SKU_00174,2024-07,1856,82413
SKU_00179,2025-06,1856,82413
SKU_00017,2025-06,1856,82413
SKU_00093,2025-04,1856,82413
SKU_00178,2025-01,1856,82413
SKU_00174,2024-08,1856,82413
SKU_00179,2025-07,1856,82413
SKU_00017,2025-07,1856,82413
SKU_00093,2025-05,1856,82413
SKU_00178,2025-02,1856,82413
SKU_00259,2024-06,1856,82413
SKU_00066,2024-10,1856,82413
SKU_00174,2024-09,1856,82413
SKU_00179,2025-08,1856,82413
SKU_00017,2025-08,1856,82413
SKU_00093,2025-06,1856,82413
SKU_00178,2025-03,1856,82413
SKU_00092,2025-01,1856,82413
SKU_00066,2024-11,1856,82413
SKU_00259,2024-07,1856,82413
SKU_00184,2025-10,1856,82413
SKU_00179,2025-09,1856,82413
SKU_00017,2025-09,1856,82413
SKU_00093,2025-07,1856,82413
SKU_00178,2025-04,1856,82413
SKU_00092,2025-02,1856,82413
SKU_00066,2024-12,1856,82413
SKU_00259,2024-08,1856,82413
SKU_00173,2024-06,1856,82413
SKU_00184,2025-11,1856,82413
SKU_00093,2025-08,1856,82413
SKU_00178,2025-05,1856,82413
SKU_00092,2025-03,1856,82413
SKU_00259,2024-09,1856,82413
SKU_00173,2024-07,1856,82413
SKU_00093,2025-09,1856,82413
SKU_00178,2025-06,1856,82413
SKU_00092,2025-04,1856,82413
SKU_00177,2025-01,1856,82413
SKU_00173,2024-08,1856,82413
SKU_00269,2025-10,1856,82413
SKU_00178,2025-07,1856,82413
SKU_00092,2025-05,1856,82413
SKU_00177,2025-02,1856,82413
SKU_00065,2024-10,1856,82413
SKU_00173,2024-09,1856,82413
SKU_00269,2025-11,1856,82413
SKU_00178,2025-08,1856,82413
SKU_00092,2025-06,1856,82413
SKU_00177,2025-03,1856,82413
SKU_00091,2025-01,1856,82413
SKU_00065,2024-11,1856,82413
SKU_00183,2025-10,1856,82413
SKU_00178,2025-09,1856,82413
SKU_00092,2025-07,1856,82413
SKU_00177,2025-04,1856,82413
SKU_00091,2025-02,1856,82413
SKU_00065,2024-12,1856,82413
SKU_00059,2024-06,1856,82413
SKU_00183,2025-11,1856,82413
SKU_00092,2025-08,1856,82413
SKU_00177,2025-05,1856,82413
SKU_00091,2025-03,1856,82413
SKU_00059,2024-07,1856,82413
SKU_00092,2025-09,1856,82413
SKU_00177,2025-06,1856,82413
SKU_00091,2025-04,1856,82413
SKU_00176,2025-01,1856,82413
SKU_00059,2024-08,1856,82413
SKU_00268,2025-10,1856,82413
SKU_00177,2025-07,1856,82413
SKU_00091,2025-05,1856,82413
SKU_00176,2025-02,1856,82413
SKU_00064,2024-10,1856,82413
SKU_00059,2024-09,1856,82413
SKU_00268,2025-11,1856,82413
SKU_00177,2025-08,1856,82413
SKU_00091,2025-06,1856,82413
SKU_00176,2025-03,1856,82413
SKU_00090,2025-01,1856,82413
SKU_00064,2024-11,1856,82413
SKU_00182,2025-10,1856,82413
SKU_00177,2025-09,1856,82413
SKU_00091,2025-07,1856,82413
SKU_00176,2025-04,1856,82413
SKU_00090,2025-02,1856,82413
SKU_00064,2024-12,1856,82413
SKU_00058,2024-06,1856,82413
SKU_00182,2025-11,1856,82413
SKU_00091,2025-08,1856,82413
SKU_00176,2025-05,1856,82413
SKU_00090,2025-03,1856,82413
SKU_00149,2024-10,1856,82413
SKU_00058,2024-07,1856,82413
SKU_00091,2025-09,1856,82413
SKU_00176,2025-06,1856,82413
SKU_00090,2025-04,1856,82413
SKU_00175,2025-01,1856,82413
SKU_00149,2024-11,1856,82413
SKU_00058,2024-08,1856,82413
SKU_00176,2025-07,1856,82413
SKU_00090,2025-05,1856,82413
SKU_00175,2025-02,1856,82413
SKU_00149,2024-12,1856,82413
SKU_00058,2024-09,1856,82413
SKU_00063,2024-10,1856,82413
SKU_00176,2025-08,1856,82413
SKU_00090,2025-06,1856,82413
SKU_00175,2025-03,1856,82413
SKU_00063,2024-11,1856,82413
SKU_00068,2025-10,1856,82413
SKU_00176,2025-09,1856,82413
SKU_00090,2025-07,1856,82413
SKU_00175,2025-04,1856,82413
SKU_00063,2024-12,1856,82413
SKU_00057,2024-06,1856,82413
SKU_00068,2025-11,1856,82413
SKU_00090,2025-08,1856,82413
SKU_00175,2025-05,1856,82413
SKU_00213,2024-10,1856,82413
SKU_00148,2024-10,1856,82413
SKU_00057,2024-07,1856,82413
SKU_00090,2025-09,1856,82413
SKU_00175,2025-06,1856,82413
SKU_00174,2025-01,1856,82413
SKU_00213,2024-11,1856,82413
SKU_00148,2024-11,1856,82413
SKU_00057,2024-08,1856,82413
SKU_00175,2025-07,1856,82413
SKU_00174,2025-02,1856,82413
SKU_00213,2024-12,1856,82413
SKU_00148,2024-12,1856,82413
SKU_00057,2024-09,1856,82413
SKU_00062,2024-10,1856,82413
SKU_00175,2025-08,1856,82413
SKU_00174,2025-03,1856,82413
SKU_00062,2024-11,1856,82413
SKU_00067,2025-10,1856,82413
SKU_00175,2025-09,1856,82413
SKU_00174,2025-04,1856,82413
SKU_00062,2024-12,1856,82413
SKU_00056,2024-06,1856,82413
SKU_00067,2025-11,1856,82413
SKU_00174,2025-05,1856,82413
SKU_00212,2024-10,1856,82413
SKU_00056,2024-07,1856,82413
SKU_00174,2025-06,1856,82413
SKU_00212,2024-11,1856,82413
SKU_00056,2024-08,1856,82413
SKU_00174,2025-07,1856,82413
SKU_00212,2024-12,1856,82413
SKU_00056,2024-09,1856,82413
SKU_00174,2025-08,1856,82413
SKU_00066,2025-10,1856,82413
SKU_00174,2025-09,1856,82413
SKU_00055,2024-06,1856,82413
SKU_00066,2025-11,1856,82413
SKU_00211,2024-10,1856,82413
SKU_00055,2024-07,1856,82413
SKU_00059,2025-01,1856,82413
SKU_00211,2024-11,1856,82413
SKU_00055,2024-08,1856,82413
SKU_00059,2025-02,1856,82413
SKU_00211,2024-12,1856,82413
SKU_00205,2024-06,1856,82413
SKU_00055,2024-09,1856,82413
SKU_00059,2025-03,1856,82413
SKU_00205,2024-07,1856,82413
SKU_00065,2025-10,1856,82413
SKU_00059,2025-04,1856,82413
SKU_00205,2024-08,1856,82413
SKU_00054,2024-06,1856,82413
SKU_00065,2025-11,1856,82413
SKU_00059,2025-05,1856,82413
SKU_00210,2024-10,1856,82413
SKU_00205,2024-09,1856,82413
SKU_00054,2024-07,1856,82413
SKU_00059,2025-06,1856,82413
SKU_00058,2025-01,1856,82413
SKU_00210,2024-11,1856,82413
SKU_00054,2024-08,1856,82413
SKU_00059,2025-07,1856,82413
SKU_00058,2025-02,1856,82413
SKU_00210,2024-12,1856,82413
SKU_00204,2024-06,1856,82413
SKU_00054,2024-09,1856,82413
SKU_00059,2025-08,1856,82413
SKU_00058,2025-03,1856,82413
SKU_00204,2024-07,1856,82413
SKU_00064,2025-10,1856,82413
SKU_00059,2025-09,1856,82413
SKU_00058,2025-04,1856,82413
SKU_00204,2024-08,1856,82413
SKU_00064,2025-11,1856,82413
SKU_00058,2025-05,1856,82413
SKU_00204,2024-09,1856,82413
SKU_00058,2025-06,1856,82413
SKU_00057,2025-01,1856,82413
SKU_00214,2025-10,1856,82413
SKU_00149,2025-10,1856,82413
SKU_00058,2025-07,1856,82413
SKU_00057,2025-02,1856,82413
SKU_00203,2024-06,1856,82413
SKU_00214,2025-11,1856,82413
SKU_00149,2025-11,1856,82413
SKU_00058,2025-08,1856,82413
SKU_00057,2025-03,1856,82413
SKU_00203,2024-07,1856,82413
SKU_00063,2025-10,1856,82413
SKU_00058,2025-09,1856,82413
SKU_00057,2025-04,1856,82413
SKU_00203,2024-08,1856,82413
SKU_00063,2025-11,1856,82413
SKU_00057,2025-05,1856,82413
SKU_00203,2024-09,1856,82413
SKU_00057,2025-06,1856,82413
SKU_00056,2025-01,1856,82413
SKU_00213,2025-10,1856,82413
SKU_00057,2025-07,1856,82413
SKU_00056,2025-02,1856,82413
SKU_00202,2024-06,1856,82413
SKU_00299,2024-06,1856,82413
SKU_00213,2025-11,1856,82413
SKU_00057,2025-08,1856,82413
SKU_00056,2025-03,1856,82413
SKU_00202,2024-07,1856,82413
SKU_00299,2024-07,1856,82413
SKU_00057,2025-09,1856,82413
SKU_00056,2025-04,1856,82413
SKU_00206,2025-01,1856,82413
SKU_00202,2024-08,1856,82413
SKU_00299,2024-08,1856,82413
SKU_00056,2025-05,1856,82413
SKU_00206,2025-02,1856,82413
SKU_00029,2024-10,1856,82413
SKU_00202,2024-09,1856,82413
SKU_00299,2024-09,1856,82413
SKU_00056,2025-06,1856,82413
SKU_00206,2025-03,1856,82413
SKU_00120,2025-01,1856,82413
SKU_00055,2025-01,1856,82413
SKU_00029,2024-11,1856,82413
SKU_00212,2025-10,1856,82413
SKU_00056,2025-07,1856,82413
SKU_00206,2025-04,1856,82413
SKU_00120,2025-02,1856,82413
SKU_00055,2025-02,1856,82413
SKU_00029,2024-12,1856,82413
SKU_00201,2024-06,1856,82413
SKU_00298,2024-06,1856,82413
SKU_00212,2025-11,1856,82413
SKU_00056,2025-08,1856,82413
SKU_00206,2025-05,1856,82413
SKU_00120,2025-03,1856,82413
SKU_00055,2025-03,1856,82413
SKU_00201,2024-07,1856,82413
SKU_00298,2024-07,1856,82413
SKU_00056,2025-09,1856,82413
SKU_00206,2025-06,1856,82413
SKU_00120,2025-04,1856,82413
SKU_00055,2025-04,1856,82413
SKU_00205,2025-01,1856,82413
SKU_00201,2024-08,1856,82413
SKU_00298,2024-08,1856,82413
SKU_00206,2025-07,1856,82413
SKU_00120,2025-05,1856,82413
SKU_00055,2025-05,1856,82413
SKU_00205,2025-02,1856,82413
SKU_00201,2024-09,1856,82413
SKU_00298,2024-09,1856,82413
SKU_00206,2025-08,1856,82413
SKU_00120,2025-06,1856,82413
SKU_00055,2025-06,1856,82413
SKU_00205,2025-03,1856,82413
SKU_00211,2025-10,1856,82413
SKU_00206,2025-09,1856,82413
SKU_00120,2025-07,1856,82413
SKU_00055,2025-07,1856,82413
SKU_00205,2025-04,1856,82413
SKU_00200,2024-06,1856,82413
SKU_00297,2024-06,1856,82413
SKU_00211,2025-11,1856,82413
SKU_00120,2025-08,1856,82413
SKU_00055,2025-08,1856,82413
SKU_00205,2025-05,1856,82413
SKU_00200,2024-07,1856,82413
SKU_00297,2024-07,1856,82413
SKU_00120,2025-09,1856,82413
SKU_00055,2025-09,1856,82413
SKU_00205,2025-06,1856,82413
SKU_00204,2025-01,1856,82413
SKU_00001,2024-06,1856,82413
SKU_00200,2024-08,1856,82413
SKU_00098,2024-06,1856,82413
SKU_00297,2024-08,1856,82413
SKU_00205,2025-07,1856,82413
SKU_00204,2025-02,1856,82413
SKU_00189,2024-10,1856,82413
SKU_00001,2024-07,1856,82413
SKU_00200,2024-09,1856,82413
SKU_00098,2024-07,1856,82413
SKU_00297,2024-09,1856,82413
SKU_00205,2025-08,1856,82413
SKU_00204,2025-03,1856,82413
SKU_00189,2024-11,1856,82413
SKU_00001,2024-08,1856,82413
SKU_00098,2024-08,1856,82413
SKU_00210,2025-10,1856,82413
SKU_00205,2025-09,1856,82413
SKU_00204,2025-04,1856,82413
SKU_00189,2024-12,1856,82413
SKU_00001,2024-09,1856,82413
SKU_00098,2024-09,1856,82413
SKU_00210,2025-11,1856,82413
SKU_00204,2025-05,1856,82413
SKU_00204,2025-06,1856,82413
SKU_00203,2025-01,1856,82413
SKU_00097,2024-06,1856,82413
SKU_00204,2025-07,1856,82413
SKU_00203,2025-02,1856,82413
SKU_00188,2024-10,1856,82413
SKU_00097,2024-07,1856,82413
SKU_00204,2025-08,1856,82413
SKU_00203,2025-03,1856,82413
SKU_00188,2024-11,1856,82413
SKU_00097,2024-08,1856,82413
SKU_00204,2025-09,1856,82413
SKU_00203,2025-04,1856,82413
SKU_00188,2024-12,1856,82413
SKU_00097,2024-09,1856,82413
SKU_00203,2025-05,1856,82413
SKU_00010,2025-10,1856,82413
SKU_00203,2025-06,1856,82413
SKU_00299,2025-01,1856,82413
SKU_00202,2025-01,1856,82413
SKU_00096,2024-06,1856,82413
SKU_00010,2025-11,1856,82413
SKU_00203,2025-07,1856,82413
SKU_00299,2025-02,1856,82413
SKU_00202,2025-02,1856,82413
SKU_00252,2024-10,1856,82413
SKU_00096,2024-07,1856,82413
SKU_00187,2024-10,1856,82413
SKU_00203,2025-08,1856,82413
SKU_00299,2025-03,1856,82413
SKU_00202,2025-03,1856,82413
SKU_00252,2024-11,1856,82413
SKU_00187,2024-11,1856,82413
SKU_00096,2024-08,1856,82413
SKU_00203,2025-09,1856,82413
SKU_00299,2025-04,1856,82413
SKU_00202,2025-04,1856,82413
SKU_00252,2024-12,1856,82413
SKU_00187,2024-12,1856,82413
SKU_00096,2024-09,1856,82413
SKU_00299,2025-05,1856,82413
SKU_00202,2025-05,1856,82413
SKU_00299,2025-06,1856,82413
SKU_00202,2025-06,1856,82413
SKU_00201,2025-01,1856,82413
SKU_00095,2024-06,1856,82413
SKU_00299,2025-07,1856,82413
SKU_00202,2025-07,1856,82413
SKU_00201,2025-02,1856,82413
SKU_00251,2024-10,1856,82413
SKU_00095,2024-07,1856,82413
SKU_00299,2025-08,1856,82413
SKU_00202,2025-08,1856,82413
SKU_00201,2025-03,1856,82413
SKU_00099,2025-01,1856,82413
SKU_00002,2025-01,1856,82413
SKU_00251,2024-11,1856,82413
SKU_00095,2024-08,1856,82413
SKU_00299,2025-09,1856,82413
SKU_00202,2025-09,1856,82413
SKU_00201,2025-04,1856,82413
SKU_00099,2025-02,1856,82413
SKU_00002,2025-02,1856,82413
SKU_00251,2024-12,1856,82413
SKU_00095,2024-09,1856,82413
SKU_00201,2025-05,1856,82413
SKU_00099,2025-03,1856,82413
SKU_00002,2025-03,1856,82413
SKU_00201,2025-06,1856,82413
SKU_00099,2025-04,1856,82413
SKU_00002,2025-04,1856,82413
SKU_00094,2024-06,1856,82413
SKU_00201,2025-07,1856,82413
SKU_00099,2025-05,1856,82413
SKU_00002,2025-05,1856,82413
SKU_00250,2024-10,1856,82413
SKU_00094,2024-07,1856,82413
SKU_00201,2025-08,1856,82413
SKU_00099,2025-06,1856,82413
SKU_00002,2025-06,1856,82413
SKU_00098,2025-01,1856,82413
SKU_00001,2025-01,1856,82413
SKU_00250,2024-11,1856,82413
SKU_00094,2024-08,1856,82413
SKU_00201,2025-09,1856,82413
SKU_00099,2025-07,1856,82413
SKU_00002,2025-07,1856,82413
SKU_00098,2025-02,1856,82413
SKU_00001,2025-02,1856,82413
SKU_00250,2024-12,1856,82413
SKU_00244,2024-06,1856,82413
SKU_00094,2024-09,1856,82413
SKU_00179,2024-06,1856,82413
SKU_00099,2025-08,1856,82413
SKU_00002,2025-08,1856,82413
SKU_00098,2025-03,1856,82413
SKU_00001,2025-03,1856,82413
SKU_00244,2024-07,1856,82413
SKU_00179,2024-07,1856,82413
SKU_00099,2025-09,1856,82413
SKU_00002,2025-09,1856,82413
SKU_00098,2025-04,1856,82413
SKU_00001,2025-04,1856,82413
SKU_00244,2024-08,1856,82413
SKU_00093,2024-06,1856,82413
SKU_00179,2024-08,1856,82413
SKU_00098,2025-05,1856,82413
SKU_00001,2025-05,1856,82413
SKU_00244,2024-09,1856,82413
SKU_00093,2024-07,1856,82413
SKU_00179,2024-09,1856,82413
SKU_00098,2025-06,1856,82413
SKU_00001,2025-06,1856,82413
SKU_00097,2025-01,1856,82413
SKU_00093,2024-08,1856,82413
SKU_00189,2025-10,1856,82413
SKU_00098,2025-07,1856,82413
SKU_00001,2025-07,1856,82413
SKU_00097,2025-02,1856,82413
SKU_00243,2024-06,1856,82413
SKU_00093,2024-09,1856,82413
SKU_00189,2025-11,1856,82413
SKU_00098,2025-08,1856,82413
SKU_00001,2025-08,1856,82413
SKU_00097,2025-03,1856,82413
SKU_00243,2024-07,1856,82413
SKU_00098,2025-09,1856,82413
SKU_00001,2025-09,1856,82413
SKU_00097,2025-04,1856,82413
SKU_00243,2024-08,1856,82413
SKU_00097,2025-05,1856,82413
SKU_00243,2024-09,1856,82413
SKU_00097,2025-06,1856,82413
SKU_00096,2025-01,1856,82413
SKU_00253,2025-10,1856,82413
SKU_00188,2025-10,1856,82413
SKU_00097,2025-07,1856,82413
SKU_00096,2025-02,1856,82413
SKU_00242,2024-06,1856,82413
SKU_00253,2025-11,1856,82413
SKU_00188,2025-11,1856,82413
SKU_00097,2025-08,1856,82413
SKU_00096,2025-03,1856,82413
SKU_00242,2024-07,1856,82413
SKU_00097,2025-09,1856,82413
SKU_00096,2025-04,1856,82413
SKU_00242,2024-08,1856,82413
SKU_00096,2025-05,1856,82413
SKU_00069,2024-10,1856,82413
SKU_00242,2024-09,1856,82413
SKU_00096,2025-06,1856,82413
SKU_00095,2025-01,1856,82413
SKU_00069,2024-11,1856,82413
SKU_00252,2025-10,1856,82413
SKU_00096,2025-07,1856,82413
SKU_00095,2025-02,1856,82413
SKU_00069,2024-12,1856,82413
SKU_00241,2024-06,1856,82413
SKU_00252,2025-11,1856,82413
SKU_00096,2025-08,1856,82413
SKU_00095,2025-03,1856,82413
SKU_00219,2024-10,1856,82413
SKU_00241,2024-07,1856,82413
SKU_00096,2025-09,1856,82413
SKU_00095,2025-04,1856,82413
SKU_00245,2025-01,1856,82413
SKU_00219,2024-11,1856,82413
SKU_00241,2024-08,1856,82413
SKU_00095,2025-05,1856,82413
SKU_00245,2025-02,1856,82413
SKU_00219,2024-12,1856,82413
SKU_00133,2024-10,1856,82413
SKU_00068,2024-10,1856,82413
SKU_00241,2024-09,1856,82413
SKU_00095,2025-06,1856,82413
SKU_00245,2025-03,1856,82413
SKU_00094,2025-01,1856,82413
SKU_00133,2024-11,1856,82413
SKU_00068,2024-11,1856,82413
SKU_00251,2025-10,1856,82413
SKU_00095,2025-07,1856,82413
SKU_00245,2025-04,1856,82413
SKU_00094,2025-02,1856,82413
SKU_00133,2024-12,1856,82413
SKU_00068,2024-12,1856,82413
SKU_00240,2024-06,1856,82413
SKU_00251,2025-11,1856,82413
SKU_00095,2025-08,1856,82413
SKU_00245,2025-05,1856,82413
SKU_00094,2025-03,1856,82413
SKU_00218,2024-10,1856,82413
SKU_00240,2024-07,1856,82413
SKU_00095,2025-09,1856,82413
SKU_00245,2025-06,1856,82413
SKU_00094,2025-04,1856,82413
SKU_00244,2025-01,1856,82413
SKU_00218,2024-11,1856,82413
SKU_00240,2024-08,1856,82413
SKU_00245,2025-07,1856,82413
SKU_00094,2025-05,1856,82413
SKU_00244,2025-02,1856,82413
SKU_00218,2024-12,1856,82413
SKU_00240,2024-09,1856,82413
SKU_00132,2024-10,1856,82413
SKU_00245,2025-08,1856,82413
SKU_00094,2025-06,1856,82413
SKU_00244,2025-03,1856,82413
SKU_00132,2024-11,1856,82413
SKU_00250,2025-10,1856,82413
SKU_00245,2025-09,1856,82413
SKU_00094,2025-07,1856,82413
SKU_00244,2025-04,1856,82413
SKU_00132,2024-12,1856,82413
SKU_00250,2025-11,1856,82413
SKU_00094,2025-08,1856,82413
SKU_00244,2025-05,1856,82413
SKU_00217,2024-10,1856,82413
SKU_00094,2025-09,1856,82413
SKU_00244,2025-06,1856,82413
SKU_00243,2025-01,1856,82413
SKU_00217,2024-11,1856,82413
SKU_00244,2025-07,1856,82413
SKU_00243,2025-02,1856,82413
SKU_00217,2024-12,1856,82413
SKU_00131,2024-10,1856,82413
SKU_00244,2025-08,1856,82413
SKU_00243,2025-03,1856,82413
SKU_00131,2024-11,1856,82413
SKU_00244,2025-09,1856,82413
SKU_00243,2025-04,1856,82413
SKU_00131,2024-12,1856,82413
SKU_00125,2024-06,1856,82413
SKU_00243,2025-05,1856,82413
SKU_00216,2024-10,1856,82413
SKU_00125,2024-07,1856,82413
SKU_00243,2025-06,1856,82413
SKU_00242,2025-01,1856,82413
SKU_00216,2024-11,1856,82413
SKU_00125,2024-08,1856,82413
SKU_00243,2025-07,1856,82413
SKU_00242,2025-02,1856,82413
SKU_00216,2024-12,1856,82413
SKU_00125,2024-09,1856,82413
SKU_00130,2024-10,1856,82413
SKU_00243,2025-08,1856,82413
SKU_00242,2025-03,1856,82413
SKU_00130,2024-11,1856,82413
SKU_00243,2025-09,1856,82413
SKU_00242,2025-04,1856,82413
SKU_00130,2024-12,1856,82413
SKU_00124,2024-06,1856,82413
SKU_00242,2025-05,1856,82413
SKU_00215,2024-10,1856,82413
SKU_00124,2024-07,1856,82413
SKU_00242,2025-06,1856,82413
SKU_00241,2025-01,1856,82413
SKU_00215,2024-11,1856,82413
SKU_00124,2024-08,1856,82413
SKU_00242,2025-07,1856,82413
SKU_00241,2025-02,1856,82413
SKU_00215,2024-12,1856,82413
SKU_00291,2024-10,1856,82413
SKU_00124,2024-09,1856,82413
SKU_00209,2024-06,1856,82413
SKU_00242,2025-08,1856,82413
SKU_00241,2025-03,1856,82413
SKU_00291,2024-11,1856,82413
SKU_00209,2024-07,1856,82413
SKU_00134,2025-10,1856,82413
SKU_00069,2025-10,1856,82413
SKU_00242,2025-09,1856,82413
SKU_00241,2025-04,1856,82413
SKU_00291,2024-12,1856,82413
SKU_00123,2024-06,1856,82413
SKU_00209,2024-08,1856,82413
SKU_00134,2025-11,1856,82413
SKU_00069,2025-11,1856,82413
SKU_00241,2025-05,1856,82413
SKU_00214,2024-10,1856,82413
SKU_00123,2024-07,1856,82413
SKU_00209,2024-09,1856,82413
SKU_00241,2025-06,1856,82413
SKU_00240,2025-01,1856,82413
SKU_00214,2024-11,1856,82413
SKU_00123,2024-08,1856,82413
SKU_00219,2025-10,1856,82413
SKU_00241,2025-07,1856,82413
SKU_00240,2025-02,1856,82413
SKU_00214,2024-12,1856,82413
SKU_00290,2024-10,1856,82413
SKU_00123,2024-09,1856,82413
SKU_00208,2024-06,1856,82413
SKU_00015,2024-10,1856,82413
SKU_00219,2025-11,1856,82413
SKU_00241,2025-08,1856,82413
SKU_00240,2025-03,1856,82413
SKU_00290,2024-11,1856,82413
SKU_00015,2024-11,1856,82413
SKU_00208,2024-07,1856,82413
SKU_00133,2025-10,1856,82413
SKU_00241,2025-09,1856,82413
SKU_00240,2025-04,1856,82413
SKU_00290,2024-12,1856,82413
SKU_00015,2024-12,1856,82413
SKU_00122,2024-06,1856,82413
SKU_00208,2024-08,1856,82413
SKU_00133,2025-11,1856,82413
SKU_00240,2025-05,1856,82413
SKU_00122,2024-07,1856,82413
SKU_00208,2024-09,1856,82413
SKU_00240,2025-06,1856,82413
SKU_00126,2025-01,1856,82413
SKU_00122,2024-08,1856,82413
SKU_00218,2025-10,1856,82413
SKU_00240,2025-07,1856,82413
SKU_00126,2025-02,1856,82413
SKU_00122,2024-09,1856,82413
SKU_00207,2024-06,1856,82413
SKU_00014,2024-10,1856,82413
SKU_00218,2025-11,1856,82413
SKU_00240,2025-08,1856,82413
SKU_00126,2025-03,1856,82413
SKU_00040,2025-01,1856,82413
SKU_00014,2024-11,1856,82413
SKU_00207,2024-07,1856,82413
SKU_00132,2025-10,1856,82413
SKU_00240,2025-09,1856,82413
SKU_00126,2025-04,1856,82413
SKU_00040,2025-02,1856,82413
SKU_00014,2024-12,1856,82413
SKU_00283,2024-06,1856,82413
SKU_00121,2024-06,1856,82413
SKU_00207,2024-08,1856,82413
SKU_00132,2025-11,1856,82413
SKU_00126,2025-05,1856,82413
SKU_00040,2025-03,1856,82413
SKU_00283,2024-07,1856,82413
SKU_00121,2024-07,1856,82413
SKU_00207,2024-09,1856,82413
SKU_00126,2025-06,1856,82413
SKU_00040,2025-04,1856,82413
SKU_00125,2025-01,1856,82413
SKU_00283,2024-08,1856,82413
SKU_00121,2024-08,1856,82413
SKU_00217,2025-10,1856,82413
SKU_00126,2025-07,1856,82413
SKU_00040,2025-05,1856,82413
SKU_00125,2025-02,1856,82413
SKU_00283,2024-09,1856,82413
SKU_00121,2024-09,1856,82413
SKU_00206,2024-06,1856,82413
SKU_00013,2024-10,1856,82413
SKU_00217,2025-11,1856,82413
SKU_00126,2025-08,1856,82413
SKU_00040,2025-06,1856,82413
SKU_00125,2025-03,1856,82413
SKU_00013,2024-11,1856,82413
SKU_00206,2024-07,1856,82413
SKU_00131,2025-10,1856,82413
SKU_00126,2025-09,1856,82413
SKU_00040,2025-07,1856,82413
SKU_00125,2025-04,1856,82413
SKU_00013,2024-12,1856,82413
SKU_00282,2024-06,1856,82413
SKU_00120,2024-06,1856,82413
SKU_00206,2024-08,1856,82413
SKU_00131,2025-11,1856,82413
SKU_00040,2025-08,1856,82413
SKU_00125,2025-05,1856,82413
SKU_00282,2024-07,1856,82413
SKU_00120,2024-07,1856,82413
SKU_00206,2024-09,1856,82413
SKU_00040,2025-09,1856,82413
SKU_00125,2025-06,1856,82413
SKU_00124,2025-01,1856,82413
SKU_00282,2024-08,1856,82413
SKU_00120,2024-08,1856,82413
SKU_00216,2025-10,1856,82413
SKU_00125,2025-07,1856,82413
SKU_00124,2025-02,1856,82413
SKU_00282,2024-09,1856,82413
SKU_00120,2024-09,1856,82413
SKU_00012,2024-10,1856,82413
SKU_00216,2025-11,1856,82413
SKU_00125,2025-08,1856,82413
SKU_00124,2025-03,1856,82413
SKU_00012,2024-11,1856,82413
SKU_00292,2025-10,1856,82413
SKU_00130,2025-10,1856,82413
SKU_00125,2025-09,1856,82413
SKU_00124,2025-04,1856,82413
SKU_00209,2025-01,1856,82413
SKU_00012,2024-12,1856,82413
SKU_00006,2024-06,1856,82413
SKU_00281,2024-06,1856,82413
SKU_00292,2025-11,1856,82413
SKU_00130,2025-11,1856,82413
SKU_00124,2025-05,1856,82413
SKU_00209,2025-02,1856,82413
SKU_00006,2024-07,1856,82413
SKU_00281,2024-07,1856,82413
SKU_00124,2025-06,1856,82413
SKU_00209,2025-03,1856,82413
SKU_00123,2025-01,1856,82413
SKU_00006,2024-08,1856,82413
SKU_00281,2024-08,1856,82413
SKU_00215,2025-10,1856,82413
SKU_00124,2025-07,1856,82413
SKU_00209,2025-04,1856,82413
SKU_00123,2025-02,1856,82413
SKU_00006,2024-09,1856,82413
SKU_00011,2024-10,1856,82413
SKU_00281,2024-09,1856,82413
SKU_00215,2025-11,1856,82413
SKU_00124,2025-08,1856,82413
SKU_00209,2025-05,1856,82413
SKU_00123,2025-03,1856,82413
SKU_00011,2024-11,1856,82413
SKU_00291,2025-10,1856,82413
SKU_00016,2025-10,1856,82413
SKU_00124,2025-09,1856,82413
SKU_00209,2025-06,1856,82413
SKU_00123,2025-04,1856,82413
SKU_00208,2025-01,1856,82413
SKU_00011,2024-12,1856,82413
SKU_00005,2024-06,1856,82413
SKU_00280,2024-06,1856,82413
SKU_00291,2025-11,1856,82413
SKU_00016,2025-11,1856,82413
SKU_00209,2025-07,1856,82413
SKU_00123,2025-05,1856,82413
SKU_00208,2025-02,1856,82413
SKU_00258,2024-10,1856,82413
SKU_00005,2024-07,1856,82413
SKU_00280,2024-07,1856,82413
SKU_00209,2025-08,1856,82413
SKU_00123,2025-06,1856,82413
SKU_00208,2025-03,1856,82413
SKU_00284,2025-01,1856,82413
SKU_00122,2025-01,1856,82413
SKU_00258,2024-11,1856,82413
SKU_00005,2024-08,1856,82413
SKU_00280,2024-08,1856,82413
SKU_00209,2025-09,1856,82413
SKU_00123,2025-07,1856,82413
SKU_00208,2025-04,1856,82413
SKU_00284,2025-02,1856,82413
SKU_00122,2025-02,1856,82413
SKU_00258,2024-12,1856,82413
SKU_00172,2024-10,1856,82413
SKU_00005,2024-09,1856,82413
SKU_00010,2024-10,1856,82413
SKU_00280,2024-09,1856,82413
SKU_00123,2025-08,1856,82413
SKU_00208,2025-05,1856,82413
SKU_00284,2025-03,1856,82413
SKU_00122,2025-03,1856,82413
SKU_00172,2024-11,1856,82413
SKU_00010,2024-11,1856,82413
SKU_00290,2025-10,1856,82413
SKU_00015,2025-10,1856,82413
SKU_00123,2025-09,1856,82413
SKU_00208,2025-06,1856,82413
SKU_00284,2025-04,1856,82413
SKU_00122,2025-04,1856,82413
SKU_00207,2025-01,1856,82413
SKU_00172,2024-12,1856,82413
SKU_00010,2024-12,1856,82413
SKU_00004,2024-06,1856,82413
SKU_00290,2025-11,1856,82413
SKU_00015,2025-11,1856,82413
SKU_00208,2025-07,1856,82413
SKU_00284,2025-05,1856,82413
SKU_00122,2025-05,1856,82413
SKU_00207,2025-02,1856,82413
SKU_00257,2024-10,1856,82413
SKU_00004,2024-07,1856,82413
SKU_00208,2025-08,1856,82413
SKU_00284,2025-06,1856,82413
SKU_00122,2025-06,1856,82413
SKU_00207,2025-03,1856,82413
SKU_00283,2025-01,1856,82413
SKU_00121,2025-01,1856,82413
SKU_00257,2024-11,1856,82413
SKU_00004,2024-08,1856,82413
SKU_00208,2025-09,1856,82413
SKU_00284,2025-07,1856,82413
SKU_00122,2025-07,1856,82413
SKU_00207,2025-04,1856,82413
SKU_00283,2025-02,1856,82413
SKU_00121,2025-02,1856,82413
SKU_00257,2024-12,1856,82413
SKU_00171,2024-10,1856,82413
SKU_00004,2024-09,1856,82413
SKU_00284,2025-08,1856,82413
SKU_00122,2025-08,1856,82413
SKU_00207,2025-05,1856,82413
SKU_00283,2025-03,1856,82413
SKU_00121,2025-03,1856,82413
SKU_00171,2024-11,1856,82413
SKU_00014,2025-10,1856,82413
SKU_00284,2025-09,1856,82413
SKU_00122,2025-09,1856,82413
SKU_00207,2025-06,1856,82413
SKU_00283,2025-04,1856,82413
SKU_00121,2025-04,1856,82413
SKU_00171,2024-12,1856,82413
SKU_00003,2024-06,1856,82413
SKU_00014,2025-11,1856,82413
SKU_00207,2025-07,1856,82413
SKU_00283,2025-05,1856,82413
SKU_00121,2025-05,1856,82413
SKU_00256,2024-10,1856,82413
SKU_00003,2024-07,1856,82413
SKU_00207,2025-08,1856,82413
SKU_00283,2025-06,1856,82413
SKU_00121,2025-06,1856,82413
SKU_00282,2025-01,1856,82413
SKU_00007,2025-01,1856,82413
SKU_00256,2024-11,1856,82413
SKU_00003,2024-08,1856,82413
SKU_00207,2025-09,1856,82413
SKU_00283,2025-07,1856,82413
SKU_00121,2025-07,1856,82413
SKU_00282,2025-02,1856,82413
SKU_00007,2025-02,1856,82413
SKU_00256,2024-12,1856,82413
SKU_00170,2024-10,1856,82413
SKU_00003,2024-09,1856,82413
SKU_00283,2025-08,1856,82413
SKU_00121,2025-08,1856,82413
SKU_00282,2025-03,1856,82413
SKU_00007,2025-03,1856,82413
SKU_00170,2024-11,1856,82413
SKU_00013,2025-10,1856,82413
SKU_00283,2025-09,1856,82413
SKU_00121,2025-09,1856,82413
SKU_00282,2025-04,1856,82413
SKU_00007,2025-04,1856,82413
SKU_00170,2024-12,1856,82413
SKU_00164,2024-06,1856,82413
SKU_00002,2024-06,1856,82413
SKU_00099,2024-06,1856,82413
SKU_00013,2025-11,1856,82413
SKU_00282,2025-05,1856,82413
SKU_00007,2025-05,1856,82413
SKU_00255,2024-10,1856,82413
SKU_00164,2024-07,1856,82413
SKU_00002,2024-07,1856,82413
SKU_00099,2024-07,1856,82413
SKU_00282,2025-06,1856,82413
SKU_00007,2025-06,1856,82413
SKU_00281,2025-01,1856,82413
SKU_00006,2025-01,1856,82413
SKU_00255,2024-11,1856,82413
SKU_00164,2024-08,1856,82413
SKU_00002,2024-08,1856,82413
SKU_00099,2024-08,1856,82413
SKU_00282,2025-07,1856,82413
SKU_00007,2025-07,1856,82413
SKU_00281,2025-02,1856,82413
SKU_00006,2025-02,1856,82413
SKU_00255,2024-12,1856,82413
SKU_00164,2024-09,1856,82413
SKU_00002,2024-09,1856,82413
SKU_00249,2024-06,1856,82413
SKU_00099,2024-09,1856,82413
SKU_00282,2025-08,1856,82413
SKU_00007,2025-08,1856,82413
SKU_00281,2025-03,1856,82413
SKU_00006,2025-03,1856,82413
SKU_00249,2024-07,1856,82413
SKU_00012,2025-10,1856,82413
SKU_00282,2025-09,1856,82413
SKU_00007,2025-09,1856,82413
SKU_00281,2025-04,1856,82413
SKU_00006,2025-04,1856,82413
SKU_00163,2024-06,1856,82413
SKU_00249,2024-08,1856,82413
SKU_00012,2025-11,1856,82413
SKU_00281,2025-05,1856,82413
SKU_00006,2025-05,1856,82413
SKU_00254,2024-10,1856,82413
SKU_00163,2024-07,1856,82413
SKU_00249,2024-09,1856,82413
SKU_00281,2025-06,1856,82413
SKU_00006,2025-06,1856,82413
SKU_00280,2025-01,1856,82413
SKU_00005,2025-01,1856,82413
SKU_00254,2024-11,1856,82413
SKU_00163,2024-08,1856,82413
SKU_00259,2025-10,1856,82413
SKU_00281,2025-07,1856,82413
SKU_00006,2025-07,1856,82413
SKU_00280,2025-02,1856,82413
SKU_00005,2025-02,1856,82413
SKU_00254,2024-12,1856,82413
SKU_00163,2024-09,1856,82413
SKU_00248,2024-06,1856,82413
SKU_00259,2025-11,1856,82413
SKU_00281,2025-08,1856,82413
SKU_00006,2025-08,1856,82413
SKU_00280,2025-03,1856,82413
SKU_00005,2025-03,1856,82413
SKU_00248,2024-07,1856,82413
SKU_00173,2025-10,1856,82413
SKU_00011,2025-10,1856,82413
SKU_00281,2025-09,1856,82413
SKU_00006,2025-09,1856,82413
SKU_00280,2025-04,1856,82413
SKU_00005,2025-04,1856,82413
SKU_00162,2024-06,1856,82413
SKU_00248,2024-08,1856,82413
SKU_00173,2025-11,1856,82413
SKU_00011,2025-11,1856,82413
SKU_00280,2025-05,1856,82413
SKU_00005,2025-05,1856,82413
SKU_00253,2024-10,1856,82413
SKU_00162,2024-07,1856,82413
SKU_00248,2024-09,1856,82413
SKU_00280,2025-06,1856,82413
SKU_00005,2025-06,1856,82413
SKU_00004,2025-01,1856,82413
SKU_00253,2024-11,1856,82413
SKU_00162,2024-08,1856,82413
SKU_00258,2025-10,1856,82413
SKU_00280,2025-07,1856,82413
SKU_00005,2025-07,1856,82413
SKU_00004,2025-02,1856,82413
SKU_00253,2024-12,1856,82413
SKU_00162,2024-09,1856,82413
SKU_00247,2024-06,1856,82413
SKU_00258,2025-11,1856,82413
SKU_00280,2025-08,1856,82413
SKU_00005,2025-08,1856,82413
SKU_00004,2025-03,1856,82413
SKU_00247,2024-07,1856,82413
SKU_00172,2025-10,1856,82413
SKU_00280,2025-09,1856,82413
SKU_00005,2025-09,1856,82413
SKU_00004,2025-04,1856,82413
SKU_00161,2024-06,1856,82413
SKU_00247,2024-08,1856,82413
SKU_00172,2025-11,1856,82413
SKU_00004,2025-05,1856,82413
SKU_00161,2024-07,1856,82413
SKU_00247,2024-09,1856,82413
SKU_00139,2024-10,1856,82413
SKU_00004,2025-06,1856,82413
SKU_00165,2025-01,1856,82413
SKU_00003,2025-01,1856,82413
SKU_00139,2024-11,1856,82413
SKU_00161,2024-08,1856,82413
SKU_00257,2025-10,1856,82413
SKU_00004,2025-07,1856,82413
SKU_00165,2025-02,1856,82413
SKU_00003,2025-02,1856,82413
SKU_00139,2024-12,1856,82413
SKU_00246,2024-06,1856,82413
SKU_00053,2024-10,1856,82413
SKU_00161,2024-09,1856,82413
SKU_00257,2025-11,1856,82413
SKU_00004,2025-08,1856,82413
SKU_00165,2025-03,1856,82413
SKU_00003,2025-03,1856,82413
SKU_00053,2024-11,1856,82413
SKU_00246,2024-07,1856,82413
SKU_00171,2025-10,1856,82413
SKU_00004,2025-09,1856,82413
SKU_00165,2025-04,1856,82413
SKU_00003,2025-04,1856,82413
SKU_00053,2024-12,1856,82413
SKU_00246,2024-08,1856,82413
SKU_00160,2024-06,1856,82413
SKU_00171,2025-11,1856,82413
SKU_00165,2025-05,1856,82413
SKU_00003,2025-05,1856,82413
SKU_00246,2024-09,1856,82413
SKU_00138,2024-10,1856,82413
SKU_00160,2024-07,1856,82413
SKU_00165,2025-06,1856,82413
SKU_00003,2025-06,1856,82413
SKU_00164,2025-01,1856,82413
SKU_00138,2024-11,1856,82413
SKU_00160,2024-08,1856,82413
SKU_00256,2025-10,1856,82413
SKU_00165,2025-07,1856,82413
SKU_00003,2025-07,1856,82413
SKU_00164,2025-02,1856,82413
SKU_00138,2024-12,1856,82413
SKU_00245,2024-06,1856,82413
SKU_00052,2024-10,1856,82413
SKU_00160,2024-09,1856,82413
SKU_00256,2025-11,1856,82413
SKU_00165,2025-08,1856,82413
SKU_00003,2025-08,1856,82413
SKU_00164,2025-03,1856,82413
SKU_00052,2024-11,1856,82413
SKU_00245,2024-07,1856,82413
SKU_00170,2025-10,1856,82413
SKU_00165,2025-09,1856,82413
SKU_00003,2025-09,1856,82413
SKU_00164,2025-04,1856,82413
SKU_00249,2025-01,1856,82413
SKU_00052,2024-12,1856,82413
SKU_00245,2024-08,1856,82413
SKU_00170,2025-11,1856,82413
SKU_00164,2025-05,1856,82413
SKU_00249,2025-02,1856,82413
SKU_00245,2024-09,1856,82413
SKU_00137,2024-10,1856,82413
SKU_00164,2025-06,1856,82413
SKU_00249,2025-03,1856,82413
SKU_00163,2025-01,1856,82413
SKU_00137,2024-11,1856,82413
SKU_00255,2025-10,1856,82413
SKU_00164,2025-07,1856,82413
SKU_00249,2025-04,1856,82413
SKU_00163,2025-02,1856,82413
SKU_00137,2024-12,1856,82413
SKU_00051,2024-10,1856,82413
SKU_00255,2025-11,1856,82413
SKU_00164,2025-08,1856,82413
SKU_00249,2025-05,1856,82413
SKU_00163,2025-03,1856,82413
SKU_00051,2024-11,1856,82413
SKU_00164,2025-09,1856,82413
SKU_00249,2025-06,1856,82413
SKU_00163,2025-04,1856,82413
SKU_00248,2025-01,1856,82413
SKU_00051,2024-12,1856,82413
SKU_00045,2024-06,1856,82413
SKU_00249,2025-07,1856,82413
SKU_00163,2025-05,1856,82413
SKU_00248,2025-02,1856,82413
SKU_00045,2024-07,1856,82413
SKU_00136,2024-10,1856,82413
SKU_00249,2025-08,1856,82413
SKU_00163,2025-06,1856,82413
SKU_00248,2025-03,1856,82413
SKU_00162,2025-01,1856,82413
SKU_00136,2024-11,1856,82413
SKU_00045,2024-08,1856,82413
SKU_00254,2025-10,1856,82413
SKU_00249,2025-09,1856,82413
SKU_00163,2025-07,1856,82413
SKU_00248,2025-04,1856,82413
SKU_00162,2025-02,1856,82413
SKU_00136,2024-12,1856,82413
SKU_00045,2024-09,1856,82413
SKU_00050,2024-10,1856,82413
SKU_00254,2025-11,1856,82413
SKU_00163,2025-08,1856,82413
SKU_00248,2025-05,1856,82413
SKU_00162,2025-03,1856,82413
SKU_00050,2024-11,1856,82413
SKU_00163,2025-09,1856,82413
SKU_00248,2025-06,1856,82413
SKU_00162,2025-04,1856,82413
SKU_00247,2025-01,1856,82413
SKU_00050,2024-12,1856,82413
SKU_00044,2024-06,1856,82413
SKU_00248,2025-07,1856,82413
SKU_00162,2025-05,1856,82413
SKU_00247,2025-02,1856,82413
SKU_00044,2024-07,1856,82413
SKU_00135,2024-10,1856,82413
SKU_00248,2025-08,1856,82413
SKU_00162,2025-06,1856,82413
SKU_00247,2025-03,1856,82413
SKU_00161,2025-01,1856,82413
SKU_00135,2024-11,1856,82413
SKU_00044,2024-08,1856,82413
SKU_00248,2025-09,1856,82413
SKU_00162,2025-07,1856,82413
SKU_00247,2025-04,1856,82413
SKU_00161,2025-02,1856,82413
SKU_00135,2024-12,1856,82413
SKU_00044,2024-09,1856,82413
SKU_00129,2024-06,1856,82413
SKU_00162,2025-08,1856,82413
SKU_00247,2025-05,1856,82413
SKU_00161,2025-03,1856,82413
SKU_00129,2024-07,1856,82413
SKU_00054,2025-10,1856,82413
SKU_00162,2025-09,1856,82413
SKU_00247,2025-06,1856,82413
SKU_00161,2025-04,1856,82413
SKU_00246,2025-01,1856,82413
SKU_00043,2024-06,1856,82413
SKU_00129,2024-08,1856,82413
SKU_00054,2025-11,1856,82413
SKU_00247,2025-07,1856,82413
SKU_00161,2025-05,1856,82413
SKU_00246,2025-02,1856,82413
SKU_00296,2024-10,1856,82413
SKU_00043,2024-07,1856,82413
SKU_00129,2024-09,1856,82413
SKU_00134,2024-10,1856,82413
SKU_00247,2025-08,1856,82413
SKU_00161,2025-06,1856,82413
SKU_00246,2025-03,1856,82413
SKU_00160,2025-01,1856,82413
SKU_00296,2024-11,1856,82413
SKU_00134,2024-11,1856,82413
SKU_00043,2024-08,1856,82413
SKU_00139,2025-10,1856,82413
SKU_00247,2025-09,1856,82413
SKU_00161,2025-07,1856,82413
SKU_00246,2025-04,1856,82413
SKU_00160,2025-02,1856,82413
SKU_00296,2024-12,1856,82413
SKU_00134,2024-12,1856,82413
SKU_00043,2024-09,1856,82413
SKU_00128,2024-06,1856,82413
SKU_00139,2025-11,1856,82413
SKU_00161,2025-08,1856,82413
SKU_00246,2025-05,1856,82413
SKU_00160,2025-03,1856,82413
SKU_00128,2024-07,1856,82413
SKU_00053,2025-10,1856,82413
SKU_00161,2025-09,1856,82413
SKU_00246,2025-06,1856,82413
SKU_00160,2025-04,1856,82413
SKU_00042,2024-06,1856,82413
SKU_00128,2024-08,1856,82413
SKU_00053,2025-11,1856,82413
SKU_00246,2025-07,1856,82413
SKU_00160,2025-05,1856,82413
SKU_00295,2024-10,1856,82413
SKU_00042,2024-07,1856,82413
SKU_00128,2024-09,1856,82413
SKU_00246,2025-08,1856,82413
SKU_00160,2025-06,1856,82413
SKU_00046,2025-01,1856,82413
SKU_00295,2024-11,1856,82413
SKU_00042,2024-08,1856,82413
SKU_00138,2025-10,1856,82413
SKU_00246,2025-09,1856,82413
SKU_00160,2025-07,1856,82413
SKU_00046,2025-02,1856,82413
SKU_00295,2024-12,1856,82413
SKU_00042,2024-09,1856,82413
SKU_00127,2024-06,1856,82413
SKU_00138,2025-11,1856,82413
SKU_00160,2025-08,1856,82413
SKU_00046,2025-03,1856,82413
SKU_00127,2024-07,1856,82413
SKU_00052,2025-10,1856,82413
SKU_00160,2025-09,1856,82413
SKU_00046,2025-04,1856,82413
SKU_00041,2024-06,1856,82413
SKU_00127,2024-08,1856,82413
SKU_00052,2025-11,1856,82413
SKU_00046,2025-05,1856,82413
SKU_00294,2024-10,1856,82413
SKU_00041,2024-07,1856,82413
SKU_00127,2024-09,1856,82413
SKU_00019,2024-10,1856,82413
SKU_00046,2025-06,1856,82413
SKU_00045,2025-01,1856,82413
SKU_00294,2024-11,1856,82413
SKU_00019,2024-11,1856,82413
SKU_00041,2024-08,1856,82413
SKU_00137,2025-10,1856,82413
SKU_00046,2025-07,1856,82413
SKU_00045,2025-02,1856,82413
SKU_00294,2024-12,1856,82413
SKU_00019,2024-12,1856,82413
SKU_00041,2024-09,1856,82413
SKU_00288,2024-06,1856,82413
SKU_00126,2024-06,1856,82413
SKU_00137,2025-11,1856,82413
SKU_00046,2025-08,1856,82413
SKU_00045,2025-03,1856,82413
SKU_00288,2024-07,1856,82413
SKU_00126,2024-07,1856,82413
SKU_00051,2025-10,1856,82413
SKU_00046,2025-09,1856,82413
SKU_00045,2025-04,1856,82413
SKU_00288,2024-08,1856,82413
SKU_00126,2024-08,1856,82413
SKU_00040,2024-06,1856,82413
SKU_00051,2025-11,1856,82413
SKU_00045,2025-05,1856,82413
SKU_00293,2024-10,1856,82413
SKU_00288,2024-09,1856,82413
SKU_00126,2024-09,1856,82413
SKU_00018,2024-10,1856,82413
SKU_00040,2024-07,1856,82413
SKU_00045,2025-06,1856,82413
SKU_00044,2025-01,1856,82413
SKU_00293,2024-11,1856,82413
SKU_00018,2024-11,1856,82413
SKU_00040,2024-08,1856,82413
SKU_00298,2025-10,1856,82413
SKU_00136,2025-10,1856,82413
SKU_00045,2025-07,1856,82413
SKU_00044,2025-02,1856,82413
SKU_00293,2024-12,1856,82413
SKU_00018,2024-12,1856,82413
SKU_00287,2024-06,1856,82413
SKU_00040,2024-09,1856,82413
SKU_00298,2025-11,1856,82413
SKU_00136,2025-11,1856,82413
SKU_00045,2025-08,1856,82413
SKU_00044,2025-03,1856,82413
SKU_00287,2024-07,1856,82413
SKU_00050,2025-10,1856,82413
SKU_00045,2025-09,1856,82413
SKU_00044,2025-04,1856,82413
SKU_00129,2025-01,1856,82413
SKU_00287,2024-08,1856,82413
SKU_00050,2025-11,1856,82413
SKU_00044,2025-05,1856,82413
SKU_00129,2025-02,1856,82413
SKU_00292,2024-10,1856,82413
SKU_00287,2024-09,1856,82413
SKU_00017,2024-10,1856,82413
SKU_00044,2025-06,1856,82413
SKU_00129,2025-03,1856,82413
SKU_00043,2025-01,1856,82413
SKU_00292,2024-11,1856,82413
SKU_00017,2024-11,1856,82413
SKU_00297,2025-10,1856,82413
SKU_00200,2025-10,1856,82413
SKU_00135,2025-10,1856,82413
SKU_00044,2025-07,1856,82413
SKU_00129,2025-04,1856,82413
SKU_00043,2025-02,1856,82413
SKU_00292,2024-12,1856,82413
SKU_00017,2024-12,1856,82413
SKU_00286,2024-06,1856,82413
SKU_00297,2025-11,1856,82413
SKU_00200,2025-11,1856,82413
SKU_00135,2025-11,1856,82413
SKU_00044,2025-08,1856,82413
SKU_00129,2025-05,1856,82413
SKU_00043,2025-03,1856,82413
SKU_00286,2024-07,1856,82413
SKU_00044,2025-09,1856,82413
SKU_00129,2025-06,1856,82413
SKU_00043,2025-04,1856,82413
SKU_00128,2025-01,1856,82413
SKU_00286,2024-08,1856,82413
SKU_00129,2025-07,1856,82413
SKU_00043,2025-05,1856,82413
SKU_00128,2025-02,1856,82413
SKU_00286,2024-09,1856,82413
SKU_00178,2024-10,1856,82413
SKU_00016,2024-10,1856,82413
SKU_00129,2025-08,1856,82413
SKU_00043,2025-06,1856,82413
SKU_00128,2025-03,1856,82413
SKU_00042,2025-01,1856,82413
SKU_00178,2024-11,1856,82413
SKU_00016,2024-11,1856,82413
SKU_00296,2025-10,1856,82413
SKU_00129,2025-09,1856,82413
SKU_00043,2025-07,1856,82413
SKU_00128,2025-04,1856,82413
SKU_00042,2025-02,1856,82413
SKU_00178,2024-12,1856,82413
SKU_00016,2024-12,1856,82413
SKU_00285,2024-06,1856,82413
SKU_00092,2024-10,1856,82413
SKU_00296,2025-11,1856,82413
SKU_00043,2025-08,1856,82413
SKU_00128,2025-05,1856,82413
SKU_00042,2025-03,1856,82413
SKU_00092,2024-11,1856,82413
SKU_00285,2024-07,1856,82413
SKU_00043,2025-09,1856,82413
SKU_00128,2025-06,1856,82413
SKU_00042,2025-04,1856,82413
SKU_00289,2025-01,1856,82413
SKU_00127,2025-01,1856,82413
SKU_00092,2024-12,1856,82413
SKU_00285,2024-08,1856,82413
SKU_00128,2025-07,1856,82413
SKU_00042,2025-05,1856,82413
SKU_00289,2025-02,1856,82413
SKU_00127,2025-02,1856,82413
SKU_00285,2024-09,1856,82413
SKU_00177,2024-10,1856,82413
SKU_00128,2025-08,1856,82413
SKU_00042,2025-06,1856,82413
SKU_00289,2025-03,1856,82413
SKU_00127,2025-03,1856,82413
SKU_00041,2025-01,1856,82413
SKU_00177,2024-11,1856,82413
SKU_00295,2025-10,1856,82413
SKU_00128,2025-09,1856,82413
SKU_00042,2025-07,1856,82413
SKU_00289,2025-04,1856,82413
SKU_00127,2025-04,1856,82413
SKU_00041,2025-02,1856,82413
SKU_00177,2024-12,1856,82413
SKU_00284,2024-06,1856,82413
SKU_00091,2024-10,1856,82413
SKU_00009,2024-06,1856,82413
SKU_00295,2025-11,1856,82413
SKU_00042,2025-08,1856,82413
SKU_00289,2025-05,1856,82413
SKU_00127,2025-05,1856,82413
SKU_00041,2025-03,1856,82413
SKU_00091,2024-11,1856,82413
SKU_00009,2024-07,1856,82413
SKU_00284,2024-07,1856,82413
SKU_00042,2025-09,1856,82413
SKU_00289,2025-06,1856,82413
SKU_00127,2025-06,1856,82413
SKU_00041,2025-04,1856,82413
SKU_00288,2025-01,1856,82413
SKU_00091,2024-12,1856,82413
SKU_00009,2024-08,1856,82413
SKU_00284,2024-08,1856,82413
SKU_00289,2025-07,1856,82413
SKU_00127,2025-07,1856,82413
SKU_00041,2025-05,1856,82413
SKU_00288,2025-02,1856,82413
SKU_00176,2024-10,1856,82413
SKU_00009,2024-09,1856,82413
SKU_00284,2024-09,1856,82413
SKU_00289,2025-08,1856,82413
SKU_00127,2025-08,1856,82413
SKU_00041,2025-06,1856,82413
SKU_00288,2025-03,1856,82413
SKU_00176,2024-11,1856,82413
SKU_00294,2025-10,1856,82413
SKU_00019,2025-10,1856,82413
SKU_00289,2025-09,1856,82413
SKU_00127,2025-09,1856,82413
SKU_00041,2025-07,1856,82413
SKU_00288,2025-04,1856,82413
SKU_00176,2024-12,1856,82413
SKU_00008,2024-06,1856,82413
SKU_00090,2024-10,1856,82413
SKU_00294,2025-11,1856,82413
SKU_00019,2025-11,1856,82413
SKU_00041,2025-08,1856,82413
SKU_00288,2025-05,1856,82413
SKU_00090,2024-11,1856,82413
SKU_00008,2024-07,1856,82413
SKU_00041,2025-09,1856,82413
SKU_00288,2025-06,1856,82413
SKU_00287,2025-01,1856,82413
SKU_00090,2024-12,1856,82413
SKU_00008,2024-08,1856,82413
SKU_00084,2024-06,1856,82413
SKU_00288,2025-07,1856,82413
SKU_00287,2025-02,1856,82413
SKU_00175,2024-10,1856,82413
SKU_00008,2024-09,1856,82413
SKU_00084,2024-07,1856,82413
SKU_00288,2025-08,1856,82413
SKU_00287,2025-03,1856,82413
SKU_00175,2024-11,1856,82413
SKU_00084,2024-08,1856,82413
SKU_00293,2025-10,1856,82413
SKU_00018,2025-10,1856,82413
SKU_00288,2025-09,1856,82413
SKU_00287,2025-04,1856,82413
SKU_00175,2024-12,1856,82413
SKU_00169,2024-06,1856,82413
SKU_00007,2024-06,1856,82413
SKU_00084,2024-09,1856,82413
SKU_00293,2025-11,1856,82413
SKU_00018,2025-11,1856,82413
SKU_00287,2025-05,1856,82413
SKU_00169,2024-07,1856,82413
SKU_00007,2024-07,1856,82413
SKU_00287,2025-06,1856,82413
SKU_00286,2025-01,1856,82413
SKU_00169,2024-08,1856,82413
SKU_00007,2024-08,1856,82413
SKU_00083,2024-06,1856,82413
SKU_00287,2025-07,1856,82413
SKU_00286,2025-02,1856,82413
SKU_00169,2024-09,1856,82413
SKU_00174,2024-10,1856,82413
SKU_00007,2024-09,1856,82413
SKU_00083,2024-07,1856,82413
SKU_00287,2025-08,1856,82413
SKU_00286,2025-03,1856,82413
SKU_00174,2024-11,1856,82413
SKU_00083,2024-08,1856,82413
SKU_00179,2025-10,1856,82413
SKU_00017,2025-10,1856,82413
SKU_00287,2025-09,1856,82413
SKU_00286,2025-04,1856,82413
SKU_00174,2024-12,1856,82413
SKU_00168,2024-06,1856,82413
SKU_00083,2024-09,1856,82413
SKU_00179,2025-11,1856,82413
SKU_00017,2025-11,1856,82413
SKU_00286,2025-05,1856,82413
SKU_00259,2024-10,1856,82413
SKU_00168,2024-07,1856,82413
SKU_00093,2025-10,1856,82413
SKU_00286,2025-06,1856,82413
SKU_00285,2025-01,1856,82413
SKU_00259,2024-11,1856,82413
SKU_00168,2024-08,1856,82413
SKU_00082,2024-06,1856,82413
SKU_00093,2025-11,1856,82413
SKU_00286,2025-07,1856,82413
SKU_00285,2025-02,1856,82413
SKU_00259,2024-12,1856,82413
SKU_00168,2024-09,1856,82413
SKU_00173,2024-10,1856,82413
SKU_00082,2024-07,1856,82413
SKU_00286,2025-08,1856,82413
SKU_00285,2025-03,1856,82413
SKU_00173,2024-11,1856,82413
SKU_00082,2024-08,1856,82413
SKU_00178,2025-10,1856,82413
SKU_00286,2025-09,1856,82413
SKU_00285,2025-04,1856,82413
SKU_00173,2024-12,1856,82413
SKU_00167,2024-06,1856,82413
SKU_00082,2024-09,1856,82413
SKU_00178,2025-11,1856,82413
SKU_00285,2025-05,1856,82413
SKU_00167,2024-07,1856,82413
SKU_00092,2025-10,1856,82413
SKU_00285,2025-06,1856,82413
SKU_00009,2025-01,1856,82413
SKU_00167,2024-08,1856,82413
SKU_00081,2024-06,1856,82413
SKU_00092,2025-11,1856,82413
SKU_00285,2025-07,1856,82413
SKU_00009,2025-02,1856,82413
SKU_00167,2024-09,1856,82413
SKU_00059,2024-10,1856,82413
SKU_00081,2024-07,1856,82413
SKU_00285,2025-08,1856,82413
SKU_00009,2025-03,1856,82413
SKU_00085,2025-01,1856,82413
SKU_00059,2024-11,1856,82413
SKU_00081,2024-08,1856,82413
SKU_00177,2025-10,1856,82413
SKU_00285,2025-09,1856,82413
SKU_00009,2025-04,1856,82413
SKU_00085,2025-02,1856,82413
SKU_00059,2024-12,1856,82413
SKU_00166,2024-06,1856,82413
SKU_00081,2024-09,1856,82413
SKU_00177,2025-11,1856,82413
SKU_00009,2025-05,1856,82413
SKU_00085,2025-03,1856,82413
SKU_00166,2024-07,1856,82413
SKU_00091,2025-10,1856,82413
SKU_00009,2025-06,1856,82413
SKU_00085,2025-04,1856,82413
SKU_00008,2025-01,1856,82413
SKU_00166,2024-08,1856,82413
SKU_00080,2024-06,1856,82413
SKU_00091,2025-11,1856,82413
SKU_00009,2025-07,1856,82413
SKU_00085,2025-05,1856,82413
SKU_00008,2025-02,1856,82413
SKU_00166,2024-09,1856,82413
SKU_00058,2024-10,1856,82413
SKU_00080,2024-07,1856,82413
SKU_00009,2025-08,1856,82413
SKU_00085,2025-06,1856,82413
SKU_00008,2025-03,1856,82413
SKU_00084,2025-01,1856,82413
SKU_00058,2024-11,1856,82413
SKU_00080,2024-08,1856,82413
SKU_00176,2025-10,1856,82413
SKU_00009,2025-09,1856,82413
SKU_00085,2025-07,1856,82413
SKU_00008,2025-04,1856,82413
SKU_00084,2025-02,1856,82413
SKU_00058,2024-12,1856,82413
SKU_00165,2024-06,1856,82413
SKU_00230,2024-06,1856,82413
SKU_00080,2024-09,1856,82413
SKU_00176,2025-11,1856,82413
SKU_00085,2025-08,1856,82413
SKU_00008,2025-05,1856,82413
SKU_00084,2025-03,1856,82413
SKU_00165,2024-07,1856,82413
SKU_00230,2024-07,1856,82413
SKU_00090,2025-10,1856,82413
SKU_00085,2025-09,1856,82413
SKU_00008,2025-06,1856,82413
SKU_00084,2025-04,1856,82413
SKU_00169,2025-01,1856,82413
SKU_00165,2024-08,1856,82413
SKU_00230,2024-08,1856,82413
SKU_00090,2025-11,1856,82413
SKU_00008,2025-07,1856,82413
SKU_00084,2025-05,1856,82413
SKU_00169,2025-02,1856,82413
SKU_00165,2024-09,1856,82413
SKU_00057,2024-10,1856,82413
SKU_00230,2024-09,1856,82413
SKU_00008,2025-08,1856,82413
SKU_00084,2025-06,1856,82413
SKU_00169,2025-03,1856,82413
SKU_00083,2025-01,1856,82413
SKU_00057,2024-11,1856,82413
SKU_00175,2025-10,1856,82413
SKU_00008,2025-09,1856,82413
SKU_00084,2025-07,1856,82413
SKU_00169,2025-04,1856,82413
SKU_00083,2025-02,1856,82413
SKU_00057,2024-12,1856,82413
SKU_00175,2025-11,1856,82413
SKU_00084,2025-08,1856,82413
SKU_00169,2025-05,1856,82413
SKU_00083,2025-03,1856,82413
SKU_00084,2025-09,1856,82413
SKU_00169,2025-06,1856,82413
SKU_00083,2025-04,1856,82413
SKU_00168,2025-01,1856,82413
SKU_00169,2025-07,1856,82413
SKU_00083,2025-05,1856,82413
SKU_00168,2025-02,1856,82413
SKU_00056,2024-10,1856,82413
SKU_00169,2025-08,1856,82413
SKU_00083,2025-06,1856,82413
SKU_00168,2025-03,1856,82413
SKU_00082,2025-01,1856,82413
SKU_00056,2024-11,1856,82413
SKU_00174,2025-10,1856,82413
SKU_00169,2025-09,1856,82413
SKU_00083,2025-07,1856,82413
SKU_00168,2025-04,1856,82413
SKU_00082,2025-02,1856,82413
SKU_00056,2024-12,1856,82413
SKU_00174,2025-11,1856,82413
SKU_00083,2025-08,1856,82413
SKU_00168,2025-05,1856,82413
SKU_00082,2025-03,1856,82413
